flight_id,flt_id,typecode,icao_aircraft_class,category,is_large_jet,time_window,last_seen,dof,lowest_leveloff_ft,leveloff_d_brock_km,n_leveloffs,village_leveloff_ft,n_village_leveloffs,gate_alt_ft,alt_vs_cda_ft,has_corridor_leveloff,leveloff_over_village,non_cda,breach_hard_floor
127376730247524723,RYR7099 ,B738,L2J,Large jet,True,Day,2025-06-05 14:17:20,2025-06-05 00:00:00,350.0000112,18.23701352796397,1,,0,,,True,False,True,False
143128286048978994,RYR611T ,B38M,,Large jet,True,Day,2025-06-10 12:34:50,2025-06-10 00:00:00,,,0,,0,,,False,False,False,False
193752886949893106,TOM793  ,B738,L2J,Large jet,True,Night,2025-06-23 23:37:30,2025-06-23 00:00:00,1275.0000408,10.484129056169444,1,,0,,,True,False,True,False
202304005685076127,EXS68Z  ,B738,L2J,Large jet,True,Night,2025-06-30 22:05:15,2025-06-30 00:00:00,,,0,,0,,,False,False,False,False
296369484046470601,RYR14VB ,B738,L2J,Large jet,True,Evening,2025-06-16 21:35:40,2025-06-16 00:00:00,,,0,,0,,,False,False,False,False
322702104997246340,URO601  ,A346,L4J,Large jet,True,Day,2025-06-14 11:46:50,2025-06-14 00:00:00,1450.0000464000002,3.533134750113942,4,1450.0000464000002,3,,,True,True,True,False
341071037237669216,EXS339E ,B738,L2J,Large jet,True,Evening,2025-06-19 20:57:40,2025-06-19 00:00:00,,,0,,0,,,False,False,False,False
391192126116714865,RYR94FL ,B38M,,Large jet,True,Day,2025-06-22 06:56:30,2025-06-22 00:00:00,,,0,,0,,,False,False,False,False
411306139142221644,EXS74H  ,B738,,Large jet,True,Day,2025-06-02 13:53:45,2025-06-02 00:00:00,2850.0000912,2.3390936426748885,1,2850.0000912,1,2875.000092,-105.25699936611045,True,True,True,False
418335141292319927,TOM3XA  ,B738,L2J,Large jet,True,Night,2025-06-28 23:51:00,2025-06-28 00:00:00,3250.000104,6.007091662521075,1,,0,,,True,False,True,False
438352200249501266,RYR611T ,B738,L2J,Large jet,True,Day,2025-06-26 14:21:55,2025-06-26 00:00:00,1950.0000624,6.118881432328465,2,,0,,,True,False,True,False
440421881157920710,RYR90UB ,B738,L2J,Large jet,True,Evening,2025-06-07 21:31:15,2025-06-07 00:00:00,100.0000032,18.685967796054765,1,,0,,,True,False,True,False
480099889123077256,EXS3618 ,B738,L2J,Large jet,True,Day,2025-06-05 15:10:15,2025-06-05 00:00:00,3127.8226807354836,18.692985676585135,1,,0,,,True,False,True,False
506908744772869554,EXS64DM ,B738,,Large jet,True,Day,2025-06-19 14:21:50,2025-06-19 00:00:00,,,0,,0,,,False,False,False,False
520881420214245461,RYR14VB ,B738,L2J,Large jet,True,Evening,2025-06-23 21:42:50,2025-06-23 00:00:00,,,0,,0,,,False,False,False,False
528623370026273637,RYR24GH ,B738,L2J,Large jet,True,Evening,2025-06-18 21:11:00,2025-06-18 00:00:00,,,0,,0,,,False,False,False,False
542732484935329043,EXS34A  ,B738,,Large jet,True,Night,2025-06-05 22:36:25,2025-06-05 00:00:00,200.0000064,18.96882580909973,1,,0,,,True,False,True,False
559022647806518489,RYR2CT  ,A320,L2J,Large jet,True,Day,2025-06-21 05:55:50,2025-06-21 00:00:00,,,0,,0,,,False,False,False,False
576700133453075713,EXS52N  ,B738,,Large jet,True,Day,2025-06-22 14:50:10,2025-06-22 00:00:00,1650.0000528,7.391306872820004,2,,0,,,True,False,True,False
647335089647743949,EXS339E ,B738,L2J,Large jet,True,Evening,2025-06-05 21:14:50,2025-06-05 00:00:00,225.0000072,18.97521958987307,2,2500.00008,1,,,True,True,True,False
755579315236432314,RYR59SF ,B38M,,Large jet,True,Evening,2025-06-01 20:54:35,2025-06-01 00:00:00,,,0,,0,,,False,False,False,False
760648649554357043,TOM6457 ,B738,L2J,Large jet,True,Day,2025-06-12 13:33:10,2025-06-12 00:00:00,1750.0000559999999,8.185601065825864,1,,0,,,True,False,True,False
782834136792579469,RYR3KY  ,B738,L2J,Large jet,True,Evening,2025-06-17 20:08:45,2025-06-17 00:00:00,,,0,,0,,,False,False,False,False
799102939130739737,RYR8TF  ,B38M,,Large jet,True,Day,2025-06-24 16:11:10,2025-06-24 00:00:00,2450.0000784,2.0822968758993334,1,2450.0000784,1,2450.0000784,-313.3987036092144,True,True,True,False
810259521342568576,RYR9356 ,B738,L2J,Large jet,True,Day,2025-06-25 09:25:50,2025-06-25 00:00:00,,,0,,0,,,False,False,False,False
837485236941515772,TOM7TY  ,B738,L2J,Large jet,True,Day,2025-06-27 14:25:05,2025-06-27 00:00:00,1750.0000559999999,4.362802217216322,2,1750.0000559999999,2,,,True,True,True,False
929661967295008105,TOM6339 ,B738,L2J,Large jet,True,Day,2025-06-11 10:42:15,2025-06-11 00:00:00,,,0,,0,,,False,False,False,False
944796162294273990,URO681  ,A346,L4J,Large jet,True,Day,2025-06-30 13:02:35,2025-06-30 00:00:00,,,0,,0,,,False,False,False,False
962177783271090909,RYR7148 ,B38M,L2J,Large jet,True,Day,2025-06-27 08:48:20,2025-06-27 00:00:00,,,0,,0,,,False,False,False,False
1040239018060504693,EXS68Z  ,B738,,Large jet,True,Night,2025-06-23 22:30:00,2025-06-23 00:00:00,2400.0000768,2.9344943679566025,1,2400.0000768,1,2400.0000768,-214.883353093001,True,True,True,False
1049670387936927791,URO681  ,A346,L4J,Large jet,True,Day,2025-06-29 13:15:15,2025-06-29 00:00:00,,,0,,0,,,False,False,False,False
1061114255908805689,RYR24GH ,B738,L2J,Large jet,True,Evening,2025-06-02 21:32:25,2025-06-02 00:00:00,,,0,,0,,,False,False,False,False
1101045697697617850,EXS2LS  ,B738,L2J,Large jet,True,Night,2025-06-07 23:54:30,2025-06-07 00:00:00,25.0000008,18.874150039710177,5,1575.0000504,1,,,True,True,True,False
1163109187818239526,RYR90UB ,B738,L2J,Large jet,True,Day,2025-06-05 15:28:05,2025-06-05 00:00:00,,,0,,0,,,False,False,False,False
1163827552475977783,URO681A ,A346,L4J,Large jet,True,Day,2025-06-06 17:28:05,2025-06-06 00:00:00,125.000004,18.518805978716333,5,1950.0000624,2,,,True,True,True,False
1271285254720113694,TOM16H  ,B738,L2J,Large jet,True,Day,2025-06-22 11:15:25,2025-06-22 00:00:00,,,0,,0,,,False,False,False,False
1324962252485059351,RYR94FL ,B738,L2J,Large jet,True,Night,2025-06-19 22:15:15,2025-06-19 00:00:00,,,0,,0,,,False,False,False,False
1331928851812005753,EXS3676 ,B738,L2J,Large jet,True,Day,2025-06-28 14:38:25,2025-06-28 00:00:00,,,0,,0,,,False,False,False,False
1369653867712547859,EXS15Q  ,B738,,Large jet,True,Night,2025-06-11 22:06:15,2025-06-11 00:00:00,,,0,,0,,,False,False,False,False
1442369065329325431,TOM8CB  ,B738,L2J,Large jet,True,Day,2025-06-14 11:10:00,2025-06-14 00:00:00,1275.0000408,9.790397941521539,3,1675.0000536,1,2400.0000768,-727.6441657646519,True,True,True,False
1444603435947315906,EXS74H  ,B738,L2J,Large jet,True,Day,2025-06-20 12:11:15,2025-06-20 00:00:00,,,0,,0,,,False,False,False,False
1487012646973505588,RYR9356 ,B738,L2J,Large jet,True,Day,2025-06-11 09:47:05,2025-06-11 00:00:00,,,0,,0,,,False,False,False,False
1519624895707209642,TOM5JB  ,B738,L2J,Large jet,True,Day,2025-06-29 12:14:25,2025-06-29 00:00:00,2075.0000664,1.4732966130060383,1,2075.0000664,1,2075.0000664,-871.9007704961191,True,True,True,False
1524564928753064616,RYR7148 ,B38M,,Large jet,True,Day,2025-06-06 08:24:25,2025-06-06 00:00:00,2700.0000864000003,3.4203603622406895,1,2700.0000864000003,1,,,True,True,True,False
1529703455425499505,RYR94FL ,B738,L2J,Large jet,True,Day,2025-06-06 13:12:10,2025-06-06 00:00:00,3225.0001032,1.581436839403619,1,3225.0001032,1,3225.0001032,193.019121154417,True,True,True,False
1554914978367972470,RYR8947 ,B738,L2J,Large jet,True,Day,2025-06-06 14:00:50,2025-06-06 00:00:00,100.0000032,18.775415502709578,3,2775.0000888,2,2800.0000896,12.950932096565793,True,True,True,False
1594813294500654950,URO681  ,A346,L4J,Large jet,True,Day,2025-06-03 12:51:50,2025-06-03 00:00:00,125.000004,18.929334554040512,3,2225.0000712,2,,,True,True,True,False
1627361622480450748,RYR7148 ,B38M,L2J,Large jet,True,Day,2025-06-05 17:40:05,2025-06-05 00:00:00,300.0000096,18.584408684058047,1,,0,,,True,False,True,False
1652388931503448875,RYR8947 ,B738,L2J,Large jet,True,Day,2025-06-24 15:35:15,2025-06-24 00:00:00,3825.0001224000002,4.5160185831210615,1,3825.0001224000002,1,,,True,True,True,False
1673368501332931891,TOM8CB  ,B738,L2J,Large jet,True,Day,2025-06-21 11:14:00,2025-06-21 00:00:00,,,0,,0,,,False,False,False,False
1717697538572518548,TOM82B  ,B738,L2J,Large jet,True,Day,2025-06-30 13:14:45,2025-06-30 00:00:00,,,0,,0,,,False,False,False,False
1727351951350821835,RYR73LA ,B38M,L2J,Large jet,True,Day,2025-06-01 08:18:35,2025-06-01 00:00:00,,,0,,0,,,False,False,False,False
1744005183163531946,EXS147L ,B738,,Large jet,True,Evening,2025-06-21 21:44:30,2025-06-21 00:00:00,2450.0000784,1.1399291934236317,1,2450.0000784,1,2450.0000784,-528.4732985701812,True,True,True,False
1810384401808862371,EXS2LS  ,B738,L2J,Large jet,True,Night,2025-06-14 23:44:15,2025-06-14 00:00:00,2300.0000736,2.6605813171385866,1,2300.0000736,1,2300.0000736,-391.9949729919126,True,True,True,False
1953072122641497495,RYR39HE ,B738,L2J,Large jet,True,Day,2025-06-19 10:39:00,2025-06-19 00:00:00,,,0,,0,,,False,False,False,False
1963191034440072254,EXS3618 ,B738,L2J,Large jet,True,Night,2025-06-08 22:51:25,2025-06-08 00:00:00,2250.0000720000003,3.194229265911986,1,2250.0000720000003,1,,,True,True,True,False
1978338946330666232,RYR7148 ,B738,L2J,Large jet,True,Day,2025-06-16 10:51:50,2025-06-16 00:00:00,,,0,,0,,,False,False,False,False
2003017379812542277,RUK179V ,B738,L2J,Large jet,True,Day,2025-06-18 11:43:55,2025-06-18 00:00:00,,,0,,0,,,False,False,False,False
2033923032166066362,RYR7099 ,B738,L2J,Large jet,True,Day,2025-06-12 13:56:20,2025-06-12 00:00:00,100.0000032,18.120752630055872,1,,0,,,True,False,True,False
2038425903767931066,TOM6785 ,B738,L2J,Large jet,True,Evening,2025-06-22 20:48:55,2025-06-22 00:00:00,3325.0001064000003,1.2876793539217568,2,3325.0001064000003,2,3325.0001064000003,11.988623990444012,True,True,True,False
2050211378340289362,RYR3KY  ,B738,L2J,Large jet,True,Day,2025-06-07 09:14:30,2025-06-07 00:00:00,150.0000048,18.902613505633877,1,,0,,,True,False,True,False
2086017152527133483,EXS147L ,B738,L2J,Large jet,True,Day,2025-06-30 12:47:35,2025-06-30 00:00:00,,,0,,0,,,False,False,False,False
2101008102384536565,EXS147L ,B738,L2J,Large jet,True,Day,2025-06-27 12:56:35,2025-06-27 00:00:00,,,0,,0,,,False,False,False,False
2104260764316561864,TOM6687 ,B738,L2J,Large jet,True,Night,2025-06-21 22:51:15,2025-06-21 00:00:00,,,0,,0,,,False,False,False,False
2107645893146527952,URO601  ,A346,L4J,Large jet,True,Day,2025-06-05 11:29:55,2025-06-05 00:00:00,250.000008,18.912932647313333,1,,0,,,True,False,True,False
2121725590996945210,URO601  ,A346,L4J,Large jet,True,Day,2025-06-28 12:12:15,2025-06-28 00:00:00,2650.0000848,1.6166625965250037,1,2650.0000848,1,2625.0000840000002,-374.3216632466683,True,True,True,False
2131060793568511674,RYR14VB ,B738,L2J,Large jet,True,Evening,2025-06-30 21:54:30,2025-06-30 00:00:00,,,0,,0,,,False,False,False,False
2188849032685540042,RYR90UB ,B738,L2J,Large jet,True,Evening,2025-06-22 21:15:10,2025-06-22 00:00:00,50.0000016,18.182419688108663,2,3875.0001240000006,1,,,True,True,True,False
2309291568218062418,EXS339E ,B738,,Large jet,True,Evening,2025-06-08 21:04:20,2025-06-08 00:00:00,1750.0000559999999,5.646788728915434,1,1750.0000559999999,1,,,True,True,True,False
2331305836705943782,RYR611T ,B38M,L2J,Large jet,True,Day,2025-06-07 12:29:50,2025-06-07 00:00:00,,,0,,0,,,False,False,False,False
2367987820625915884,TOM6109 ,B738,L2J,Large jet,True,Night,2025-06-09 22:46:15,2025-06-09 00:00:00,3175.0001016,2.5298263814969837,1,3175.0001016,1,3150.0001008,54.039992065130264,True,True,True,False
2369408971990501863,RYR8TF  ,B738,L2J,Large jet,True,Evening,2025-06-26 20:30:55,2025-06-26 00:00:00,,,0,,0,,,False,False,False,False
2425501169748016460,RYR55SN ,A320,L2J,Large jet,True,Day,2025-06-13 09:56:30,2025-06-13 00:00:00,3375.000108,0.6967493005045491,1,3375.000108,1,3375.000108,370.17491798684114,True,True,True,False
2444314411464384902,TOM299  ,B738,L2J,Large jet,True,Night,2025-06-27 22:56:10,2025-06-27 00:00:00,,,0,,0,,,False,False,False,False
2514329462184415880,RYR90UB ,B738,L2J,Large jet,True,Day,2025-06-06 10:49:10,2025-06-06 00:00:00,125.000004,18.82478271140997,6,2925.0000936,2,2925.0000936,101.20770772567994,True,True,True,False
2577039366847030308,EXS147L ,B738,L2J,Large jet,True,Day,2025-06-11 11:37:25,2025-06-11 00:00:00,,,0,,0,,,False,False,False,False
2587626174998491717,RYR90UB ,B738,L2J,Large jet,True,Evening,2025-06-08 19:53:45,2025-06-08 00:00:00,,,0,,0,,,False,False,False,False
2604786119249625923,EXS74H  ,B738,L2J,Large jet,True,Day,2025-06-27 12:05:50,2025-06-27 00:00:00,,,0,,0,,,False,False,False,False
2616604604112406869,RYR611T ,B738,L2J,Large jet,True,Day,2025-06-12 14:23:15,2025-06-12 00:00:00,,,0,,0,,,False,False,False,False
2674623618669585360,EXS52N  ,B738,,Large jet,True,Day,2025-06-01 14:37:15,2025-06-01 00:00:00,,,0,,0,,,False,False,False,False
2677041836706356833,TOM2TG  ,A21N,L2J,Large jet,True,Night,2025-06-06 23:26:15,2025-06-06 00:00:00,150.0000048,18.810585798636883,1,,0,,,True,False,True,False
2677681432948876870,EXS51Y  ,B738,,Large jet,True,Day,2025-06-01 12:33:10,2025-06-01 00:00:00,1950.0000624,4.80885642961849,1,1950.0000624,1,,,True,True,True,False
2681761214390257297,EXS147L ,B738,L2J,Large jet,True,Evening,2025-06-28 21:50:40,2025-06-28 00:00:00,,,0,,0,5505.652350093912,2258.8250762163207,False,False,False,False
2714648733478380668,TOM3XA  ,B738,L2J,Large jet,True,Night,2025-06-21 23:28:10,2025-06-21 00:00:00,4875.000156,11.10071062010311,1,,0,,,True,False,True,False
2800059205296223775,RYR90UB ,B738,L2J,Large jet,True,Day,2025-06-11 11:32:15,2025-06-11 00:00:00,,,0,,0,,,False,False,False,False
2807199311660877768,EXS74H  ,B738,L2J,Large jet,True,Day,2025-06-09 13:38:55,2025-06-09 00:00:00,,,0,,0,,,False,False,False,False
2850361712244873271,RUK179V ,B738,L2J,Large jet,True,Day,2025-06-13 10:17:45,2025-06-13 00:00:00,,,0,,0,,,False,False,False,False
2866974218404410082,EXS68Z  ,B738,,Large jet,True,Night,2025-06-06 22:31:10,2025-06-06 00:00:00,100.0000032,18.99379384663963,1,,0,,,True,False,True,False
2868033391851081391,EXS147L ,B738,,Large jet,True,Day,2025-06-23 12:48:15,2025-06-23 00:00:00,2625.0000840000002,2.043302830793776,1,2625.0000840000002,1,2625.0000840000002,-149.1062396864827,True,True,True,False
2880363530621610088,RYR7148 ,B38M,L2J,Large jet,True,Day,2025-06-12 17:45:40,2025-06-12 00:00:00,,,0,,0,,,False,False,False,False
2886114129053343242,RYR14VB ,B738,L2J,Large jet,True,Night,2025-06-06 22:04:25,2025-06-06 00:00:00,,,0,,0,,,False,False,False,False
2890466061251584195,MSA708  ,B734,L2J,Large jet,True,Day,2025-06-07 11:58:55,2025-06-07 00:00:00,200.0000064,18.69183858122567,3,2675.0000856,2,2675.0000856,-706.5063911704501,True,True,True,False
2915061038257156366,RYR611T ,B38M,L2J,Large jet,True,Evening,2025-06-02 19:00:30,2025-06-02 00:00:00,1925.0000616,6.005671432845675,2,2300.0000736,1,2300.0000736,-512.8712855856461,True,True,True,False
2954387122858056101,RYR55SN ,A320,L2J,Large jet,True,Day,2025-06-26 09:56:20,2025-06-26 00:00:00,2500.00008,1.5230320317393913,2,2500.00008,2,2500.00008,-354.86745429763823,True,True,True,False
3000237878123953313,EXS9WF  ,B738,L2J,Large jet,True,Night,2025-06-16 23:22:45,2025-06-16 00:00:00,,,0,,0,,,False,False,False,False
3077104170836111507,RYR39HE ,B738,L2J,Large jet,True,Day,2025-06-12 10:16:20,2025-06-12 00:00:00,,,0,,0,,,False,False,False,False
3116768334102439243,RYR7148 ,B38M,L2J,Large jet,True,Evening,2025-06-19 18:17:15,2025-06-19 00:00:00,,,0,,0,,,False,False,False,False
3131981629142929536,RYR46HP ,B38M,,Large jet,True,Night,2025-06-25 22:06:15,2025-06-25 00:00:00,75.0000024,18.561777535925607,1,,0,,,True,False,True,False
3147716839370078478,RYR4LN  ,B38M,,Large jet,True,Day,2025-06-19 15:59:20,2025-06-19 00:00:00,,,0,,0,,,False,False,False,False
3213860194457689266,RYR55SN ,B38M,,Large jet,True,Evening,2025-06-07 18:11:05,2025-06-07 00:00:00,,,0,,0,,,False,False,False,False
3222253815013785770,RYR59SF ,B738,L2J,Large jet,True,Evening,2025-06-03 21:16:05,2025-06-03 00:00:00,4925.0001576,10.305916159470033,1,,0,,,True,False,True,False
3238074618671216009,RYR8947 ,B738,L2J,Large jet,True,Day,2025-06-13 14:10:35,2025-06-13 00:00:00,2350.0000752,3.2649862429149237,1,2350.0000752,1,,,True,True,True,False
3286994470561713639,TOM6TM  ,B738,L2J,Large jet,True,Night,2025-06-26 23:47:55,2025-06-26 00:00:00,,,0,,0,,,False,False,False,False
3380058073591608370,RYR39HE ,B738,L2J,Large jet,True,Day,2025-06-05 10:21:20,2025-06-05 00:00:00,275.00000880000005,18.764963660500616,4,,0,,,True,False,True,False
3394437311446729565,TOM793  ,B738,L2J,Large jet,True,Night,2025-06-30 23:37:30,2025-06-30 00:00:00,,,0,,0,,,False,False,False,False
3413865193995189425,RYR14VB ,B738,L2J,Large jet,True,Evening,2025-06-27 21:49:50,2025-06-27 00:00:00,,,0,,0,,,False,False,False,False
3422593219050128611,RYR39HE ,B738,L2J,Large jet,True,Day,2025-06-26 10:12:15,2025-06-26 00:00:00,25.0000008,18.830925022304882,2,2525.0000808,1,2525.0000808,-290.64402345362305,True,True,True,False
3454274894426031383,RYR55SN ,B38M,L2J,Large jet,True,Day,2025-06-16 14:38:20,2025-06-16 00:00:00,1575.0000504,5.509232268396983,1,1575.0000504,1,,,True,True,True,False
3462208955988906778,TOM6687 ,B738,L2J,Large jet,True,Night,2025-06-07 23:16:15,2025-06-07 00:00:00,,,0,,0,,,False,False,False,False
3486820675526352638,EXS15Q  ,B738,,Large jet,True,Night,2025-06-18 22:06:45,2025-06-18 00:00:00,,,0,,0,,,False,False,False,False
3492498410064431782,EXS51Y  ,B738,L2J,Large jet,True,Day,2025-06-22 12:36:05,2025-06-22 00:00:00,,,0,,0,,,False,False,False,False
3587030305370661065,EXS74H  ,B738,L2J,Large jet,True,Day,2025-06-30 13:26:40,2025-06-30 00:00:00,,,0,,0,,,False,False,False,False
3612242766519098775,RYR7148 ,B738,L2J,Large jet,True,Evening,2025-06-15 21:20:50,2025-06-15 00:00:00,,,0,,0,,,False,False,False,False
3658547459079225586,RYR3KY  ,B738,L2J,Large jet,True,Evening,2025-06-10 19:44:55,2025-06-10 00:00:00,,,0,,0,,,False,False,False,False
3688094910170409896,RYR24GH ,B738,L2J,Large jet,True,Evening,2025-06-03 18:45:05,2025-06-03 00:00:00,200.0000064,18.48206450018647,2,2900.0000928000004,1,2900.0000928000004,231.32233623964612,True,True,True,False
3694761904242258852,RUK179V ,B738,,Large jet,True,Day,2025-06-09 10:55:45,2025-06-09 00:00:00,,,0,,0,,,False,False,False,False
3715105419910377523,RYR3KY  ,B738,L2J,Large jet,True,Evening,2025-06-24 19:53:05,2025-06-24 00:00:00,25.0000008,18.63246555458007,1,,0,,,True,False,True,False
3773593587279235918,EXS52N  ,B738,,Large jet,True,Day,2025-06-15 14:24:50,2025-06-15 00:00:00,,,0,,0,,,False,False,False,False
3781884590590508403,TOM8BJ  ,B738,L2J,Large jet,True,Evening,2025-06-05 21:52:10,2025-06-05 00:00:00,225.0000072,18.97230739165706,2,4175.0001336,1,,,True,True,True,False
3871044255711473651,EXS2LS  ,B738,L2J,Large jet,True,Night,2025-06-21 23:26:15,2025-06-21 00:00:00,,,0,,0,,,False,False,False,False
3873773984562387076,RYR9ME  ,B738,L2J,Large jet,True,Day,2025-06-26 14:46:30,2025-06-26 00:00:00,,,0,,0,,,False,False,False,False
3899464469159461786,RYR8TF  ,B738,L2J,Large jet,True,Day,2025-06-22 17:45:15,2025-06-22 00:00:00,,,0,,0,,,False,False,False,False
3929882200737822018,RYR90UB ,B38M,,Large jet,True,Evening,2025-06-15 20:47:30,2025-06-15 00:00:00,,,0,,0,,,False,False,False,False
3929979892719244687,RYR7148 ,B738,L2J,Large jet,True,Day,2025-06-24 07:30:50,2025-06-24 00:00:00,,,0,,0,,,False,False,False,False
3946354374956102159,EXS339E ,B738,,Large jet,True,Evening,2025-06-15 21:11:20,2025-06-15 00:00:00,,,0,,0,,,False,False,False,False
4007970609972299356,RYR611T ,B38M,L2J,Large jet,True,Day,2025-06-28 13:54:20,2025-06-28 00:00:00,,,0,,0,,,False,False,False,False
4030709368844534128,RYR8945 ,B738,L2J,Large jet,True,Day,2025-06-30 14:33:30,2025-06-30 00:00:00,,,0,,0,,,False,False,False,False
4043536766748727178,URO681  ,A346,L4J,Large jet,True,Day,2025-06-05 12:51:30,2025-06-05 00:00:00,,,0,,0,,,False,False,False,False
4053886373210740017,TOM6457 ,B738,L2J,Large jet,True,Day,2025-06-19 13:04:40,2025-06-19 00:00:00,,,0,,0,,,False,False,False,False
4093809849581345708,TOM57V  ,B738,L2J,Large jet,True,Night,2025-06-04 23:47:20,2025-06-04 00:00:00,3325.0001064000003,1.1137316818189855,1,3325.0001064000003,1,3325.0001064000003,222.35571219703797,True,True,True,False
4094668173105258713,EXS34A  ,B738,,Large jet,True,Night,2025-06-19 23:12:15,2025-06-19 00:00:00,,,0,,0,,,False,False,False,False
4125112895596744846,RYR94FL ,B38M,L2J,Large jet,True,Day,2025-06-29 06:34:30,2025-06-29 00:00:00,1925.0000616,4.7528439643437,1,1925.0000616,1,,,True,True,True,False
4171243856936442347,TOM6TM  ,B738,L2J,Large jet,True,Night,2025-06-19 22:48:45,2025-06-19 00:00:00,,,0,,0,,,False,False,False,False
4189830747791295598,RYR7148 ,B38M,L2J,Large jet,True,Day,2025-06-20 08:40:50,2025-06-20 00:00:00,,,0,,0,,,False,False,False,False
4204175594737338802,TOM6785 ,B738,L2J,Large jet,True,Evening,2025-06-29 21:35:40,2025-06-29 00:00:00,,,0,,0,,,False,False,False,False
4224350840782262028,RYR9EM  ,B738,L2J,Large jet,True,Evening,2025-06-07 20:02:40,2025-06-07 00:00:00,150.0000048,18.453648048146814,1,,0,,,True,False,True,False
4233181822607790732,RYR94FL ,B738,L2J,Large jet,True,Night,2025-06-26 22:24:05,2025-06-26 00:00:00,,,0,,0,,,False,False,False,False
4267718626003354442,RYR7099 ,B738,L2J,Large jet,True,Day,2025-06-08 08:45:50,2025-06-08 00:00:00,2325.0000744000004,3.7904580935131165,1,2325.0000744000004,1,,,True,True,True,False
4311183706961796906,TOM6109 ,B738,L2J,Large jet,True,Night,2025-06-02 23:07:35,2025-06-02 00:00:00,2975.0000952000005,1.0216793997324463,1,2975.0000952000005,1,2975.0000952000005,33.2602400942028,True,True,True,False
4333387101044498740,RYR14VB ,B738,L2J,Large jet,True,Evening,2025-06-09 21:41:30,2025-06-09 00:00:00,,,0,,0,,,False,False,False,False
4375522145057082117,RYR611T ,B738,,Large jet,True,Day,2025-06-27 09:47:00,2025-06-27 00:00:00,2275.0000728,3.117382015759046,1,2275.0000728,1,,,True,True,True,False
4381529174566188780,TOM61L  ,B738,L2J,Large jet,True,Day,2025-06-17 14:50:15,2025-06-17 00:00:00,,,0,,0,,,False,False,False,False
4390897189055054194,TOM82B  ,B738,L2J,Large jet,True,Day,2025-06-09 12:48:25,2025-06-09 00:00:00,3025.0000968000004,1.0658068063253094,1,3025.0000968000004,1,3025.0000968000004,-253.16900614106498,True,True,True,False
4394188288124727658,RYR8TF  ,B738,L2J,Large jet,True,Day,2025-06-17 15:19:05,2025-06-17 00:00:00,,,0,,0,,,False,False,False,False
4409217625802327994,EXS52N  ,B738,,Large jet,True,Day,2025-06-08 14:13:20,2025-06-08 00:00:00,,,0,,0,,,False,False,False,False
4453133479574168083,RYR55SN ,B38M,L2J,Large jet,True,Evening,2025-06-28 20:49:05,2025-06-28 00:00:00,,,0,,0,,,False,False,False,False
4580190361772569588,RYR611T ,B738,L2J,Large jet,True,Day,2025-06-19 14:42:50,2025-06-19 00:00:00,,,0,,0,,,False,False,False,False
4659911978454319270,RYR24GH ,B738,L2J,Large jet,True,Night,2025-06-21 22:08:15,2025-06-21 00:00:00,,,0,,0,,,False,False,False,False
4684721429617569647,CNV6626 ,B737,L2J,Large jet,True,Day,2025-06-25 16:35:55,2025-06-25 00:00:00,,,0,10025.000320800002,1,10025.000320800002,7187.275887096914,False,True,False,False
4720199770253714892,URO100P ,A346,L4J,Large jet,True,Day,2025-06-08 07:19:20,2025-06-08 00:00:00,,,0,,0,,,False,False,False,False
4809138019330280586,RYR46HP ,B738,L2J,Large jet,True,Evening,2025-06-18 21:16:50,2025-06-18 00:00:00,4375.000139999999,18.923101815348467,1,,0,,,True,False,True,False
4813442266696853384,TOM5XY  ,B738,L2J,Large jet,True,Night,2025-06-25 22:28:05,2025-06-25 00:00:00,50.0000016,18.713264605795736,2,2575.0000824,1,2575.0000824,-60.759491649461324,True,True,True,False
4835629454921985863,URO601  ,A346,L4J,Large jet,True,Day,2025-06-24 11:04:15,2025-06-24 00:00:00,2475.0000792,3.59839125225775,2,2475.0000792,2,2475.0000792,-190.62443068786615,True,True,True,False
4861277073408371030,EXS147L ,B738,,Large jet,True,Evening,2025-06-14 21:41:30,2025-06-14 00:00:00,,,0,,0,,,False,False,False,False
4938321142396092583,RYR55SN ,B738,L2J,Large jet,True,Day,2025-06-30 16:08:15,2025-06-30 00:00:00,,,0,,0,,,False,False,False,False
4940343965697796323,URO805K ,A346,L4J,Large jet,True,Day,2025-06-28 15:06:40,2025-06-28 00:00:00,2150.0000688,2.648699781104457,3,2150.0000688,3,2175.0000696,-724.5972001976747,True,True,True,False
4962157755937286829,URO681A ,A346,L4J,Large jet,True,Day,2025-06-11 17:55:25,2025-06-11 00:00:00,,,0,,0,,,False,False,False,False
4986744865065417209,RYR94FL ,B738,L2J,Large jet,True,Night,2025-06-05 22:08:35,2025-06-05 00:00:00,225.0000072,18.821902882752976,3,3225.0001032,1,3225.0001032,248.473307803642,True,True,True,False
4989605780515503448,RYR55SN ,B738,L2J,Large jet,True,Day,2025-06-29 14:44:15,2025-06-29 00:00:00,,,0,,0,,,False,False,False,False
5001533504671696132,RYR9EM  ,B738,L2J,Large jet,True,Evening,2025-06-28 19:20:40,2025-06-28 00:00:00,2525.0000808,1.5636045383885502,2,2525.0000808,1,2525.0000808,-459.16028431486257,True,True,True,False
5038970707879055455,TOM920P ,A21N,L2J,Large jet,True,Day,2025-06-06 13:30:40,2025-06-06 00:00:00,150.0000048,18.392664599707008,1,,0,,,True,False,True,False
5086089010101681516,RYR14VB ,B738,L2J,Large jet,True,Night,2025-06-13 22:35:35,2025-06-13 00:00:00,,,0,,0,,,False,False,False,False
5134962016394010484,TOM8CB  ,B738,L2J,Large jet,True,Day,2025-06-07 11:55:00,2025-06-07 00:00:00,200.0000064,18.982869598423612,2,2650.0000848,1,2650.0000848,-299.6810307142955,True,True,True,False
5139677343640761703,TOM8VY  ,B738,L2J,Large jet,True,Day,2025-06-11 11:23:30,2025-06-11 00:00:00,,,0,,0,,,False,False,False,False
5154423755188115768,RYR24GH ,B738,L2J,Large jet,True,Evening,2025-06-25 21:23:10,2025-06-25 00:00:00,75.0000024,18.53670208508642,1,,0,,,True,False,True,False
5175231517390820470,TOM6TM  ,B738,L2J,Large jet,True,Night,2025-06-12 23:05:05,2025-06-12 00:00:00,2450.0000784,3.1141274691370064,1,2450.0000784,1,,,True,True,True,False
5238601987360092695,EXS68Z  ,B738,,Large jet,True,Night,2025-06-20 22:18:15,2025-06-20 00:00:00,,,0,,0,,,False,False,False,False
5266187432110640231,EXS147L ,B738,,Large jet,True,Day,2025-06-09 12:50:25,2025-06-09 00:00:00,2750.0000880000002,4.856183998404922,1,2750.0000880000002,1,2675.0000856,-493.4504011263775,True,True,True,False
5280861354762108097,EXS147L ,B738,L2J,Large jet,True,Day,2025-06-13 13:15:45,2025-06-13 00:00:00,,,0,,0,,,False,False,False,False
5295584979073690471,RYR7148 ,B38M,,Large jet,True,Day,2025-06-04 16:06:15,2025-06-04 00:00:00,175.0000056,18.36332089153419,3,2625.0000840000002,2,2675.0000856,27.71401948904486,True,True,True,False
5306711487411069874,URO681  ,A346,L4J,Large jet,True,Day,2025-06-08 12:43:20,2025-06-08 00:00:00,2300.0000736,0.6037941467966194,4,2300.0000736,4,2300.0000736,-778.1747333491776,True,True,True,False
5323182742718690220,RYR611T ,B738,L2J,Large jet,True,Day,2025-06-03 12:46:05,2025-06-03 00:00:00,225.0000072,18.221332189862736,3,2675.0000856,2,2675.0000856,-95.29878389248142,True,True,True,False
5353381755954700231,EXS3676 ,B738,,Large jet,True,Day,2025-06-14 14:40:05,2025-06-14 00:00:00,,,0,,0,,,False,False,False,False
5373837974492519328,RYR39HE ,B738,L2J,Large jet,True,Evening,2025-06-16 20:00:55,2025-06-16 00:00:00,3450.0001104,6.439349235792417,1,,0,,,True,False,True,False
5443545020683874609,EXS339E ,B738,L2J,Large jet,True,Evening,2025-06-29 21:13:15,2025-06-29 00:00:00,2250.0000720000003,1.5371443454798637,1,2250.0000720000003,1,2250.0000720000003,-615.0364264267769,True,True,True,False
5469409533483491496,FHY545  ,A320,L2J,Large jet,True,Evening,2025-06-08 18:41:55,2025-06-08 00:00:00,2300.0000736,1.4199800344780413,2,2300.0000736,2,2300.0000736,-1039.834560186248,True,True,True,False
5581277189495623312,TOM52G  ,B738,L2J,Large jet,True,Day,2025-06-17 12:04:15,2025-06-17 00:00:00,2150.0000688,2.278904265287426,1,2150.0000688,1,2150.0000688,-601.406041232689,True,True,True,False
5588470957639027156,RUK179V ,B738,L2J,Large jet,True,Day,2025-06-20 10:34:50,2025-06-20 00:00:00,,,0,,0,,,False,False,False,False
5592288258091170587,RYR7148 ,B38M,,Large jet,True,Day,2025-06-25 15:59:55,2025-06-25 00:00:00,,,0,,0,,,False,False,False,False
5595018157152809412,RYR90UB ,B738,L2J,Large jet,True,Day,2025-06-18 11:29:55,2025-06-18 00:00:00,2125.0000680000003,3.431735770236337,1,2125.0000680000003,1,,,True,True,True,False
5601445948027056632,RYR55SN ,A320,L2J,Large jet,True,Day,2025-06-27 11:27:50,2025-06-27 00:00:00,2675.0000856,2.8385161826095846,1,2675.0000856,1,2675.0000856,-300.1203128887223,True,True,True,False
5627246482806065205,RYR8TF  ,B738,L2J,Large jet,True,Evening,2025-06-29 19:10:40,2025-06-29 00:00:00,,,0,,0,,,False,False,False,False
5660283971782169353,RYR8945 ,B738,L2J,Large jet,True,Day,2025-06-09 14:22:50,2025-06-09 00:00:00,,,0,,0,,,False,False,False,False
5691718547450107876,RYR14VB ,B738,L2J,Large jet,True,Evening,2025-06-02 21:50:35,2025-06-02 00:00:00,,,0,,0,,,False,False,False,False
5698233102818610640,RYR2CT  ,A320,L2J,Large jet,True,Evening,2025-06-11 18:20:40,2025-06-11 00:00:00,,,0,,0,,,False,False,False,False
5735165636446831562,RYR611T ,B738,L2J,Large jet,True,Evening,2025-06-25 20:15:10,2025-06-25 00:00:00,75.0000024,18.41996145510749,2,3506.009727576926,1,3506.009727576926,826.9163982359473,True,True,True,False
5759360214267709017,RYR24GH ,B738,L2J,Large jet,True,Day,2025-06-27 13:49:15,2025-06-27 00:00:00,,,0,,0,,,False,False,False,False
5812781511889233232,RYR24GH ,B738,L2J,Large jet,True,Night,2025-06-07 22:11:20,2025-06-07 00:00:00,75.0000024,18.669206862261913,1,,0,,,True,False,True,False
5915897660641135844,EXS147L ,B738,,Large jet,True,Evening,2025-06-07 21:37:05,2025-06-07 00:00:00,75.0000024,18.70086336183577,2,2625.0000840000002,1,2625.0000840000002,-929.5053653757991,True,True,True,False
5931466521475825299,EXS4HW  ,B738,,Large jet,True,Day,2025-06-04 13:18:25,2025-06-04 00:00:00,2650.0000848,1.6356413718062672,1,2650.0000848,1,2650.0000848,-315.00285262260286,True,True,True,False
5969204787070245920,EXS3618 ,B738,,Large jet,True,Night,2025-06-01 23:24:50,2025-06-01 00:00:00,3400.0001088000004,14.731720706745156,1,,0,,,True,False,True,False
5986030976463419371,RYR24GH ,B738,L2J,Large jet,True,Evening,2025-06-04 21:41:45,2025-06-04 00:00:00,200.0000064,18.192874052062432,1,,0,,,True,False,True,False
6027879598502763166,TOM7KX  ,B738,L2J,Large jet,True,Night,2025-06-03 22:01:05,2025-06-03 00:00:00,150.0000048,18.945736587326927,3,,0,,,True,False,True,False
6163406401156931547,URO681  ,A346,L4J,Large jet,True,Day,2025-06-16 13:42:35,2025-06-16 00:00:00,2125.0000680000003,2.4596945722519243,1,2125.0000680000003,1,2125.0000680000003,-833.9988297333825,True,True,True,False
6202025149019509126,RUK179V ,B738,L2J,Large jet,True,Day,2025-06-06 10:45:40,2025-06-06 00:00:00,100.0000032,18.687133392372946,9,2600.0000832,4,2650.0000848,-358.37579167583635,True,True,True,False
6224090630645946539,RYR55SN ,B38M,L2J,Large jet,True,Day,2025-06-23 14:44:25,2025-06-23 00:00:00,2900.0000928000004,1.5217128983985102,1,2900.0000928000004,1,2900.0000928000004,-72.69882943364973,True,True,True,False
6332421216256635922,RYR9EM  ,B738,L2J,Large jet,True,Day,2025-06-10 05:46:25,2025-06-10 00:00:00,2275.0000728,4.725690510786084,2,2275.0000728,2,,,True,True,True,False
6346402460808325784,RYR7148 ,B738,L2J,Large jet,True,Day,2025-06-30 10:48:25,2025-06-30 00:00:00,,,0,,0,,,False,False,False,False
6527023569067955045,RYR7099 ,B738,L2J,Large jet,True,Day,2025-06-01 08:41:50,2025-06-01 00:00:00,,,0,,0,,,False,False,False,False
6534470704319236712,RYR611T ,B38M,L2J,Large jet,True,Day,2025-06-20 09:14:35,2025-06-20 00:00:00,,,0,,0,,,False,False,False,False
6675551065489249554,RYR90UB ,B738,L2J,Large jet,True,Day,2025-06-10 14:10:35,2025-06-10 00:00:00,,,0,,0,,,False,False,False,False
6737752007733654835,EXS66Q  ,B738,L2J,Large jet,True,Evening,2025-06-06 21:45:10,2025-06-06 00:00:00,125.000004,18.50749109505457,2,2600.0000832,1,,,True,True,True,False
6757682310362385019,TOM3XB  ,B738,L2J,Large jet,True,Day,2025-06-06 12:09:55,2025-06-06 00:00:00,2625.0000840000002,2.5632603446330804,3,2625.0000840000002,3,2625.0000840000002,-306.6388809702589,True,True,True,False
6757693994654555080,RYR46HP ,B738,L2J,Large jet,True,Day,2025-06-01 10:47:35,2025-06-01 00:00:00,,,0,,0,,,False,False,False,False
6765132575129614912,TOM5GB  ,B738,L2J,Large jet,True,Day,2025-06-12 12:16:35,2025-06-12 00:00:00,,,0,,0,,,False,False,False,False
6781648620317483307,RYR90UB ,B738,L2J,Large jet,True,Day,2025-06-17 14:22:25,2025-06-17 00:00:00,,,0,,0,,,False,False,False,False
6795167520044824877,RYR560X ,B738,L2J,Large jet,True,Day,2025-06-28 16:30:00,2025-06-28 00:00:00,2925.0000936,1.4087169726476956,1,2925.0000936,1,2925.0000936,-305.39725071886687,True,True,True,False
6810069425913109556,URO681  ,A346,L4J,Large jet,True,Day,2025-06-24 13:12:05,2025-06-24 00:00:00,,,0,,0,,,False,False,False,False
6871501626036623696,RUK179V ,B738,L2J,Large jet,True,Day,2025-06-27 10:16:25,2025-06-27 00:00:00,2625.0000840000002,1.5776585919771942,1,2625.0000840000002,1,2625.0000840000002,-269.11366354490747,True,True,True,False
6888701565379847654,TOM7KX  ,B738,L2J,Large jet,True,Evening,2025-06-24 21:58:30,2025-06-24 00:00:00,3200.0001024,1.9416552773572933,1,3200.0001024,1,3200.0001024,-56.07840855326231,True,True,True,False
6902314087117187044,RYR90UB ,B738,L2J,Large jet,True,Day,2025-06-25 11:30:40,2025-06-25 00:00:00,25.0000008,18.32645465349117,1,,0,,,True,False,True,False
6930119663848359352,EXS64DM ,B738,L2J,Large jet,True,Day,2025-06-26 14:11:40,2025-06-26 00:00:00,1600.0000512,9.792530338841106,1,,0,,,True,False,True,False
6936639981660901765,TOM57V  ,B738,L2J,Large jet,True,Night,2025-06-25 22:41:40,2025-06-25 00:00:00,50.0000016,19.006574341920693,3,2575.0000824,2,2575.0000824,-390.54470031829624,True,True,True,False
7062914379734244432,EXS2L   ,B738,,Large jet,True,Day,2025-06-17 11:51:30,2025-06-17 00:00:00,,,0,,0,,,False,False,False,False
7090103629646075515,EXS68Z  ,B738,L2J,Large jet,True,Night,2025-06-27 22:37:00,2025-06-27 00:00:00,2825.0000904000003,3.588461988198354,4,2825.0000904000003,3,2850.0000912,-713.4293863967996,True,True,True,False
7097868943598940647,URO681  ,A346,L4J,Large jet,True,Day,2025-06-10 12:38:05,2025-06-10 00:00:00,2400.0000768,2.6057708921836986,1,2400.0000768,1,2400.0000768,-280.5519975602592,True,True,True,False
7099040509758688633,EXS47K  ,B738,,Large jet,True,Day,2025-06-03 16:31:50,2025-06-03 00:00:00,3555.7693445538466,18.238350761829786,1,,0,,,True,False,True,False
7122975529227668693,RYR2CT  ,A320,L2J,Large jet,True,Day,2025-06-14 06:27:55,2025-06-14 00:00:00,1525.0000488,5.301398503444776,3,1525.0000488,3,,,True,True,True,False
7142354158051756625,RYR8945 ,B738,L2J,Large jet,True,Evening,2025-06-01 21:06:50,2025-06-01 00:00:00,,,0,,0,,,False,False,False,False
7142492711340326564,TOM52G  ,B738,L2J,Large jet,True,Day,2025-06-10 12:51:35,2025-06-10 00:00:00,1900.0000608,3.0206823719403535,4,1900.0000608,3,1900.0000608,-731.7535244545302,True,True,True,True
7205699654989779249,TOM6HJ  ,B738,L2J,Large jet,True,Day,2025-06-16 13:46:05,2025-06-16 00:00:00,2100.0000672,3.5972792650210415,1,2100.0000672,1,,,True,True,True,False
7208100196989291525,LAV944P ,B738,L2J,Large jet,True,Day,2025-06-10 12:49:00,2025-06-10 00:00:00,1900.0000608,3.147756382493729,4,1900.0000608,4,1875.00006,-1195.8077071534674,True,True,True,True
7275171368367773085,RYR8TF  ,B738,L2J,Large jet,True,Evening,2025-06-01 19:12:10,2025-06-01 00:00:00,2325.0000744000004,4.500469124741477,1,2325.0000744000004,1,,,True,True,True,False
7317180139048033186,URO601  ,A346,L4J,Large jet,True,Day,2025-06-10 11:52:35,2025-06-10 00:00:00,,,0,,0,,,False,False,False,False
7320474331059947992,EXS68Z  ,B738,,Large jet,True,Night,2025-06-16 22:14:00,2025-06-16 00:00:00,,,0,,0,,,False,False,False,False
7347718533647384914,RYR90UB ,B738,L2J,Large jet,True,Day,2025-06-19 15:26:10,2025-06-19 00:00:00,,,0,,0,,,False,False,False,False
7353047119619370559,RYR611T ,B38M,L2J,Large jet,True,Day,2025-06-13 10:46:40,2025-06-13 00:00:00,2325.0000744000004,2.0853711536675155,1,2325.0000744000004,1,2325.0000744000004,-438.5320611571274,True,True,True,False
7353958263148943486,RYR90UB ,B738,L2J,Large jet,True,Evening,2025-06-01 21:11:55,2025-06-01 00:00:00,3625.000116,3.822826292837767,2,3625.000116,2,,,True,True,True,False
7428414690692964852,RYR611T ,B738,L2J,Large jet,True,Day,2025-06-17 13:11:30,2025-06-17 00:00:00,3325.0001064000003,7.9728889557196885,1,,0,,,True,False,True,False
7530092715686884131,EXS47K  ,B738,L2J,Large jet,True,Day,2025-06-24 16:27:15,2025-06-24 00:00:00,2950.0000944000003,2.6689104952548206,1,2950.0000944000003,1,2950.0000944000003,-279.35145629677527,True,True,True,False
7538897650838314757,URO681  ,A346,L4J,Large jet,True,Day,2025-06-25 13:25:50,2025-06-25 00:00:00,2000.000064,3.3574104767051534,1,2000.000064,1,,,True,True,True,False
7557727966239079159,EXS15Q  ,B738,,Large jet,True,Night,2025-06-25 22:28:15,2025-06-25 00:00:00,75.0000024,18.766466664913306,2,2675.0000856,1,,,True,True,True,False
7566226235289561269,RYR4LN  ,B738,L2J,Large jet,True,Day,2025-06-26 15:56:15,2025-06-26 00:00:00,2425.0000775999997,3.7873995698541476,2,2425.0000775999997,2,2425.0000775999997,-404.84553277678106,True,True,True,False
7584799188660215075,URO681  ,A346,L4J,Large jet,True,Day,2025-06-27 16:08:55,2025-06-27 00:00:00,,,0,,0,,,False,False,False,False
7688662394623173068,RYR24GH ,B738,L2J,Large jet,True,Evening,2025-06-22 18:55:05,2025-06-22 00:00:00,,,0,,0,,,False,False,False,False
7689671410808379123,URO681  ,A346,L4J,Large jet,True,Day,2025-06-26 12:58:15,2025-06-26 00:00:00,2000.000064,6.141493718538585,5,2000.000064,3,2025.0000648,-806.0955034791687,True,True,True,False
7724568202937839893,RYR560X ,B738,L2J,Large jet,True,Day,2025-06-07 17:01:15,2025-06-07 00:00:00,250.000008,18.189152978869124,2,3700.0001184,1,3700.0001184,307.20334531742856,True,True,True,False
7805300097441560779,EXS34A  ,B738,L2J,Large jet,True,Night,2025-06-26 22:42:45,2025-06-26 00:00:00,,,0,,0,,,False,False,False,False
7818263673114193788,RYR24GH ,B738,L2J,Large jet,True,Evening,2025-06-09 21:13:25,2025-06-09 00:00:00,,,0,,0,,,False,False,False,False
7818278126967928591,URO681A ,A346,L4J,Large jet,True,Day,2025-06-19 06:18:50,2025-06-19 00:00:00,,,0,,0,,,False,False,False,False
7847779697473272441,RYR560X ,B738,L2J,Large jet,True,Day,2025-06-04 15:07:05,2025-06-04 00:00:00,4150.0001328,8.33145019123062,4,,0,,,True,False,True,False
7854744804587931584,RYR55SN ,A320,L2J,Large jet,True,Day,2025-06-12 10:19:30,2025-06-12 00:00:00,,,0,,0,,,False,False,False,False
7902239294721465404,RYR73LA ,B38M,,Large jet,True,Day,2025-06-15 08:43:45,2025-06-15 00:00:00,2625.0000840000002,2.5634067836645333,1,2625.0000840000002,1,2625.0000840000002,-460.39861650750663,True,True,True,False
7903570740724787326,EXS2L   ,B738,L2J,Large jet,True,Day,2025-06-14 12:30:20,2025-06-14 00:00:00,1375.0000440000001,7.303573394287286,2,,0,,,True,False,True,False
7919145799065642886,TOM6HJ  ,B738,L2J,Large jet,True,Day,2025-06-23 13:19:35,2025-06-23 00:00:00,2375.0000760000003,2.2219395588360817,3,2375.0000760000003,3,2375.0000760000003,-370.1225320713743,True,True,True,False
7935513519138046009,TOM3XA  ,B738,L2J,Large jet,True,Night,2025-06-14 23:17:20,2025-06-14 00:00:00,2300.0000736,4.904721160956054,1,2300.0000736,1,,,True,True,True,False
7960810872731513934,EXS2L   ,B738,L2J,Large jet,True,Day,2025-06-03 11:53:50,2025-06-03 00:00:00,200.0000064,18.696923518393103,3,2550.0000816,2,,,True,True,True,False
8007768887025524105,RYR55SN ,B738,L2J,Large jet,True,Evening,2025-06-21 19:30:45,2025-06-21 00:00:00,2397.5807218838704,18.357091837862068,2,,0,,,True,False,True,False
8030917682892415081,RYR3KY  ,B738,L2J,Large jet,True,Day,2025-06-28 08:35:00,2025-06-28 00:00:00,,,0,,0,,,False,False,False,False
8050297112731532433,RYR24GH ,B738,L2J,Large jet,True,Evening,2025-06-01 19:01:45,2025-06-01 00:00:00,1950.0000624,6.502580911577034,1,,0,,,True,False,True,False
8110008595122581970,RYR59SF ,B38M,L2J,Large jet,True,Evening,2025-06-22 20:21:05,2025-06-22 00:00:00,,,0,,0,,,False,False,False,False
8180584113917811229,RYR7148 ,B738,L2J,Large jet,True,Day,2025-06-23 10:57:45,2025-06-23 00:00:00,,,0,,0,,,False,False,False,False
8181302517613936318,RYR73LA ,B738,L2J,Large jet,True,Day,2025-06-03 14:44:40,2025-06-03 00:00:00,225.0000072,18.243402009894762,1,,0,,,True,False,True,False
8254044741177712682,RYR9EM  ,B738,L2J,Large jet,True,Day,2025-06-03 05:56:30,2025-06-03 00:00:00,125.000004,18.787034274155552,1,,0,,,True,False,True,False
8266130326471856457,EXS2LS  ,B738,L2J,Large jet,True,Night,2025-06-25 23:32:10,2025-06-25 00:00:00,75.0000024,18.83000879745481,1,,0,,,True,False,True,False
8349478175040049816,RYR90UB ,B738,L2J,Large jet,True,Day,2025-06-27 10:27:40,2025-06-27 00:00:00,,,0,,0,,,False,False,False,False
8393197617709724240,RYR59SF ,B38M,L2J,Large jet,True,Day,2025-06-06 15:40:05,2025-06-06 00:00:00,100.0000032,18.739895616960432,2,3850.0001232,1,,,True,True,True,False
8394564577715098361,EXS3618 ,B738,L2J,Large jet,True,Night,2025-06-22 23:09:40,2025-06-22 00:00:00,3025.0000968000004,0.4137010742957167,1,3025.0000968000004,1,3025.0000968000004,-30.17623647954133,True,True,True,False
8432160799485024432,TOM6785 ,B738,L2J,Large jet,True,Evening,2025-06-15 21:55:55,2025-06-15 00:00:00,,,0,,0,,,False,False,False,False
8461419505283215160,EXS2L   ,B738,L2J,Large jet,True,Day,2025-06-07 12:50:45,2025-06-07 00:00:00,175.0000056,18.647720947541206,1,,0,,,True,False,True,False
8531418986332296083,EXS52N  ,B738,L2J,Large jet,True,Day,2025-06-29 14:02:35,2025-06-29 00:00:00,,,0,,0,,,False,False,False,False
8554418579442534994,RYR73LA ,B738,L2J,Large jet,True,Day,2025-06-10 14:01:25,2025-06-10 00:00:00,2725.0000872,1.4730048439177825,1,2725.0000872,1,2725.0000872,-139.92459572232656,True,True,True,False
8573439604464186511,TOM6457 ,B738,L2J,Large jet,True,Day,2025-06-26 14:04:55,2025-06-26 00:00:00,2100.0000672,5.60395419678119,3,2100.0000672,3,2450.0000784,-531.4600365505567,True,True,True,False
8621027698260157822,RYR9ME  ,B738,L2J,Large jet,True,Day,2025-06-19 14:29:05,2025-06-19 00:00:00,,,0,,0,,,False,False,False,False
8634856961130659773,RUK179V ,B738,L2J,Large jet,True,Day,2025-06-30 10:58:00,2025-06-30 00:00:00,,,0,,0,,,False,False,False,False
8668075352404509619,URO681  ,A346,L4J,Large jet,True,Day,2025-06-09 13:06:10,2025-06-09 00:00:00,2275.0000728,0.7438619474369074,2,2275.0000728,1,2275.0000728,-768.3914923477823,True,True,True,False
8701614268436460272,EXS74H  ,B738,L2J,Large jet,True,Day,2025-06-23 13:36:20,2025-06-23 00:00:00,,,0,,0,,,False,False,False,False
8747169824462850303,URO805K ,A346,L4J,Large jet,True,Day,2025-06-27 15:29:35,2025-06-27 00:00:00,2225.0000712,3.2377519648129307,2,2225.0000712,2,2250.0000720000003,-784.874946238584,True,True,True,False
8770123846738040761,RYR24GH ,B738,L2J,Large jet,True,Evening,2025-06-29 18:39:30,2025-06-29 00:00:00,,,0,,0,,,False,False,False,False
8770458707215742730,RYR611T ,B738,L2J,Large jet,True,Day,2025-06-05 14:42:30,2025-06-05 00:00:00,300.0000096,18.642992481241695,1,,0,,,True,False,True,False
8927631805524570730,RYR24GH ,B738,L2J,Large jet,True,Evening,2025-06-05 19:39:05,2025-06-05 00:00:00,250.000008,18.75744417048047,4,2775.0000888,3,3250.000104,-263.86978030844875,True,True,True,False
9043227690376879133,EXS66Q  ,B738,L2J,Large jet,True,Evening,2025-06-03 21:48:55,2025-06-03 00:00:00,175.0000056,18.825949805750838,1,,0,,,True,False,True,False
9078174122083321876,EXS2L   ,B738,,Large jet,True,Day,2025-06-10 12:02:35,2025-06-10 00:00:00,2375.0000760000003,2.642062416630777,3,2375.0000760000003,3,2375.0000760000003,-487.812967177611,True,True,True,False
9126184430555517656,RYR9356 ,B738,L2J,Large jet,True,Day,2025-06-28 13:38:05,2025-06-28 00:00:00,2300.0000736,1.5297384624573107,2,2300.0000736,2,2325.0000744000004,-632.3674823348197,True,True,True,False
9143226939907251056,RYR46HP ,B738,L2J,Large jet,True,Evening,2025-06-27 21:59:25,2025-06-27 00:00:00,,,0,,0,,,False,False,False,False
9145465299045858946,RYR73LA ,B38M,L2J,Large jet,True,Day,2025-06-29 08:21:25,2025-06-29 00:00:00,1650.0000528,6.217300109729722,2,1650.0000528,1,,,True,True,True,False
9168003266246146548,RYR55SN ,B738,L2J,Large jet,True,Day,2025-06-10 08:44:05,2025-06-10 00:00:00,,,0,,0,,,False,False,False,False
9168588267159720653,RYR8TF  ,B738,L2J,Large jet,True,Evening,2025-06-19 20:28:55,2025-06-19 00:00:00,,,0,,0,,,False,False,False,False
9221291073708468220,TOM6HJ  ,B738,L2J,Large jet,True,Day,2025-06-09 13:24:55,2025-06-09 00:00:00,2250.0000720000003,2.391622848741364,3,2250.0000720000003,2,2250.0000720000003,-659.36091859924,True,True,True,False
9339853638698067503,EXS3618 ,B738,L2J,Large jet,True,Day,2025-06-26 15:30:45,2025-06-26 00:00:00,,,0,,0,,,False,False,False,False
9381917600859588472,RYR7099 ,B738,L2J,Large jet,True,Day,2025-06-15 08:54:15,2025-06-15 00:00:00,,,0,,0,,,False,False,False,False
9393879883019217718,RYR9356 ,B738,L2J,Large jet,True,Day,2025-06-21 13:32:40,2025-06-21 00:00:00,,,0,,0,,,False,False,False,False
9406320562840441924,RYR55SN ,A320,L2J,Large jet,True,Day,2025-06-05 10:36:00,2025-06-05 00:00:00,275.00000880000005,18.43796835929302,1,,0,,,True,False,True,False
9443932945117385371,RYR8945 ,B738,L2J,Large jet,True,Evening,2025-06-29 21:30:40,2025-06-29 00:00:00,,,0,,0,,,False,False,False,False
9450250127007507288,TOM57V  ,B738,L2J,Large jet,True,Night,2025-06-11 22:43:30,2025-06-11 00:00:00,,,0,,0,,,False,False,False,False
9451186833413529724,RUK179V ,B738,L2J,Large jet,True,Day,2025-06-11 11:54:20,2025-06-11 00:00:00,,,0,,0,,,False,False,False,False
9472596762187585588,TOM5JB  ,B738,L2J,Large jet,True,Day,2025-06-01 12:07:20,2025-06-01 00:00:00,,,0,,0,,,False,False,False,False
9528563029250308885,EXS147L ,B738,L2J,Large jet,True,Day,2025-06-18 11:37:20,2025-06-18 00:00:00,,,0,,0,2150.0000688,-476.8848116947729,False,False,False,False
9564459782196001326,TOM6339 ,B738,L2J,Large jet,True,Day,2025-06-04 10:49:20,2025-06-04 00:00:00,175.0000056,18.84224146544804,2,3998.5578202615397,1,,,True,True,True,False
9576053049896292106,TOM67H  ,B738,L2J,Large jet,True,Day,2025-06-14 12:10:25,2025-06-14 00:00:00,,,0,,0,,,False,False,False,False
9634719089462824205,RYR8945 ,B738,L2J,Large jet,True,Day,2025-06-02 14:38:00,2025-06-02 00:00:00,,,0,,0,,,False,False,False,False
9667308074459111524,RYR560X ,B738,L2J,Large jet,True,Day,2025-06-21 17:55:50,2025-06-21 00:00:00,,,0,,0,,,False,False,False,False
9749830973336131474,RYR611T ,B738,L2J,Large jet,True,Evening,2025-06-18 20:27:10,2025-06-18 00:00:00,,,0,,0,,,False,False,False,False
9751553098687888408,TOM6109 ,B738,L2J,Large jet,True,Night,2025-06-23 22:37:20,2025-06-23 00:00:00,,,0,,0,,,False,False,False,False
9781483000038682627,EXS2LS  ,B738,L2J,Large jet,True,Night,2025-06-18 22:32:25,2025-06-18 00:00:00,,,0,,0,,,False,False,False,False
9802435268695735347,RYR94FL ,B738,L2J,Large jet,True,Evening,2025-06-12 21:48:50,2025-06-12 00:00:00,,,0,,0,,,False,False,False,False
9809226389517267399,RYR2CT  ,A320,L2J,Large jet,True,Day,2025-06-25 16:57:30,2025-06-25 00:00:00,75.0000024,18.9406522859536,1,,0,,,True,False,True,False
9811371720144622712,RYR7099 ,B738,L2J,Large jet,True,Day,2025-06-19 14:16:15,2025-06-19 00:00:00,,,0,,0,,,False,False,False,False
9821942101241742906,TOM6723 ,B738,L2J,Large jet,True,Night,2025-06-29 22:27:35,2025-06-29 00:00:00,,,0,,0,,,False,False,False,False
9842829587564657282,RYR59SF ,B738,L2J,Large jet,True,Day,2025-06-20 15:59:55,2025-06-20 00:00:00,,,0,,0,,,False,False,False,False
9849755734298107569,RYR55SN ,B738,L2J,Large jet,True,Day,2025-06-18 14:47:30,2025-06-18 00:00:00,,,0,,0,,,False,False,False,False
9867784895462354347,RYR46HP ,B738,L2J,Large jet,True,Night,2025-06-13 22:51:20,2025-06-13 00:00:00,,,0,,0,,,False,False,False,False
9923964344080283175,RYR9EM  ,B738,L2J,Large jet,True,Evening,2025-06-21 19:27:10,2025-06-21 00:00:00,,,0,,0,,,False,False,False,False
9947548112159497227,EXS147L ,B738,,Large jet,True,Day,2025-06-06 13:06:10,2025-06-06 00:00:00,150.0000048,18.335606329725543,3,2625.0000840000002,2,2625.0000840000002,-308.736492080734,True,True,True,False
10056657082856329911,TOM6687 ,B738,L2J,Large jet,True,Night,2025-06-28 22:56:05,2025-06-28 00:00:00,,,0,,0,,,False,False,False,False
10106502606251926891,RYR55SN ,B738,L2J,Large jet,True,Day,2025-06-24 08:33:05,2025-06-24 00:00:00,2775.0000888,1.8373793060586965,1,2775.0000888,1,2775.0000888,-28.59979787594557,True,True,True,False
10152026963998152288,RYR7148 ,B738,L2J,Large jet,True,Evening,2025-06-01 21:25:35,2025-06-01 00:00:00,,,0,,0,,,False,False,False,False
10158649952474053591,TOM6723 ,B738,L2J,Large jet,True,Night,2025-06-15 22:51:15,2025-06-15 00:00:00,2975.0000952000005,6.495419484092801,2,,0,,,True,False,True,False
10203438741712255252,EXS66Q  ,B738,L2J,Large jet,True,Night,2025-06-27 22:29:40,2025-06-27 00:00:00,1725.0000552,2.4106464124247435,3,1725.0000552,2,1725.0000552,-1275.6729976044237,True,True,True,True
10226553939026196433,RYR7099 ,B738,L2J,Large jet,True,Day,2025-06-22 08:42:50,2025-06-22 00:00:00,,,0,,0,,,False,False,False,False
10235850932678834707,RYR24GH ,B738,L2J,Large jet,True,Day,2025-06-24 17:53:55,2025-06-24 00:00:00,,,0,,0,,,False,False,False,False
10263274220798793248,RYR73LA ,B38M,L2J,Large jet,True,Day,2025-06-08 08:29:40,2025-06-08 00:00:00,,,0,,0,,,False,False,False,False
10269363082988105992,FHY545  ,A320,L2J,Large jet,True,Evening,2025-06-01 18:52:50,2025-06-01 00:00:00,,,0,,0,,,False,False,False,False
10274898880162493539,RYR46HP ,B738,L2J,Large jet,True,Day,2025-06-22 11:06:25,2025-06-22 00:00:00,4650.000148800001,13.45000793246744,1,,0,,,True,False,True,False
10281545707559778942,EXS68Z  ,B738,,Large jet,True,Night,2025-06-09 22:11:55,2025-06-09 00:00:00,,,0,,0,,,False,False,False,False
10356100840624432913,TOM52G  ,B738,L2J,Large jet,True,Day,2025-06-03 12:14:50,2025-06-03 00:00:00,,,0,,0,4125.000132,1052.7572612357799,False,False,False,False
10392219721361287116,EXS64DM ,B738,,Large jet,True,Day,2025-06-05 13:51:20,2025-06-05 00:00:00,300.0000096,18.687133392372946,2,2625.0000840000002,1,,,True,True,True,False
10505298961597355823,EXS9WF  ,B738,,Large jet,True,Night,2025-06-02 23:46:10,2025-06-02 00:00:00,25.0000008,18.734810711647572,2,,0,,,True,False,True,False
10510426096554408187,RYR8TF  ,B738,L2J,Large jet,True,Evening,2025-06-12 21:43:15,2025-06-12 00:00:00,2675.0000856,1.739975353502092,2,2675.0000856,2,2675.0000856,-143.17010816512675,True,True,True,False
10562896158650969438,RYR90UB ,B738,L2J,Large jet,True,Night,2025-06-14 22:41:50,2025-06-14 00:00:00,2875.000092,4.4281367655560215,1,2875.000092,1,,,True,True,True,False
10600259396908025601,TOM5JB  ,B738,L2J,Large jet,True,Day,2025-06-15 12:38:45,2025-06-15 00:00:00,2525.0000808,1.001907278844918,1,2525.0000808,1,2525.0000808,-422.0337328674,True,True,True,False
10602349850578819496,TOM7KX  ,B738,L2J,Large jet,True,Night,2025-06-10 22:29:20,2025-06-10 00:00:00,,,0,,0,,,False,False,False,False
10611211044701617532,RYR55SN ,A320,L2J,Large jet,True,Day,2025-06-19 09:43:50,2025-06-19 00:00:00,,,0,,0,,,False,False,False,False
10700145883374887703,EXS339E ,B738,L2J,Large jet,True,Evening,2025-06-12 20:46:20,2025-06-12 00:00:00,,,0,,0,,,False,False,False,False
10766919595767867338,TOM3XB  ,B738,L2J,Large jet,True,Day,2025-06-20 12:13:25,2025-06-20 00:00:00,,,0,,0,,,False,False,False,False
10806092668442574548,RYR24GH ,B38M,L2J,Large jet,True,Day,2025-06-20 13:15:55,2025-06-20 00:00:00,,,0,,0,,,False,False,False,False
10836707025339520900,EXS2L   ,B738,,Large jet,True,Day,2025-06-24 11:58:05,2025-06-24 00:00:00,,,0,,0,,,False,False,False,False
10890433193251255037,TOM6687 ,B738,L2J,Large jet,True,Night,2025-06-14 22:59:20,2025-06-14 00:00:00,4110.4167982,18.668040673412683,1,,0,,,True,False,True,False
10943456149913963420,EXS147L ,B738,L2J,Large jet,True,Day,2025-06-25 12:52:45,2025-06-25 00:00:00,25.0000008,18.841627337154694,1,,0,,,True,False,True,False
10949658143612940253,TOM57V  ,B738,L2J,Large jet,True,Night,2025-06-18 22:28:20,2025-06-18 00:00:00,,,0,,0,,,False,False,False,False
10961882382638291575,EXS68Z  ,B738,L2J,Large jet,True,Night,2025-06-13 22:55:45,2025-06-13 00:00:00,,,0,,0,,,False,False,False,False
10991583529409825233,RYR94FL ,B38M,,Large jet,True,Day,2025-06-08 07:08:20,2025-06-08 00:00:00,2500.00008,3.6096575515127607,1,2500.00008,1,,,True,True,True,False
11025561358065580248,RYR94FL ,B738,L2J,Large jet,True,Day,2025-06-13 13:13:00,2025-06-13 00:00:00,,,0,,0,,,False,False,False,False
11060050456553322424,RYR8947 ,B738,L2J,Large jet,True,Day,2025-06-03 15:39:30,2025-06-03 00:00:00,200.0000064,18.680522531814034,1,,0,,,True,False,True,False
11127071048724780055,RYR8TF  ,B738,L2J,Large jet,True,Day,2025-06-08 17:52:45,2025-06-08 00:00:00,,,0,,0,,,False,False,False,False
11134862308197277200,EXS147L ,B738,,Large jet,True,Day,2025-06-02 13:19:10,2025-06-02 00:00:00,2350.0000752,1.6971750532182575,2,2350.0000752,2,2350.0000752,-512.5598788555199,True,True,True,False
11135191026566957649,RYR39HE ,B738,L2J,Large jet,True,Evening,2025-06-30 20:59:00,2025-06-30 00:00:00,,,0,,0,,,False,False,False,False
11168580222140358673,EXS66Q  ,B738,,Large jet,True,Night,2025-06-13 22:24:20,2025-06-13 00:00:00,,,0,,0,,,False,False,False,False
11182507015299209526,EXS4HW  ,B738,,Large jet,True,Day,2025-06-18 12:39:10,2025-06-18 00:00:00,,,0,,0,,,False,False,False,False
11192079696656119479,RYR90UB ,B738,L2J,Large jet,True,Day,2025-06-26 15:47:20,2025-06-26 00:00:00,2425.0000775999997,1.94783656496391,1,2425.0000775999997,1,2425.0000775999997,-359.3590483236885,True,True,True,False
11209578928553630258,RYR8TF  ,B738,L2J,Large jet,True,Day,2025-06-15 17:45:20,2025-06-15 00:00:00,2200.0000704000004,2.566507992547815,1,2200.0000704000004,1,2200.0000704000004,-483.8794220684849,True,True,True,False
11224633389963901250,RYR24GH ,B738,L2J,Large jet,True,Evening,2025-06-19 19:49:05,2025-06-19 00:00:00,,,0,,0,,,False,False,False,False
11300612262079907808,URO601  ,A346,L4J,Large jet,True,Day,2025-06-07 11:12:25,2025-06-07 00:00:00,125.000004,18.93441901469994,2,2675.0000856,1,2675.0000856,-677.2557407511626,True,True,True,False
11337884329057393146,RYR90UB ,B738,L2J,Large jet,True,Day,2025-06-12 15:23:30,2025-06-12 00:00:00,25.0000008,18.7246411188602,1,,0,,,True,False,True,False
11380044078415291818,TOM82B  ,B738,L2J,Large jet,True,Day,2025-06-02 12:45:30,2025-06-02 00:00:00,2350.0000752,0.45328836459082933,3,2350.0000752,3,2350.0000752,-797.6289694277575,True,True,True,False
11416349046205577230,RYR8947 ,B738,L2J,Large jet,True,Day,2025-06-20 13:55:50,2025-06-20 00:00:00,,,0,,0,,,False,False,False,False
11465006243434419459,RYR90UB ,B738,L2J,Large jet,True,Evening,2025-06-28 21:16:40,2025-06-28 00:00:00,,,0,,0,,,False,False,False,False
11469532229219090487,EXS15Q  ,B738,,Large jet,True,Night,2025-06-04 22:45:40,2025-06-04 00:00:00,150.0000048,18.87009122576923,3,,0,3400.0001088000004,432.30299199305136,True,False,True,False
11481466939195198753,RYR46HP ,B738,L2J,Large jet,True,Evening,2025-06-11 21:50:15,2025-06-11 00:00:00,,,0,,0,,,False,False,False,False
11488431017371984521,TOM16H  ,B738,L2J,Large jet,True,Day,2025-06-15 10:51:45,2025-06-15 00:00:00,,,0,,0,,,False,False,False,False
11513043982455455096,URO601  ,A346,L4J,Large jet,True,Day,2025-06-01 11:16:05,2025-06-01 00:00:00,,,0,,0,,,False,False,False,False
11528298179641062319,RYR611T ,B738,L2J,Large jet,True,Evening,2025-06-16 19:04:25,2025-06-16 00:00:00,,,0,,0,,,False,False,False,False
11570388326808429647,TOM16H  ,B738,L2J,Large jet,True,Day,2025-06-29 10:55:50,2025-06-29 00:00:00,2175.0000696,2.9221421356915895,1,2175.0000696,1,2175.0000696,-732.5694541609591,True,True,True,False
11588877432283726292,TOM2TG  ,B738,L2J,Large jet,True,Night,2025-06-13 23:19:20,2025-06-13 00:00:00,,,0,,0,,,False,False,False,False
11619859719649641606,RYR55SN ,B738,L2J,Large jet,True,Day,2025-06-22 14:25:05,2025-06-22 00:00:00,,,0,,0,,,False,False,False,False
11652116661445090252,EXS147L ,B738,,Large jet,True,Day,2025-06-16 12:51:30,2025-06-16 00:00:00,,,0,,0,,,False,False,False,False
11662752798902121121,EXS2LS  ,B738,L2J,Large jet,True,Night,2025-06-29 00:02:45,2025-06-28 00:00:00,,,0,,0,,,False,False,False,False
11677917451675825236,RYR8TF  ,B738,L2J,Large jet,True,Evening,2025-06-05 20:13:30,2025-06-05 00:00:00,225.0000072,18.941529237826835,1,,0,,,True,False,True,False
11689240511562809985,TOM8BJ  ,B738,L2J,Large jet,True,Night,2025-06-26 22:08:35,2025-06-26 00:00:00,,,0,,0,,,False,False,False,False
11815509063503014375,RYR611T ,B38M,,Large jet,True,Day,2025-06-01 12:24:25,2025-06-01 00:00:00,,,0,,0,,,False,False,False,False
11891912808175964647,TOM8BJ  ,B738,L2J,Large jet,True,Evening,2025-06-19 21:56:15,2025-06-19 00:00:00,,,0,,0,,,False,False,False,False
11952327328645315699,RYR9356 ,B738,L2J,Large jet,True,Day,2025-06-04 09:22:15,2025-06-04 00:00:00,,,0,,0,,,False,False,False,False
11988390045652699864,EXS3618 ,B738,L2J,Large jet,True,Night,2025-06-29 22:36:30,2025-06-29 00:00:00,2200.0000704000004,2.667796376610165,1,2200.0000704000004,1,2200.0000704000004,-481.8478660217388,True,True,True,False
12042353283409982076,RYR24GH ,B738,L2J,Large jet,True,Evening,2025-06-15 19:14:35,2025-06-15 00:00:00,,,0,,0,,,False,False,False,False
12048855974852213897,URO601  ,A346,L4J,Large jet,True,Day,2025-06-26 12:23:00,2025-06-26 00:00:00,,,0,,0,,,False,False,False,False
12062498568443306430,RYR7148 ,B738,L2J,Large jet,True,Evening,2025-06-29 21:52:00,2025-06-29 00:00:00,,,0,,0,,,False,False,False,False
12073677136867275218,RYR611T ,B38M,,Large jet,True,Evening,2025-06-09 18:57:15,2025-06-09 00:00:00,,,0,,0,,,False,False,False,False
12113974254132389552,RYR611T ,B738,L2J,Large jet,True,Evening,2025-06-04 20:19:10,2025-06-04 00:00:00,150.0000048,18.77269813872957,1,,0,,,True,False,True,False
12147866102370743139,RYR55SN ,B738,L2J,Large jet,True,Day,2025-06-01 14:39:50,2025-06-01 00:00:00,3200.0001024,0.7574952901990246,1,3200.0001024,1,3200.0001024,-46.17181779694647,True,True,True,False
12156364141399285058,EXS74H  ,B738,L2J,Large jet,True,Day,2025-06-06 11:58:15,2025-06-06 00:00:00,100.0000032,18.686753716799394,1,,0,,,True,False,True,False
12203679998995478249,EXS2L   ,B738,L2J,Large jet,True,Day,2025-06-21 12:45:55,2025-06-21 00:00:00,,,0,,0,,,False,False,False,False
12303454795671260432,RYR24GH ,B738,L2J,Large jet,True,Night,2025-06-28 22:20:45,2025-06-28 00:00:00,,,0,,0,,,False,False,False,False
12325041381434892245,RYR560X ,B738,L2J,Large jet,True,Day,2025-06-14 17:48:45,2025-06-14 00:00:00,3475.0001112,2.8672274161591833,1,3475.0001112,1,3475.0001112,-102.9642352190076,True,True,True,False
12325498065183976624,RYR3KY  ,B738,L2J,Large jet,True,Day,2025-06-21 08:43:45,2025-06-21 00:00:00,,,0,,0,,,False,False,False,False
12341779229229839257,URO601  ,A346,L4J,Large jet,True,Day,2025-06-12 11:16:25,2025-06-12 00:00:00,,,0,,0,,,False,False,False,False
12345815186452668717,RYR55SN ,B738,L2J,Large jet,True,Day,2025-06-03 08:41:05,2025-06-03 00:00:00,125.000004,18.739895616960432,2,3000.000096,1,3000.000096,246.15783465563072,True,True,True,False
12380098244896845836,TOM6HJ  ,B738,L2J,Large jet,True,Day,2025-06-02 13:28:00,2025-06-02 00:00:00,2375.0000760000003,2.744440897913592,2,2375.0000760000003,2,2650.0000848,-320.90804759682715,True,True,True,False
12384699841437685632,RYR9EM  ,B738,L2J,Large jet,True,Day,2025-06-17 05:49:45,2025-06-17 00:00:00,,,0,,0,,,False,False,False,False
12414062290165261803,RUK179V ,B738,,Large jet,True,Day,2025-06-02 10:39:20,2025-06-02 00:00:00,,,0,,0,,,False,False,False,False
12464947911081170134,RYR7148 ,B738,L2J,Large jet,True,Day,2025-06-09 10:35:55,2025-06-09 00:00:00,,,0,,0,,,False,False,False,False
12483885875021334470,EXS68Z  ,B738,,Large jet,True,Night,2025-06-02 22:45:05,2025-06-02 00:00:00,,,0,,0,,,False,False,False,False
12500864246768259987,RYR7148 ,B738,L2J,Large jet,True,Day,2025-06-10 07:19:15,2025-06-10 00:00:00,,,0,,0,,,False,False,False,False
12544140415548313613,RYR94FL ,B738,L2J,Large jet,True,Day,2025-06-20 13:59:55,2025-06-20 00:00:00,,,0,,0,,,False,False,False,False
12562502276839185525,EXS9WF  ,B738,L2J,Large jet,True,Night,2025-06-09 23:43:15,2025-06-09 00:00:00,,,0,,0,,,False,False,False,False
12583268078034596228,TOM61L  ,B738,L2J,Large jet,True,Day,2025-06-10 14:38:05,2025-06-10 00:00:00,2350.0000752,3.2448624946893108,1,2350.0000752,1,,,True,True,True,False
12585417154195074834,TOM793  ,B738,L2J,Large jet,True,Night,2025-06-09 23:15:05,2025-06-09 00:00:00,,,0,,0,,,False,False,False,False
12651113067834639183,RYR73LA ,B738,L2J,Large jet,True,Day,2025-06-24 14:20:05,2025-06-24 00:00:00,2850.0000912,3.263503114864194,3,2850.0000912,3,3275.0001048,308.2280652517211,True,True,True,False
12685202480149994440,RYR59SF ,B738,L2J,Large jet,True,Evening,2025-06-17 20:39:35,2025-06-17 00:00:00,2150.0000688,1.6886210311361316,1,2150.0000688,1,2150.0000688,-694.5094412937297,True,True,True,False
12711094161052412611,RYR90UB ,B738,L2J,Large jet,True,Day,2025-06-20 10:40:20,2025-06-20 00:00:00,,,0,,0,,,False,False,False,False
12725180828008344363,EXS64DM ,B738,,Large jet,True,Day,2025-06-12 13:36:35,2025-06-12 00:00:00,100.0000032,18.270698859280873,1,,0,,,True,False,True,False
12750197075052849642,TOM8BJ  ,B738,L2J,Large jet,True,Night,2025-06-12 22:08:05,2025-06-12 00:00:00,,,0,,0,,,False,False,False,False
12776163309897385580,RYR8945 ,B738,L2J,Large jet,True,Evening,2025-06-08 20:38:20,2025-06-08 00:00:00,,,0,,0,,,False,False,False,False
12950419461428940098,TOM5GB  ,B738,L2J,Large jet,True,Day,2025-06-19 11:24:05,2025-06-19 00:00:00,2675.0000856,7.933663303233197,1,,0,,,True,False,True,False
12971649716435615260,RYR7148 ,B38M,L2J,Large jet,True,Day,2025-06-11 16:02:00,2025-06-11 00:00:00,,,0,,0,,,False,False,False,False
13013034378166500386,RUK179V ,B738,L2J,Large jet,True,Day,2025-06-04 11:47:00,2025-06-04 00:00:00,150.0000048,18.775415502709578,3,,0,,,True,False,True,False
13071538341234449420,RYR2CT  ,A320,L2J,Large jet,True,Day,2025-06-07 05:56:05,2025-06-07 00:00:00,3050.0000976,0.6469114576340268,3,3050.0000976,3,3050.0000976,-15.439066299653405,True,True,True,False
13126090200820688369,EXS51Y  ,B738,L2J,Large jet,True,Day,2025-06-15 15:09:30,2025-06-15 00:00:00,2200.0000704000004,3.2711909522455067,1,2200.0000704000004,1,6440.486931759288,3317.119844349209,True,True,True,False
13181828426636061628,RYR24GH ,B738,L2J,Large jet,True,Evening,2025-06-23 21:27:25,2025-06-23 00:00:00,2400.0000768,9.87963309387909,1,,0,,,True,False,True,False
13260103722245101349,RYR24GH ,B738,L2J,Large jet,True,Night,2025-06-14 22:08:15,2025-06-14 00:00:00,3050.0000976,2.887316955346734,1,3050.0000976,1,3050.0000976,51.270476452480125,True,True,True,False
13296522166115020580,TOM8VY  ,B738,L2J,Large jet,True,Day,2025-06-04 11:53:05,2025-06-04 00:00:00,200.0000064,18.330520728766125,3,2675.0000856,2,2675.0000856,-224.18989887699445,True,True,True,False
13297884924354102322,EXS47K  ,B738,L2J,Large jet,True,Day,2025-06-10 16:20:30,2025-06-10 00:00:00,2350.0000752,2.2214216699545624,3,2350.0000752,3,2375.0000760000003,-506.1781534580805,True,True,True,False
13347561024931437467,RYR8945 ,B738,L2J,Large jet,True,Day,2025-06-23 14:10:50,2025-06-23 00:00:00,2850.0000912,2.7923266646545937,1,2850.0000912,1,2850.0000912,3.727661315657315,True,True,True,False
13377490541539058115,RYR39HE ,B738,,Large jet,True,Evening,2025-06-23 20:28:50,2025-06-23 00:00:00,,,0,,0,,,False,False,False,False
13398088575312687067,RYR94FL ,B738,L2J,Large jet,True,Day,2025-06-27 13:10:00,2025-06-27 00:00:00,,,0,,0,,,False,False,False,False
13405849297878394818,EXS3618 ,B738,L2J,Large jet,True,Day,2025-06-19 14:57:10,2025-06-19 00:00:00,,,0,,0,,,False,False,False,False
13423167349838331965,TOM6HJ  ,B738,L2J,Large jet,True,Day,2025-06-30 14:44:00,2025-06-30 00:00:00,,,0,,0,,,False,False,False,False
13456131815725424779,RYR55SN ,B738,L2J,Large jet,True,Day,2025-06-25 17:43:10,2025-06-25 00:00:00,50.0000016,18.931077906877825,1,,0,,,True,False,True,False
13500952671937350942,RYR73LA ,B38M,,Large jet,True,Day,2025-06-22 08:10:40,2025-06-22 00:00:00,4738.114905718035,18.718409555420664,1,,0,,,True,False,True,False
13508606969475580060,URO681A ,A346,L4J,Large jet,True,Day,2025-06-13 17:50:40,2025-06-13 00:00:00,,,0,,0,,,False,False,False,False
13581064581113456487,URO681  ,A346,L4J,Large jet,True,Day,2025-06-14 13:01:20,2025-06-14 00:00:00,1375.0000440000001,8.981257876932395,2,,0,,,True,False,True,False
13594106226123744782,EXS9WF  ,B738,L2J,Large jet,True,Night,2025-06-24 00:41:25,2025-06-23 00:00:00,,,0,,0,,,False,False,False,False
13624357022823918204,TOM6723 ,B738,L2J,Large jet,True,Night,2025-06-08 22:24:20,2025-06-08 00:00:00,,,0,,0,,,False,False,False,False
13656188896665835567,RYR8945 ,B738,L2J,Large jet,True,Evening,2025-06-15 21:35:40,2025-06-15 00:00:00,,,0,,0,,,False,False,False,False
13703462396862101118,RYR55SN ,B38M,,Large jet,True,Day,2025-06-02 14:46:05,2025-06-02 00:00:00,2375.0000760000003,2.570900602560367,1,2375.0000760000003,1,2375.0000760000003,-342.4351884760945,True,True,True,False
13704742059370168229,RYR2CT  ,A320,L2J,Large jet,True,Day,2025-06-18 16:52:15,2025-06-18 00:00:00,,,0,,0,,,False,False,False,False
13781089870176848840,RYR9EM  ,B738,L2J,Large jet,True,Day,2025-06-24 05:42:25,2025-06-24 00:00:00,3350.0001072,2.2800136829643582,1,3350.0001072,1,3350.0001072,-144.2195639849715,True,True,True,False
13785005122902037674,EXS2LS  ,B738,L2J,Large jet,True,Night,2025-06-04 23:34:15,2025-06-04 00:00:00,175.0000056,18.909007100976424,3,2150.0000688,1,,,True,True,True,False
13837997788168681185,TOM5XY  ,B738,L2J,Large jet,True,Night,2025-06-18 22:21:05,2025-06-18 00:00:00,,,0,,0,,,False,False,False,False
13855935035029277355,RUK179V ,B738,L2J,Large jet,True,Day,2025-06-23 11:09:30,2025-06-23 00:00:00,,,0,,0,,,False,False,False,False
13874319190383321086,TOM5XY  ,B738,L2J,Large jet,True,Night,2025-06-11 22:13:30,2025-06-11 00:00:00,,,0,,0,,,False,False,False,False
13881339554482846009,RYR560X ,B738,L2J,Large jet,True,Day,2025-06-18 14:44:25,2025-06-18 00:00:00,,,0,,0,,,False,False,False,False
13898654788340469013,RYR9ME  ,B738,L2J,Large jet,True,Day,2025-06-12 14:28:55,2025-06-12 00:00:00,3300.0001056,1.4740413220352908,2,3300.0001056,2,3300.0001056,-61.03781871619094,True,True,True,False
14068903794726999775,RYR55SN ,B38M,L2J,Large jet,True,Day,2025-06-09 14:41:40,2025-06-09 00:00:00,2350.0000752,2.930992205556755,1,2350.0000752,1,2350.0000752,-262.6031560260881,True,True,True,False
14075621253559521437,TOM61L  ,B738,L2J,Large jet,True,Day,2025-06-24 15:32:50,2025-06-24 00:00:00,2500.00008,3.1136067399907614,2,2500.00008,2,2500.00008,-173.60672167351777,True,True,True,False
14147259965978763004,TOM6457 ,B738,L2J,Large jet,True,Day,2025-06-05 13:45:40,2025-06-05 00:00:00,300.0000096,18.487335162903832,4,2775.0000888,3,2800.0000896,36.646021960434155,True,True,True,False
14170354870684055597,TOM6723 ,B738,L2J,Large jet,True,Night,2025-06-22 22:00:35,2025-06-22 00:00:00,3725.0001192000004,4.093040027439579,1,3725.0001192000004,1,,,True,True,True,False
14206555960362083333,RYR2CT  ,A320,L2J,Large jet,True,Day,2025-06-28 06:24:05,2025-06-28 00:00:00,,,0,,0,,,False,False,False,False
14216531059676787431,TOM7KX  ,B738,L2J,Large jet,True,Evening,2025-06-17 21:48:20,2025-06-17 00:00:00,,,0,,0,,,False,False,False,False
14241778596531847824,RYR24GH ,B738,L2J,Large jet,True,Evening,2025-06-11 21:18:10,2025-06-11 00:00:00,,,0,,0,,,False,False,False,False
14269966259488648869,RYR24GH ,B738,L2J,Large jet,True,Evening,2025-06-16 21:28:55,2025-06-16 00:00:00,,,0,,0,,,False,False,False,False
14319007541517048109,TOM7TY  ,B738,L2J,Large jet,True,Day,2025-06-13 13:24:50,2025-06-13 00:00:00,,,0,,0,,,False,False,False,False
14343852596565696256,RYR55SN ,B738,L2J,Large jet,True,Day,2025-06-11 15:25:10,2025-06-11 00:00:00,,,0,,0,,,False,False,False,False
14361875579030121171,EXS66Q  ,B738,,Large jet,True,Night,2025-06-10 22:20:35,2025-06-10 00:00:00,,,0,,0,,,False,False,False,False
14412209742225797794,RYR611T ,B38M,L2J,Large jet,True,Evening,2025-06-30 19:11:30,2025-06-30 00:00:00,,,0,,0,,,False,False,False,False
14417586873233407620,TOM6TM  ,B738,L2J,Large jet,True,Night,2025-06-05 23:46:00,2025-06-05 00:00:00,200.0000064,18.734810711647572,2,2700.0000864000003,1,2700.0000864000003,22.039906545935082,True,True,True,False
14427952280628796432,RYR611T ,B38M,,Large jet,True,Day,2025-06-06 09:02:25,2025-06-06 00:00:00,175.0000056,18.404281214934485,2,2475.0000792,1,,,True,True,True,False
14446748971553507147,TOM299  ,B738,L2J,Large jet,True,Night,2025-06-20 22:42:45,2025-06-20 00:00:00,,,0,,0,,,False,False,False,False
14449617377404094105,RYR90UB ,B738,L2J,Large jet,True,Day,2025-06-24 14:16:10,2025-06-24 00:00:00,50.0000016,18.21686543932342,1,,0,,,True,False,True,False
14460207710037939000,RYR46HP ,B738,L2J,Large jet,True,Evening,2025-06-06 21:39:30,2025-06-06 00:00:00,125.000004,18.702008528246253,1,,0,,,True,False,True,False
14460799737955352984,TOM2TG  ,B738,L2J,Large jet,True,Night,2025-06-28 00:06:10,2025-06-27 00:00:00,2225.0000712,3.082607148096929,1,2225.0000712,1,,,True,True,True,False
14497100908969125498,EXS339E ,B738,,Large jet,True,Night,2025-06-01 22:42:00,2025-06-01 00:00:00,2250.0000720000003,4.7291477136811615,2,2250.0000720000003,1,,,True,True,True,False
14502477310918698806,RYR55SN ,A320,L2J,Large jet,True,Day,2025-06-20 10:07:20,2025-06-20 00:00:00,,,0,,0,,,False,False,False,False
14523781237797799549,RUK179V ,B38M,,Large jet,True,Day,2025-06-25 12:25:30,2025-06-25 00:00:00,,,0,,0,,,False,False,False,False
14702806374270097889,EXS2L   ,B738,L2J,Large jet,True,Day,2025-06-28 13:21:25,2025-06-28 00:00:00,,,0,,0,,,False,False,False,False
14744502602756115142,EXS147L ,B738,L2J,Large jet,True,Day,2025-06-04 11:58:35,2025-06-04 00:00:00,2650.0000848,2.0215920843353463,2,2650.0000848,2,2650.0000848,-122.16068583942479,True,True,True,False
14746954854569846700,RYR14VB ,B738,L2J,Large jet,True,Night,2025-06-20 22:30:35,2025-06-20 00:00:00,,,0,,0,,,False,False,False,False
14750830979763282613,RYR611T ,B738,L2J,Large jet,True,Evening,2025-06-11 19:55:00,2025-06-11 00:00:00,,,0,,0,,,False,False,False,False
14796165977826871858,TOM61L  ,B738,L2J,Large jet,True,Day,2025-06-03 14:56:45,2025-06-03 00:00:00,200.0000064,19.01413586628435,2,2700.0000864000003,1,2700.0000864000003,-286.4335653915714,True,True,True,False
14801853937200108418,RYR3KY  ,B738,L2J,Large jet,True,Day,2025-06-14 08:50:45,2025-06-14 00:00:00,,,0,,0,,,False,False,False,False
14828820937915932269,EXS3676 ,B738,,Large jet,True,Day,2025-06-07 14:40:55,2025-06-07 00:00:00,200.0000064,18.6975856474559,1,,0,,,True,False,True,False
14941828122822373085,TOM299  ,B738,L2J,Large jet,True,Night,2025-06-13 23:13:40,2025-06-13 00:00:00,,,0,,0,,,False,False,False,False
14955739990952940057,RYR59SF ,B738,L2J,Large jet,True,Day,2025-06-27 15:41:00,2025-06-27 00:00:00,2225.0000712,2.6839199437498875,2,2225.0000712,2,2225.0000712,-479.6851440689752,True,True,True,False
14972187989798109157,RYR611T ,B38M,,Large jet,True,Day,2025-06-21 12:53:35,2025-06-21 00:00:00,,,0,,0,,,False,False,False,False
14974826298917524381,RYR8947 ,B738,L2J,Large jet,True,Day,2025-06-17 15:42:45,2025-06-17 00:00:00,,,0,,0,,,False,False,False,False
15108480275517086791,EXS51Y  ,B738,L2J,Large jet,True,Day,2025-06-29 12:16:10,2025-06-29 00:00:00,,,0,,0,,,False,False,False,False
15113098985528534562,URO681  ,A346,L4J,Large jet,True,Evening,2025-06-23 21:17:10,2025-06-23 00:00:00,,,0,,0,,,False,False,False,False
15137250500570736226,EXS2LS  ,B738,L2J,Large jet,True,Night,2025-06-11 23:11:55,2025-06-11 00:00:00,,,0,,0,,,False,False,False,False
15147014139992657249,TOM2TG  ,B738,L2J,Large jet,True,Night,2025-06-20 23:23:20,2025-06-20 00:00:00,,,0,,0,,,False,False,False,False
15196563881658212386,RYR59SF ,B738,L2J,Large jet,True,Day,2025-06-13 15:33:15,2025-06-13 00:00:00,,,0,,0,,,False,False,False,False
15254129675549189620,URO681  ,A346,L4J,Large jet,True,Day,2025-06-19 13:42:25,2025-06-19 00:00:00,,,0,,0,,,False,False,False,False
15271548216485215491,TOM6785 ,B738,L2J,Large jet,True,Evening,2025-06-01 21:17:50,2025-06-01 00:00:00,,,0,,0,,,False,False,False,False
15283738100650641721,URO681A ,A346,L4J,Large jet,True,Evening,2025-06-07 21:45:05,2025-06-07 00:00:00,75.0000024,19.029812598150645,2,,0,,,True,False,True,False
15291969030907783679,EXS3618 ,B738,L2J,Large jet,True,Day,2025-06-12 14:35:25,2025-06-12 00:00:00,25.0000008,18.74811896657726,2,2900.0000928000004,1,2900.0000928000004,-50.8471145046401,True,True,True,False
15340566821367013606,URO601  ,A346,L4J,Large jet,True,Day,2025-06-18 07:12:40,2025-06-18 00:00:00,,,0,,0,,,False,False,False,False
15361682212099251945,RYR55SN ,B738,L2J,Large jet,True,Day,2025-06-08 14:52:20,2025-06-08 00:00:00,,,0,,0,,,False,False,False,False
15400168909584289234,EXS66Q  ,B738,,Large jet,True,Evening,2025-06-17 21:39:40,2025-06-17 00:00:00,,,0,,0,,,False,False,False,False
15414902950221573947,RYR9EM  ,B738,L2J,Large jet,True,Evening,2025-06-14 19:44:25,2025-06-14 00:00:00,,,0,,0,,,False,False,False,False
15421129744966234401,RYR3KY  ,B738,L2J,Large jet,True,Evening,2025-06-03 19:59:25,2025-06-03 00:00:00,175.0000056,19.01528032572379,2,3175.0001016,1,,,True,True,True,False
15467582439266880067,RYR8945 ,B738,L2J,Large jet,True,Day,2025-06-16 13:49:35,2025-06-16 00:00:00,,,0,,0,,,False,False,False,False
15493764809463131794,RYR8947 ,B738,L2J,Large jet,True,Day,2025-06-10 15:55:20,2025-06-10 00:00:00,,,0,,0,,,False,False,False,False
15514802083324791974,RYR55SN ,B38M,,Large jet,True,Day,2025-06-14 17:50:50,2025-06-14 00:00:00,1875.00006,6.370587188147942,1,,0,,,True,False,True,False
15553670828979800222,TOM8VY  ,B738,L2J,Large jet,True,Day,2025-06-18 11:02:50,2025-06-18 00:00:00,,,0,,0,,,False,False,False,False
15554866494908452353,RYR9356 ,B738,L2J,Large jet,True,Day,2025-06-07 13:52:45,2025-06-07 00:00:00,175.0000056,18.730108647454088,1,,0,,,True,False,True,False
15595685511006944033,FHY545  ,A320,L2J,Large jet,True,Evening,2025-06-22 18:50:55,2025-06-22 00:00:00,,,0,,0,,,False,False,False,False
15612821292050141386,TOM8CB  ,B738,L2J,Large jet,True,Day,2025-06-28 11:16:10,2025-06-28 00:00:00,,,0,,0,,,False,False,False,False
15631183828470554795,RYR24GH ,B738,L2J,Large jet,True,Evening,2025-06-12 19:30:30,2025-06-12 00:00:00,,,0,,0,,,False,False,False,False
15657297091885330949,RYR9ME  ,B738,L2J,Large jet,True,Day,2025-06-05 14:00:10,2025-06-05 00:00:00,375.000012,17.999475077558227,1,,0,,,True,False,True,False
15671474972500257113,TOM5XY  ,B738,L2J,Large jet,True,Night,2025-06-04 22:12:05,2025-06-04 00:00:00,175.0000056,18.653444790032758,3,4350.0001392,1,,,True,True,True,False
15681507483511464890,RYR55SN ,A320,L2J,Large jet,True,Day,2025-06-06 10:11:25,2025-06-06 00:00:00,125.000004,18.674292122408183,1,,0,,,True,False,True,False
15693909651453605289,EXS339E ,B738,L2J,Large jet,True,Night,2025-06-26 22:10:15,2025-06-26 00:00:00,,,0,,0,,,False,False,False,False
15700460615181930391,URO681  ,A346,L4J,Large jet,True,Day,2025-06-20 16:15:30,2025-06-20 00:00:00,,,0,,0,,,False,False,False,False
15714914608474523972,RYR611T ,B38M,,Large jet,True,Day,2025-06-15 12:18:15,2025-06-15 00:00:00,2500.00008,3.404501140834418,2,2500.00008,1,,,True,True,True,False
15827750292770249758,TOM7TY  ,B738,L2J,Large jet,True,Day,2025-06-20 13:40:45,2025-06-20 00:00:00,,,0,,0,,,False,False,False,False
15871229047358850436,RYR9356 ,B738,L2J,Large jet,True,Day,2025-06-18 09:19:10,2025-06-18 00:00:00,,,0,,0,,,False,False,False,False
15892811310819716789,TOM8VY  ,B738,L2J,Large jet,True,Day,2025-06-25 11:16:45,2025-06-25 00:00:00,2000.000064,6.103600809553126,3,2000.000064,2,,,True,True,True,False
15923087177755363457,RYR8TF  ,B738,L2J,Large jet,True,Day,2025-06-03 15:44:00,2025-06-03 00:00:00,200.0000064,18.37857737104065,1,,0,,,True,False,True,False
15939887505229781249,TOM67H  ,B738,L2J,Large jet,True,Day,2025-06-28 12:21:40,2025-06-28 00:00:00,2150.0000688,1.6484755993464666,1,2150.0000688,1,2150.0000688,-713.4675331150579,True,True,True,False
15955315028096823108,RYR24GH ,B738,L2J,Large jet,True,Day,2025-06-13 13:35:35,2025-06-13 00:00:00,1850.0000592,4.112036076822214,1,1850.0000592,1,,,True,True,True,False
16080803053989610982,RYR7148 ,B738,L2J,Large jet,True,Evening,2025-06-22 21:07:45,2025-06-22 00:00:00,,,0,,0,,,False,False,False,False
16102830816747166734,TOM299  ,B738,L2J,Large jet,True,Night,2025-06-06 22:44:15,2025-06-06 00:00:00,125.000004,18.535206459029382,1,,0,,,True,False,True,False
16127312619648628094,RYR24GH ,B738,L2J,Large jet,True,Evening,2025-06-10 18:44:20,2025-06-10 00:00:00,,,0,,0,,,False,False,False,False
16144153363147984487,RYR611T ,B38M,L2J,Large jet,True,Evening,2025-06-23 21:07:20,2025-06-23 00:00:00,2375.0000760000003,2.792723303529665,1,2375.0000760000003,1,2375.0000760000003,-603.944892720167,True,True,True,False
16149202429965551353,RYR7099 ,B738,L2J,Large jet,True,Day,2025-06-26 14:25:00,2025-06-26 00:00:00,2475.0000792,2.8961118842912312,1,2475.0000792,1,2475.0000792,-821.7444275727689,True,True,True,False
16186115999723398342,TOM5GB  ,B738,L2J,Large jet,True,Day,2025-06-05 11:49:10,2025-06-05 00:00:00,300.0000096,18.498465208553615,2,,0,,,True,False,True,False
16211306646848061251,RYR90UB ,B738,L2J,Large jet,True,Evening,2025-06-29 19:54:20,2025-06-29 00:00:00,,,0,,0,,,False,False,False,False
16219770800306906777,RYR39HE ,B738,,Large jet,True,Evening,2025-06-02 19:47:35,2025-06-02 00:00:00,,,0,,0,,,False,False,False,False
16227519762221070190,RUK179V ,B738,,Large jet,True,Day,2025-06-16 10:44:15,2025-06-16 00:00:00,3325.0001064000003,3.6902611507816268,1,3325.0001064000003,1,,,True,True,True,False
16234472522739166960,URO681  ,A346,L4J,Large jet,True,Day,2025-06-17 12:59:15,2025-06-17 00:00:00,2675.0000856,0.590062598043218,1,2675.0000856,1,2675.0000856,-478.2452018406716,True,True,True,False
16245100594016742557,TOM5JB  ,B738,L2J,Large jet,True,Day,2025-06-22 11:29:45,2025-06-22 00:00:00,,,0,,0,,,False,False,False,False
16260747854180037052,RYR24GH ,B738,L2J,Large jet,True,Evening,2025-06-30 21:34:30,2025-06-30 00:00:00,,,0,,0,,,False,False,False,False
16273327931792313078,TOM67H  ,B738,L2J,Large jet,True,Day,2025-06-07 12:38:10,2025-06-07 00:00:00,200.0000064,18.31920653854982,3,2150.0000688,1,,,True,True,True,False
16315439621427383430,URO805K ,A346,L4J,Large jet,True,Day,2025-06-29 15:12:00,2025-06-29 00:00:00,1050.0000336,11.744401627246283,1,,0,,,True,False,True,False
16323380455271449898,MOG81M  ,E145,L2J,Large jet,True,Day,2025-06-18 15:17:25,2025-06-18 00:00:00,2175.0000696,2.7742248977424344,1,2175.0000696,1,2175.0000696,-474.90174234681353,True,True,True,False
16369813312392200380,RYR55SN ,B738,L2J,Large jet,True,Day,2025-06-15 15:20:20,2025-06-15 00:00:00,,,0,,0,,,False,False,False,False
16428570910268272935,RYR4LN  ,B38M,L2J,Large jet,True,Day,2025-06-05 16:02:45,2025-06-05 00:00:00,300.0000096,18.82190288275381,2,2675.0000856,1,,,True,True,True,False
16441657240900145022,EXS147L ,B738,,Large jet,True,Day,2025-06-20 13:06:20,2025-06-20 00:00:00,,,0,,0,,,False,False,False,False
16461682897935017368,URO681  ,A346,L4J,Large jet,True,Day,2025-06-12 12:55:25,2025-06-12 00:00:00,2050.0000656,4.306142515764363,4,2050.0000656,3,2075.0000664,-636.6378967143551,True,True,True,False
16461987993186841505,EXS3676 ,B738,,Large jet,True,Day,2025-06-21 14:51:10,2025-06-21 00:00:00,,,0,,0,,,False,False,False,False
16510707760022521285,TOM5JB  ,B738,L2J,Large jet,True,Day,2025-06-08 11:59:10,2025-06-08 00:00:00,,,0,,0,,,False,False,False,False
16520922445827505239,RYR90UB ,B738,L2J,Large jet,True,Day,2025-06-13 10:41:25,2025-06-13 00:00:00,1825.0000584,5.521965260857483,1,1825.0000584,1,,,True,True,True,False
16556192949537822700,TOM7TY  ,B738,L2J,Large jet,True,Evening,2025-06-06 18:00:05,2025-06-06 00:00:00,100.0000032,18.414734630749617,2,2775.0000888,1,2775.0000888,167.067266498977,True,True,True,False
16624685860757542291,RYR59SF ,B38M,L2J,Large jet,True,Evening,2025-06-15 20:28:25,2025-06-15 00:00:00,,,0,,0,,,False,False,False,False
16650828461193995527,EXS339E ,B738,,Large jet,True,Night,2025-06-22 22:07:35,2025-06-22 00:00:00,2500.00008,2.6653373840607926,2,2500.00008,2,2500.00008,-512.8042583230722,True,True,True,False
16698986956673575271,RYR55SN ,B738,L2J,Large jet,True,Day,2025-06-04 15:01:25,2025-06-04 00:00:00,200.0000064,18.304384720436058,1,,0,,,True,False,True,False
16701249643094312833,RYR55SN ,B738,L2J,Large jet,True,Day,2025-06-17 08:45:45,2025-06-17 00:00:00,2125.0000680000003,3.285709490340816,1,2125.0000680000003,1,,,True,True,True,False
16760351868692591606,RYR9356 ,B738,L2J,Large jet,True,Day,2025-06-14 13:29:50,2025-06-14 00:00:00,2325.0000744000004,3.768312780292773,2,2325.0000744000004,2,2350.0000752,-286.22876038562026,True,True,True,False
16778292014230403494,TOM3XA  ,B738,L2J,Large jet,True,Night,2025-06-07 23:00:15,2025-06-07 00:00:00,75.0000024,18.56399888519142,1,,0,,,True,False,True,False
16802742684849598287,TOM6785 ,B738,L2J,Large jet,True,Evening,2025-06-08 20:51:25,2025-06-08 00:00:00,2775.0000888,4.484212076707387,2,2775.0000888,1,2750.0000880000002,-189.06202025998618,True,True,True,False
16808222820668310556,RYR8947 ,B738,L2J,Large jet,True,Day,2025-06-27 14:15:15,2025-06-27 00:00:00,2250.0000720000003,3.356162005238278,1,2250.0000720000003,1,,,True,True,True,False
16816538460924560006,RYR24GH ,B38M,L2J,Large jet,True,Evening,2025-06-26 19:42:10,2025-06-26 00:00:00,,,0,,0,,,False,False,False,False
16875849356887331563,RYR560X ,B738,L2J,Large jet,True,Day,2025-06-11 14:28:30,2025-06-11 00:00:00,,,0,,0,,,False,False,False,False
16888985512081259774,FHY545  ,A320,L2J,Large jet,True,Evening,2025-06-15 18:38:45,2025-06-15 00:00:00,1700.0000544000002,3.546391420875904,1,1700.0000544000002,1,,,True,True,True,False
16951478006550948604,TOM6339 ,B738,L2J,Large jet,True,Day,2025-06-18 10:59:55,2025-06-18 00:00:00,,,0,,0,,,False,False,False,False
16951900993695962164,TOM82B  ,B738,L2J,Large jet,True,Day,2025-06-23 12:53:50,2025-06-23 00:00:00,2975.0000952000005,1.7018559001332987,1,2975.0000952000005,1,2975.0000952000005,100.80704053869704,True,True,True,False
16972925001972209174,RYR560X ,B738,L2J,Large jet,True,Day,2025-06-25 14:26:45,2025-06-25 00:00:00,,,0,,0,,,False,False,False,False
16995276722422740002,RYR59SF ,B738,L2J,Large jet,True,Evening,2025-06-10 20:29:05,2025-06-10 00:00:00,,,0,,0,,,False,False,False,False
17038943727371896088,URO601  ,A346,L4J,Large jet,True,Day,2025-06-03 11:21:10,2025-06-03 00:00:00,175.0000056,18.470491540468252,1,,0,,,True,False,True,False
17040942765363836848,TOM6109 ,B738,L2J,Large jet,True,Night,2025-06-30 23:48:55,2025-06-30 00:00:00,,,0,,0,,,False,False,False,False
17079191870626449660,RYR7148 ,B38M,L2J,Large jet,True,Day,2025-06-13 08:13:20,2025-06-13 00:00:00,,,0,,0,,,False,False,False,False
17086059621110508209,RYR7148 ,B738,L2J,Large jet,True,Evening,2025-06-08 21:26:05,2025-06-08 00:00:00,,,0,,0,,,False,False,False,False
17191745982352017815,TOM5GB  ,B738,L2J,Large jet,True,Day,2025-06-26 11:32:25,2025-06-26 00:00:00,25.0000008,18.918017195301584,1,,0,,,True,False,True,False
17205569925973280702,TOM16H  ,B738,L2J,Large jet,True,Day,2025-06-01 10:53:45,2025-06-01 00:00:00,,,0,,0,,,False,False,False,False
17215377665464905969,EXS66Q  ,B738,,Large jet,True,Evening,2025-06-24 21:33:35,2025-06-24 00:00:00,2500.00008,1.244031132702552,1,2500.00008,1,2500.00008,-416.13302302879765,True,True,True,False
17248370618771590769,RYR7148 ,B738,L2J,Large jet,True,Day,2025-06-02 11:09:30,2025-06-02 00:00:00,,,0,,0,,,False,False,False,False
17287238236839035226,TOM6723 ,B738,L2J,Large jet,True,Night,2025-06-01 23:39:55,2025-06-01 00:00:00,,,0,,0,,,False,False,False,False
17310978642868439199,RYR8TF  ,B738,L2J,Large jet,True,Day,2025-06-10 15:29:35,2025-06-10 00:00:00,,,0,,0,,,False,False,False,False
17335601827377444441,TOM67H  ,B738,L2J,Large jet,True,Day,2025-06-21 12:16:20,2025-06-21 00:00:00,,,0,,0,,,False,False,False,False
17430876030422581745,RYR73LA ,B738,L2J,Large jet,True,Day,2025-06-17 13:57:45,2025-06-17 00:00:00,5091.6668296,18.945736587326927,1,,0,,,True,False,True,False
17436499603546365586,RYR24GH ,B738,L2J,Large jet,True,Evening,2025-06-08 19:10:40,2025-06-08 00:00:00,,,0,,0,,,False,False,False,False
17461153075563525326,RYR46HP ,B738,L2J,Large jet,True,Day,2025-06-08 11:04:45,2025-06-08 00:00:00,,,0,,0,,,False,False,False,False
17477074169040257002,RYR611T ,B38M,,Large jet,True,Day,2025-06-14 12:34:10,2025-06-14 00:00:00,,,0,,0,,,False,False,False,False
17524548317370212416,RYR7148 ,B738,L2J,Large jet,True,Day,2025-06-03 07:46:50,2025-06-03 00:00:00,2150.0000688,5.098152204806346,2,2150.0000688,2,,,True,True,True,False
17545189690214465706,RYR59SF ,B738,L2J,Large jet,True,Evening,2025-06-24 20:45:20,2025-06-24 00:00:00,3725.0001192000004,3.5055371183659054,1,3725.0001192000004,1,,,True,True,True,False
17557376910542478211,TOM6109 ,B738,L2J,Large jet,True,Night,2025-06-16 23:06:15,2025-06-16 00:00:00,5050.0001616,18.91559748326351,1,,0,,,True,False,True,False
17659490082738443872,RYR90UB ,B738,L2J,Large jet,True,Night,2025-06-21 23:23:25,2025-06-21 00:00:00,,,0,,0,2975.0000952000005,-135.34790582276128,False,False,False,False
17666963922946903786,RYR7148 ,B738,L2J,Large jet,True,Day,2025-06-17 07:24:15,2025-06-17 00:00:00,,,0,,0,,,False,False,False,False
17671360817499371385,FHY545  ,A320,L2J,Large jet,True,Evening,2025-06-29 18:34:10,2025-06-29 00:00:00,2500.00008,2.0765319982390578,1,2500.00008,1,2500.00008,-337.223982990748,True,True,True,False
17707227562342825222,RYR8945 ,B738,L2J,Large jet,True,Evening,2025-06-22 21:01:35,2025-06-22 00:00:00,,,0,,0,,,False,False,False,False
17723244180350321329,RYR7148 ,B38M,L2J,Large jet,True,Day,2025-06-26 17:58:50,2025-06-26 00:00:00,,,0,,0,,,False,False,False,False
17747217045435117399,TOM793  ,B738,L2J,Large jet,True,Night,2025-06-02 23:20:50,2025-06-02 00:00:00,,,0,,0,,,False,False,False,False
17769347814936742787,RYR7148 ,B38M,,Large jet,True,Day,2025-06-18 15:59:55,2025-06-18 00:00:00,,,0,,0,,,False,False,False,False
17803625735123642778,EXS51Y  ,B738,L2J,Large jet,True,Day,2025-06-08 12:53:00,2025-06-08 00:00:00,1825.0000584,6.673514067215095,4,2075.0000664,3,2150.0000688,-628.0222533995193,True,True,True,False
17816089357803839392,RYR46HP ,B738,L2J,Large jet,True,Evening,2025-06-04 20:59:35,2025-06-04 00:00:00,,,0,,0,,,False,False,False,False
17816315392466127558,RYR24GH ,B738,L2J,Large jet,True,Evening,2025-06-17 18:04:00,2025-06-17 00:00:00,2175.0000696,2.828672596182101,1,2175.0000696,1,2175.0000696,-455.57998228402766,True,True,True,False
17831155904598410249,TOM52G  ,B738,L2J,Large jet,True,Day,2025-06-24 12:12:50,2025-06-24 00:00:00,,,0,,0,,,False,False,False,False
17844422998438677695,RYR7099 ,B738,L2J,Large jet,True,Day,2025-06-29 08:32:40,2025-06-29 00:00:00,,,0,,0,,,False,False,False,False
17868834899460788902,TOM3XB  ,B738,L2J,Large jet,True,Day,2025-06-13 11:54:45,2025-06-13 00:00:00,,,0,,0,,,False,False,False,False
17884752550155240423,RYR611T ,B38M,,Large jet,True,Day,2025-06-08 12:20:15,2025-06-08 00:00:00,,,0,,0,,,False,False,False,False
17893467492272301494,RYR90UB ,B738,L2J,Large jet,True,Day,2025-06-03 15:33:45,2025-06-03 00:00:00,200.0000064,18.578178098781848,1,,0,,,True,False,True,False
17895818074623075637,EXS34A  ,B738,,Large jet,True,Night,2025-06-12 22:37:20,2025-06-12 00:00:00,,,0,,0,,,False,False,False,False
17944005852706664807,EXS4HW  ,B738,,Large jet,True,Day,2025-06-25 12:50:15,2025-06-25 00:00:00,,,0,,0,,,False,False,False,False
17966465253720897823,RYR94FL ,B38M,L2J,Large jet,True,Day,2025-06-01 07:03:00,2025-06-01 00:00:00,,,0,,0,,,False,False,False,False
17977437090602418844,RYR46HP ,B738,L2J,Large jet,True,Evening,2025-06-20 21:57:05,2025-06-20 00:00:00,,,0,,0,,,False,False,False,False
18036814289982001681,RYR2CT  ,A320,L2J,Large jet,True,Day,2025-06-04 16:35:30,2025-06-04 00:00:00,175.0000056,18.375821446510074,2,3075.0000984,1,3075.0000984,259.8468966036685,True,True,True,False
18081318232815999525,RYR90UB ,B738,L2J,Large jet,True,Day,2025-06-04 12:30:30,2025-06-04 00:00:00,175.0000056,18.56177753592582,1,,0,,,True,False,True,False
18108307422368934300,EXS74H  ,B738,L2J,Large jet,True,Day,2025-06-16 13:43:15,2025-06-16 00:00:00,1731.7460871619055,18.21610523367448,3,2075.0000664,1,,,True,True,True,False
18112593308247085601,EXS9WF  ,B738,L2J,Large jet,True,Night,2025-06-30 23:51:50,2025-06-30 00:00:00,2475.0000792,2.1480302579780566,1,2475.0000792,1,2475.0000792,-273.02221186868337,True,True,True,False
18127261464877038717,EXS66Q  ,B738,L2J,Large jet,True,Night,2025-06-20 22:00:45,2025-06-20 00:00:00,,,0,,0,,,False,False,False,False
18172974281862938815,TOM6339 ,B738,L2J,Large jet,True,Day,2025-06-25 11:10:15,2025-06-25 00:00:00,,,0,,0,,,False,False,False,False
18252493197345468102,RYR46HP ,B738,L2J,Large jet,True,Day,2025-06-15 11:38:45,2025-06-15 00:00:00,2200.0000704000004,3.4529777099331604,1,2200.0000704000004,1,,,True,True,True,False
18254517703483092227,RYR39HE ,B738,L2J,Large jet,True,Evening,2025-06-09 19:37:50,2025-06-09 00:00:00,,,0,,0,,,False,False,False,False
18264107110506379581,TOM3XB  ,B738,L2J,Large jet,True,Day,2025-06-27 12:11:40,2025-06-27 00:00:00,2100.0000672,4.626310301529323,1,2100.0000672,1,,,True,True,True,False
18270416484650759408,EXS4HW  ,B738,,Large jet,True,Day,2025-06-11 12:38:05,2025-06-11 00:00:00,,,0,,0,,,False,False,False,False
18336222527760173574,TOM16H  ,B738,L2J,Large jet,True,Day,2025-06-08 10:51:20,2025-06-08 00:00:00,,,0,,0,,,False,False,False,False
18390820496329138313,EXS47K  ,B738,L2J,Large jet,True,Day,2025-06-17 16:34:05,2025-06-17 00:00:00,,,0,,0,,,False,False,False,False
18437840791377178737,RYR46HP ,B738,L2J,Large jet,True,Day,2025-06-29 10:57:40,2025-06-29 00:00:00,,,0,,0,,,False,False,False,False
18440715337026435730,EXS74H  ,B738,,Large jet,True,Day,2025-06-13 11:50:25,2025-06-13 00:00:00,,,0,,0,,,False,False,False,False
177875934408284282,URO681A ,A346,L4J,Large jet,True,Day,2025-07-30 07:13:25,2025-07-30 00:00:00,,,0,,0,,,False,False,False,False
184947181886268367,TOM67H  ,B738,,Large jet,True,Day,2025-07-26 12:52:05,2025-07-26 00:00:00,,,0,,0,,,False,False,False,False
228792985847666576,RYR7148 ,B38M,L2J,Large jet,True,Day,2025-07-11 08:46:55,2025-07-11 00:00:00,,,0,,0,,,False,False,False,False
236778595721820818,RYR55SN ,B38M,,Large jet,True,Evening,2025-07-19 18:50:20,2025-07-19 00:00:00,225.0000072,18.797486090240096,1,,0,,,True,False,True,False
254596110073756072,RYR8945 ,B738,L2J,Large jet,True,Evening,2025-07-13 21:23:40,2025-07-13 00:00:00,75.0000024,18.685607630425828,2,2975.0000952000005,1,2950.0000944000003,-241.59485241479115,True,True,True,False
273982171529740885,RYR90UB ,B738,L2J,Large jet,True,Day,2025-07-24 15:36:30,2025-07-24 00:00:00,,,0,,0,,,False,False,False,False
351482928670683498,RYR24GH ,B738,L2J,Large jet,True,Evening,2025-07-20 19:12:45,2025-07-20 00:00:00,350.0000112,18.97230739165706,1,,0,,,True,False,True,False
356721134198568378,TOM16H  ,B738,L2J,Large jet,True,Day,2025-07-27 10:48:25,2025-07-27 00:00:00,,,0,,0,,,False,False,False,False
370857425305817314,TOM8CB  ,B738,L2J,Large jet,True,Day,2025-07-12 11:49:05,2025-07-12 00:00:00,,,0,,0,,,False,False,False,False
403906612615908602,RYR24GH ,B738,L2J,Large jet,True,Evening,2025-07-02 21:43:55,2025-07-02 00:00:00,,,0,,0,,,False,False,False,False
406234229531467432,TOM8CB  ,B738,L2J,Large jet,True,Day,2025-07-26 11:24:20,2025-07-26 00:00:00,,,0,,0,,,False,False,False,False
414789309084844094,TOM793  ,B738,L2J,Large jet,True,Night,2025-07-21 23:20:15,2025-07-21 00:00:00,150.0000048,18.67028902727943,2,3675.0001176000005,1,3675.0001176000005,226.21210850437274,True,True,True,False
416553246559800617,RYR3KY  ,B738,L2J,Large jet,True,Evening,2025-07-22 20:02:05,2025-07-22 00:00:00,25.0000008,18.414734630749617,1,,0,,,True,False,True,False
528107460578249340,TOM981P ,B738,L2J,Large jet,True,Evening,2025-07-03 21:22:10,2025-07-03 00:00:00,,,0,,0,,,False,False,False,False
529915290514012969,EXS3618 ,B738,L2J,Large jet,True,Night,2025-07-27 23:01:00,2025-07-27 00:00:00,,,0,,0,,,False,False,False,False
560417662376920802,EXS9WF  ,B738,L2J,Large jet,True,Night,2025-07-28 23:41:55,2025-07-28 00:00:00,,,0,,0,,,False,False,False,False
581625725453038771,RYR73LA ,B738,L2J,Large jet,True,Day,2025-07-22 13:59:20,2025-07-22 00:00:00,25.0000008,18.56399888519142,1,,0,,,True,False,True,False
597481932368013032,TOM3XA  ,B738,,Large jet,True,Night,2025-07-12 23:00:35,2025-07-12 00:00:00,3725.0001192000004,18.073677037245393,1,,0,,,True,False,True,False
673263303277376524,RYR7099 ,B738,L2J,Large jet,True,Day,2025-07-31 14:09:20,2025-07-31 00:00:00,,,0,,0,,,False,False,False,False
683123582398721407,RYR7148 ,B738,L2J,Large jet,True,Day,2025-07-01 07:25:40,2025-07-01 00:00:00,,,0,,0,,,False,False,False,False
703716690311594685,TOM6785 ,B738,L2J,Large jet,True,Evening,2025-07-27 21:38:30,2025-07-27 00:00:00,,,0,,0,,,False,False,False,False
706253156132301542,RYR24GH ,B738,L2J,Large jet,True,Evening,2025-07-24 21:11:10,2025-07-24 00:00:00,,,0,,0,,,False,False,False,False
712888103499548730,EXS3618 ,B738,L2J,Large jet,True,Night,2025-07-20 23:28:40,2025-07-20 00:00:00,2875.000092,3.6646812816547545,1,2875.000092,1,,,True,True,True,False
813510103003105380,EXS2L   ,B738,L2J,Large jet,True,Day,2025-07-01 11:48:55,2025-07-01 00:00:00,,,0,,0,,,False,False,False,False
817806684720039593,EXS52N  ,B738,L2J,Large jet,True,Day,2025-07-20 14:04:20,2025-07-20 00:00:00,375.000012,18.775415502709578,3,2375.0000760000003,1,,,True,True,True,False
857520242749209054,RYR4LN  ,B738,L2J,Large jet,True,Day,2025-07-03 17:55:35,2025-07-03 00:00:00,,,0,,0,,,False,False,False,False
878838558931468268,EXS74H  ,B738,L2J,Large jet,True,Day,2025-07-14 13:26:25,2025-07-14 00:00:00,2200.0000704000004,5.196487208092646,1,2200.0000704000004,1,,,True,True,True,False
914869939916518208,RYR90UB ,B738,L2J,Large jet,True,Evening,2025-07-05 21:34:15,2025-07-05 00:00:00,50.0000016,18.756296813556535,1,,0,,,True,False,True,False
958155690092226200,TOM5XY  ,B738,L2J,Large jet,True,Night,2025-07-02 22:22:50,2025-07-02 00:00:00,3650.0001168,8.368114123808612,1,,0,,,True,False,True,False
976626896870589382,RYR611T ,B738,L2J,Large jet,True,Day,2025-07-03 16:42:10,2025-07-03 00:00:00,,,0,,0,,,False,False,False,False
1004377792776870847,RYR59SF ,B738,L2J,Large jet,True,Evening,2025-07-29 20:23:45,2025-07-29 00:00:00,2875.000092,2.2047166047335196,1,2875.000092,1,2875.000092,-421.5038579828815,True,True,True,False
1040323358478281741,TOM67H  ,B738,,Large jet,True,Day,2025-07-12 12:44:55,2025-07-12 00:00:00,,,0,,0,,,False,False,False,False
1042096023097296123,EXS9WF  ,B738,L2J,Large jet,True,Night,2025-07-21 23:45:20,2025-07-21 00:00:00,150.0000048,18.44303412067455,1,,0,,,True,False,True,False
1085180877091227223,RYR560X ,B738,L2J,Large jet,True,Day,2025-07-16 15:05:55,2025-07-16 00:00:00,2400.0000768,3.386846385455621,1,2400.0000768,1,,,True,True,True,False
1085358831740339331,RUK179V ,B738,L2J,Large jet,True,Day,2025-07-11 10:39:25,2025-07-11 00:00:00,,,0,,0,,,False,False,False,False
1117120377264114269,TOM57V  ,B738,L2J,Large jet,True,Night,2025-07-23 22:35:10,2025-07-23 00:00:00,,,0,,0,,,False,False,False,False
1146063835528382839,EXS3618 ,B738,L2J,Large jet,True,Day,2025-07-10 14:44:25,2025-07-10 00:00:00,,,0,,0,,,False,False,False,False
1231763171114902015,TOM6HJ  ,B738,L2J,Large jet,True,Day,2025-07-07 13:37:55,2025-07-07 00:00:00,,,0,,0,,,False,False,False,False
1244337701437112021,TOM6457 ,B738,L2J,Large jet,True,Day,2025-07-03 13:18:20,2025-07-03 00:00:00,3387.5001084000005,18.314120846657527,1,,0,,,True,False,True,False
1295387492667970530,EXS34A  ,B738,L2J,Large jet,True,Night,2025-07-10 22:48:15,2025-07-10 00:00:00,,,0,,0,,,False,False,False,False
1332275130271051980,TOM3XB  ,B738,,Large jet,True,Day,2025-07-25 12:18:25,2025-07-25 00:00:00,1800.0000576,5.841190637950369,1,1800.0000576,1,,,True,True,True,False
1339848234997388926,TOM6687 ,B738,L2J,Large jet,True,Night,2025-07-26 23:12:45,2025-07-26 00:00:00,,,0,,0,,,False,False,False,False
1352963760818571509,TOM8VY  ,B738,L2J,Large jet,True,Day,2025-07-23 11:06:20,2025-07-23 00:00:00,,,0,,0,,,False,False,False,False
1363802286715236810,EXS147L ,B738,L2J,Large jet,True,Evening,2025-07-19 21:50:50,2025-07-19 00:00:00,250.000008,18.953148736513697,1,,0,,,True,False,True,False
1373487555493146887,EXS147L ,B738,L2J,Large jet,True,Day,2025-07-25 13:53:15,2025-07-25 00:00:00,,,0,,0,,,False,False,False,False
1452953921669364919,EXS15Q  ,B738,,Large jet,True,Night,2025-07-30 22:12:55,2025-07-30 00:00:00,,,0,,0,,,False,False,False,False
1479924915800618738,RYR46HP ,B738,L2J,Large jet,True,Day,2025-07-20 10:48:40,2025-07-20 00:00:00,400.0000128,18.907839386986527,1,,0,,,True,False,True,False
1637957200522212447,RYR7148 ,B38M,,Large jet,True,Day,2025-07-23 16:11:40,2025-07-23 00:00:00,3100.0000992,1.011953146029253,1,3100.0000992,1,3100.0000992,-49.93778625770619,True,True,True,False
1665965096470063601,EXS4HW  ,B738,L2J,Large jet,True,Day,2025-07-02 12:43:40,2025-07-02 00:00:00,2300.0000736,1.7699745868410417,4,2300.0000736,4,2300.0000736,-512.0784552336208,True,True,True,False
1676063756026553451,EXS64DM ,B738,,Large jet,True,Day,2025-07-24 14:09:05,2025-07-24 00:00:00,,,0,,0,,,False,False,False,False
1736483830913220396,RYR94FL ,B38M,,Large jet,True,Day,2025-07-20 07:12:05,2025-07-20 00:00:00,,,0,,0,,,False,False,False,False
1738629715019844165,RYR611T ,B38M,L2J,Large jet,True,Day,2025-07-01 12:45:55,2025-07-01 00:00:00,,,0,,0,,,False,False,False,False
1743211983826996449,RYR9356 ,B738,L2J,Large jet,True,Day,2025-07-26 13:33:20,2025-07-26 00:00:00,,,0,,0,,,False,False,False,False
1745283420681556032,RYR8TF  ,B738,L2J,Large jet,True,Evening,2025-07-08 18:15:10,2025-07-08 00:00:00,,,0,,0,,,False,False,False,False
1778680734130134985,TOM6457 ,B738,,Large jet,True,Day,2025-07-24 13:01:00,2025-07-24 00:00:00,,,0,,0,,,False,False,False,False
1782219884717012309,TOM61L  ,B738,L2J,Large jet,True,Day,2025-07-08 14:41:25,2025-07-08 00:00:00,,,0,,0,,,False,False,False,False
1789492401252620226,RYR55SN ,B738,L2J,Large jet,True,Day,2025-07-16 14:50:20,2025-07-16 00:00:00,3500.0001119999997,3.0740495734398903,1,3500.0001119999997,1,,,True,True,True,False
1795871687116404517,RYR7148 ,B738,L2J,Large jet,True,Day,2025-07-07 11:24:10,2025-07-07 00:00:00,,,0,,0,,,False,False,False,False
1806272828333401009,RYR14VB ,B738,L2J,Large jet,True,Night,2025-07-25 22:40:05,2025-07-25 00:00:00,,,0,,0,,,False,False,False,False
1816873270452280547,EXS68Z  ,B738,L2J,Large jet,True,Night,2025-07-11 22:36:05,2025-07-11 00:00:00,,,0,,0,,,False,False,False,False
1838792487903526890,RYR7148 ,B38M,,Large jet,True,Day,2025-07-30 16:09:35,2025-07-30 00:00:00,,,0,,0,,,False,False,False,False
1917285830056384476,RYR90UB ,B738,L2J,Large jet,True,Day,2025-07-09 12:07:35,2025-07-09 00:00:00,,,0,,0,,,False,False,False,False
1930171553447883245,RYR73LA ,B738,L2J,Large jet,True,Day,2025-07-08 14:25:45,2025-07-08 00:00:00,2725.0000872,3.1447664063511223,1,2725.0000872,1,2725.0000872,-304.1878697813204,True,True,True,False
2023283937282795991,EXS66Q  ,B738,L2J,Large jet,True,Night,2025-07-01 22:07:05,2025-07-01 00:00:00,,,0,,0,,,False,False,False,False
2056662099387326642,RYR8TF  ,B738,L2J,Large jet,True,Day,2025-07-29 16:02:15,2025-07-29 00:00:00,2500.00008,2.1933162930347168,2,2500.00008,1,2500.00008,-325.3340600063202,True,True,True,False
2070285500667487186,TOM5JB  ,B738,L2J,Large jet,True,Day,2025-07-06 11:44:10,2025-07-06 00:00:00,2200.0000704000004,6.05378963197931,2,2500.00008,1,2500.00008,-184.89393297315883,True,True,True,False
2142241092825412619,RYR611T ,B738,L2J,Large jet,True,Day,2025-07-04 09:05:25,2025-07-04 00:00:00,,,0,,0,,,False,False,False,False
2157009893521876447,RYR8TF  ,B738,L2J,Large jet,True,Day,2025-07-15 15:26:45,2025-07-15 00:00:00,2450.0000784,3.2484756557562857,1,2450.0000784,1,,,True,True,True,False
2173635426403054718,RYR90UB ,B738,L2J,Large jet,True,Night,2025-07-19 22:01:00,2025-07-19 00:00:00,300.0000096,18.761381703004012,1,,0,,,True,False,True,False
2222351891066605349,RYR2CT  ,A320,L2J,Large jet,True,Day,2025-07-12 05:54:15,2025-07-12 00:00:00,,,0,,0,,,False,False,False,False
2223225627216575912,URO901  ,A346,L4J,Large jet,True,Day,2025-07-19 06:45:05,2025-07-19 00:00:00,2925.0000936,1.692308357042627,2,2925.0000936,2,2925.0000936,83.92194525151308,True,True,True,False
2293145988580081837,EXS147L ,B738,L2J,Large jet,True,Day,2025-07-04 13:59:55,2025-07-04 00:00:00,,,0,9282.857439908574,1,,,False,True,False,False
2301691916781749962,TOM6TM  ,B738,L2J,Large jet,True,Night,2025-07-10 22:45:30,2025-07-10 00:00:00,2800.0000896,0.7740351937429658,1,2800.0000896,1,2800.0000896,-408.6035698361502,True,True,True,False
2365429541543731274,RYR611T ,B38M,,Large jet,True,Day,2025-07-15 14:05:30,2025-07-15 00:00:00,2425.0000775999997,3.014775519853208,6,2425.0000775999997,4,2450.0000784,-587.0980751161605,True,True,True,False
2371848829387362936,RYR46HP ,B738,L2J,Large jet,True,Evening,2025-07-25 21:57:05,2025-07-25 00:00:00,,,0,,0,,,False,False,False,False
2374252379014054726,RYR9ME  ,B738,L2J,Large jet,True,Day,2025-07-31 14:27:15,2025-07-31 00:00:00,,,0,,0,2800.0000896,-85.77776263834949,False,False,False,False
2405116809864885950,RYR14VB ,B738,L2J,Large jet,True,Night,2025-07-18 22:21:25,2025-07-18 00:00:00,75.0000024,18.68074146297416,1,,0,,,True,False,True,False
2452903275511069757,RYR4LN  ,B38M,,Large jet,True,Day,2025-07-24 16:15:15,2025-07-24 00:00:00,,,0,,0,,,False,False,False,False
2517244253723677869,RYR46HP ,B738,L2J,Large jet,True,Evening,2025-07-18 21:46:10,2025-07-18 00:00:00,75.0000024,18.708038209672853,1,,0,,,True,False,True,False
2605170816421992854,TOM6687 ,B738,L2J,Large jet,True,Night,2025-07-05 22:51:50,2025-07-05 00:00:00,50.0000016,18.675515206694214,2,3450.0001104,1,3450.0001104,-31.949287532568633,True,True,True,False
2608222213326133574,RYR24GH ,B738,L2J,Large jet,True,Evening,2025-07-10 19:37:30,2025-07-10 00:00:00,2275.0000728,1.78467384964978,1,2275.0000728,1,2275.0000728,-540.2371783644862,True,True,True,False
2619703233387760863,EXS3618 ,B738,L2J,Large jet,True,Night,2025-07-06 23:19:20,2025-07-06 00:00:00,,,0,,0,3425.0001096,288.72306930283776,False,False,False,False
2676159589740543650,URO601  ,A346,L4J,Large jet,True,Day,2025-07-17 12:27:55,2025-07-17 00:00:00,2400.0000768,3.8318787581049505,1,2400.0000768,1,,,True,True,True,False
2758138796689279472,RYR4LN  ,B38M,L2J,Large jet,True,Day,2025-07-17 15:56:50,2025-07-17 00:00:00,,,0,,0,,,False,False,False,False
2799053677415859282,URO601  ,A346,L4J,Large jet,True,Day,2025-07-29 15:59:55,2025-07-29 00:00:00,2175.0000696,3.2470501111129417,2,2175.0000696,2,,,True,True,True,False
2829306132767891006,RYR560X ,B738,L2J,Large jet,True,Day,2025-07-09 14:56:35,2025-07-09 00:00:00,,,0,,0,,,False,False,False,False
2833655788667126012,EXS66Q  ,B738,,Large jet,True,Night,2025-07-29 22:05:50,2025-07-29 00:00:00,2325.0000744000004,2.8354038108791353,1,2325.0000744000004,1,2325.0000744000004,-313.41506235977477,True,True,True,False
2848195170407821326,TOM6723 ,B738,,Large jet,True,Night,2025-07-27 22:38:25,2025-07-27 00:00:00,,,0,,0,,,False,False,False,False
2859605412032136187,RYR9356 ,B738,L2J,Large jet,True,Day,2025-07-09 09:21:00,2025-07-09 00:00:00,3089.919453716131,18.736500462053964,1,,0,,,True,False,True,False
2867825259398986139,RYR9ME  ,B738,L2J,Large jet,True,Day,2025-07-10 13:59:30,2025-07-10 00:00:00,2450.0000784,2.5385360519752176,1,2450.0000784,1,2450.0000784,-439.9256758805709,True,True,True,False
3005176294582199429,EXS64DM ,B738,L2J,Large jet,True,Day,2025-07-03 14:47:35,2025-07-03 00:00:00,1675.0000536,18.752646488910088,1,,0,,,True,False,True,False
3071567569171094262,TOM8VY  ,B738,L2J,Large jet,True,Day,2025-07-02 12:10:50,2025-07-02 00:00:00,2375.0000760000003,3.4798961053258846,2,2375.0000760000003,2,2375.0000760000003,-574.8382519324459,True,True,True,False
3249453760731952803,RYR7148 ,B738,L2J,Large jet,True,Day,2025-07-29 07:46:55,2025-07-29 00:00:00,,,0,,0,,,False,False,False,False
3252284982390829024,URO100P ,A346,L4J,Large jet,True,Day,2025-07-21 15:26:35,2025-07-21 00:00:00,300.0000096,18.392664599707008,7,2700.0000864000003,5,2900.0000928000004,-129.64318228074944,True,True,True,False
3290662435231035182,RYR39HE ,B738,L2J,Large jet,True,Day,2025-07-31 10:25:50,2025-07-31 00:00:00,,,0,,0,,,False,False,False,False
3305797909363726520,TOM8VY  ,B738,L2J,Large jet,True,Day,2025-07-09 11:25:30,2025-07-09 00:00:00,,,0,,0,,,False,False,False,False
3378049182426671371,TOM67H  ,B738,L2J,Large jet,True,Day,2025-07-19 14:06:45,2025-07-19 00:00:00,225.0000072,18.67435033046244,3,2675.0000856,2,2725.0000872,-147.86759571484663,True,True,True,False
3396327520868127516,EXS66Q  ,B738,L2J,Large jet,True,Evening,2025-07-15 21:32:35,2025-07-15 00:00:00,2425.0000775999997,3.337118510868287,1,2425.0000775999997,1,,,True,True,True,False
3404670343458275849,EXS147L ,B738,L2J,Large jet,True,Day,2025-07-11 13:01:00,2025-07-11 00:00:00,,,0,,0,,,False,False,False,False
3453689815438012470,RYR8TF  ,B738,L2J,Large jet,True,Night,2025-07-31 23:02:05,2025-07-31 00:00:00,,,0,,0,,,False,False,False,False
3496657787628522724,RYR46HP ,B738,L2J,Large jet,True,Day,2025-07-13 11:21:25,2025-07-13 00:00:00,,,0,,0,,,False,False,False,False
3525771294722033542,FHY545  ,A320,L2J,Large jet,True,Evening,2025-07-27 18:25:40,2025-07-27 00:00:00,,,0,,0,,,False,False,False,False
3528786459423933178,TOM52G  ,B738,,Large jet,True,Day,2025-07-15 12:22:40,2025-07-15 00:00:00,,,0,,0,,,False,False,False,False
3560867522865624482,EXS68Z  ,B738,L2J,Large jet,True,Night,2025-07-18 22:41:55,2025-07-18 00:00:00,100.0000032,18.724882341561134,1,,0,,,True,False,True,False
3656485450423089889,RYR560X ,B738,L2J,Large jet,True,Day,2025-07-02 14:52:30,2025-07-02 00:00:00,,,0,,0,,,False,False,False,False
3659561884633540694,RYR55SN ,A320,L2J,Large jet,True,Day,2025-07-31 09:52:20,2025-07-31 00:00:00,,,0,,0,,,False,False,False,False
3681566825423279707,RYR46HP ,B738,L2J,Large jet,True,Day,2025-07-06 11:15:15,2025-07-06 00:00:00,175.0000056,18.787034274155552,1,,0,,,True,False,True,False
3764173980991743467,RYR24GH ,B738,L2J,Large jet,True,Day,2025-07-11 13:22:25,2025-07-11 00:00:00,,,0,,0,,,False,False,False,False
3813215362555433010,URO601  ,A346,L4J,Large jet,True,Day,2025-07-26 11:39:45,2025-07-26 00:00:00,,,0,,0,,,False,False,False,False
3831886378042065042,RYR90UB ,B738,L2J,Large jet,True,Day,2025-07-04 10:59:55,2025-07-04 00:00:00,,,0,,0,,,False,False,False,False
3851719462578523489,RYR55SN ,B738,L2J,Large jet,True,Day,2025-07-23 16:32:10,2025-07-23 00:00:00,,,0,,0,,,False,False,False,False
3891514725497751950,KLJ3496 ,B733,L2J,Large jet,True,Evening,2025-07-19 19:57:25,2025-07-19 00:00:00,275.00000880000005,18.598851666262576,1,,0,,,True,False,True,False
3898839320314016956,RYR2CT  ,A320,L2J,Large jet,True,Day,2025-07-30 16:43:15,2025-07-30 00:00:00,2400.0000768,2.447587725985618,1,2400.0000768,1,2400.0000768,-308.17114802625656,True,True,True,False
3908470554219270451,RYR2CT  ,A320,L2J,Large jet,True,Evening,2025-07-02 18:21:05,2025-07-02 00:00:00,2325.0000744000004,3.828296577850245,1,2325.0000744000004,1,,,True,True,True,False
4015262278177414330,TOM6687 ,B738,L2J,Large jet,True,Night,2025-07-12 23:24:45,2025-07-12 00:00:00,,,0,,0,,,False,False,False,False
4016271331024226210,RYR611T ,B738,L2J,Large jet,True,Day,2025-07-17 14:41:55,2025-07-17 00:00:00,,,0,,0,,,False,False,False,False
4051631609716121557,TOM16H  ,B738,,Large jet,True,Day,2025-07-13 11:01:45,2025-07-13 00:00:00,,,0,,0,,,False,False,False,False
4081724464286398288,RYR55SN ,B38M,L2J,Large jet,True,Day,2025-07-28 14:53:35,2025-07-28 00:00:00,2275.0000728,2.1978576300560184,1,2275.0000728,1,2275.0000728,-463.5987286546024,True,True,True,False
4112196245489102142,RYR7148 ,B38M,L2J,Large jet,True,Evening,2025-07-10 19:11:10,2025-07-10 00:00:00,,,0,,0,,,False,False,False,False
4155706862113686693,RYR90UB ,B738,L2J,Large jet,True,Day,2025-07-15 14:26:50,2025-07-15 00:00:00,2425.0000775999997,1.9793728560066661,2,2425.0000775999997,2,2575.0000824,-345.6915408003374,True,True,True,False
4185523163842994973,RYR55SN ,B738,L2J,Large jet,True,Day,2025-07-09 14:59:55,2025-07-09 00:00:00,,,0,,0,,,False,False,False,False
4190053791943698228,RYR39HE ,B738,L2J,Large jet,True,Evening,2025-07-21 19:24:55,2025-07-21 00:00:00,200.0000064,18.815670496072705,2,4000.000128,1,,,True,True,True,False
4360622482000131555,TOM52G  ,B738,,Large jet,True,Day,2025-07-29 12:19:15,2025-07-29 00:00:00,,,0,,0,,,False,False,False,False
4361923185254343182,RYR24GH ,B738,L2J,Large jet,True,Evening,2025-07-08 18:02:00,2025-07-08 00:00:00,,,0,,0,,,False,False,False,False
4393585697645515671,TOM5XY  ,B738,L2J,Large jet,True,Night,2025-07-30 22:45:50,2025-07-30 00:00:00,5100.0001632,11.900531990984527,1,,0,,,True,False,True,False
4417725634704736404,EXS2L   ,B738,L2J,Large jet,True,Day,2025-07-15 11:46:15,2025-07-15 00:00:00,1900.0000608,6.602301034070097,2,2325.0000744000004,1,2325.0000744000004,-447.540948881378,True,True,True,False
4432656736259611845,URO601  ,A346,L4J,Large jet,True,Day,2025-07-10 11:12:05,2025-07-10 00:00:00,,,0,,0,,,False,False,False,False
4437885756900424295,EXS4HW  ,B738,,Large jet,True,Day,2025-07-30 12:43:25,2025-07-30 00:00:00,,,0,,0,,,False,False,False,False
4455160963634322380,TOM57V  ,B738,L2J,Large jet,True,Night,2025-07-03 00:16:45,2025-07-02 00:00:00,,,0,,0,,,False,False,False,False
4460585461405754712,RUK179V ,B738,,Large jet,True,Day,2025-07-21 11:36:40,2025-07-21 00:00:00,300.0000096,18.777782939904032,3,4000.000128,1,,,True,True,True,False
4549601363328153070,URO601  ,A346,L4J,Large jet,True,Day,2025-07-01 15:11:25,2025-07-01 00:00:00,1950.0000624,4.902789101297639,3,1950.0000624,3,2025.0000648,-599.0889312961135,True,True,True,False
4578370445573833977,RYR90UB ,B738,L2J,Large jet,True,Day,2025-07-11 10:35:45,2025-07-11 00:00:00,,,0,,0,,,False,False,False,False
4600804213634746925,RYR59SF ,B38M,L2J,Large jet,True,Evening,2025-07-27 20:48:20,2025-07-27 00:00:00,,,0,,0,,,False,False,False,False
4604682964860554916,RYR8947 ,B738,L2J,Large jet,True,Day,2025-07-18 13:55:30,2025-07-18 00:00:00,2275.0000728,3.6798072585328443,2,2275.0000728,2,2375.0000760000003,-457.3795365698202,True,True,True,False
4606872632112328751,TOM5GB  ,B738,L2J,Large jet,True,Day,2025-07-03 11:36:00,2025-07-03 00:00:00,,,0,,0,,,False,False,False,False
4720015474682780079,TOM6109 ,B738,L2J,Large jet,True,Night,2025-07-14 23:01:10,2025-07-14 00:00:00,,,0,,0,,,False,False,False,False
4768297176656841180,TOM8VY  ,B738,,Large jet,True,Day,2025-07-30 11:19:55,2025-07-30 00:00:00,,,0,,0,,,False,False,False,False
4775610784133766077,TOM8VY  ,B738,,Large jet,True,Day,2025-07-16 10:54:15,2025-07-16 00:00:00,,,0,,0,,,False,False,False,False
4828946946353252890,TOM3XA  ,B738,L2J,Large jet,True,Night,2025-07-19 23:55:35,2025-07-19 00:00:00,350.0000112,18.75606846478094,4,2775.0000888,3,2775.0000888,-391.23637321858814,True,True,True,False
4872627100857756218,RYR8TF  ,B738,L2J,Large jet,True,Evening,2025-07-24 21:14:50,2025-07-24 00:00:00,,,0,,0,,,False,False,False,False
4898746676342608305,EXS68Z  ,B738,,Large jet,True,Night,2025-07-28 22:17:30,2025-07-28 00:00:00,,,0,,0,,,False,False,False,False
4902990277608721601,RYR9ME  ,B738,L2J,Large jet,True,Day,2025-07-24 14:24:40,2025-07-24 00:00:00,,,0,,0,,,False,False,False,False
4934795390962779688,URO601  ,A346,L4J,Large jet,True,Day,2025-07-08 14:50:00,2025-07-08 00:00:00,,,0,,0,,,False,False,False,False
5019467666082012268,RYR7148 ,B38M,L2J,Large jet,True,Day,2025-07-02 16:10:20,2025-07-02 00:00:00,,,0,,0,,,False,False,False,False
5059116389573657443,URO921  ,A346,L4J,Large jet,True,Day,2025-07-10 05:54:55,2025-07-10 00:00:00,,,0,,0,,,False,False,False,False
5080974425645055438,RYR7148 ,B38M,L2J,Large jet,True,Day,2025-07-17 17:49:45,2025-07-17 00:00:00,,,0,,0,,,False,False,False,False
5089507673880500648,RYR24GH ,B738,L2J,Large jet,True,Evening,2025-07-28 21:28:25,2025-07-28 00:00:00,,,0,,0,,,False,False,False,False
5092373524700829531,RYR90UB ,B738,L2J,Large jet,True,Day,2025-07-30 11:55:10,2025-07-30 00:00:00,2275.0000728,3.117640727082068,1,2275.0000728,1,,,True,True,True,False
5114436985171751805,LAV972P ,B738,L2J,Large jet,True,Day,2025-07-09 16:27:30,2025-07-09 00:00:00,2250.0000720000003,2.6878595373900955,1,2250.0000720000003,1,2250.0000720000003,-434.6360305645949,True,True,True,False
5114796491458466583,EXS51Y  ,B738,L2J,Large jet,True,Day,2025-07-20 12:31:35,2025-07-20 00:00:00,375.000012,18.792260143913335,1,,0,,,True,False,True,False
5138518103868676528,RYR24GH ,B738,L2J,Large jet,True,Evening,2025-07-16 21:11:55,2025-07-16 00:00:00,,,0,,0,,,False,False,False,False
5148186591748694326,RYR90UB ,B738,L2J,Large jet,True,Evening,2025-07-13 19:46:40,2025-07-13 00:00:00,,,0,,0,,,False,False,False,False
5270870629785087748,RYR9ME  ,B738,L2J,Large jet,True,Day,2025-07-03 14:30:05,2025-07-03 00:00:00,2075.0000664,3.614632478796674,1,2075.0000664,1,,,True,True,True,False
5306330429082127659,RYR8945 ,B738,L2J,Large jet,True,Day,2025-07-14 14:34:35,2025-07-14 00:00:00,600.0000192,14.448413422005222,2,3825.0001224000002,1,,,True,True,True,False
5372533112984897384,TOM6457 ,B738,L2J,Large jet,True,Day,2025-07-10 13:21:10,2025-07-10 00:00:00,1750.0000559999999,5.338020724312038,1,1750.0000559999999,1,,,True,True,True,False
5417802365126152557,RYR9356 ,B738,L2J,Large jet,True,Day,2025-07-12 16:42:20,2025-07-12 00:00:00,,,0,,0,,,False,False,False,False
5448120553204859878,RYR7099 ,B738,L2J,Large jet,True,Day,2025-07-13 10:09:10,2025-07-13 00:00:00,,,0,,0,,,False,False,False,False
5468313210446385475,RYR90UB ,B738,L2J,Large jet,True,Day,2025-07-03 17:21:00,2025-07-03 00:00:00,,,0,,0,,,False,False,False,False
5474461469426779474,TOM7KX  ,B738,L2J,Large jet,True,Evening,2025-07-01 21:52:45,2025-07-01 00:00:00,,,0,,0,,,False,False,False,False
5597275632765637622,EXS147L ,B738,L2J,Large jet,True,Day,2025-07-30 11:30:30,2025-07-30 00:00:00,,,0,,0,,,False,False,False,False
5601438862136356386,RYR94FL ,B738,L2J,Large jet,True,Night,2025-07-17 22:23:35,2025-07-17 00:00:00,,,0,,0,,,False,False,False,False
5660579391719964913,RYR7148 ,B38M,,Large jet,True,Day,2025-07-18 08:13:15,2025-07-18 00:00:00,,,0,,0,,,False,False,False,False
5664813879985158213,EXS147L ,B738,L2J,Large jet,True,Day,2025-07-18 12:59:55,2025-07-18 00:00:00,,,0,,0,,,False,False,False,False
5675358056422045945,URO601A ,A346,L4J,Large jet,True,Day,2025-07-15 15:16:00,2025-07-15 00:00:00,,,0,,0,,,False,False,False,False
5686371876430220864,TOM6339 ,B738,L2J,Large jet,True,Day,2025-07-02 10:46:45,2025-07-02 00:00:00,2950.0000944000003,0.294523794684483,1,2950.0000944000003,1,2950.0000944000003,-128.13181951308388,True,True,True,False
5741789287284080990,RYR9EM  ,B738,L2J,Large jet,True,Day,2025-07-29 05:52:35,2025-07-29 00:00:00,,,0,,0,,,False,False,False,False
5754616992449724120,RYR8947 ,B738,L2J,Large jet,True,Day,2025-07-11 13:52:50,2025-07-11 00:00:00,,,0,,0,,,False,False,False,False
5771849165959239651,URO681  ,A346,L4J,Large jet,True,Day,2025-07-02 13:01:20,2025-07-02 00:00:00,2325.0000744000004,2.242532578327124,2,2325.0000744000004,2,2350.0000752,-587.3922789552121,True,True,True,False
5865159821435451920,RYR90UB ,B738,L2J,Large jet,True,Evening,2025-07-26 21:49:25,2025-07-26 00:00:00,,,0,,0,,,False,False,False,False
5918455426448271872,RYR9ME  ,B738,L2J,Large jet,True,Day,2025-07-17 13:54:15,2025-07-17 00:00:00,,,0,,0,,,False,False,False,False
5990914522020810412,EXS74H  ,B738,L2J,Large jet,True,Day,2025-07-28 13:24:15,2025-07-28 00:00:00,2775.0000888,2.0891735143219847,1,2775.0000888,1,2775.0000888,-104.04909026618634,True,True,True,False
6013622525445829677,TOM2TG  ,B738,L2J,Large jet,True,Night,2025-07-25 23:27:35,2025-07-25 00:00:00,2325.0000744000004,3.227575437682378,2,2325.0000744000004,2,2350.0000752,-490.1488835983441,True,True,True,False
6049815691678143955,EXS4HW  ,B738,L2J,Large jet,True,Day,2025-07-09 12:43:35,2025-07-09 00:00:00,3299.6094805875014,18.756296813556535,1,,0,,,True,False,True,False
6061663415938616975,RYR9EM  ,B738,L2J,Large jet,True,Evening,2025-07-26 19:47:45,2025-07-26 00:00:00,,,0,,0,,,False,False,False,False
6065637587437311052,RYR90UB ,B738,L2J,Large jet,True,Day,2025-07-22 14:23:15,2025-07-22 00:00:00,,,0,,0,,,False,False,False,False
6159705042868321542,RYR24GH ,B738,L2J,Large jet,True,Evening,2025-07-19 21:45:50,2025-07-19 00:00:00,275.00000880000005,18.805501173624823,2,2675.0000856,1,,,True,True,True,False
6175863823489987402,RYR9356 ,B738,L2J,Large jet,True,Day,2025-07-19 14:12:45,2025-07-19 00:00:00,225.0000072,18.797486090240096,2,2225.0000712,1,,,True,True,True,False
6178624156453521992,EXS34A  ,B738,L2J,Large jet,True,Night,2025-07-03 23:42:25,2025-07-03 00:00:00,2025.0000648,4.211460226354894,1,2025.0000648,1,,,True,True,True,False
6190853072037368239,RYR94FL ,B738,L2J,Large jet,True,Night,2025-07-31 22:40:20,2025-07-31 00:00:00,,,0,,0,,,False,False,False,False
6205903591551873462,RYR7148 ,B738,L2J,Large jet,True,Day,2025-07-21 10:43:55,2025-07-21 00:00:00,400.0000128,18.060242202010443,1,,0,,,True,False,True,False
6208169432596294911,EXS74H  ,B738,L2J,Large jet,True,Day,2025-07-07 14:12:55,2025-07-07 00:00:00,3975.0001272000004,11.208857890675876,1,,0,,,True,False,True,False
6293083147585928178,URO681  ,A346,L4J,Large jet,True,Day,2025-07-14 15:15:50,2025-07-14 00:00:00,2975.0000952000005,0.6209493896234191,1,2975.0000952000005,1,2975.0000952000005,-88.81554285476204,True,True,True,False
6308903466981403560,EXS15Q  ,B738,L2J,Large jet,True,Night,2025-07-16 22:08:05,2025-07-16 00:00:00,,,0,,0,,,False,False,False,False
6311877502847161987,RYR9EM  ,B738,L2J,Large jet,True,Day,2025-07-01 05:51:35,2025-07-01 00:00:00,,,0,,0,,,False,False,False,False
6353612487687357511,RYR59SF ,B738,L2J,Large jet,True,Evening,2025-07-22 20:25:15,2025-07-22 00:00:00,3075.0000984,1.2512700871430866,1,3075.0000984,1,3075.0000984,-232.49978429114572,True,True,True,False
6374075490147168131,URO601  ,A346,L4J,Large jet,True,Day,2025-07-06 05:34:00,2025-07-06 00:00:00,2650.0000848,1.8948331368630191,1,2650.0000848,1,2650.0000848,-153.13101161973827,True,True,True,False
6381327966573385194,RYR611T ,B738,L2J,Large jet,True,Day,2025-07-31 15:03:35,2025-07-31 00:00:00,,,0,,0,,,False,False,False,False
6412436306362026203,RYR24GH ,B738,L2J,Large jet,True,Evening,2025-07-27 20:14:25,2025-07-27 00:00:00,2125.0000680000003,4.402552466953689,1,2125.0000680000003,1,,,True,True,True,False
6413999934816007538,RYR39HE ,B738,L2J,Large jet,True,Day,2025-07-03 10:28:00,2025-07-03 00:00:00,3950.0001264,8.132056520661257,1,,0,,,True,False,True,False
6489905777885562079,RYR55SN ,B38M,,Large jet,True,Evening,2025-07-12 19:45:05,2025-07-12 00:00:00,,,0,,0,,,False,False,False,False
6500013780644848671,TOM61L  ,B738,L2J,Large jet,True,Day,2025-07-15 15:34:25,2025-07-15 00:00:00,2450.0000784,3.0989532080953075,2,2450.0000784,1,,,True,True,True,False
6508521400449012301,TOM5JB  ,B738,,Large jet,True,Day,2025-07-27 11:57:55,2025-07-27 00:00:00,2325.0000744000004,1.9130038806051077,2,2325.0000744000004,2,2350.0000752,-602.2355060600562,True,True,True,False
6545838813871686262,RYR3KY  ,B738,L2J,Large jet,True,Day,2025-07-19 08:36:15,2025-07-19 00:00:00,,,0,,0,,,False,False,False,False
6555402844304082605,RYR9356 ,B738,L2J,Large jet,True,Day,2025-07-23 09:24:20,2025-07-23 00:00:00,,,0,,0,,,False,False,False,False
6559507183425061847,EXS52N  ,B738,L2J,Large jet,True,Day,2025-07-13 14:10:40,2025-07-13 00:00:00,75.0000024,19.012967463903408,1,,0,,,True,False,True,False
6597018341504726302,TOM52G  ,B738,,Large jet,True,Day,2025-07-22 11:45:30,2025-07-22 00:00:00,25.0000008,18.641827041357175,2,2525.0000808,1,,,True,True,True,False
6598734288194502127,TOM52G  ,B738,L2J,Large jet,True,Day,2025-07-01 11:56:35,2025-07-01 00:00:00,,,0,,0,,,False,False,False,False
6623633446401987191,RYR14VB ,B738,L2J,Large jet,True,Evening,2025-07-14 21:58:05,2025-07-14 00:00:00,,,0,,0,,,False,False,False,False
6684447129821301765,RYR24GH ,B738,L2J,Large jet,True,Evening,2025-07-09 21:14:50,2025-07-09 00:00:00,2225.0000712,1.8174562411449389,1,2225.0000712,1,2225.0000712,-578.6206108681044,True,True,True,False
6696742729207880113,RYR7148 ,B738,L2J,Large jet,True,Day,2025-07-28 10:37:20,2025-07-28 00:00:00,,,0,,0,,,False,False,False,False
6744712190324917051,RYR8947 ,B38M,,Large jet,True,Evening,2025-07-01 18:32:20,2025-07-01 00:00:00,1975.0000632,5.987909611284025,1,1975.0000632,1,,,True,True,True,False
6817004009006378379,RYR8945 ,B738,L2J,Large jet,True,Day,2025-07-07 14:52:30,2025-07-07 00:00:00,,,0,,0,,,False,False,False,False
6829925213023574431,TOM793  ,B738,L2J,Large jet,True,Night,2025-07-28 23:32:50,2025-07-28 00:00:00,,,0,,0,,,False,False,False,False
6858978435170223845,EXS147L ,B738,,Large jet,True,Day,2025-07-28 12:50:00,2025-07-28 00:00:00,2275.0000728,2.6503292015630353,1,2275.0000728,1,2275.0000728,-390.6182469612004,True,True,True,False
6868330127440335031,TOM3XB  ,B738,L2J,Large jet,True,Day,2025-07-04 12:55:45,2025-07-04 00:00:00,1875.00006,4.3972784688842195,3,1875.00006,3,,,True,True,True,False
6878397332588263581,RYR8945 ,B738,L2J,Large jet,True,Night,2025-07-27 22:37:30,2025-07-27 00:00:00,,,0,,0,,,False,False,False,False
6881823011219807421,RYR55SN ,B738,L2J,Large jet,True,Day,2025-07-30 15:57:55,2025-07-30 00:00:00,,,0,,0,,,False,False,False,False
6894090479389410022,EXS2LS  ,B738,L2J,Large jet,True,Night,2025-07-05 23:34:40,2025-07-05 00:00:00,75.0000024,18.545377103910116,3,3925.0001256000005,2,3925.0001256000005,413.13904710272755,True,True,True,False
6914833189223824902,RYR3KY  ,B738,L2J,Large jet,True,Day,2025-07-05 08:44:55,2025-07-05 00:00:00,,,0,,0,,,False,False,False,False
6967547586698800787,TOM6687 ,B738,,Large jet,True,Night,2025-07-19 23:06:15,2025-07-19 00:00:00,,,0,,0,,,False,False,False,False
6976167340720705803,TOM5GB  ,B738,L2J,Large jet,True,Day,2025-07-24 11:54:20,2025-07-24 00:00:00,,,0,,0,,,False,False,False,False
7003341087932722394,RYR46HP ,B738,L2J,Large jet,True,Night,2025-07-11 22:11:15,2025-07-11 00:00:00,,,0,,0,,,False,False,False,False
7107262721175938631,RYR24GH ,B38M,,Large jet,True,Day,2025-07-04 13:56:40,2025-07-04 00:00:00,,,0,,0,,,False,False,False,False
7112677163468761961,TOM16H  ,B738,L2J,Large jet,True,Day,2025-07-06 10:55:35,2025-07-06 00:00:00,200.0000064,18.55160707022867,2,2675.0000856,1,2675.0000856,-31.651176879641753,True,True,True,False
7141713671296145155,RYR94FL ,B38M,,Large jet,True,Day,2025-07-27 07:04:20,2025-07-27 00:00:00,,,0,,0,,,False,False,False,False
7146849962682395456,EXS4CM  ,B738,L2J,Large jet,True,Night,2025-07-19 00:16:55,2025-07-18 00:00:00,100.0000032,18.613366009308436,1,,0,,,True,False,True,False
7256962182114500294,URO681  ,A346,L4J,Large jet,True,Day,2025-07-21 13:46:30,2025-07-21 00:00:00,5325.000170400001,17.74926975604071,1,,0,,,True,False,True,False
7297263701167910942,TOM8BJ  ,B738,L2J,Large jet,True,Evening,2025-07-03 21:45:50,2025-07-03 00:00:00,3075.0000984,2.465027687819158,1,3075.0000984,1,3075.0000984,-434.3074199926318,True,True,True,False
7304569056546413351,RYR7148 ,B38M,L2J,Large jet,True,Day,2025-07-09 16:23:55,2025-07-09 00:00:00,,,0,,0,,,False,False,False,False
7323002219882452885,RYR59SF ,B738,L2J,Large jet,True,Evening,2025-07-08 21:42:50,2025-07-08 00:00:00,3375.000108,5.814916875223211,1,3375.000108,1,,,True,True,True,False
7323849507511301808,EXS2L   ,B738,L2J,Large jet,True,Day,2025-07-12 13:14:05,2025-07-12 00:00:00,,,0,,0,,,False,False,False,False
7395072673632969328,EXS147L ,B738,L2J,Large jet,True,Day,2025-07-16 11:56:30,2025-07-16 00:00:00,,,0,,0,,,False,False,False,False
7430411895938768717,RYR7148 ,B738,L2J,Large jet,True,Evening,2025-07-27 21:20:20,2025-07-27 00:00:00,,,0,,0,,,False,False,False,False
7443255244264963291,RYR94FL ,B738,L2J,Large jet,True,Night,2025-07-10 22:32:05,2025-07-10 00:00:00,,,0,,0,,,False,False,False,False
7450204160330028989,EXS2LS  ,B738,L2J,Large jet,True,Night,2025-07-09 22:29:10,2025-07-09 00:00:00,,,0,,0,,,False,False,False,False
7464957898467187928,RYR7148 ,B738,L2J,Large jet,True,Evening,2025-07-06 21:48:10,2025-07-06 00:00:00,,,0,,0,,,False,False,False,False
7483146377321037939,RYR611T ,B38M,L2J,Large jet,True,Day,2025-07-26 12:33:40,2025-07-26 00:00:00,,,0,,0,,,False,False,False,False
7496435770050661721,EXS339E ,B738,,Large jet,True,Evening,2025-07-27 21:16:15,2025-07-27 00:00:00,,,0,,0,,,False,False,False,False
7516439261360430553,RYR90UB ,B738,L2J,Large jet,True,Day,2025-07-29 15:03:00,2025-07-29 00:00:00,,,0,,0,,,False,False,False,False
7534507622571975444,RYR55SN ,B38M,,Large jet,True,Day,2025-07-21 16:38:20,2025-07-21 00:00:00,250.000008,18.902613505633877,1,,0,,,True,False,True,False
7537306392550533217,TOM3XA  ,B738,,Large jet,True,Night,2025-07-26 23:42:20,2025-07-26 00:00:00,,,0,,0,,,False,False,False,False
7559816970001508125,,A320,L2J,Large jet,True,Day,2025-07-26 06:00:35,2025-07-26 00:00:00,,,0,,0,,,False,False,False,False
7693642795261368945,URO601  ,A346,L4J,Large jet,True,Day,2025-07-22 11:00:55,2025-07-22 00:00:00,2525.0000808,1.721231887019257,3,2525.0000808,3,2550.0000816,-687.2249356450861,True,True,True,False
7710528668644974054,RYR7148 ,B738,L2J,Large jet,True,Day,2025-07-14 10:51:40,2025-07-14 00:00:00,,,0,,0,3150.0001008,118.30623598413422,False,False,False,False
7723740738566886227,TOM63B  ,B738,L2J,Large jet,True,Day,2025-07-16 11:10:30,2025-07-16 00:00:00,,,0,,0,,,False,False,False,False
7736294207290814414,TOM2TG  ,B738,L2J,Large jet,True,Night,2025-07-18 23:22:50,2025-07-18 00:00:00,75.0000024,18.82478271140997,1,,0,,,True,False,True,False
7774021353973376345,EXS52N  ,B738,L2J,Large jet,True,Day,2025-07-06 14:56:50,2025-07-06 00:00:00,175.0000056,18.924250165479773,2,2725.0000872,1,2725.0000872,-212.77700547497125,True,True,True,False
7805966998396952390,EXS2L   ,B738,L2J,Large jet,True,Day,2025-07-08 12:00:05,2025-07-08 00:00:00,,,0,,0,,,False,False,False,False
7830840499121691342,RYR73LA ,B38M,L2J,Large jet,True,Day,2025-07-20 09:28:40,2025-07-20 00:00:00,425.00001360000005,18.514631879226272,5,2925.0000936,2,,,True,True,True,False
7838404273203898853,TOM6723 ,B738,L2J,Large jet,True,Night,2025-07-06 22:12:10,2025-07-06 00:00:00,2600.0000832,3.3550740236650616,1,2600.0000832,1,,,True,True,True,False
7866444003529972708,RYR39HE ,B738,L2J,Large jet,True,Evening,2025-07-14 20:10:00,2025-07-14 00:00:00,,,0,,0,,,False,False,False,False
7874938285691640734,TOM6785 ,B738,L2J,Large jet,True,Evening,2025-07-06 21:18:05,2025-07-06 00:00:00,125.000004,18.653951517956216,2,,0,,,True,False,True,False
7885731055442322987,RYR94FL ,B738,L2J,Large jet,True,Day,2025-07-18 13:13:45,2025-07-18 00:00:00,100.0000032,18.060242202009913,1,,0,,,True,False,True,False
7886840156436883546,RYR560X ,B738,L2J,Large jet,True,Day,2025-07-05 16:39:05,2025-07-05 00:00:00,25.0000008,18.23701352796397,2,,0,,,True,False,True,False
7891159681289914979,RYR73LA ,B738,L2J,Large jet,True,Day,2025-07-13 08:33:35,2025-07-13 00:00:00,,,0,,0,,,False,False,False,False
7898031690580725600,TOM6339 ,B738,L2J,Large jet,True,Day,2025-07-30 11:21:55,2025-07-30 00:00:00,2600.0000832,2.2741923523919345,1,2600.0000832,1,2600.0000832,-176.9952080975263,True,True,True,False
7914989674402138938,RYR55SN ,B738,L2J,Large jet,True,Day,2025-07-29 08:51:10,2025-07-29 00:00:00,2300.0000736,4.866908532978731,1,2300.0000736,1,,,True,True,True,False
7915870235416014062,RYR55SN ,B38M,,Large jet,True,Evening,2025-07-26 19:19:05,2025-07-26 00:00:00,2400.0000768,3.092419743448247,1,2400.0000768,1,,,True,True,True,False
7917270187764200510,RUK179V ,B738,L2J,Large jet,True,Day,2025-07-04 10:59:55,2025-07-04 00:00:00,,,0,,0,,,False,False,False,False
7922681356108217937,RYR4LN  ,B38M,,Large jet,True,Day,2025-07-31 16:11:35,2025-07-31 00:00:00,2425.0000775999997,2.3968583092922864,1,2425.0000775999997,1,2425.0000775999997,-280.5563999250944,True,True,True,False
7933023990316802056,RYR94FL ,B738,L2J,Large jet,True,Day,2025-07-11 13:09:35,2025-07-11 00:00:00,,,0,,0,,,False,False,False,False
7972141450254526326,EXS2L   ,B738,,Large jet,True,Day,2025-07-29 12:12:00,2025-07-29 00:00:00,2475.0000792,2.706255984355939,1,2475.0000792,1,2475.0000792,-177.8635579348279,True,True,True,False
8017552422487259429,RYR24GH ,B738,L2J,Large jet,True,Day,2025-07-18 13:18:10,2025-07-18 00:00:00,2500.00008,2.14856686666992,1,2500.00008,1,2500.00008,-277.51405132816626,True,True,True,False
8021274855582546063,EXS3618 ,B738,L2J,Large jet,True,Day,2025-07-24 14:47:40,2025-07-24 00:00:00,,,0,,0,,,False,False,False,False
8126487629047267307,TOM82B  ,B738,L2J,Large jet,True,Day,2025-07-07 12:49:15,2025-07-07 00:00:00,,,0,,0,,,False,False,False,False
8156206361055287636,RYR94FL ,B738,L2J,Large jet,True,Day,2025-07-06 07:12:15,2025-07-06 00:00:00,150.0000048,18.70920388396575,2,3250.000104,1,3250.000104,141.04441470222628,True,True,True,False
8240314321699475623,RYR94FL ,B738,L2J,Large jet,True,Night,2025-07-03 23:36:15,2025-07-03 00:00:00,2475.0000792,0.6721650456001551,2,2475.0000792,2,2475.0000792,-582.2002630566267,True,True,True,False
8265250749769318227,RYR7148 ,B738,L2J,Large jet,True,Night,2025-07-13 22:29:00,2025-07-13 00:00:00,75.0000024,18.619756700302982,2,,0,,,True,False,True,False
8265819375731094701,RYR24GH ,B738,L2J,Large jet,True,Evening,2025-07-22 18:49:55,2025-07-22 00:00:00,,,0,,0,,,False,False,False,False
8292880294319825592,TOM57V  ,B738,,Large jet,True,Night,2025-07-30 22:33:50,2025-07-30 00:00:00,3400.0001088000004,4.701019293918441,1,3400.0001088000004,1,,,True,True,True,False
8310662663271879812,RYR24GH ,B738,L2J,Large jet,True,Evening,2025-07-03 21:01:20,2025-07-03 00:00:00,,,0,,0,,,False,False,False,False
8314486447256873670,EXS2LS  ,B738,L2J,Large jet,True,Night,2025-07-30 23:02:55,2025-07-30 00:00:00,,,0,,0,,,False,False,False,False
8322240115842621860,RUK179V ,B738,L2J,Large jet,True,Day,2025-07-16 12:23:25,2025-07-16 00:00:00,3050.0000976,2.108500512754089,1,3050.0000976,1,3050.0000976,-197.95446487358367,True,True,True,False
8322470397361120340,RYR24GH ,B738,L2J,Large jet,True,Evening,2025-07-17 19:33:40,2025-07-17 00:00:00,,,0,,0,,,False,False,False,False
8328148804248696513,EXS66Q  ,B738,,Large jet,True,Night,2025-07-25 22:15:25,2025-07-25 00:00:00,1675.0000536,5.644140150456005,2,1675.0000536,2,1825.0000584,-826.5974240107007,True,True,True,True
8342451438657912243,EXS66Q  ,B738,L2J,Large jet,True,Night,2025-07-11 22:22:45,2025-07-11 00:00:00,,,0,,0,,,False,False,False,False
8405465935789764105,TOM3XB  ,B738,,Large jet,True,Day,2025-07-18 12:24:35,2025-07-18 00:00:00,,,0,,0,,,False,False,False,False
8408380636966398857,TOM6785 ,B738,,Large jet,True,Evening,2025-07-13 21:02:05,2025-07-13 00:00:00,75.0000024,18.939503547402296,2,2575.0000824,1,2575.0000824,-38.38904861502715,True,True,True,False
8478238202089640237,URO681  ,A346,L4J,Large jet,True,Day,2025-07-27 13:30:15,2025-07-27 00:00:00,,,0,,0,,,False,False,False,False
8484903830513658578,RYR611T ,B738,L2J,Large jet,True,Evening,2025-07-23 20:24:15,2025-07-23 00:00:00,,,0,,0,,,False,False,False,False
8488733587627467880,TOM6TM  ,B738,,Large jet,True,Night,2025-07-24 23:23:40,2025-07-24 00:00:00,2300.0000736,2.6233339585647757,1,2300.0000736,1,2300.0000736,-365.0567280936193,True,True,True,False
8511571347039742363,EXS3618 ,B738,L2J,Large jet,True,Night,2025-07-13 22:33:20,2025-07-13 00:00:00,75.0000024,18.503014999406606,3,,0,,,True,False,True,False
8532270930649463090,TOM5GB  ,B738,,Large jet,True,Day,2025-07-17 11:21:35,2025-07-17 00:00:00,,,0,,0,,,False,False,False,False
8568538684541059663,RYR90UB ,B738,L2J,Large jet,True,Evening,2025-07-20 20:37:15,2025-07-20 00:00:00,350.0000112,18.729725878929077,1,,0,,,True,False,True,False
8613555832455262202,RYR4LN  ,B38M,,Large jet,True,Day,2025-07-10 15:49:15,2025-07-10 00:00:00,,,0,,0,,,False,False,False,False
8621375402301677193,RYR7099 ,B738,L2J,Large jet,True,Day,2025-07-10 14:29:15,2025-07-10 00:00:00,,,0,,0,,,False,False,False,False
8624995829087647602,RYR7148 ,B738,L2J,Large jet,True,Night,2025-07-20 22:21:00,2025-07-20 00:00:00,375.000012,18.583263351707963,1,,0,,,True,False,True,False
8653798440147662415,EXS339E ,B738,L2J,Large jet,True,Evening,2025-07-17 21:23:10,2025-07-17 00:00:00,2425.0000775999997,2.0444225118288473,1,2425.0000775999997,1,2425.0000775999997,-374.3234249425668,True,True,True,False
8660979812280869473,RUK179V ,B738,L2J,Large jet,True,Day,2025-07-02 12:38:00,2025-07-02 00:00:00,2750.0000880000002,1.28827275351293,1,2750.0000880000002,1,2750.0000880000002,-192.82271531079004,True,True,True,False
8662484711638560460,RYR55SN ,B738,L2J,Large jet,True,Day,2025-07-27 14:54:55,2025-07-27 00:00:00,,,0,,0,,,False,False,False,False
8730752550065509002,RYR46HP ,B738,L2J,Large jet,True,Day,2025-07-27 12:11:55,2025-07-27 00:00:00,,,0,,0,,,False,False,False,False
8778014630810659533,EXS147L ,B738,L2J,Large jet,True,Day,2025-07-21 12:57:30,2025-07-21 00:00:00,300.0000096,18.64263574375213,2,,0,,,True,False,True,False
8802873075053384610,RYR14VB ,B738,L2J,Large jet,True,Night,2025-07-04 22:03:10,2025-07-04 00:00:00,,,0,,0,,,False,False,False,False
8818359018243733249,EXS68Z  ,B738,L2J,Large jet,True,Night,2025-07-25 23:23:05,2025-07-25 00:00:00,2325.0000744000004,2.515983443485924,1,2325.0000744000004,1,2325.0000744000004,-364.32711258993277,True,True,True,False
8914461075054212809,EXS147L ,B738,L2J,Large jet,True,Day,2025-07-09 11:55:55,2025-07-09 00:00:00,,,0,,0,,,False,False,False,False
8927435911509550990,EXS15Q  ,B738,L2J,Large jet,True,Night,2025-07-09 22:19:50,2025-07-09 00:00:00,2225.0000712,1.8542620261194265,1,2225.0000712,1,2225.0000712,-572.7015057553072,True,True,True,False
8984230287156508902,RYR611T ,B38M,L2J,Large jet,True,Day,2025-07-05 13:22:00,2025-07-05 00:00:00,2950.0000944000003,0.9499094753661717,1,2950.0000944000003,1,2950.0000944000003,-39.57018028904258,True,True,True,False
9031225607898934806,TOM67H  ,B738,L2J,Large jet,True,Day,2025-07-05 12:41:00,2025-07-05 00:00:00,,,0,,0,,,False,False,False,False
9225436830665838853,RYR7148 ,B738,L2J,Large jet,True,Day,2025-07-15 07:32:25,2025-07-15 00:00:00,,,0,,0,,,False,False,False,False
9270699263487047371,URO681  ,A346,L4J,Large jet,True,Day,2025-07-15 15:45:35,2025-07-15 00:00:00,1925.0000616,5.097907194675207,4,1925.0000616,3,,,True,True,True,False
9271823833044501713,TOM82B  ,B738,L2J,Large jet,True,Day,2025-07-21 13:11:20,2025-07-21 00:00:00,300.0000096,18.890298732836772,2,2325.0000744000004,1,,,True,True,True,False
9350817583429211103,TOM8BJ  ,B738,,Large jet,True,Evening,2025-07-17 21:45:35,2025-07-17 00:00:00,250.000008,16.534314969642846,3,2425.0000775999997,2,2425.0000775999997,-512.823406806523,True,True,True,False
9461123826341724916,RYR90UB ,B738,L2J,Large jet,True,Evening,2025-07-27 20:19:10,2025-07-27 00:00:00,,,0,,0,,,False,False,False,False
9475763065917844513,EXS2L   ,B738,L2J,Large jet,True,Day,2025-07-19 12:38:30,2025-07-19 00:00:00,225.0000072,18.837156711281075,1,,0,,,True,False,True,False
9541887392686902351,TOM16H  ,B738,,Large jet,True,Day,2025-07-20 11:01:10,2025-07-20 00:00:00,400.0000128,18.77269813872957,3,,0,,,True,False,True,False
9570571908883082167,EXS52N  ,B738,,Large jet,True,Day,2025-07-27 14:24:55,2025-07-27 00:00:00,,,0,,0,,,False,False,False,False
9588782311992035888,RYR611T ,B38M,L2J,Large jet,True,Evening,2025-07-21 19:04:10,2025-07-21 00:00:00,225.0000072,18.561777535925607,1,,0,,,True,False,True,False
9611749608411412513,RYR9EM  ,B738,L2J,Large jet,True,Evening,2025-07-12 18:57:40,2025-07-12 00:00:00,,,0,,0,,,False,False,False,False
9636262631135253018,RYR94FL ,B738,L2J,Large jet,True,Day,2025-07-25 13:12:15,2025-07-25 00:00:00,,,0,,0,,,False,False,False,False
9670901395947459110,RYR73LA ,B738,L2J,Large jet,True,Day,2025-07-15 14:35:55,2025-07-15 00:00:00,,,0,,0,,,False,False,False,False
9688668192532758459,RUK179V ,B738,,Large jet,True,Day,2025-07-09 11:39:10,2025-07-09 00:00:00,,,0,,0,,,False,False,False,False
9689414796283719725,RYR560X ,B738,L2J,Large jet,True,Day,2025-07-19 16:45:10,2025-07-19 00:00:00,250.000008,18.80271211307199,1,,0,,,True,False,True,False
9692065757939878705,RYR55SN ,B738,L2J,Large jet,True,Day,2025-07-20 16:12:25,2025-07-20 00:00:00,375.000012,18.686753716799394,1,,0,,,True,False,True,False
9696474461614231761,TOM8CB  ,B738,L2J,Large jet,True,Day,2025-07-05 11:31:45,2025-07-05 00:00:00,2375.0000760000003,2.775549714875556,3,2375.0000760000003,3,2425.0000775999997,-746.0200150570322,True,True,True,False
9704619183936289126,RYR24GH ,B738,L2J,Large jet,True,Evening,2025-07-06 19:06:35,2025-07-06 00:00:00,175.0000056,18.29915790127654,1,,0,,,True,False,True,False
9748947580645570824,TOM7KX  ,B738,,Large jet,True,Evening,2025-07-15 21:56:55,2025-07-15 00:00:00,2450.0000784,2.2922757461802306,2,2450.0000784,2,2450.0000784,-522.7473030577812,True,True,True,False
9763759946485579281,RYR7148 ,B38M,,Large jet,True,Evening,2025-07-24 18:06:45,2025-07-24 00:00:00,,,0,,0,,,False,False,False,False
9772354095735502511,EXS9WF  ,B738,L2J,Large jet,True,Night,2025-07-08 00:07:40,2025-07-07 00:00:00,4125.000132,7.212386825455809,1,,0,,,True,False,True,False
9877873399223327904,EXS147L ,B738,L2J,Large jet,True,Night,2025-07-05 22:49:35,2025-07-05 00:00:00,50.0000016,18.830925022304882,3,1550.0000496,2,1550.0000496,-1312.6558436002135,True,True,True,True
9893559317657607998,URO681  ,A346,L4J,Large jet,True,Day,2025-07-07 15:11:20,2025-07-07 00:00:00,,,0,,0,,,False,False,False,False
9990855822052851282,TOM5GB  ,B738,L2J,Large jet,True,Day,2025-07-10 13:43:25,2025-07-10 00:00:00,,,0,,0,,,False,False,False,False
10050484664297679372,TOM299  ,B738,,Large jet,True,Night,2025-07-18 22:26:25,2025-07-18 00:00:00,75.0000024,18.686753716799394,3,2575.0000824,1,2575.0000824,-619.5793988299597,True,True,True,False
10094583385434961195,EXS68Z  ,B738,L2J,Large jet,True,Night,2025-07-07 22:39:00,2025-07-07 00:00:00,,,0,,0,,,False,False,False,False
10113205297896044588,TOM6457 ,B738,L2J,Large jet,True,Day,2025-07-31 13:14:35,2025-07-31 00:00:00,2400.0000768,3.429853500478782,1,2400.0000768,1,,,True,True,True,False
10116323932742741106,RYR24GH ,B738,L2J,Large jet,True,Evening,2025-07-14 21:19:50,2025-07-14 00:00:00,,,0,,0,,,False,False,False,False
10200988743570611653,RYR8947 ,B738,L2J,Large jet,True,Day,2025-07-22 15:58:20,2025-07-22 00:00:00,,,0,,0,,,False,False,False,False
10254858237610728359,RYR14VB ,B738,L2J,Large jet,True,Evening,2025-07-21 21:46:10,2025-07-21 00:00:00,175.0000056,18.826987419878826,1,,0,,,True,False,True,False
10286672347420371942,EXS4HW  ,B738,L2J,Large jet,True,Day,2025-07-16 12:41:55,2025-07-16 00:00:00,,,0,,0,,,False,False,False,False
10289058414323042245,TOM7KX  ,B738,L2J,Large jet,True,Evening,2025-07-08 21:49:05,2025-07-08 00:00:00,,,0,,0,,,False,False,False,False
10292912841867599829,TOM52G  ,B738,L2J,Large jet,True,Day,2025-07-08 12:26:30,2025-07-08 00:00:00,,,0,,0,,,False,False,False,False
10292949098445014122,EXS74H  ,B738,L2J,Large jet,True,Day,2025-07-21 13:25:50,2025-07-21 00:00:00,300.0000096,18.74811896657726,2,2350.0000752,1,,,True,True,True,False
10300263911885607578,RYR24GH ,B738,L2J,Large jet,True,Day,2025-07-01 17:53:35,2025-07-01 00:00:00,,,0,,0,,,False,False,False,False
10341097233461041814,RYR8TF  ,B738,L2J,Large jet,True,Day,2025-07-13 17:40:20,2025-07-13 00:00:00,,,0,,0,,,False,False,False,False
10343381470336340677,RYR24GH ,B738,L2J,Large jet,True,Evening,2025-07-13 19:23:25,2025-07-13 00:00:00,,,0,,0,,,False,False,False,False
10373041347064867305,TOM6TM  ,B738,L2J,Large jet,True,Night,2025-07-17 22:54:40,2025-07-17 00:00:00,,,0,,0,,,False,False,False,False
10446534962199430486,TOM82B  ,B738,L2J,Large jet,True,Day,2025-07-28 12:40:25,2025-07-28 00:00:00,,,0,,0,,,False,False,False,False
10465204742040387100,RYR9355 ,B738,L2J,Large jet,True,Day,2025-07-12 10:41:20,2025-07-12 00:00:00,2925.0000936,17.97350181918149,2,,0,,,True,False,True,False
10499188391296506308,TOM7TY  ,B738,L2J,Large jet,True,Day,2025-07-18 15:46:10,2025-07-18 00:00:00,75.0000024,18.28231481191269,1,,0,,,True,False,True,False
10505750342270362069,EXS339E ,B738,L2J,Large jet,True,Evening,2025-07-20 20:59:55,2025-07-20 00:00:00,,,0,,0,,,False,False,False,False
10569672934886391513,EXS4HW  ,B738,,Large jet,True,Day,2025-07-23 12:21:15,2025-07-23 00:00:00,2800.0000896,2.1728812217984035,1,2800.0000896,1,2800.0000896,-57.61133849261569,True,True,True,False
10602729638010465021,URO681  ,A346,L4J,Large jet,True,Day,2025-07-16 13:55:50,2025-07-16 00:00:00,2425.0000775999997,2.422074525814425,1,2425.0000775999997,1,2425.0000775999997,-286.25759382252545,True,True,True,False
10612714723440918639,RYR611T ,B38M,L2J,Large jet,True,Day,2025-07-19 12:41:10,2025-07-19 00:00:00,200.0000064,18.777782939904778,1,,0,,,True,False,True,False
10674516813996227166,EXS15Q  ,B738,L2J,Large jet,True,Night,2025-07-02 22:22:50,2025-07-02 00:00:00,,,0,,0,,,False,False,False,False
10707049437792030095,RYR560X ,B738,L2J,Large jet,True,Day,2025-07-12 16:31:40,2025-07-12 00:00:00,,,0,,0,,,False,False,False,False
10728059870559959627,RYR55SN ,B738,L2J,Large jet,True,Day,2025-07-13 16:45:30,2025-07-13 00:00:00,,,0,,0,,,False,False,False,False
10746516677569467675,RYR90UB ,B738,L2J,Large jet,True,Day,2025-07-23 11:43:55,2025-07-23 00:00:00,1300.0000416,10.699755248210746,1,,0,,,True,False,True,False
10746589491462830870,URO901  ,A346,L4J,Large jet,True,Day,2025-07-22 12:17:20,2025-07-22 00:00:00,25.0000008,18.5668628783306,1,,0,,,True,False,True,False
10941688733873758443,EXS3618 ,B738,L2J,Large jet,True,Day,2025-07-17 15:04:20,2025-07-17 00:00:00,,,0,,0,,,False,False,False,False
10953459820097138157,RUK179V ,B738,L2J,Large jet,True,Day,2025-07-30 11:58:35,2025-07-30 00:00:00,,,0,,0,,,False,False,False,False
11024412170088574213,RYR90UB ,B738,L2J,Large jet,True,Day,2025-07-25 10:29:00,2025-07-25 00:00:00,4600.0001472,10.527944794520458,1,,0,,,True,False,True,False
11035641961807313004,RYR8TF  ,B38M,L2J,Large jet,True,Evening,2025-07-27 19:01:15,2025-07-27 00:00:00,,,0,,0,,,False,False,False,False
11044312652362068155,RYR39HE ,B738,,Large jet,True,Evening,2025-07-28 19:43:15,2025-07-28 00:00:00,,,0,,0,,,False,False,False,False
11101720115826868024,RYR560X ,B738,L2J,Large jet,True,Day,2025-07-26 17:07:00,2025-07-26 00:00:00,,,0,,0,,,False,False,False,False
11122828642150984950,TOM6723 ,B738,L2J,Large jet,True,Night,2025-07-20 22:29:35,2025-07-20 00:00:00,375.000012,19.01019599733744,2,,0,,,True,False,True,False
11150272547968958781,RYR9EM  ,B738,L2J,Large jet,True,Day,2025-07-08 05:40:40,2025-07-08 00:00:00,,,0,,0,,,False,False,False,False
11171551995454316007,RYR55SN ,B738,L2J,Large jet,True,Day,2025-07-01 08:32:45,2025-07-01 00:00:00,25.0000008,18.131892369503063,1,,0,,,True,False,True,False
11254395812532269778,RYR59SF ,B38M,L2J,Large jet,True,Evening,2025-07-20 20:11:50,2025-07-20 00:00:00,350.0000112,18.648218597131358,1,,0,,,True,False,True,False
11272642632730862123,URO681  ,A346,L4J,Large jet,True,Day,2025-07-09 14:15:50,2025-07-09 00:00:00,2250.0000720000003,1.29075705005584,1,2250.0000720000003,1,2250.0000720000003,-667.6837220760963,True,True,True,False
11301053252090075678,TOM6HJ  ,B738,,Large jet,True,Day,2025-07-21 13:43:05,2025-07-21 00:00:00,275.00000880000005,18.736500462053964,2,2575.0000824,1,,,True,True,True,False
11320072342226243555,RYR46HP ,B738,L2J,Large jet,True,Night,2025-07-30 22:53:30,2025-07-30 00:00:00,,,0,,0,,,False,False,False,False
11395912743169086613,TOM6723 ,B738,L2J,Large jet,True,Night,2025-07-13 22:23:35,2025-07-13 00:00:00,75.0000024,18.736500462053964,1,,0,,,True,False,True,False
11396334728422025729,EXS68Z  ,B738,L2J,Large jet,True,Night,2025-07-04 22:48:55,2025-07-04 00:00:00,,,0,,0,,,False,False,False,False
11478952395660500556,RYR90UB ,B738,L2J,Large jet,True,Day,2025-07-01 14:07:15,2025-07-01 00:00:00,,,0,,0,,,False,False,False,False
11509120646866272437,RYR14VB ,B738,L2J,Large jet,True,Evening,2025-07-28 21:48:45,2025-07-28 00:00:00,,,0,,0,,,False,False,False,False
11521295509607832481,RYR8TF  ,B738,L2J,Large jet,True,Day,2025-07-20 17:57:45,2025-07-20 00:00:00,350.0000112,18.69183858122567,1,,0,,,True,False,True,False
11537636770751848835,RYR55SN ,B738,L2J,Large jet,True,Day,2025-07-22 08:37:30,2025-07-22 00:00:00,50.0000016,18.692359481490467,1,,0,,,True,False,True,False
11609270680902558192,TOM8BJ  ,B738,L2J,Large jet,True,Night,2025-07-24 22:15:00,2025-07-24 00:00:00,,,0,,0,,,False,False,False,False
11629034874099731719,RYR39HE ,B738,L2J,Large jet,True,Day,2025-07-24 10:22:25,2025-07-24 00:00:00,,,0,,0,,,False,False,False,False
11643413570820840104,TOM8CB  ,B738,,Large jet,True,Day,2025-07-19 11:27:40,2025-07-19 00:00:00,225.0000072,18.34329782099055,3,2350.0000752,2,2675.0000856,-166.6528221216954,True,True,True,False
11667571820401373062,TOM7KX  ,B738,,Large jet,True,Evening,2025-07-22 21:50:05,2025-07-22 00:00:00,,,0,,0,,,False,False,False,False
11719730744945253997,RYR3KY  ,B738,L2J,Large jet,True,Evening,2025-07-15 20:03:35,2025-07-15 00:00:00,,,0,,0,,,False,False,False,False
11772059502387669420,RYR8947 ,B738,L2J,Large jet,True,Day,2025-07-15 15:55:20,2025-07-15 00:00:00,1925.0000616,4.232118751091012,4,1925.0000616,3,2200.0000704000004,-778.4997606194756,True,True,True,False
11798285579770253865,RYR7099 ,B738,L2J,Large jet,True,Day,2025-07-17 14:38:20,2025-07-17 00:00:00,,,0,,0,,,False,False,False,False
11803272550438454043,EXS3676 ,B738,L2J,Large jet,True,Day,2025-07-19 14:23:10,2025-07-19 00:00:00,225.0000072,18.414734630749617,1,,0,,,True,False,True,False
11833233253779375438,RYR46HP ,B738,L2J,Large jet,True,Evening,2025-07-02 21:07:50,2025-07-02 00:00:00,,,0,,0,,,False,False,False,False
11849193524831546231,RYR7148 ,B38M,L2J,Large jet,True,Day,2025-07-04 08:34:10,2025-07-04 00:00:00,1900.0000608,3.0345611336763687,1,1900.0000608,1,,,True,True,True,False
11849490199015636131,RUK179V ,B738,L2J,Large jet,True,Day,2025-07-25 11:09:25,2025-07-25 00:00:00,4050.0001296,9.245354928476742,1,,0,,,True,False,True,False
11875592600356412391,TOM61L  ,B738,L2J,Large jet,True,Day,2025-07-01 15:21:55,2025-07-01 00:00:00,,,0,,0,,,False,False,False,False
11876623825662793010,RYR611T ,B38M,L2J,Large jet,True,Day,2025-07-12 12:48:35,2025-07-12 00:00:00,,,0,,0,,,False,False,False,False
11907583782010108045,TOM6109 ,B738,,Large jet,True,Night,2025-07-28 22:59:10,2025-07-28 00:00:00,,,0,,0,,,False,False,False,False
11937956310254270923,RYR55SN ,A320,L2J,Large jet,True,Day,2025-07-17 09:56:20,2025-07-17 00:00:00,2425.0000775999997,3.4003694841856102,1,2425.0000775999997,1,2400.0000768,-242.57516665929143,True,True,True,False
11943010920446069095,EXS2L   ,B738,L2J,Large jet,True,Day,2025-07-05 12:34:55,2025-07-05 00:00:00,,,0,6475.223421492857,1,6475.223421492857,3661.9477984704445,False,True,False,False
11976935975316131933,TOM6339 ,B738,,Large jet,True,Day,2025-07-23 11:17:15,2025-07-23 00:00:00,2725.0000872,3.0378343941180446,1,2725.0000872,1,2725.0000872,55.497203708282996,True,True,True,False
12015811128830488299,RYR3KY  ,B738,L2J,Large jet,True,Evening,2025-07-08 20:09:35,2025-07-08 00:00:00,2550.0000816,2.0928594275920336,1,2550.0000816,1,2550.0000816,-206.7089718162365,True,True,True,False
12026354268704504873,RYR24GH ,B738,L2J,Large jet,True,Evening,2025-07-31 19:40:45,2025-07-31 00:00:00,2425.0000775999997,2.5095634154740853,1,2425.0000775999997,1,2425.0000775999997,-418.4588933598948,True,True,True,False
12050723566627532710,URO601  ,A346,L4J,Large jet,True,Day,2025-07-03 12:22:15,2025-07-03 00:00:00,2050.0000656,2.105446344621502,2,2050.0000656,1,2050.0000656,-796.8815015399477,True,True,True,False
12073514286505618182,TOM299  ,B738,L2J,Large jet,True,Night,2025-07-11 22:51:20,2025-07-11 00:00:00,,,0,,0,,,False,False,False,False
12081385136005857693,RYR9356 ,B738,L2J,Large jet,True,Day,2025-07-30 09:59:55,2025-07-30 00:00:00,2200.0000704000004,4.492534186825427,2,2200.0000704000004,2,,,True,True,True,False
12091505028988572112,RYR24GH ,B738,L2J,Large jet,True,Evening,2025-07-15 18:10:05,2025-07-15 00:00:00,2325.0000744000004,4.083926891762188,1,2325.0000744000004,1,,,True,True,True,False
12125355447895204092,EXS3618 ,B738,L2J,Large jet,True,Day,2025-07-03 15:11:30,2025-07-03 00:00:00,,,0,,0,,,False,False,False,False
12132309792048945706,EXS66Q  ,B738,L2J,Large jet,True,Evening,2025-07-04 21:57:15,2025-07-04 00:00:00,2225.0000712,1.3501273884616474,1,2225.0000712,1,2225.0000712,-680.1392731258311,True,True,True,False
12152741810421617514,RYR8TF  ,B738,L2J,Large jet,True,Evening,2025-07-17 20:53:00,2025-07-17 00:00:00,,,0,,0,,,False,False,False,False
12190116725403239245,TOM6785 ,B738,,Large jet,True,Evening,2025-07-20 21:49:15,2025-07-20 00:00:00,400.0000128,18.751211996626566,1,,0,,,True,False,True,False
12205176943842418948,EXS47K  ,B738,L2J,Large jet,True,Day,2025-07-01 16:37:30,2025-07-01 00:00:00,25.0000008,18.178980832259253,1,,0,,,True,False,True,False
12295419512247827985,FHY545  ,A320,L2J,Large jet,True,Evening,2025-07-06 18:27:35,2025-07-06 00:00:00,150.0000048,18.723494549248674,1,,0,,,True,False,True,False
12346012735065863823,RYR24GH ,B738,L2J,Large jet,True,Evening,2025-07-07 21:56:30,2025-07-07 00:00:00,,,0,,0,,,False,False,False,False
12349391122965271037,EXS74H  ,B738,L2J,Large jet,True,Day,2025-07-18 12:08:00,2025-07-18 00:00:00,,,0,,0,,,False,False,False,False
12351301889681102743,RYR8945 ,B738,L2J,Large jet,True,Evening,2025-07-06 20:54:30,2025-07-06 00:00:00,125.000004,18.648218597131358,1,,0,,,True,False,True,False
12373850057043847835,RYR611T ,B738,L2J,Large jet,True,Day,2025-07-10 14:36:30,2025-07-10 00:00:00,2250.0000720000003,2.93174735105333,2,2250.0000720000003,1,2250.0000720000003,-933.4213226130623,True,True,True,False
12387601065346740444,EXS51Y  ,B738,L2J,Large jet,True,Day,2025-07-27 12:43:20,2025-07-27 00:00:00,,,0,,0,,,False,False,False,False
12406074664297424891,RYR8945 ,B738,L2J,Large jet,True,Day,2025-07-28 14:01:10,2025-07-28 00:00:00,2275.0000728,18.97735608408852,2,2275.0000728,1,,,True,True,True,False
12429390621507242406,URO681  ,A346,L4J,Large jet,True,Evening,2025-07-30 18:21:55,2025-07-30 00:00:00,2475.0000792,2.1553706629273743,3,2475.0000792,2,2525.0000808,-377.98951640690166,True,True,True,False
12436881999532306532,RYR9EM  ,B738,L2J,Large jet,True,Day,2025-07-22 05:38:45,2025-07-22 00:00:00,,,0,,0,,,False,False,False,False
12440200269004803504,RYR7099 ,B738,L2J,Large jet,True,Day,2025-07-20 09:49:40,2025-07-20 00:00:00,375.000012,18.758570988382235,1,,0,,,True,False,True,False
12456802578457888587,TOM5JB  ,B738,L2J,Large jet,True,Day,2025-07-13 12:07:00,2025-07-13 00:00:00,,,0,,0,,,False,False,False,False
12458332822525929787,RYR560X ,B738,L2J,Large jet,True,Day,2025-07-23 14:39:25,2025-07-23 00:00:00,3350.0001072,2.0770239147399336,1,3350.0001072,1,3375.000108,17.47522534200789,True,True,True,False
12482274591191305316,EXS66Q  ,B738,,Large jet,True,Evening,2025-07-22 21:56:45,2025-07-22 00:00:00,,,0,,0,,,False,False,False,False
12509746481274757941,RYR46HP ,B738,L2J,Large jet,True,Evening,2025-07-09 21:19:45,2025-07-09 00:00:00,3200.0001024,2.8080398299086924,1,3200.0001024,1,3200.0001024,-397.1221398406474,True,True,True,False
12539815707315383903,RYR73LA ,B738,L2J,Large jet,True,Day,2025-07-01 14:15:30,2025-07-01 00:00:00,,,0,,0,,,False,False,False,False
12568889621186069554,RYR2CT  ,A320,L2J,Large jet,True,Day,2025-07-23 17:08:35,2025-07-23 00:00:00,2875.000092,2.5254253974480503,1,2875.000092,1,2875.000092,-84.8200723348009,True,True,True,False
12616734844462491816,RYR90UB ,B738,L2J,Large jet,True,Day,2025-07-31 15:37:30,2025-07-31 00:00:00,,,0,,0,,,False,False,False,False
12719081515534036749,RUK179V ,B738,,Large jet,True,Day,2025-07-14 11:18:20,2025-07-14 00:00:00,850.0000272000001,12.785321791344685,9,1950.0000624,6,2475.0000792,-616.6933152169868,True,True,True,False
12754761360705051888,TOM7TY  ,B738,,Large jet,True,Day,2025-07-11 13:49:15,2025-07-11 00:00:00,,,0,,0,,,False,False,False,False
12759259063936794506,RUK179V ,B738,,Large jet,True,Day,2025-07-18 11:06:20,2025-07-18 00:00:00,25.0000008,18.307892737490693,1,,0,,,True,False,True,False
12773335506449581779,RYR55SN ,A320,L2J,Large jet,True,Day,2025-07-04 10:10:55,2025-07-04 00:00:00,,,0,,0,,,False,False,False,False
12891839870154415687,EXS147L ,B738,L2J,Large jet,True,Day,2025-07-02 12:03:20,2025-07-02 00:00:00,2325.0000744000004,3.1501803673582103,1,2325.0000744000004,1,,,True,True,True,False
12909946288256162951,URO901  ,A346,L4J,Large jet,True,Day,2025-07-28 08:13:20,2025-07-28 00:00:00,2225.0000712,2.0927085931382114,2,2225.0000712,2,2275.0000728,-616.7583770073002,True,True,True,False
12940264796935703748,EXS147L ,B738,L2J,Large jet,True,Day,2025-07-23 11:48:00,2025-07-23 00:00:00,2450.0000784,2.5701600018938233,1,2450.0000784,1,2450.0000784,-531.5372565872199,True,True,True,False
13224830515886656530,URO601  ,A346,L4J,Large jet,True,Day,2025-07-19 13:58:05,2025-07-19 00:00:00,200.0000064,19.01528032572379,1,,0,,,True,False,True,False
13244379297557476702,EXS74H  ,B738,,Large jet,True,Day,2025-07-25 12:27:00,2025-07-25 00:00:00,,,0,,0,,,False,False,False,False
13256503813068439122,EXS147L ,B738,,Large jet,True,Evening,2025-07-26 21:30:35,2025-07-26 00:00:00,1800.0000576,5.758637606255685,1,1800.0000576,1,,,True,True,True,False
13258692679160368777,EXS64DM ,B738,,Large jet,True,Day,2025-07-31 14:25:40,2025-07-31 00:00:00,,,0,,0,,,False,False,False,False
13283999474436777433,RYR611T ,B38M,L2J,Large jet,True,Day,2025-07-27 12:38:50,2025-07-27 00:00:00,,,0,,0,,,False,False,False,False
13296088606966152599,TOM793  ,B738,,Large jet,True,Night,2025-07-14 23:29:20,2025-07-14 00:00:00,2750.0000880000002,1.6449974401688907,2,2750.0000880000002,1,2750.0000880000002,-108.65978907837189,True,True,True,False
13301945617242888311,RYR7148 ,B738,L2J,Large jet,True,Day,2025-07-22 07:24:35,2025-07-22 00:00:00,75.0000024,18.751211996626566,1,,0,,,True,False,True,False
13377474977527016031,EXS47K  ,B738,L2J,Large jet,True,Day,2025-07-08 16:48:40,2025-07-08 00:00:00,,,0,,0,,,False,False,False,False
13431987511300147994,EXS74H  ,B738,L2J,Large jet,True,Day,2025-07-11 11:59:00,2025-07-11 00:00:00,,,0,,0,,,False,False,False,False
13461715435048786660,TOM61L  ,B738,L2J,Large jet,True,Day,2025-07-22 14:58:40,2025-07-22 00:00:00,25.0000008,18.52508515262462,1,,0,,,True,False,True,False
13508906620599884549,RYR24GH ,B738,L2J,Large jet,True,Evening,2025-07-23 21:00:30,2025-07-23 00:00:00,,,0,,0,,,False,False,False,False
13542344852323252050,TOM5GB  ,B738,,Large jet,True,Day,2025-07-31 11:39:15,2025-07-31 00:00:00,325.0000104,15.900209617347775,1,,0,,,True,False,True,False
13578538250723451398,RYR55SN ,B738,L2J,Large jet,True,Day,2025-07-06 15:23:15,2025-07-06 00:00:00,4190.983740668851,18.653444790032758,1,,0,,,True,False,True,False
13585973748722254950,RYR611T ,B38M,,Large jet,True,Evening,2025-07-09 20:07:45,2025-07-09 00:00:00,,,0,,0,,,False,False,False,False
13593327164133688332,RYR55SN ,B38M,,Large jet,True,Day,2025-07-07 15:09:15,2025-07-07 00:00:00,1925.0000616,4.193896426895183,3,1925.0000616,3,1950.0000624,-650.3425839892475,True,True,True,True
13618091399662011378,RYR560X ,B738,L2J,Large jet,True,Day,2025-07-30 15:05:50,2025-07-30 00:00:00,,,0,,0,,,False,False,False,False
13645479423135277261,RYR73LA ,B738,L2J,Large jet,True,Day,2025-07-29 14:01:40,2025-07-29 00:00:00,,,0,,0,,,False,False,False,False
13670730362181828501,RYR8TF  ,B738,L2J,Large jet,True,Evening,2025-07-06 18:18:05,2025-07-06 00:00:00,125.000004,18.82075526586579,1,,0,,,True,False,True,False
13712966654668785947,RYR73LA ,B38M,,Large jet,True,Day,2025-07-06 08:44:55,2025-07-06 00:00:00,150.0000048,18.761381703003803,2,2450.0000784,1,,,True,True,True,False
13720117823923641776,EXS2LS  ,B738,L2J,Large jet,True,Night,2025-07-19 23:37:25,2025-07-19 00:00:00,,,0,,0,,,False,False,False,False
13739741192175903040,RYR55SN ,A320,L2J,Large jet,True,Day,2025-07-10 10:27:15,2025-07-10 00:00:00,1950.0000624,3.4789253809649336,2,1950.0000624,2,2025.0000648,-819.2761420847237,True,True,True,False
13763996400464109591,TOM6HJ  ,B738,L2J,Large jet,True,Day,2025-07-14 13:30:50,2025-07-14 00:00:00,2450.0000784,3.1376727797499346,1,2450.0000784,1,,,True,True,True,False
13786170596562281919,RYR24GH ,B738,L2J,Large jet,True,Night,2025-07-31 00:29:45,2025-07-30 00:00:00,,,0,,0,,,False,False,False,False
13793605039560592102,RYR8TF  ,B738,L2J,Large jet,True,Evening,2025-07-10 20:45:45,2025-07-10 00:00:00,,,0,,0,,,False,False,False,False
13806832746938050517,RYR46HP ,B738,L2J,Large jet,True,Evening,2025-07-04 21:53:05,2025-07-04 00:00:00,,,0,,0,,,False,False,False,False
13830248936625096541,RYR90UB ,B738,L2J,Large jet,True,Day,2025-07-10 15:40:10,2025-07-10 00:00:00,,,0,,0,,,False,False,False,False
13848615460430449673,RYR59SF ,B738,L2J,Large jet,True,Day,2025-07-04 16:10:35,2025-07-04 00:00:00,,,0,,0,,,False,False,False,False
13862122265281505443,RYR611T ,B738,L2J,Large jet,True,Day,2025-07-24 15:22:10,2025-07-24 00:00:00,,,0,,0,,,False,False,False,False
13863065013697587303,TOM7TY  ,B738,L2J,Large jet,True,Day,2025-07-25 13:45:55,2025-07-25 00:00:00,,,0,,0,,,False,False,False,False
13865230336622495655,TOM2TG  ,B738,L2J,Large jet,True,Night,2025-07-04 23:47:30,2025-07-04 00:00:00,2250.0000720000003,4.026319232513723,1,2250.0000720000003,1,,,True,True,True,False
14060403866176523295,EXS66Q  ,B738,L2J,Large jet,True,Evening,2025-07-08 21:36:20,2025-07-08 00:00:00,,,0,,0,,,False,False,False,False
14069130628013426901,RYR59SF ,B738,L2J,Large jet,True,Day,2025-07-11 15:37:20,2025-07-11 00:00:00,,,0,,0,,,False,False,False,False
14160918159724106258,URO681  ,A346,L4J,Large jet,True,Day,2025-07-23 15:40:00,2025-07-23 00:00:00,2475.0000792,2.00046466102944,1,2475.0000792,1,2475.0000792,-313.07993894416313,True,True,True,False
14219888652951091060,RYR55SN ,B738,L2J,Large jet,True,Day,2025-07-02 14:52:45,2025-07-02 00:00:00,,,0,,0,,,False,False,False,False
14231889086816837639,RYR94FL ,B738,L2J,Large jet,True,Day,2025-07-04 13:06:05,2025-07-04 00:00:00,4675.0001496,13.057630062891548,1,,0,,,True,False,True,False
14236003842091250221,TOM793  ,B738,L2J,Large jet,True,Night,2025-07-07 23:27:15,2025-07-07 00:00:00,,,0,,0,,,False,False,False,False
14274048237321879577,TOM2TG  ,B738,,Large jet,True,Night,2025-07-11 23:29:15,2025-07-11 00:00:00,2350.0000752,2.1789959942429853,1,2350.0000752,1,2350.0000752,-506.37636509773256,True,True,True,False
14299675206757080267,RYR24GH ,B738,L2J,Large jet,True,Day,2025-07-25 13:39:40,2025-07-25 00:00:00,,,0,,0,,,False,False,False,False
14305489163704430245,RYR8947 ,B738,L2J,Large jet,True,Day,2025-07-08 15:54:30,2025-07-08 00:00:00,,,0,,0,,,False,False,False,False
14318385402443521350,RYR24GH ,B738,L2J,Large jet,True,Night,2025-07-12 23:02:45,2025-07-12 00:00:00,,,0,,0,,,False,False,False,False
14321705194372009992,VCJ79X  ,B752,L2J,Large jet,True,Day,2025-07-18 13:47:30,2025-07-18 00:00:00,,,0,,0,,,False,False,False,False
14325335679507201570,TOM299  ,B738,,Large jet,True,Night,2025-07-25 22:26:00,2025-07-25 00:00:00,2325.0000744000004,1.5068678321881328,3,2325.0000744000004,1,2350.0000752,-672.9003619370465,True,True,True,False
14342885070177162600,EXS339E ,B738,L2J,Large jet,True,Evening,2025-07-06 21:26:10,2025-07-06 00:00:00,100.0000032,18.86372768940476,2,2625.0000840000002,1,,,True,True,True,False
14353076978169958507,RYR90UB ,B738,L2J,Large jet,True,Night,2025-07-12 22:32:45,2025-07-12 00:00:00,,,0,,0,,,False,False,False,False
14376074018561448458,RYR2CT  ,A320,L2J,Large jet,True,Day,2025-07-26 05:59:55,2025-07-26 00:00:00,2525.0000808,1.1227854152806283,6,2525.0000808,6,2575.0000824,-529.7880225455301,True,True,True,False
14427348743292286475,RYR8945 ,B738,L2J,Large jet,True,Evening,2025-07-20 21:14:55,2025-07-20 00:00:00,400.0000128,18.265471854542206,1,,0,,,True,False,True,False
14444357554726370995,EXS3676 ,B738,L2J,Large jet,True,Day,2025-07-12 14:29:05,2025-07-12 00:00:00,,,0,,0,,,False,False,False,False
14450811977997528733,TOM6109 ,B738,L2J,Large jet,True,Night,2025-07-07 22:45:30,2025-07-07 00:00:00,,,0,,0,,,False,False,False,False
14492279846592691437,EXS147L ,B738,L2J,Large jet,True,Day,2025-07-14 13:12:20,2025-07-14 00:00:00,2475.0000792,3.2283366573226315,2,2475.0000792,1,,,True,True,True,False
14550237076088803640,RYR55SN ,B38M,L2J,Large jet,True,Day,2025-07-14 14:46:35,2025-07-14 00:00:00,2450.0000784,3.2534117370379594,4,2450.0000784,4,2450.0000784,-867.5868329352625,True,True,True,False
14568093014060670159,RYR90UB ,B738,L2J,Large jet,True,Day,2025-07-18 12:21:50,2025-07-18 00:00:00,,,0,,0,,,False,False,False,False
14595984889917800418,RYR24GH ,B738,L2J,Large jet,True,Evening,2025-07-05 21:50:10,2025-07-05 00:00:00,50.0000016,18.523891354324356,1,,0,,,True,False,True,False
14640225893349147292,EXS339E ,B738,L2J,Large jet,True,Evening,2025-07-31 20:59:25,2025-07-31 00:00:00,,,0,,0,,,False,False,False,False
14648945981913167698,RYR39HE ,B738,L2J,Large jet,True,Day,2025-07-10 10:22:30,2025-07-10 00:00:00,,,0,,0,,,False,False,False,False
14656808048443774975,RYR8TF  ,B738,L2J,Large jet,True,Day,2025-07-22 15:20:40,2025-07-22 00:00:00,,,0,,0,,,False,False,False,False
14722171654844953071,RYR7148 ,B38M,L2J,Large jet,True,Day,2025-07-16 15:52:10,2025-07-16 00:00:00,,,0,,0,,,False,False,False,False
14753483363704804497,RYR59SF ,B738,L2J,Large jet,True,Evening,2025-07-01 20:18:00,2025-07-01 00:00:00,4625.000148,8.733190951276086,1,,0,,,True,False,True,False
14790835670767032082,EXS51Y  ,B738,L2J,Large jet,True,Day,2025-07-06 12:21:35,2025-07-06 00:00:00,225.0000072,18.69183858122567,2,2850.0000912,1,2850.0000912,171.93750872911914,True,True,True,False
14818333328860163665,EXS147L ,B738,L2J,Large jet,True,Day,2025-07-07 13:14:05,2025-07-07 00:00:00,,,0,,0,,,False,False,False,False
14850603933554856618,TOM3XA  ,B738,L2J,Large jet,True,Night,2025-07-05 22:59:15,2025-07-05 00:00:00,50.0000016,18.775415502709578,2,,0,,,True,False,True,False
14967067833356546329,RYR46HP ,B738,L2J,Large jet,True,Night,2025-07-16 22:35:05,2025-07-16 00:00:00,,,0,,0,,,False,False,False,False
14988170540983754255,EXS339E ,B738,L2J,Large jet,True,Evening,2025-07-10 21:08:35,2025-07-10 00:00:00,1775.0000568,5.742676589279436,1,1775.0000568,1,,,True,True,True,False
14996851536889688421,RYR8TF  ,B738,L2J,Large jet,True,Day,2025-07-01 15:08:25,2025-07-01 00:00:00,,,0,,0,,,False,False,False,False
15013879682938828409,URO681  ,A346,L4J,Large jet,True,Day,2025-07-13 17:00:20,2025-07-13 00:00:00,100.0000032,18.794184305214326,1,,0,,,True,False,True,False
15050332881428704495,RYR9356 ,B738,L2J,Large jet,True,Day,2025-07-02 09:08:25,2025-07-02 00:00:00,,,0,,0,,,False,False,False,False
15057498557382452937,TOM645  ,B738,L2J,Large jet,True,Day,2025-07-17 13:25:30,2025-07-17 00:00:00,2300.0000736,3.6015286555983717,1,2300.0000736,1,,,True,True,True,False
15106698555255092292,TOM6HJ  ,B738,,Large jet,True,Day,2025-07-28 13:33:25,2025-07-28 00:00:00,,,0,,0,,,False,False,False,False
15114887951285823404,EXS3676 ,B738,L2J,Large jet,True,Day,2025-07-05 14:58:55,2025-07-05 00:00:00,,,0,,0,,,False,False,False,False
15118761419620668581,TOM6109 ,B738,,Large jet,True,Night,2025-07-21 22:38:10,2025-07-21 00:00:00,175.0000056,18.5535458224711,1,,0,,,True,False,True,False
15142276964981234781,EXS2LS  ,B738,L2J,Large jet,True,Night,2025-07-02 23:03:45,2025-07-02 00:00:00,,,0,,0,,,False,False,False,False
15172178035159040367,RYR24GH ,B738,L2J,Large jet,True,Evening,2025-07-29 18:02:40,2025-07-29 00:00:00,,,0,,0,,,False,False,False,False
15263990809750172668,EXS34A  ,B738,L2J,Large jet,True,Night,2025-07-17 22:40:40,2025-07-17 00:00:00,,,0,,0,,,False,False,False,False
15264762052164990181,RYR8008 ,B738,L2J,Large jet,True,Day,2025-07-12 14:07:55,2025-07-12 00:00:00,,,0,,0,,,False,False,False,False
15287213392710601672,EXS68Z  ,B738,L2J,Large jet,True,Night,2025-07-14 22:33:45,2025-07-14 00:00:00,,,0,,0,,,False,False,False,False
15387982519959286006,URO681  ,A346,L4J,Large jet,True,Day,2025-07-25 13:23:20,2025-07-25 00:00:00,1719.4444994666676,18.39497737943228,1,,0,,,True,False,True,False
15394675083723983246,RYR7148 ,B738,L2J,Large jet,True,Day,2025-07-08 07:26:25,2025-07-08 00:00:00,2125.0000680000003,4.713526820387269,1,2125.0000680000003,1,,,True,True,True,False
15406488850596953648,TOM5XY  ,B738,L2J,Large jet,True,Night,2025-07-16 22:24:00,2025-07-16 00:00:00,3850.0001232,7.765781484308706,1,,0,,,True,False,True,False
15413430635699019393,RUK179V ,B738,L2J,Large jet,True,Day,2025-07-28 11:20:55,2025-07-28 00:00:00,2275.0000728,3.2710360477315246,5,2275.0000728,3,2275.0000728,-573.8462635812043,True,True,True,False
15443921572446901450,RYR14VB ,B738,L2J,Large jet,True,Evening,2025-07-07 21:50:00,2025-07-07 00:00:00,,,0,,0,,,False,False,False,False
15477612919625420348,EXS74H  ,B738,L2J,Large jet,True,Day,2025-07-04 12:09:40,2025-07-04 00:00:00,,,0,,0,,,False,False,False,False
15571481553043378735,RYR3KY  ,B738,L2J,Large jet,True,Day,2025-07-12 08:39:05,2025-07-12 00:00:00,,,0,,0,,,False,False,False,False
15652699723841126048,EXS3676 ,B738,,Large jet,True,Day,2025-07-26 14:27:50,2025-07-26 00:00:00,,,0,,0,,,False,False,False,False
15797938881832089921,RYR7148 ,B38M,L2J,Large jet,True,Evening,2025-07-31 18:49:15,2025-07-31 00:00:00,,,0,,0,,,False,False,False,False
15800512294693746465,TOM61L  ,B738,L2J,Large jet,True,Day,2025-07-29 14:44:20,2025-07-29 00:00:00,2725.0000872,1.4729410490087795,1,2725.0000872,1,2725.0000872,-144.08823913323977,True,True,True,False
15815577905823253215,RYR59SF ,B738,L2J,Large jet,True,Day,2025-07-25 15:32:45,2025-07-25 00:00:00,,,0,,0,,,False,False,False,False
15836592260193916507,RYR55SN ,A320,L2J,Large jet,True,Day,2025-07-11 11:21:35,2025-07-11 00:00:00,,,0,,0,,,False,False,False,False
15876511312197360505,EXS2L   ,B738,L2J,Large jet,True,Day,2025-07-26 12:30:20,2025-07-26 00:00:00,,,0,,0,,,False,False,False,False
15885771176503695805,EXS34A  ,B738,,Large jet,True,Night,2025-07-31 23:36:00,2025-07-31 00:00:00,2400.0000768,3.2304080922514045,1,2400.0000768,1,,,True,True,True,False
15886228119718946458,EXS51Y  ,B738,L2J,Large jet,True,Day,2025-07-13 12:23:50,2025-07-13 00:00:00,,,0,,0,,,False,False,False,False
15902300879296819603,RYR39HE ,B738,L2J,Large jet,True,Evening,2025-07-07 19:36:55,2025-07-07 00:00:00,,,0,,0,,,False,False,False,False
15918248218291306756,TOM3XB  ,B738,L2J,Large jet,True,Day,2025-07-11 12:01:40,2025-07-11 00:00:00,,,0,,0,,,False,False,False,False
15941205086310336064,RUK179V ,B738,L2J,Large jet,True,Day,2025-07-23 12:04:10,2025-07-23 00:00:00,3500.0001119999997,2.5854389617095612,1,3500.0001119999997,1,3500.0001119999997,-32.36983093500976,True,True,True,False
15952175724881811763,EXS339E ,B738,L2J,Large jet,True,Evening,2025-07-24 21:02:00,2025-07-24 00:00:00,,,0,,0,,,False,False,False,False
15976616710293518715,EXS64DM ,B738,L2J,Large jet,True,Day,2025-07-17 14:17:35,2025-07-17 00:00:00,,,0,,0,,,False,False,False,False
16010259688230686090,TOM5JB  ,B738,L2J,Large jet,True,Day,2025-07-20 12:13:00,2025-07-20 00:00:00,375.000012,18.98870950327128,1,,0,,,True,False,True,False
16112819019330731018,RYR8947 ,B738,L2J,Large jet,True,Day,2025-07-04 14:12:35,2025-07-04 00:00:00,,,0,,0,,,False,False,False,False
16117433277921042479,URO681A ,A346,L4J,Large jet,True,Day,2025-07-13 05:40:10,2025-07-13 00:00:00,,,0,,0,,,False,False,False,False
16147206917754121510,RYR7099 ,B738,L2J,Large jet,True,Day,2025-07-27 08:53:40,2025-07-27 00:00:00,,,0,,0,,,False,False,False,False
16240692280520579978,RYR8947 ,B738,L2J,Large jet,True,Day,2025-07-29 15:47:30,2025-07-29 00:00:00,2350.0000752,1.0777733782627315,2,2350.0000752,2,2350.0000752,-598.5567121992754,True,True,True,False
16272100350921886151,RYR611T ,B38M,,Large jet,True,Day,2025-07-22 12:50:05,2025-07-22 00:00:00,,,0,,0,,,False,False,False,False
16392215644843562947,EXS15Q  ,B738,,Large jet,True,Night,2025-07-23 22:50:20,2025-07-23 00:00:00,,,0,,0,,,False,False,False,False
16411747224227237487,RYR7148 ,B38M,L2J,Large jet,True,Day,2025-07-25 08:48:25,2025-07-25 00:00:00,,,0,,0,,,False,False,False,False
16424727117578305625,EXS64DM ,B738,L2J,Large jet,True,Day,2025-07-10 14:02:50,2025-07-10 00:00:00,1750.0000559999999,5.47642267594947,1,1750.0000559999999,1,,,True,True,True,False
16427341470909349203,RYR611T ,B38M,L2J,Large jet,True,Evening,2025-07-14 19:03:40,2025-07-14 00:00:00,2425.0000775999997,2.6222230051357402,1,2425.0000775999997,1,2425.0000775999997,-240.9615550667827,True,True,True,False
16489002351352116310,RYR7099 ,B738,L2J,Large jet,True,Day,2025-07-06 09:21:55,2025-07-06 00:00:00,175.0000056,18.48210870560175,1,,0,,,True,False,True,False
16491710087048201707,RYR55SN ,B738,L2J,Large jet,True,Day,2025-07-08 08:53:10,2025-07-08 00:00:00,1825.0000584,5.885156124456276,2,1825.0000584,2,1825.0000584,-870.9052299240147,True,True,True,True
16494531604337553790,EXS34A  ,B738,,Large jet,True,Night,2025-07-24 22:53:35,2025-07-24 00:00:00,,,0,,0,,,False,False,False,False
16504697526878146421,RYR3KY  ,B738,L2J,Large jet,True,Evening,2025-07-29 20:14:05,2025-07-29 00:00:00,,,0,,0,,,False,False,False,False
16531261836692038601,RYR3KY  ,B738,L2J,Large jet,True,Evening,2025-07-01 21:03:10,2025-07-01 00:00:00,,,0,,0,,,False,False,False,False
16532343375844007292,FHY545  ,A320,L2J,Large jet,True,Evening,2025-07-20 18:31:35,2025-07-20 00:00:00,400.0000128,18.32645465349117,2,2900.0000928000004,1,2900.0000928000004,-342.53809765628375,True,True,True,False
16536816061117331475,EXS47K  ,B738,L2J,Large jet,True,Day,2025-07-29 17:33:45,2025-07-29 00:00:00,,,0,,0,,,False,False,False,False
16569354525534097787,TOM7KX  ,B738,,Large jet,True,Night,2025-07-29 22:00:30,2025-07-29 00:00:00,,,0,,0,,,False,False,False,False
16595681809786656176,TOM5XY  ,B738,,Large jet,True,Night,2025-07-23 22:30:20,2025-07-23 00:00:00,1600.0000512,4.791124423148167,2,1600.0000512,2,,,True,True,True,False
16664678938319453785,RYR611T ,B38M,,Large jet,True,Day,2025-07-25 09:07:25,2025-07-25 00:00:00,,,0,,0,,,False,False,False,False
16666259434185236913,EXS2LS  ,B738,L2J,Large jet,True,Night,2025-07-23 22:39:40,2025-07-23 00:00:00,,,0,,0,,,False,False,False,False
16677444755051528117,RYR55SN ,A320,L2J,Large jet,True,Day,2025-07-25 10:20:45,2025-07-25 00:00:00,2350.0000752,2.589408793721053,2,2350.0000752,1,2350.0000752,-452.52479597955835,True,True,True,False
16677685247321284059,TOM57V  ,B738,L2J,Large jet,True,Night,2025-07-09 22:36:40,2025-07-09 00:00:00,,,0,,0,,,False,False,False,False
16718724066140820878,RYR2CT  ,A320,L2J,Large jet,True,Day,2025-07-09 16:59:55,2025-07-09 00:00:00,,,0,,0,,,False,False,False,False
16728358980569007832,RYR59SF ,B738,L2J,Large jet,True,Day,2025-07-18 15:23:20,2025-07-18 00:00:00,25.0000008,18.648218597131358,2,,0,,,True,False,True,False
16783845801516150780,RYR611T ,B38M,L2J,Large jet,True,Day,2025-07-20 12:24:20,2025-07-20 00:00:00,400.0000128,18.375821446510074,1,,0,,,True,False,True,False
16799834873472414850,RYR2CT  ,A320,L2J,Large jet,True,Day,2025-07-05 06:22:05,2025-07-05 00:00:00,2650.0000848,0.7379659927943197,2,2650.0000848,2,2650.0000848,-397.67446963129714,True,True,True,False
16800719850494720272,EXS147L ,B738,L2J,Large jet,True,Night,2025-07-12 22:10:30,2025-07-12 00:00:00,,,0,,0,,,False,False,False,False
16806893615510668157,EXS2LS  ,B738,L2J,Large jet,True,Night,2025-07-26 23:36:55,2025-07-26 00:00:00,,,0,,0,,,False,False,False,False
16809683093373442526,RYR9EM  ,B738,L2J,Large jet,True,Evening,2025-07-19 21:11:15,2025-07-19 00:00:00,250.000008,18.969994063616326,3,3625.000116,2,3600.0001152,257.398215990268,True,True,True,False
16825268047029154163,RYR90UB ,B738,L2J,Large jet,True,Day,2025-07-02 11:52:15,2025-07-02 00:00:00,,,0,,0,,,False,False,False,False
16892107846138091593,URO901  ,A346,L4J,Large jet,True,Day,2025-07-27 06:46:25,2025-07-27 00:00:00,2375.0000760000003,1.348537724302327,1,2375.0000760000003,1,2375.0000760000003,-531.969196649452,True,True,True,False
16903866674249844888,RYR39HE ,B738,L2J,Large jet,True,Day,2025-07-17 10:38:00,2025-07-17 00:00:00,,,0,,0,,,False,False,False,False
16909977894007998973,URO681  ,A346,L4J,Large jet,True,Day,2025-07-11 12:27:55,2025-07-11 00:00:00,,,0,,0,,,False,False,False,False
16920912776609547816,RYR90UB ,B738,L2J,Large jet,True,Day,2025-07-16 11:52:35,2025-07-16 00:00:00,2925.0000936,2.0632362189600606,1,2925.0000936,1,2925.0000936,-67.24313010554943,True,True,True,False
16977781222826357271,URO681  ,A346,L4J,Large jet,True,Day,2025-07-18 12:31:50,2025-07-18 00:00:00,2525.0000808,4.581703325166567,1,2525.0000808,1,,,True,True,True,False
17000053123292772361,RYR8947 ,B738,L2J,Large jet,True,Day,2025-07-25 14:08:00,2025-07-25 00:00:00,,,0,,0,,,False,False,False,False
17016906108807682635,EXS2L   ,B738,,Large jet,True,Day,2025-07-22 12:06:45,2025-07-22 00:00:00,75.0000024,18.15396200530771,2,2875.000092,1,2850.0000912,-25.456059272832135,True,True,True,False
17044777832716623582,RYR94FL ,B738,L2J,Large jet,True,Night,2025-07-24 22:46:45,2025-07-24 00:00:00,3325.0001064000003,4.235608496905705,1,3325.0001064000003,1,,,True,True,True,False
17047900245958044086,RYR90UB ,B738,,Large jet,True,Day,2025-07-08 14:40:45,2025-07-08 00:00:00,,,0,,0,,,False,False,False,False
17098323321695878137,EXS68Z  ,B738,,Large jet,True,Night,2025-07-21 23:14:35,2025-07-21 00:00:00,175.0000056,18.382211155170832,2,2650.0000848,1,,,True,True,True,False
17100299677111565390,RYR2CT  ,A320,L2J,Large jet,True,Evening,2025-07-16 19:21:40,2025-07-16 00:00:00,2825.0000904000003,0.8898808282069414,1,2825.0000904000003,1,2825.0000904000003,-238.55994392660614,True,True,True,False
17106802938950942681,RYR611T ,B38M,,Large jet,True,Evening,2025-07-28 19:21:50,2025-07-28 00:00:00,,,0,,0,,,False,False,False,False
17117572981133391191,EXS339E ,B738,L2J,Large jet,True,Evening,2025-07-13 21:29:20,2025-07-13 00:00:00,75.0000024,18.724882341561134,3,,0,,,True,False,True,False
17118029482784629669,RUK179V ,B738,L2J,Large jet,True,Day,2025-07-07 10:45:25,2025-07-07 00:00:00,,,0,,0,,,False,False,False,False
17199058058694761188,RYR90UB ,B738,L2J,Large jet,True,Day,2025-07-17 15:26:35,2025-07-17 00:00:00,2400.0000768,2.842868357231209,1,2400.0000768,1,2400.0000768,-308.1350669918543,True,True,True,False
17199722561835879589,RYR46HP ,B738,L2J,Large jet,True,Night,2025-07-23 22:27:20,2025-07-23 00:00:00,,,0,,0,,,False,False,False,False
17211489265996691961,URO681  ,A346,L4J,Large jet,True,Day,2025-07-06 13:16:05,2025-07-06 00:00:00,2675.0000856,2.3870226438547286,4,2675.0000856,4,2725.0000872,-248.45728494431933,True,True,True,False
17273119111888559109,TOM5XY  ,B738,L2J,Large jet,True,Night,2025-07-09 22:07:20,2025-07-09 00:00:00,,,0,,0,,,False,False,False,False
17310945928511061065,RYR9356 ,B738,L2J,Large jet,True,Day,2025-07-05 14:04:20,2025-07-05 00:00:00,,,0,,0,,,False,False,False,False
17363114089122720360,RYR59SF ,B738,L2J,Large jet,True,Night,2025-07-15 22:13:45,2025-07-15 00:00:00,3975.0001272000004,5.238295623006835,1,3975.0001272000004,1,,,True,True,True,False
17365887483772730024,RYR9EM  ,B738,L2J,Large jet,True,Evening,2025-07-05 19:34:30,2025-07-05 00:00:00,,,0,,0,,,False,False,False,False
17431595399584039369,RYR55SN ,A320,L2J,Large jet,True,Day,2025-07-24 09:35:15,2025-07-24 00:00:00,2375.0000760000003,3.8910178270397466,4,2375.0000760000003,4,2375.0000760000003,-508.1938335595414,True,True,True,False
17513918948405522090,RYR24GH ,B738,L2J,Large jet,True,Evening,2025-07-26 21:43:35,2025-07-26 00:00:00,2350.0000752,2.506306798901511,1,2350.0000752,1,2350.0000752,-368.4434999193836,True,True,True,False
17522738380598391675,URO901  ,A346,L4J,Large jet,True,Day,2025-07-25 08:01:00,2025-07-25 00:00:00,,,0,,0,,,False,False,False,False
17536067292252266466,FHY545  ,A320,L2J,Large jet,True,Evening,2025-07-13 18:40:10,2025-07-13 00:00:00,,,0,,0,,,False,False,False,False
17558730952799649597,EXS47K  ,B738,L2J,Large jet,True,Day,2025-07-22 16:39:55,2025-07-22 00:00:00,,,0,,0,,,False,False,False,False
17641124365537125962,EXS3618 ,B738,L2J,Large jet,True,Day,2025-07-31 14:33:55,2025-07-31 00:00:00,,,0,,0,,,False,False,False,False
17651279846689818193,URO681  ,A346,L4J,Large jet,True,Day,2025-07-20 14:11:50,2025-07-20 00:00:00,350.0000112,18.41996145510749,3,2900.0000928000004,2,2900.0000928000004,-30.082837130636108,True,True,True,False
17697240062425773916,TOM299  ,B738,L2J,Large jet,True,Night,2025-07-04 22:57:00,2025-07-04 00:00:00,,,0,,0,,,False,False,False,False
17709867859818728472,RYR8945 ,B738,L2J,Large jet,True,Day,2025-07-21 14:09:25,2025-07-21 00:00:00,,,0,,0,,,False,False,False,False
17738982377490542961,RYR94FL ,B38M,L2J,Large jet,True,Day,2025-07-13 06:50:30,2025-07-13 00:00:00,,,0,,0,,,False,False,False,False
17878330709059619180,TOM8BJ  ,B738,L2J,Large jet,True,Night,2025-07-10 23:41:00,2025-07-10 00:00:00,3100.0000992,5.4968854317942455,1,3100.0000992,1,,,True,True,True,False
17898325102581396149,TOM82B  ,B738,,Large jet,True,Day,2025-07-14 13:06:50,2025-07-14 00:00:00,2975.0000952000005,0.587292083128416,3,2975.0000952000005,2,2975.0000952000005,-119.085585255983,True,True,True,False
17921422878678934180,EXS47K  ,B738,L2J,Large jet,True,Day,2025-07-15 17:27:10,2025-07-15 00:00:00,2450.0000784,2.065226635353127,1,2450.0000784,1,2450.0000784,-316.6990372828668,True,True,True,False
17939122875690901334,TOM6TM  ,B738,L2J,Large jet,True,Night,2025-07-31 23:10:45,2025-07-31 00:00:00,,,0,,0,,,False,False,False,False
17965367183762953045,RYR3KY  ,B738,L2J,Large jet,True,Day,2025-07-26 08:36:50,2025-07-26 00:00:00,,,0,,0,,,False,False,False,False
17975332318149754689,EXS2LS  ,B738,L2J,Large jet,True,Night,2025-07-16 22:57:55,2025-07-16 00:00:00,,,0,,0,,,False,False,False,False
17993251533153267181,RYR55SN ,A320,L2J,Large jet,True,Day,2025-07-18 10:25:15,2025-07-18 00:00:00,,,0,,0,,,False,False,False,False
18011287351967679497,RYR9EM  ,B738,L2J,Large jet,True,Day,2025-07-15 07:12:35,2025-07-15 00:00:00,875.0000279999999,9.075243397209302,3,,0,,,True,False,True,False
18064113033757116555,EXS9WF  ,B738,L2J,Large jet,True,Night,2025-07-15 00:33:30,2025-07-14 00:00:00,3825.0001224000002,4.998177733564532,1,3825.0001224000002,1,,,True,True,True,False
18087120561078687102,URO681  ,A346,L4J,Large jet,True,Day,2025-07-04 12:42:10,2025-07-04 00:00:00,,,0,,0,,,False,False,False,False
18136737891874924361,RYR55SN ,B738,L2J,Large jet,True,Day,2025-07-15 08:55:05,2025-07-15 00:00:00,2350.0000752,3.774319460136533,1,2350.0000752,1,,,True,True,True,False
18144140659282710092,RYR2CT  ,A320,L2J,Large jet,True,Day,2025-07-19 06:15:20,2025-07-19 00:00:00,175.0000056,18.523891354324356,1,,0,,,True,False,True,False
18168248720121677360,RYR14VB ,B738,L2J,Large jet,True,Night,2025-07-11 22:32:15,2025-07-11 00:00:00,,,0,,0,,,False,False,False,False
18211427995735073473,RYR7099 ,B738,L2J,Large jet,True,Day,2025-07-24 14:05:35,2025-07-24 00:00:00,,,0,,0,,,False,False,False,False
18254342631739113957,EXS2LS  ,B738,L2J,Large jet,True,Night,2025-07-13 00:00:15,2025-07-12 00:00:00,3450.0001104,18.8339315840938,1,,0,,,True,False,True,False
18294830913012808150,RYR55SN ,A320,L2J,Large jet,True,Day,2025-07-03 09:48:20,2025-07-03 00:00:00,,,0,,0,,,False,False,False,False
18316795386499995347,URO681  ,A346,L4J,Large jet,True,Day,2025-07-31 06:37:05,2025-07-31 00:00:00,2375.0000760000003,1.4165050112591093,1,2375.0000760000003,1,2375.0000760000003,-966.8500281996089,True,True,True,False
18325901892209303281,RYR55SN ,B38M,,Large jet,True,Evening,2025-07-05 19:53:00,2025-07-05 00:00:00,25.0000008,18.631374397483995,1,,0,,,True,False,True,False
18328843750148302794,EXS339E ,B738,L2J,Large jet,True,Night,2025-07-03 23:04:50,2025-07-03 00:00:00,,,0,,0,,,False,False,False,False
18335010606241537331,RYR8TF  ,B738,L2J,Large jet,True,Night,2025-07-03 23:18:05,2025-07-03 00:00:00,,,0,,0,,,False,False,False,False
18337737499440067488,TOM57V  ,B738,,Large jet,True,Night,2025-07-16 23:17:50,2025-07-16 00:00:00,,,0,,0,,,False,False,False,False
18337956587487106316,TOM6339 ,B738,L2J,Large jet,True,Day,2025-07-09 11:15:20,2025-07-09 00:00:00,,,0,,0,,,False,False,False,False
18383913776072679420,RYR24GH ,B738,L2J,Large jet,True,Night,2025-07-21 22:20:05,2025-07-21 00:00:00,175.0000056,18.780641538725412,1,,0,,,True,False,True,False
18420626182750480343,RYR9356 ,B738,L2J,Large jet,True,Day,2025-07-16 09:13:10,2025-07-16 00:00:00,,,0,,0,,,False,False,False,False
81270942336088341,EXS339E ,B738,L2J,Large jet,True,Evening,2025-08-14 20:58:25,2025-08-14 00:00:00,,,0,,0,,,False,False,False,False
87771191549176687,RYR7099 ,B738,L2J,Large jet,True,Day,2025-08-03 08:52:50,2025-08-03 00:00:00,,,0,,0,,,False,False,False,False
109212054576534468,RYR560X ,B738,L2J,Large jet,True,Day,2025-08-30 16:59:00,2025-08-30 00:00:00,3425.0001096,1.8357754745847412,2,3425.0001096,1,3425.0001096,503.3346010365872,True,True,True,False
140628159924176222,EXS147L ,B738,L2J,Large jet,True,Evening,2025-08-23 21:17:25,2025-08-23 00:00:00,,,0,,0,,,False,False,False,False
248644642490656746,URO683  ,A346,L4J,Large jet,True,Day,2025-08-06 17:35:10,2025-08-06 00:00:00,2625.0000840000002,0.8163448530590788,1,2625.0000840000002,1,2625.0000840000002,-383.6686311777712,True,True,True,False
252915697570098570,EXS15Q  ,B738,,Large jet,True,Night,2025-08-13 22:10:30,2025-08-13 00:00:00,,,0,,0,,,False,False,False,False
271253431679462357,RYR611T ,B738,L2J,Large jet,True,Day,2025-08-07 14:26:45,2025-08-07 00:00:00,,,0,,0,,,False,False,False,False
271533051079819173,TOM67H  ,B738,,Large jet,True,Day,2025-08-02 12:30:50,2025-08-02 00:00:00,2275.0000728,3.5118110758674006,1,2275.0000728,1,,,True,True,True,False
308158119577554439,URO683  ,A346,L4J,Large jet,True,Day,2025-08-08 12:45:05,2025-08-08 00:00:00,1800.0000576,5.084915869766002,5,1800.0000576,5,1825.0000584,-1016.2974945178262,True,True,True,True
342457261378848976,URO681  ,A346,L4J,Large jet,True,Day,2025-08-18 12:51:50,2025-08-18 00:00:00,,,0,,0,,,False,False,False,False
353075353361304625,RYR24GH ,B738,L2J,Large jet,True,Night,2025-08-06 23:34:30,2025-08-06 00:00:00,2875.000092,1.4485231758356902,1,2875.000092,1,2850.0000912,-49.43891549646014,True,True,True,False
354491300634459407,EXS147L ,B738,,Large jet,True,Day,2025-08-27 12:55:35,2025-08-27 00:00:00,250.000008,18.556692266539574,1,,0,,,True,False,True,False
362062165861025995,TOM8KT  ,B738,L2J,Large jet,True,Night,2025-08-30 22:59:55,2025-08-30 00:00:00,275.00000880000005,18.837156711281075,6,4175.0001336,2,4225.0001352,822.4298982696064,True,True,True,False
418054002055644436,RYR9ME  ,B738,L2J,Large jet,True,Day,2025-08-28 14:21:20,2025-08-28 00:00:00,325.0000104,18.624983151428932,1,,0,,,True,False,True,False
528578198766565587,RYR611T ,B38M,L2J,Large jet,True,Day,2025-08-26 12:49:05,2025-08-26 00:00:00,125.000004,18.526249148917426,3,2625.0000840000002,2,2625.0000840000002,-131.82855596886066,True,True,True,False
549181806067812582,EXS2L   ,B738,,Large jet,True,Day,2025-08-16 12:39:25,2025-08-16 00:00:00,,,0,,0,,,False,False,False,False
576606741856220874,RYR90UB ,B738,L2J,Large jet,True,Evening,2025-08-10 20:06:15,2025-08-10 00:00:00,1675.0000536,5.90571071206344,1,1675.0000536,1,,,True,True,True,False
705576026359773744,RYR611T ,B38M,,Large jet,True,Day,2025-08-02 12:53:25,2025-08-02 00:00:00,,,0,,0,,,False,False,False,False
727949629821352305,RYR24GH ,B738,L2J,Large jet,True,Day,2025-08-22 13:26:35,2025-08-22 00:00:00,2250.0000720000003,4.069281035013462,1,2250.0000720000003,1,,,True,True,True,False
731108501327028020,RYR8947 ,B738,L2J,Large jet,True,Day,2025-08-08 14:06:05,2025-08-08 00:00:00,,,0,,0,,,False,False,False,False
750596114636046170,TOM71J  ,B738,L2J,Large jet,True,Day,2025-08-28 13:03:50,2025-08-28 00:00:00,275.00000880000005,18.982476324258915,6,2800.0000896,4,2800.0000896,-293.6039492059572,True,True,True,False
767903774457564113,RYR8947 ,B738,L2J,Large jet,True,Day,2025-08-05 15:58:40,2025-08-05 00:00:00,,,0,,0,,,False,False,False,False
780804750766387531,FHY545  ,A320,L2J,Large jet,True,Evening,2025-08-17 18:45:50,2025-08-17 00:00:00,,,0,,0,,,False,False,False,False
899091721416510272,TOM8BJ  ,B738,,Large jet,True,Night,2025-08-01 00:25:35,2025-08-01 00:00:00,,,0,,0,,,False,False,False,False
918328125731877955,TOM5GB  ,B738,,Large jet,True,Day,2025-08-14 11:42:25,2025-08-14 00:00:00,,,0,,0,,,False,False,False,False
937387788559203887,RYR46HP ,B738,L2J,Large jet,True,Evening,2025-08-13 21:36:25,2025-08-13 00:00:00,,,0,,0,,,False,False,False,False
999949053474807449,TOM8CB  ,B738,,Large jet,True,Day,2025-08-09 11:09:20,2025-08-09 00:00:00,2600.0000832,1.8133704962904942,2,2600.0000832,2,2600.0000832,-293.1202619080309,True,True,True,False
1021961686504957308,TOM6339 ,B738,L2J,Large jet,True,Day,2025-08-27 11:16:00,2025-08-27 00:00:00,275.00000880000005,18.244578878241636,1,,0,,,True,False,True,False
1089921992833368884,EXS34A  ,B738,,Large jet,True,Night,2025-08-21 22:13:45,2025-08-21 00:00:00,,,0,,0,,,False,False,False,False
1118761998379678727,TOM5XY  ,B738,L2J,Large jet,True,Night,2025-08-06 22:40:15,2025-08-06 00:00:00,2325.0000744000004,0.3637793897788149,1,2325.0000744000004,1,2325.0000744000004,-852.3581582155916,True,True,True,False
1146026248786628074,RYR24GH ,B738,L2J,Large jet,True,Evening,2025-08-30 21:18:20,2025-08-30 00:00:00,275.00000880000005,18.826987419878826,1,,0,,,True,False,True,False
1154489910781021845,EXS2LS  ,B738,,Large jet,True,Night,2025-08-16 23:42:55,2025-08-16 00:00:00,,,0,,0,,,False,False,False,False
1198741580150330817,RYR611T ,B38M,,Large jet,True,Day,2025-08-30 13:09:40,2025-08-30 00:00:00,250.000008,18.631374397483995,1,,0,,,True,False,True,False
1203820691711534934,RYR55SN ,A320,L2J,Large jet,True,Day,2025-08-15 10:55:55,2025-08-15 00:00:00,2350.0000752,0.723091736015153,1,2350.0000752,1,2350.0000752,-665.4105874555721,True,True,True,False
1230182238884806503,RYR55SN ,A320,L2J,Large jet,True,Day,2025-08-07 09:56:05,2025-08-07 00:00:00,1375.0000440000001,9.930203073987236,2,1950.0000624,1,,,True,True,True,False
1230370574899001535,EXS147L ,B738,L2J,Large jet,True,Evening,2025-08-30 21:29:45,2025-08-30 00:00:00,300.0000096,18.59457879216893,2,2825.0000904000003,1,2825.0000904000003,-11.92198659531914,True,True,True,False
1256540849506479576,EXS049A ,B738,,Large jet,True,Day,2025-08-25 15:21:25,2025-08-25 00:00:00,1975.0000632,3.0116947620116608,2,1975.0000632,2,2425.0000775999997,-799.9147946494486,True,True,True,False
1259628410248765781,RYR9356 ,B738,L2J,Large jet,True,Day,2025-08-09 15:30:35,2025-08-09 00:00:00,,,0,,0,,,False,False,False,False
1286809089006553837,RYR611T ,B38M,L2J,Large jet,True,Day,2025-08-22 09:15:15,2025-08-22 00:00:00,,,0,,0,,,False,False,False,False
1289126276362101866,RYR611T ,B38M,L2J,Large jet,True,Evening,2025-08-18 19:10:55,2025-08-18 00:00:00,,,0,,0,,,False,False,False,False
1364657611443028460,RYR7148 ,B738,L2J,Large jet,True,Evening,2025-08-17 21:01:15,2025-08-17 00:00:00,,,0,,0,,,False,False,False,False
1407321545687040648,RYR560X ,B738,L2J,Large jet,True,Day,2025-08-13 14:34:35,2025-08-13 00:00:00,,,0,,0,,,False,False,False,False
1449742279256805606,RYR7148 ,B738,L2J,Large jet,True,Day,2025-08-26 07:22:30,2025-08-26 00:00:00,150.0000048,18.624983151428932,1,,0,,,True,False,True,False
1484649874824512286,RYR90UB ,B738,L2J,Large jet,True,Day,2025-08-28 15:32:15,2025-08-28 00:00:00,325.0000104,18.73127439956071,4,2800.0000896,3,2800.0000896,-298.7339400265655,True,True,True,False
1499719548116962055,RUK179V ,B738,,Large jet,True,Day,2025-08-01 10:20:55,2025-08-01 00:00:00,,,0,,0,,,False,False,False,False
1591813240743254897,RYR8947 ,B738,L2J,Large jet,True,Day,2025-08-12 15:37:35,2025-08-12 00:00:00,,,0,,0,,,False,False,False,False
1616072010430869225,URO804K ,A346,L4J,Large jet,True,Day,2025-08-09 14:40:10,2025-08-09 00:00:00,1150.0000368,10.836100319138003,1,,0,,,True,False,True,False
1616969994524883105,RYR7148 ,B738,L2J,Large jet,True,Day,2025-08-04 10:55:50,2025-08-04 00:00:00,2775.0000888,1.1544819073073587,1,2775.0000888,1,2775.0000888,-148.85758900264136,True,True,True,False
1668792209451445408,RYR2CT  ,A320,L2J,Large jet,True,Day,2025-08-30 06:28:05,2025-08-30 00:00:00,225.0000072,18.665267672399526,2,2900.0000928000004,1,,,True,True,True,False
1772498463778367574,RYR611T ,B738,L2J,Large jet,True,Day,2025-08-21 14:36:45,2025-08-21 00:00:00,,,0,,0,,,False,False,False,False
1826868945889232316,URO681  ,A346,L4J,Large jet,True,Day,2025-08-15 13:20:00,2025-08-15 00:00:00,2200.0000704000004,3.1324816166077776,4,2200.0000704000004,4,2250.0000720000003,-637.0012728782895,True,True,True,False
1861365125155497935,RYR46HP ,B738,L2J,Large jet,True,Evening,2025-08-27 21:24:30,2025-08-27 00:00:00,250.000008,18.76379711422195,1,,0,,,True,False,True,False
1977008685267025505,TOM3XA  ,B738,L2J,Large jet,True,Night,2025-08-30 23:22:35,2025-08-30 00:00:00,300.0000096,18.541928669071734,1,,0,,,True,False,True,False
2028063176261238698,TOM7TY  ,B738,L2J,Large jet,True,Day,2025-08-08 13:46:05,2025-08-08 00:00:00,,,0,,0,,,False,False,False,False
2072707046439305215,RYR59SF ,B738,L2J,Large jet,True,Day,2025-08-29 15:32:35,2025-08-29 00:00:00,375.000012,18.720822504885444,2,3325.0001064000003,1,3325.0001064000003,196.7757616872659,True,True,True,False
2080865939874406563,URO681  ,A346,L4J,Large jet,True,Day,2025-08-29 12:35:05,2025-08-29 00:00:00,400.0000128,18.19538014208332,5,2950.0000944000003,4,2975.0000952000005,-211.828609852917,True,True,True,False
2090008546670647709,EXS2L   ,B738,,Large jet,True,Day,2025-08-02 13:08:25,2025-08-02 00:00:00,,,0,,0,,,False,False,False,False
2139228640704600349,RYR24GH ,B738,L2J,Large jet,True,Evening,2025-08-10 18:47:15,2025-08-10 00:00:00,,,0,,0,,,False,False,False,False
2203603138699714204,EXS3618 ,B738,L2J,Large jet,True,Night,2025-08-17 22:57:45,2025-08-17 00:00:00,,,0,,0,,,False,False,False,False
2295580013248565038,TOM6457 ,B38M,L2J,Large jet,True,Day,2025-08-21 13:20:30,2025-08-21 00:00:00,,,0,,0,,,False,False,False,False
2428605168978982918,URO683  ,A346,L4J,Large jet,True,Day,2025-08-17 13:16:10,2025-08-17 00:00:00,,,0,,0,,,False,False,False,False
2433262740566646205,RYR94FL ,B738,L2J,Large jet,True,Night,2025-08-28 22:54:55,2025-08-28 00:00:00,400.0000128,18.624983151428932,1,,0,,,True,False,True,False
2447361579578174178,TOM5JB  ,B738,L2J,Large jet,True,Day,2025-08-31 11:41:10,2025-08-31 00:00:00,225.0000072,18.77269813872957,4,2750.0000880000002,3,3050.0000976,-118.84986279729765,True,True,True,False
2530888777425873359,RYR90UB ,B738,L2J,Large jet,True,Day,2025-08-06 11:52:20,2025-08-06 00:00:00,,,0,,0,,,False,False,False,False
2554786690428055117,RYR24GH ,B738,L2J,Large jet,True,Day,2025-08-15 13:24:50,2025-08-15 00:00:00,,,0,,0,,,False,False,False,False
2705310506076439026,EXS147L ,B738,,Large jet,True,Day,2025-08-25 13:02:00,2025-08-25 00:00:00,3325.0001064000003,1.6777879721799704,1,3325.0001064000003,1,3325.0001064000003,-75.70018693759721,True,True,True,False
2739138219994850986,TOM8BJ  ,B738,,Large jet,True,Evening,2025-08-14 21:52:30,2025-08-14 00:00:00,,,0,,0,,,False,False,False,False
2789068514461015080,RYR24GH ,B738,L2J,Large jet,True,Evening,2025-08-27 21:19:35,2025-08-27 00:00:00,250.000008,18.531475578346527,1,,0,,,True,False,True,False
2794406291084597279,RYR8TF  ,B738,L2J,Large jet,True,Night,2025-08-28 22:10:40,2025-08-28 00:00:00,375.000012,18.770189543279972,1,,0,,,True,False,True,False
2798531203168099625,RYR9ME  ,B738,L2J,Large jet,True,Day,2025-08-21 13:58:50,2025-08-21 00:00:00,,,0,,0,,,False,False,False,False
2865225922027376370,RYR560X ,B738,L2J,Large jet,True,Day,2025-08-23 17:38:15,2025-08-23 00:00:00,,,0,,0,,,False,False,False,False
2876349010009131704,TOM3XA  ,B738,,Large jet,True,Night,2025-08-02 23:12:45,2025-08-02 00:00:00,,,0,,0,,,False,False,False,False
2934619936245435244,TOM2TG  ,B738,L2J,Large jet,True,Night,2025-08-22 23:07:25,2025-08-22 00:00:00,2275.0000728,2.0760381500299263,1,2275.0000728,1,2275.0000728,-492.52565394514795,True,True,True,False
2999559662429311707,TOM57V  ,B738,L2J,Large jet,True,Night,2025-08-27 22:44:05,2025-08-27 00:00:00,225.0000072,18.863697996515544,2,2750.0000880000002,1,2750.0000880000002,-235.2349321143588,True,True,True,False
3010326216155130150,RYR59SF ,B738,L2J,Large jet,True,Evening,2025-08-26 20:31:10,2025-08-26 00:00:00,125.000004,18.68166892516978,1,,0,,,True,False,True,False
3019215798741655196,EXS47K  ,B738,,Large jet,True,Day,2025-08-26 16:24:45,2025-08-26 00:00:00,150.0000048,18.514631879226272,1,,0,,,True,False,True,False
3029064597469051249,TOM5JV  ,B738,L2J,Large jet,True,Evening,2025-08-31 20:54:40,2025-08-31 00:00:00,300.0000096,18.747871001022013,2,,0,,,True,False,True,False
3041216444197264218,EXS147L ,B738,,Large jet,True,Day,2025-08-01 13:12:20,2025-08-01 00:00:00,,,0,,0,,,False,False,False,False
3045821831786395028,RYR90UB ,B738,L2J,Large jet,True,Day,2025-08-12 14:07:35,2025-08-12 00:00:00,,,0,,0,,,False,False,False,False
3098851117229752506,RYR59SF ,B38M,L2J,Large jet,True,Evening,2025-08-03 20:08:55,2025-08-03 00:00:00,2775.0000888,1.6909704834741335,1,2775.0000888,1,2775.0000888,-612.02329223985,True,True,True,False
3176092336576608984,RYR7099 ,B738,L2J,Large jet,True,Day,2025-08-28 13:54:45,2025-08-28 00:00:00,300.0000096,18.918017195301584,1,,0,,,True,False,True,False
3228189056878107023,TOM299  ,B738,,Large jet,True,Night,2025-08-15 22:28:00,2025-08-15 00:00:00,,,0,,0,,,False,False,False,False
3237543203663331448,RYR2CT  ,A320,L2J,Large jet,True,Day,2025-08-16 06:28:10,2025-08-16 00:00:00,1675.0000536,3.1063433894824235,1,1675.0000536,1,,,True,True,True,False
3241524298387379611,RYR90UB ,B738,L2J,Large jet,True,Evening,2025-08-31 20:28:35,2025-08-31 00:00:00,250.000008,18.82478271140997,1,,0,,,True,False,True,False
3280850607442448827,TOM2TG  ,B738,L2J,Large jet,True,Night,2025-08-15 23:17:10,2025-08-15 00:00:00,,,0,,0,,,False,False,False,False
3486244877646190799,EXS2L   ,B738,,Large jet,True,Day,2025-08-09 12:40:15,2025-08-09 00:00:00,,,0,,0,,,False,False,False,False
3511847783449289406,EXS339E ,B738,L2J,Large jet,True,Evening,2025-08-07 21:12:50,2025-08-07 00:00:00,2425.0000775999997,1.9086615602856916,1,2425.0000775999997,1,2425.0000775999997,-366.41295798689725,True,True,True,False
3516841796747648402,EXS147L ,B738,,Large jet,True,Day,2025-08-08 12:49:00,2025-08-08 00:00:00,2175.0000696,4.22125126103987,1,2175.0000696,1,,,True,True,True,False
3531487113628221623,RYR59SF ,B738,,Large jet,True,Day,2025-08-22 15:36:20,2025-08-22 00:00:00,,,0,,0,,,False,False,False,False
3540637112072864612,TOM793  ,B738,,Large jet,True,Night,2025-08-04 23:07:45,2025-08-04 00:00:00,2325.0000744000004,3.9059877351429106,4,2325.0000744000004,4,2375.0000760000003,-819.5461068820896,True,True,True,False
3544018977867236798,TOM52G  ,B738,L2J,Large jet,True,Day,2025-08-12 12:27:55,2025-08-12 00:00:00,,,0,,0,,,False,False,False,False
3607870436806236220,TOM3XB  ,B38M,L2J,Large jet,True,Day,2025-08-22 12:33:25,2025-08-22 00:00:00,1725.0000552,2.6939444611520527,1,1725.0000552,1,1725.0000552,-934.2619741360984,True,True,True,True
3660087561689159138,RYR24GH ,B738,L2J,Large jet,True,Evening,2025-08-26 18:25:25,2025-08-26 00:00:00,125.000004,18.642992481241695,1,,0,,,True,False,True,False
3688101939783273424,EXS3676 ,B738,L2J,Large jet,True,Day,2025-08-09 14:58:30,2025-08-09 00:00:00,2475.0000792,2.476013797162646,1,2475.0000792,1,2475.0000792,-217.59941938972725,True,True,True,False
3704337123985433411,TOM57V  ,B738,,Large jet,True,Night,2025-08-06 22:33:00,2025-08-06 00:00:00,2325.0000744000004,8.061379710831812,4,2350.0000752,3,2350.0000752,-1188.366838304481,True,True,True,False
3715846325566248313,RYR2CT  ,A320,L2J,Large jet,True,Day,2025-08-02 06:02:25,2025-08-02 00:00:00,3000.000096,1.4651667940899724,2,3000.000096,2,3000.000096,-315.8279078340097,True,True,True,False
3737329658900978374,EXS011P ,B738,L2J,Large jet,True,Day,2025-08-14 13:01:35,2025-08-14 00:00:00,3725.0001192000004,5.74605076082627,1,3725.0001192000004,1,,,True,True,True,False
3804602690397363636,TOM67H  ,B738,,Large jet,True,Day,2025-08-16 12:25:40,2025-08-16 00:00:00,,,0,,0,,,False,False,False,False
3865095387561119833,RYR7148 ,B38M,L2J,Large jet,True,Day,2025-08-13 16:12:25,2025-08-13 00:00:00,,,0,,0,,,False,False,False,False
3979487633971315585,URO681  ,A346,L4J,Large jet,True,Day,2025-08-10 07:49:35,2025-08-10 00:00:00,2925.0000936,3.077210671358568,1,2925.0000936,1,2925.0000936,-622.4973597408543,True,True,True,False
4084216206383577667,RYR46HP ,B738,L2J,Large jet,True,Night,2025-08-08 22:01:10,2025-08-08 00:00:00,,,0,,0,,,False,False,False,False
4084410702698084165,RYR9EM  ,B738,L2J,Large jet,True,Day,2025-08-05 05:56:35,2025-08-05 00:00:00,2875.000092,3.706722714305717,1,2875.000092,1,,,True,True,True,False
4138285299027880625,AWC728Y ,A21N,L2J,Large jet,True,Day,2025-08-25 14:55:35,2025-08-25 00:00:00,25.0000008,18.885768679796527,3,2525.0000808,2,,,True,True,True,False
4165460119485768347,RUK179V ,B738,L2J,Large jet,True,Day,2025-08-25 11:26:00,2025-08-25 00:00:00,,,0,,0,,,False,False,False,False
4174249445840123162,URO601  ,A346,L4J,Large jet,True,Day,2025-08-28 11:14:50,2025-08-28 00:00:00,2775.0000888,3.436497266144186,3,2775.0000888,3,2750.0000880000002,-287.2690107109438,True,True,True,False
4187509680039445432,RYR55SN ,A320,L2J,Large jet,True,Day,2025-08-22 10:09:15,2025-08-22 00:00:00,879.838737832254,18.662442758355187,1,,0,,,True,False,True,False
4208642456361977843,RYR55SN ,A320,L2J,Large jet,True,Day,2025-08-21 09:40:05,2025-08-21 00:00:00,,,0,,0,,,False,False,False,False
4214469193253569348,RYR9EM  ,B738,L2J,Large jet,True,Evening,2025-08-16 19:27:20,2025-08-16 00:00:00,,,0,,0,,,False,False,False,False
4276391914214381001,RYR94FL ,B738,L2J,Large jet,True,Night,2025-08-21 22:10:50,2025-08-21 00:00:00,2275.0000728,6.461636370460308,1,,0,,,True,False,True,False
4364199714536043069,EXS147L ,B738,,Large jet,True,Day,2025-08-18 13:27:10,2025-08-18 00:00:00,,,0,,0,,,False,False,False,False
4368838835847601865,RYR24GH ,B738,L2J,Large jet,True,Evening,2025-08-18 21:18:35,2025-08-18 00:00:00,,,0,,0,,,False,False,False,False
4383725587029369429,TOM8BJ  ,B738,L2J,Large jet,True,Evening,2025-08-28 21:47:45,2025-08-28 00:00:00,400.0000128,18.610979615782515,2,4150.0001328,1,,,True,True,True,False
4419338019782026950,EXS15Q  ,B738,,Large jet,True,Night,2025-08-06 22:11:35,2025-08-06 00:00:00,,,0,,0,,,False,False,False,False
4424675175824228407,RYR4LN  ,B738,L2J,Large jet,True,Day,2025-08-07 16:05:55,2025-08-07 00:00:00,,,0,,0,,,False,False,False,False
4427228165670646156,TOM6TM  ,B738,,Large jet,True,Night,2025-08-07 22:50:00,2025-08-07 00:00:00,2950.0000944000003,0.6386623436760662,1,2950.0000944000003,1,2950.0000944000003,-58.40606987801493,True,True,True,False
4438767255491785029,EXS52N  ,B738,,Large jet,True,Day,2025-08-31 14:42:30,2025-08-31 00:00:00,275.00000880000005,18.630209679471527,1,,0,,,True,False,True,False
4442183182499568594,RYR8TF  ,B738,L2J,Large jet,True,Day,2025-08-03 17:56:55,2025-08-03 00:00:00,2600.0000832,2.004543387489881,1,2600.0000832,1,2600.0000832,-455.0778552489355,True,True,True,False
4444974128761799513,RYR24GH ,B738,L2J,Large jet,True,Evening,2025-08-24 18:58:20,2025-08-24 00:00:00,,,0,,0,,,False,False,False,False
4507632428495330240,RUK179V ,B738,,Large jet,True,Day,2025-08-04 11:11:30,2025-08-04 00:00:00,,,0,,0,,,False,False,False,False
4509098170761673988,FHY545  ,A320,L2J,Large jet,True,Evening,2025-08-24 19:10:45,2025-08-24 00:00:00,,,0,,0,,,False,False,False,False
4525272832530354950,RYR14VB ,B738,L2J,Large jet,True,Night,2025-08-08 22:17:05,2025-08-08 00:00:00,3800.0001216,7.474684953262116,2,,0,,,True,False,True,False
4533423688424462638,AXY518M ,E190,L2J,Large jet,True,Day,2025-08-12 13:32:35,2025-08-12 00:00:00,,,0,,0,,,False,False,False,False
4582396793580749329,RYR94FL ,B738,L2J,Large jet,True,Day,2025-08-08 13:05:55,2025-08-08 00:00:00,,,0,,0,,,False,False,False,False
4651384513508754148,EXS68Z  ,B738,,Large jet,True,Night,2025-08-15 22:30:30,2025-08-15 00:00:00,,,0,,0,,,False,False,False,False
4655362326446389682,RYR611T ,B38M,L2J,Large jet,True,Day,2025-08-05 12:41:55,2025-08-05 00:00:00,,,0,,0,,,False,False,False,False
4661475701048676306,TOM61L  ,B38M,L2J,Large jet,True,Day,2025-08-26 15:11:45,2025-08-26 00:00:00,150.0000048,18.57309291886304,2,2125.0000680000003,1,,,True,True,True,False
4668686916967846229,RYR94FL ,B38M,,Large jet,True,Day,2025-08-10 06:26:45,2025-08-10 00:00:00,1600.0000512,2.339417453531869,1,1600.0000512,1,1600.0000512,-1118.40592049052,True,True,True,True
4675836519291608297,RYR46HP ,B738,L2J,Large jet,True,Day,2025-08-03 11:18:10,2025-08-03 00:00:00,2325.0000744000004,2.405319190861762,1,2325.0000744000004,1,2325.0000744000004,-380.8107826557889,True,True,True,False
4757094466498343990,RYR24GH ,B738,L2J,Large jet,True,Evening,2025-08-21 20:12:05,2025-08-21 00:00:00,,,0,,0,,,False,False,False,False
4851722146342055151,RYR55SN ,A320,L2J,Large jet,True,Day,2025-08-14 09:45:00,2025-08-14 00:00:00,2325.0000744000004,3.5596171861935297,1,2325.0000744000004,1,,,True,True,True,False
4976094383723996363,RYR8TF  ,B738,L2J,Large jet,True,Evening,2025-08-07 21:55:55,2025-08-07 00:00:00,,,0,,0,,,False,False,False,False
4982303129869041157,TOM6HJ  ,B738,L2J,Large jet,True,Day,2025-08-04 13:46:35,2025-08-04 00:00:00,2725.0000872,2.061911778255755,1,2725.0000872,1,2725.0000872,-38.078067950973036,True,True,True,False
5055586578998649521,TOM5GB  ,B738,L2J,Large jet,True,Day,2025-08-28 11:05:05,2025-08-28 00:00:00,300.0000096,18.475718166818453,2,,0,,,True,False,True,False
5095441617814330974,RYR24GH ,B738,L2J,Large jet,True,Evening,2025-08-04 21:40:20,2025-08-04 00:00:00,,,0,,0,,,False,False,False,False
5096317974652532046,RYR73LA ,B38M,,Large jet,True,Day,2025-08-03 08:48:35,2025-08-03 00:00:00,,,0,,0,,,False,False,False,False
5189319196138027267,EXS4HW  ,B738,,Large jet,True,Day,2025-08-13 12:36:35,2025-08-13 00:00:00,,,0,,0,,,False,False,False,False
5191101551535397800,BRO076B ,B733,L2J,Large jet,True,Day,2025-08-16 09:13:50,2025-08-16 00:00:00,,,0,,0,,,False,False,False,False
5246743196030644854,RYR8945 ,B738,L2J,Large jet,True,Evening,2025-08-31 21:11:55,2025-08-31 00:00:00,250.000008,18.734810711647572,1,,0,,,True,False,True,False
5264406220222200676,EXS66Q  ,B738,L2J,Large jet,True,Evening,2025-08-05 21:49:20,2025-08-05 00:00:00,,,0,,0,,,False,False,False,False
5382238675347571847,EXS68Z  ,B738,,Large jet,True,Night,2025-08-26 00:04:00,2025-08-25 00:00:00,100.0000032,18.998878261896586,1,,0,,,True,False,True,False
5392960046265781618,TOM16H  ,B738,L2J,Large jet,True,Day,2025-08-31 11:40:50,2025-08-31 00:00:00,250.000008,18.57038968913702,3,2750.0000880000002,2,2750.0000880000002,-557.3737483682576,True,True,True,False
5408131587510012290,RYR9356 ,B738,L2J,Large jet,True,Day,2025-08-30 13:17:50,2025-08-30 00:00:00,250.000008,18.75744417048047,1,,0,,,True,False,True,False
5429737253718035450,URO601  ,A346,L4J,Large jet,True,Day,2025-08-24 12:10:50,2025-08-24 00:00:00,,,0,,0,,,False,False,False,False
5548233794210023223,EXS4HW  ,B738,L2J,Large jet,True,Day,2025-08-27 12:41:00,2025-08-27 00:00:00,225.0000072,18.770189543279972,1,,0,,,True,False,True,False
5618214278909578399,EXS34A  ,B738,,Large jet,True,Night,2025-08-28 22:34:55,2025-08-28 00:00:00,400.0000128,18.64886654876877,1,,0,,,True,False,True,False
5631968121225123972,RYR94FL ,B738,L2J,Large jet,True,Day,2025-08-29 12:55:05,2025-08-29 00:00:00,425.00001360000005,18.891446304119544,1,,0,,,True,False,True,False
5663916662480692814,EXS147L ,B738,,Large jet,True,Day,2025-08-04 13:15:50,2025-08-04 00:00:00,,,0,,0,,,False,False,False,False
5687284406545773751,RYR73LA ,B738,L2J,Large jet,True,Day,2025-08-24 08:43:25,2025-08-24 00:00:00,,,0,,0,,,False,False,False,False
5694043396831095947,EXS147L ,B738,L2J,Large jet,True,Evening,2025-08-09 21:32:40,2025-08-09 00:00:00,,,0,,0,,,False,False,False,False
5702574649976659552,RYR3KY  ,B738,L2J,Large jet,True,Evening,2025-08-26 20:07:50,2025-08-26 00:00:00,150.0000048,18.387437838558334,2,2450.0000784,1,,,True,True,True,False
5781214181245583863,URO681  ,A346,L4J,Large jet,True,Day,2025-08-16 13:04:30,2025-08-16 00:00:00,,,0,,0,,,False,False,False,False
5802213638276982303,TOM8CB  ,B738,L2J,Large jet,True,Day,2025-08-30 11:15:55,2025-08-30 00:00:00,250.000008,18.51372067627568,2,,0,,,True,False,True,False
5828144314210747609,RYR14VB ,B738,L2J,Large jet,True,Evening,2025-08-04 21:47:00,2025-08-04 00:00:00,,,0,,0,,,False,False,False,False
5856184476455262815,RYR3KY  ,B738,L2J,Large jet,True,Day,2025-08-02 08:45:15,2025-08-02 00:00:00,,,0,,0,,,False,False,False,False
5902336184203592157,TOM67H  ,B738,L2J,Large jet,True,Day,2025-08-30 12:14:30,2025-08-30 00:00:00,275.00000880000005,18.52102279686459,1,,0,,,True,False,True,False
5902773508500439637,TOM6HJ  ,B38M,L2J,Large jet,True,Day,2025-08-25 14:10:05,2025-08-25 00:00:00,1975.0000632,3.5741244781861163,1,1975.0000632,1,,,True,True,True,False
5967962031168131899,URO601  ,A346,L4J,Large jet,True,Day,2025-08-31 11:26:10,2025-08-31 00:00:00,225.0000072,18.931077906877825,1,,0,,,True,False,True,False
5971604521180789997,RYR73LA ,B738,L2J,Large jet,True,Day,2025-08-26 14:09:30,2025-08-26 00:00:00,,,0,,0,,,False,False,False,False
5983221815292908232,RYR4LN  ,B38M,,Large jet,True,Day,2025-08-14 16:07:50,2025-08-14 00:00:00,,,0,,0,,,False,False,False,False
6013241712245980188,RYR611T ,B38M,L2J,Large jet,True,Day,2025-08-15 09:15:55,2025-08-15 00:00:00,2450.0000784,1.6303227310445658,1,2450.0000784,1,2450.0000784,-386.1045251988103,True,True,True,False
6065163317597536538,RYR7148 ,B38M,,Large jet,True,Day,2025-08-27 16:10:35,2025-08-27 00:00:00,225.0000072,18.758570988382235,4,2250.0000720000003,3,2550.0000816,-398.7794280868893,True,True,True,False
6179449019722112095,RYR46HP ,B738,L2J,Large jet,True,Day,2025-08-31 10:42:30,2025-08-31 00:00:00,250.000008,18.778930383659482,2,2750.0000880000002,1,,,True,True,True,False
6208552146206426399,URO601  ,A346,L4J,Large jet,True,Day,2025-08-12 11:32:40,2025-08-12 00:00:00,,,0,,0,,,False,False,False,False
6231772892160221404,RYR90UB ,B738,L2J,Large jet,True,Day,2025-08-29 10:31:05,2025-08-29 00:00:00,475.0000152,18.370594593140652,1,,0,,,True,False,True,False
6263088111927602862,RYR8947 ,B738,L2J,Large jet,True,Day,2025-08-22 14:19:55,2025-08-22 00:00:00,,,0,,0,,,False,False,False,False
6309070576824398167,TOM6785 ,B738,L2J,Large jet,True,Evening,2025-08-10 20:57:30,2025-08-10 00:00:00,,,0,,0,,,False,False,False,False
6353189349173569393,EXS2L   ,B738,,Large jet,True,Day,2025-08-12 12:05:25,2025-08-12 00:00:00,,,0,,0,,,False,False,False,False
6417214552926938120,RYR8945 ,B738,L2J,Large jet,True,Evening,2025-08-17 21:17:50,2025-08-17 00:00:00,,,0,,0,,,False,False,False,False
6417874536118930259,TOM6723 ,B738,,Large jet,True,Night,2025-08-17 22:22:05,2025-08-17 00:00:00,,,0,,0,,,False,False,False,False
6450567902542622984,TOM6785 ,B38M,L2J,Large jet,True,Evening,2025-08-24 21:16:20,2025-08-24 00:00:00,,,0,,0,,,False,False,False,False
6457695588084585775,TOM6TM  ,B38M,L2J,Large jet,True,Night,2025-08-21 22:42:40,2025-08-21 00:00:00,,,0,,0,,,False,False,False,False
6461605495116863495,RYR8TF  ,B738,L2J,Large jet,True,Evening,2025-08-21 20:45:20,2025-08-21 00:00:00,,,0,,0,,,False,False,False,False
6474668508751542759,TOM8BJ  ,B738,L2J,Large jet,True,Evening,2025-08-21 21:38:05,2025-08-21 00:00:00,,,0,,0,,,False,False,False,False
6485842424422813491,RYR8TF  ,B738,L2J,Large jet,True,Day,2025-08-12 15:30:10,2025-08-12 00:00:00,,,0,,0,,,False,False,False,False
6540438784752709975,RYR7148 ,B38M,,Large jet,True,Day,2025-08-28 17:53:40,2025-08-28 00:00:00,325.0000104,18.960989923727777,1,,0,,,True,False,True,False
6600003239230733189,RYR55SN ,B738,L2J,Large jet,True,Day,2025-08-23 17:57:45,2025-08-23 00:00:00,,,0,,0,,,False,False,False,False
6610216076589239374,RYR90UB ,B738,L2J,Large jet,True,Day,2025-08-07 15:56:00,2025-08-07 00:00:00,,,0,,0,,,False,False,False,False
6615566822368013137,TOM82B  ,B738,,Large jet,True,Day,2025-08-04 13:07:30,2025-08-04 00:00:00,2700.0000864000003,2.008070144439615,2,2700.0000864000003,2,2775.0000888,-182.3297034602606,True,True,True,False
6663662779923730313,EXS74H  ,B738,L2J,Large jet,True,Day,2025-08-18 13:18:15,2025-08-18 00:00:00,,,0,,0,,,False,False,False,False
6683204982884533828,RYR90UB ,B738,L2J,Large jet,True,Evening,2025-08-02 21:54:20,2025-08-02 00:00:00,2300.0000736,2.9392827534899904,3,2300.0000736,2,2300.0000736,-320.27903592987514,True,True,True,False
6838199597712096974,RYR3KY  ,B738,L2J,Large jet,True,Evening,2025-08-05 20:08:05,2025-08-05 00:00:00,,,0,,0,,,False,False,False,False
6842869917310142707,RYR55SN ,B738,L2J,Large jet,True,Day,2025-08-13 15:25:30,2025-08-13 00:00:00,,,0,,0,,,False,False,False,False
6867050351169069131,RYR8945 ,B738,L2J,Large jet,True,Day,2025-08-04 14:23:55,2025-08-04 00:00:00,,,0,,0,,,False,False,False,False
6872775424183684481,RYR560X ,B738,L2J,Large jet,True,Day,2025-08-02 17:08:00,2025-08-02 00:00:00,,,0,,0,,,False,False,False,False
6884497662709777627,RYR7099 ,B738,L2J,Large jet,True,Day,2025-08-10 08:43:20,2025-08-10 00:00:00,,,0,,0,,,False,False,False,False
6891561214262932642,TOM6687 ,B38M,L2J,Large jet,True,Night,2025-08-23 23:13:30,2025-08-23 00:00:00,2875.000092,15.311255915902253,3,,0,,,True,False,True,False
6929904142849249226,URO601  ,A346,L4J,Large jet,True,Day,2025-08-05 06:30:15,2025-08-05 00:00:00,2775.0000888,0.8290125533944356,1,2775.0000888,1,2775.0000888,-403.00749862253815,True,True,True,False
6959873032136409338,TOM5JB  ,B738,,Large jet,True,Day,2025-08-03 11:51:55,2025-08-03 00:00:00,2325.0000744000004,2.3904257526590467,1,2325.0000744000004,1,2325.0000744000004,-392.1551694126456,True,True,True,False
6978466105293928884,RYR7148 ,B38M,,Large jet,True,Day,2025-08-08 08:30:35,2025-08-08 00:00:00,,,0,,0,,,False,False,False,False
7015111653392780077,RYR39HE ,B738,L2J,Large jet,True,Day,2025-08-14 10:26:25,2025-08-14 00:00:00,,,0,,0,,,False,False,False,False
7050507931934032699,EXS34A  ,B738,,Large jet,True,Night,2025-08-07 22:14:05,2025-08-07 00:00:00,2450.0000784,3.3808942183798703,1,2450.0000784,1,,,True,True,True,False
7055986841268246021,TOM8CB  ,B38M,L2J,Large jet,True,Day,2025-08-23 11:29:15,2025-08-23 00:00:00,,,0,,0,,,False,False,False,False
7074290490042733756,RYR46HP ,B738,L2J,Large jet,True,Night,2025-08-06 22:03:50,2025-08-06 00:00:00,,,0,,0,,,False,False,False,False
7118478202926491691,RYR46HP ,B738,L2J,Large jet,True,Day,2025-08-10 10:59:45,2025-08-10 00:00:00,,,0,,0,,,False,False,False,False
7135929342616169713,TOM3XB  ,B738,,Large jet,True,Day,2025-08-08 12:08:05,2025-08-08 00:00:00,2300.0000736,3.2920534083321242,1,2300.0000736,1,,,True,True,True,False
7138826332495902555,RYR39HE ,B738,L2J,Large jet,True,Evening,2025-08-25 19:38:05,2025-08-25 00:00:00,50.0000016,18.614530326158466,1,,0,,,True,False,True,False
7163145502431121318,EXS51Y  ,B738,L2J,Large jet,True,Day,2025-08-31 12:34:50,2025-08-31 00:00:00,250.000008,18.70920388396575,1,,0,,,True,False,True,False
7165771799244271464,EXS339E ,B738,,Large jet,True,Evening,2025-08-31 21:26:20,2025-08-31 00:00:00,250.000008,18.621149837404563,3,2275.0000728,1,2275.0000728,-475.8606520774356,True,True,True,False
7206751414695652683,RYR8945 ,B738,L2J,Large jet,True,Evening,2025-08-10 21:11:05,2025-08-10 00:00:00,,,0,,0,,,False,False,False,False
7214158587392688545,RYR7148 ,B38M,,Large jet,True,Day,2025-08-22 08:53:20,2025-08-22 00:00:00,,,0,,0,,,False,False,False,False
7218367387733926610,RYR8947 ,B738,L2J,Large jet,True,Day,2025-08-26 15:37:05,2025-08-26 00:00:00,200.0000064,18.162581657423427,2,3100.0000992,1,3050.0000976,92.74415888606381,True,True,True,False
7275182510598207513,RYR7099 ,B738,L2J,Large jet,True,Day,2025-08-17 08:37:10,2025-08-17 00:00:00,,,0,,0,,,False,False,False,False
7307248563835023735,TOM3XA  ,B738,L2J,Large jet,True,Night,2025-08-23 23:10:30,2025-08-23 00:00:00,1300.0000416,8.316770399448117,3,,0,,,True,False,True,False
7307977206809860481,EXS2LS  ,B738,L2J,Large jet,True,Night,2025-08-06 23:15:40,2025-08-06 00:00:00,,,0,,0,,,False,False,False,False
7310684066840153777,EXS9WF  ,B738,L2J,Large jet,True,Night,2025-08-11 23:23:00,2025-08-11 00:00:00,,,0,,0,,,False,False,False,False
7352186154143227111,URO100P ,A346,L4J,Large jet,True,Day,2025-08-06 09:15:30,2025-08-06 00:00:00,2000.000064,3.943332327297088,3,2000.000064,3,2125.0000680000003,-1066.5094292420536,True,True,True,False
7364017036152796757,RUK179V ,B738,,Large jet,True,Day,2025-08-11 10:54:10,2025-08-11 00:00:00,,,0,,0,,,False,False,False,False
7396003940054940778,RYR90UB ,B738,L2J,Large jet,True,Night,2025-08-23 22:28:35,2025-08-23 00:00:00,,,0,,0,,,False,False,False,False
7417998962336206642,EXS3618 ,B738,L2J,Large jet,True,Night,2025-08-31 22:45:30,2025-08-31 00:00:00,250.000008,18.80793821234524,3,3325.0001064000003,2,3325.0001064000003,63.6233783240873,True,True,True,False
7439272654589974870,RYR3KY  ,B738,L2J,Large jet,True,Evening,2025-08-12 20:07:15,2025-08-12 00:00:00,,,0,,0,,,False,False,False,False
7472850251624120948,RYR8TF  ,B738,L2J,Large jet,True,Day,2025-08-24 17:32:45,2025-08-24 00:00:00,,,0,,0,,,False,False,False,False
7474149695477891701,RYR94FL ,B738,L2J,Large jet,True,Night,2025-08-14 22:28:35,2025-08-14 00:00:00,,,0,,0,,,False,False,False,False
7481579560344783569,EXS68Z  ,B738,,Large jet,True,Night,2025-08-18 22:19:15,2025-08-18 00:00:00,,,0,,0,,,False,False,False,False
7487126788742332158,TOM6723 ,B738,,Large jet,True,Night,2025-08-03 22:46:35,2025-08-03 00:00:00,2300.0000736,2.3706038036217443,1,2300.0000736,1,2300.0000736,-411.3272273925677,True,True,True,False
7502572592875893758,URO681  ,A346,L4J,Large jet,True,Day,2025-08-21 12:58:40,2025-08-21 00:00:00,,,0,,0,,,False,False,False,False
7528189725634036529,RYR14VB ,B738,L2J,Large jet,True,Evening,2025-08-18 21:49:50,2025-08-18 00:00:00,,,0,,0,,,False,False,False,False
7579567982427878755,RYR14VB ,B738,L2J,Large jet,True,Night,2025-08-15 22:38:55,2025-08-15 00:00:00,,,0,,0,,,False,False,False,False
7581850112208830949,RYR24GH ,B738,L2J,Large jet,True,Evening,2025-08-31 18:33:10,2025-08-31 00:00:00,275.00000880000005,18.514631879226272,1,,0,,,True,False,True,False
7582894189867201163,RYR611T ,B38M,L2J,Large jet,True,Day,2025-08-23 12:51:25,2025-08-23 00:00:00,2150.0000688,3.19595366631443,1,2150.0000688,1,,,True,True,True,False
7647558317575904043,RYR611T ,B38M,,Large jet,True,Evening,2025-08-04 19:12:40,2025-08-04 00:00:00,2425.0000775999997,2.7699812552349465,1,2425.0000775999997,1,2700.0000864000003,-330.1126749444393,True,True,True,False
7667463165942491243,RYR4LN  ,B38M,,Large jet,True,Day,2025-08-28 15:55:10,2025-08-28 00:00:00,350.0000112,18.238350761829786,2,2825.0000904000003,1,,,True,True,True,False
7674481353575079660,TOM16H  ,B738,L2J,Large jet,True,Day,2025-08-17 10:50:15,2025-08-17 00:00:00,,,0,,0,,,False,False,False,False
7744135142152831135,EXS147L ,B738,L2J,Large jet,True,Evening,2025-08-16 21:35:15,2025-08-16 00:00:00,,,0,,0,,,False,False,False,False
7774215532579098474,EXS339E ,B738,,Large jet,True,Evening,2025-08-10 21:06:20,2025-08-10 00:00:00,,,0,,0,,,False,False,False,False
7776530125759362924,RYR3KY  ,B738,L2J,Large jet,True,Day,2025-08-30 08:40:50,2025-08-30 00:00:00,250.000008,18.726048413816446,1,,0,,,True,False,True,False
7777123956712553307,EXS68Z  ,B738,,Large jet,True,Night,2025-08-22 22:59:40,2025-08-22 00:00:00,,,0,,0,,,False,False,False,False
7805382048859914486,RYR94FL ,B738,L2J,Large jet,True,Day,2025-08-01 13:08:30,2025-08-01 00:00:00,2425.0000775999997,3.5709486928798198,3,2425.0000775999997,1,2400.0000768,-341.5733779968441,True,True,True,False
7805834453976390764,URO805K ,A346,L4J,Large jet,True,Day,2025-08-17 15:03:15,2025-08-17 00:00:00,,,0,,0,,,False,False,False,False
7810899088519201419,RYR24GH ,B738,L2J,Large jet,True,Day,2025-08-29 13:29:20,2025-08-29 00:00:00,425.00001360000005,18.497320237320654,1,,0,,,True,False,True,False
7823521814595695265,URO683  ,A346,L4J,Large jet,True,Day,2025-08-25 06:59:55,2025-08-25 00:00:00,,,0,,0,,,False,False,False,False
7831977491790129166,EXS47K  ,B738,L2J,Large jet,True,Day,2025-08-12 16:17:05,2025-08-12 00:00:00,,,0,,0,,,False,False,False,False
7911857999589540438,RYR55SN ,A320,L2J,Large jet,True,Day,2025-08-28 09:35:55,2025-08-28 00:00:00,250.000008,18.831175573102723,4,2750.0000880000002,3,2850.0000912,-146.7724068611583,True,True,True,False
8012337427056336364,RYR7148 ,B38M,,Large jet,True,Day,2025-08-29 08:41:45,2025-08-29 00:00:00,475.0000152,18.35375147899967,1,,0,,,True,False,True,False
8022235988341094609,EXS3676 ,B738,L2J,Large jet,True,Day,2025-08-30 14:40:55,2025-08-30 00:00:00,300.0000096,18.665267672399526,2,2775.0000888,1,2775.0000888,-35.71323063885848,True,True,True,False
8044926471064162285,RYR8945 ,B738,L2J,Large jet,True,Day,2025-08-11 14:46:45,2025-08-11 00:00:00,,,0,,0,,,False,False,False,False
8051997093745057454,URO681  ,A346,L4J,Large jet,True,Day,2025-08-28 12:36:00,2025-08-28 00:00:00,275.00000880000005,18.436804686254554,3,,0,,,True,False,True,False
8060104128257229001,EXS68Z  ,B738,,Large jet,True,Night,2025-08-01 22:42:30,2025-08-01 00:00:00,,,0,,0,,,False,False,False,False
8096098586983513871,RYR46HP ,B738,L2J,Large jet,True,Day,2025-08-17 11:04:15,2025-08-17 00:00:00,,,0,,0,,,False,False,False,False
8107327175683780935,RYR9EM  ,B738,L2J,Large jet,True,Day,2025-08-26 05:39:30,2025-08-26 00:00:00,150.0000048,18.584408684058047,5,2100.0000672,1,,,True,True,True,False
8123092949226729844,RYR24GH ,B738,L2J,Large jet,True,Night,2025-08-09 22:16:10,2025-08-09 00:00:00,2500.00008,1.8860667398115811,1,2500.00008,1,2500.00008,-291.94018676347105,True,True,True,False
8139664321965397746,EXS147L ,B738,L2J,Large jet,True,Day,2025-08-06 11:35:35,2025-08-06 00:00:00,2225.0000712,3.3147134009900374,1,2225.0000712,1,,,True,True,True,False
8234944978375803193,RYR7148 ,B738,L2J,Large jet,True,Evening,2025-08-31 21:17:45,2025-08-31 00:00:00,275.00000880000005,18.57561609084729,3,3725.0001192000004,2,3725.0001192000004,332.0197020404862,True,True,True,False
8251419526950418484,RYR3KY  ,B738,L2J,Large jet,True,Day,2025-08-16 08:29:40,2025-08-16 00:00:00,,,0,,0,,,False,False,False,False
8266419453644691264,RYR560X ,B738,L2J,Large jet,True,Day,2025-08-27 14:50:00,2025-08-27 00:00:00,250.000008,18.792260143913335,1,,0,,,True,False,True,False
8271982650460270893,TOM2TG  ,B738,L2J,Large jet,True,Night,2025-08-08 23:30:15,2025-08-08 00:00:00,2300.0000736,3.174823450011266,1,2300.0000736,1,,,True,True,True,False
8281600504257575859,RYR55SN ,B738,L2J,Large jet,True,Day,2025-08-26 08:48:00,2025-08-26 00:00:00,150.0000048,18.370594593140652,2,2625.0000840000002,1,2625.0000840000002,-130.74791126185437,True,True,True,False
8283206082343469171,EXS339E ,B738,L2J,Large jet,True,Evening,2025-08-21 21:06:30,2025-08-21 00:00:00,,,0,,0,,,False,False,False,False
8290802046015478218,RYR611T ,B738,L2J,Large jet,True,Day,2025-08-14 14:36:35,2025-08-14 00:00:00,2375.0000760000003,2.925079016122296,1,2375.0000760000003,1,2375.0000760000003,-239.32496451784846,True,True,True,False
8293742500148706050,RYR94FL ,B38M,L2J,Large jet,True,Day,2025-08-03 06:58:35,2025-08-03 00:00:00,2275.0000728,1.920026526970279,1,2275.0000728,1,2275.0000728,-512.0420851285321,True,True,True,False
8301777359457422282,RYR24GH ,B738,L2J,Large jet,True,Evening,2025-08-03 19:06:05,2025-08-03 00:00:00,,,0,,0,,,False,False,False,False
8306091223584512901,TOM7TY  ,B738,L2J,Large jet,True,Day,2025-08-15 13:09:10,2025-08-15 00:00:00,,,0,,0,,,False,False,False,False
8335671523922321204,TOM6109 ,B38M,L2J,Large jet,True,Night,2025-08-25 23:35:35,2025-08-25 00:00:00,75.0000024,18.794184305214326,1,,0,,,True,False,True,False
8349388478735471231,RYR55SN ,B738,L2J,Large jet,True,Day,2025-08-10 14:31:20,2025-08-10 00:00:00,,,0,,0,,,False,False,False,False
8386017926468479234,RYR2CT  ,A320,L2J,Large jet,True,Day,2025-08-23 06:30:50,2025-08-23 00:00:00,2775.0000888,2.277854424935884,1,2775.0000888,1,2775.0000888,35.996167551506005,True,True,True,False
8387118996022703920,EXS3618 ,B738,L2J,Large jet,True,Day,2025-08-07 15:12:05,2025-08-07 00:00:00,2250.0000720000003,4.0812598905574395,1,2250.0000720000003,1,,,True,True,True,False
8395532994741776940,EXS64DM ,B738,,Large jet,True,Day,2025-08-28 14:16:25,2025-08-28 00:00:00,300.0000096,18.741726601231992,4,3675.0001176000005,2,3675.0001176000005,351.8292034783076,True,True,True,False
8411334000393634849,RYR9EM  ,B738,L2J,Large jet,True,Day,2025-08-12 05:50:15,2025-08-12 00:00:00,,,0,,0,,,False,False,False,False
8445194834732062157,RYR8947 ,B738,L2J,Large jet,True,Day,2025-08-15 13:58:35,2025-08-15 00:00:00,,,0,,0,,,False,False,False,False
8446038914766777766,EXS66Q  ,B738,,Large jet,True,Evening,2025-08-12 21:49:25,2025-08-12 00:00:00,2250.0000720000003,3.624745488922486,1,2250.0000720000003,1,,,True,True,True,False
8533221301712023501,TOM8VY  ,B738,,Large jet,True,Day,2025-08-06 11:23:20,2025-08-06 00:00:00,2150.0000688,1.6675485211033012,3,2150.0000688,3,2300.0000736,-713.499582181083,True,True,True,False
8639473293587909528,RYR611T ,B38M,L2J,Large jet,True,Evening,2025-08-25 19:03:00,2025-08-25 00:00:00,25.0000008,18.767613410058264,1,,0,,,True,False,True,False
8644782555047716719,RUK179V ,B738,L2J,Large jet,True,Day,2025-08-13 12:24:40,2025-08-13 00:00:00,4925.0001576,19.66895212059503,1,,0,,,True,False,True,False
8683114900012645966,RYR55SN ,B38M,L2J,Large jet,True,Day,2025-08-25 14:48:25,2025-08-25 00:00:00,,,0,,0,,,False,False,False,False
8796455449417208170,URO683  ,A346,L4J,Large jet,True,Evening,2025-08-02 20:15:30,2025-08-02 00:00:00,,,0,,0,,,False,False,False,False
8825481566654239345,URO807K ,A346,L4J,Large jet,True,Day,2025-08-11 16:52:40,2025-08-11 00:00:00,,,0,,0,,,False,False,False,False
8843231115389248017,RYR55SN ,B738,L2J,Large jet,True,Day,2025-08-17 14:15:40,2025-08-17 00:00:00,,,0,,0,,,False,False,False,False
8843867988518774386,RYR73LA ,B738,L2J,Large jet,True,Day,2025-08-05 14:28:40,2025-08-05 00:00:00,,,0,,0,,,False,False,False,False
8894037502143450582,RYR611T ,B38M,,Large jet,True,Day,2025-08-08 08:56:50,2025-08-08 00:00:00,2325.0000744000004,1.73234290320022,1,2325.0000744000004,1,2325.0000744000004,-510.0558181340789,True,True,True,False
8906542455622103059,TOM6109 ,B738,,Large jet,True,Night,2025-08-11 22:40:45,2025-08-11 00:00:00,,,0,,0,,,False,False,False,False
8947518493271673258,RYR611T ,B738,,Large jet,True,Evening,2025-08-27 20:06:10,2025-08-27 00:00:00,250.000008,18.604077809073292,1,,0,,,True,False,True,False
8971811919950188658,EXS64DM ,B738,,Large jet,True,Day,2025-08-21 13:46:55,2025-08-21 00:00:00,,,0,,0,,,False,False,False,False
8981812165015923905,TOM3XA  ,B738,,Large jet,True,Night,2025-08-16 22:55:05,2025-08-16 00:00:00,3600.0001152,4.794370203480186,1,3600.0001152,1,,,True,True,True,False
8995698670204854641,RYR46HP ,B738,L2J,Large jet,True,Night,2025-08-15 22:17:25,2025-08-15 00:00:00,,,0,,0,,,False,False,False,False
9011370937141104144,EXS34A  ,B738,L2J,Large jet,True,Night,2025-08-14 22:58:15,2025-08-14 00:00:00,,,0,,0,,,False,False,False,False
9026922925314893773,URO681  ,A346,L4J,Large jet,True,Day,2025-08-23 13:25:50,2025-08-23 00:00:00,2275.0000728,1.9211212983711219,2,2275.0000728,2,2325.0000744000004,-638.2026531227316,True,True,True,False
9067620340731931307,EXS147L ,B738,,Large jet,True,Day,2025-08-22 14:01:50,2025-08-22 00:00:00,,,0,,0,,,False,False,False,False
9084154922481306711,RYR55SN ,B738,L2J,Large jet,True,Day,2025-08-05 08:44:25,2025-08-05 00:00:00,1725.0000552,1.4924903580068498,1,1725.0000552,1,1725.0000552,-1163.6450098739363,True,True,True,True
9102094717817450419,EXS68Z  ,B738,,Large jet,True,Night,2025-08-29 23:02:45,2025-08-29 00:00:00,,,0,,0,,,False,False,False,False
9110617570908163493,URO683  ,A346,L4J,Large jet,True,Day,2025-08-11 06:16:05,2025-08-11 00:00:00,,,0,,0,,,False,False,False,False
9112115859402581718,TOM82B  ,B738,L2J,Large jet,True,Day,2025-08-25 12:59:10,2025-08-25 00:00:00,,,0,,0,,,False,False,False,False
9115477705988848016,EXS339E ,B738,L2J,Large jet,True,Evening,2025-08-24 21:05:00,2025-08-24 00:00:00,,,0,,0,,,False,False,False,False
9183995016295499650,RYR90UB ,B738,L2J,Large jet,True,Evening,2025-08-16 21:51:15,2025-08-16 00:00:00,,,0,,0,,,False,False,False,False
9193904587193222720,RYR4LN  ,B38M,,Large jet,True,Day,2025-08-21 15:54:15,2025-08-21 00:00:00,,,0,,0,,,False,False,False,False
9231297631636567833,RYR90UB ,B738,L2J,Large jet,True,Evening,2025-08-09 21:35:05,2025-08-09 00:00:00,2175.0000696,2.055619058821433,1,2175.0000696,1,2175.0000696,-590.8250483140764,True,True,True,False
9244173178930217784,EXS3618 ,B738,L2J,Large jet,True,Night,2025-08-10 22:32:10,2025-08-10 00:00:00,,,0,,0,,,False,False,False,False
9252729749433929869,BRO076P ,B733,L2J,Large jet,True,Day,2025-08-14 16:17:45,2025-08-14 00:00:00,,,0,,0,,,False,False,False,False
9275583973445088211,TOM6TM  ,B738,L2J,Large jet,True,Night,2025-08-14 22:34:15,2025-08-14 00:00:00,2700.0000864000003,2.3378897762399347,1,2700.0000864000003,1,2725.0000872,-315.56028064850307,True,True,True,False
9292454353964749755,TOM67H  ,B738,L2J,Large jet,True,Day,2025-08-09 12:20:40,2025-08-09 00:00:00,,,0,,0,,,False,False,False,False
9298536388908623052,TOM6687 ,B738,L2J,Large jet,True,Night,2025-08-16 22:43:30,2025-08-16 00:00:00,,,0,,0,,,False,False,False,False
9301270044863215947,TOM7TY  ,B738,L2J,Large jet,True,Day,2025-08-01 14:32:00,2025-08-01 00:00:00,,,0,,0,,,False,False,False,False
9301275008149224158,EXS2LS  ,B738,,Large jet,True,Night,2025-08-10 00:18:55,2025-08-09 00:00:00,,,0,,0,,,False,False,False,False
9327365951357955359,RYR73LA ,B38M,,Large jet,True,Day,2025-08-17 08:33:55,2025-08-17 00:00:00,,,0,,0,,,False,False,False,False
9339742139064181124,RYR560X ,B738,L2J,Large jet,True,Day,2025-08-09 16:40:10,2025-08-09 00:00:00,,,0,,0,,,False,False,False,False
9414243724223444887,RYR90UB ,B738,L2J,Large jet,True,Day,2025-08-05 14:21:10,2025-08-05 00:00:00,1650.0000528,4.778332244291763,3,1650.0000528,2,2125.0000680000003,-641.5619741829805,True,True,True,False
9463901289220217099,RUK179V ,B738,,Large jet,True,Day,2025-08-29 11:42:15,2025-08-29 00:00:00,450.0000144,18.36840631103062,2,3900.0001248,1,3900.0001248,433.20031229017695,True,True,True,False
9524568018946182248,EXS66Q  ,B738,L2J,Large jet,True,Evening,2025-08-01 21:59:45,2025-08-01 00:00:00,3000.000096,0.2557265276478769,1,3000.000096,1,3000.000096,-109.52745163391273,True,True,True,False
9601698058650809085,RUK179V ,B738,L2J,Large jet,True,Day,2025-08-27 11:51:10,2025-08-27 00:00:00,250.000008,18.51372067627568,4,2725.0000872,3,2725.0000872,-326.5496163430762,True,True,True,False
9611673602459210722,RYR24GH ,B738,L2J,Large jet,True,Evening,2025-08-14 19:36:40,2025-08-14 00:00:00,,,0,,0,,,False,False,False,False
9627216476179424858, G ECLM ,A346,L4J,Large jet,True,Evening,2025-08-02 20:36:00,2025-08-02 00:00:00,,,0,,0,,,False,False,False,False
9636160964002914820,TOM6457 ,B738,,Large jet,True,Day,2025-08-07 13:42:25,2025-08-07 00:00:00,2425.0000775999997,3.4948622629537294,1,2425.0000775999997,1,,,True,True,True,False
9656377695613446504,TOM6785 ,B738,L2J,Large jet,True,Evening,2025-08-03 20:40:45,2025-08-03 00:00:00,,,0,,0,,,False,False,False,False
9700985947335744961,TOM7KX  ,B738,L2J,Large jet,True,Evening,2025-08-05 21:56:25,2025-08-05 00:00:00,,,0,,0,,,False,False,False,False
9747358135214949825,RYR59SF ,B38M,L2J,Large jet,True,Evening,2025-08-24 20:18:55,2025-08-24 00:00:00,,,0,,0,,,False,False,False,False
9751135457578191410,RYR611T ,B38M,L2J,Large jet,True,Day,2025-08-29 09:16:15,2025-08-29 00:00:00,450.0000144,18.719656112305934,1,,0,,,True,False,True,False
9771379718193621829,RYR39HE ,B738,L2J,Large jet,True,Evening,2025-08-04 20:14:45,2025-08-04 00:00:00,,,0,,0,,,False,False,False,False
9800049837032756077,RYR55SN ,B738,L2J,Large jet,True,Day,2025-08-12 08:37:05,2025-08-12 00:00:00,,,0,,0,,,False,False,False,False
9902017045365000390,RYR24GH ,B738,L2J,Large jet,True,Night,2025-08-23 22:05:05,2025-08-23 00:00:00,,,0,,0,,,False,False,False,False
9906777504430619611,RUK179V ,B738,L2J,Large jet,True,Day,2025-08-08 10:28:00,2025-08-08 00:00:00,,,0,,0,,,False,False,False,False
9967408523661021908,EXS3618 ,B738,,Large jet,True,Night,2025-08-03 22:54:00,2025-08-03 00:00:00,,,0,,0,,,False,False,False,False
10044295734499401133,RYR7099 ,B738,L2J,Large jet,True,Day,2025-08-24 08:52:40,2025-08-24 00:00:00,,,0,,0,,,False,False,False,False
10122576459181527313,URO806K ,A346,L4J,Large jet,True,Day,2025-08-10 16:03:55,2025-08-10 00:00:00,2150.0000688,3.0854327976950846,1,2150.0000688,1,,,True,True,True,False
10138127941393760437,URO601  ,A346,L4J,Large jet,True,Day,2025-08-14 11:28:00,2025-08-14 00:00:00,,,0,,0,,,False,False,False,False
10175315830242932578,RYR24GH ,B738,L2J,Large jet,True,Evening,2025-08-16 21:27:00,2025-08-16 00:00:00,,,0,,0,,,False,False,False,False
10185775838688756472,RYR55SN ,B738,L2J,Large jet,True,Day,2025-08-24 14:27:30,2025-08-24 00:00:00,,,0,,0,,,False,False,False,False
10201736080670110244,RYR24GH ,B738,L2J,Large jet,True,Evening,2025-08-11 21:24:30,2025-08-11 00:00:00,,,0,,0,,,False,False,False,False
10240293516097525141,RUK179V ,B738,L2J,Large jet,True,Day,2025-08-06 12:11:40,2025-08-06 00:00:00,3300.0001056,2.962011961387382,1,3300.0001056,1,3300.0001056,-227.58690671478826,True,True,True,False
10244352807349339643,RYR39HE ,B738,L2J,Large jet,True,Evening,2025-08-11 20:00:30,2025-08-11 00:00:00,,,0,,0,,,False,False,False,False
10260427438535717252,KLJ4058 ,B735,L2J,Large jet,True,Day,2025-08-08 16:59:55,2025-08-08 00:00:00,,,0,,0,,,False,False,False,False
10264784148817442406,RYR90UB ,B738,L2J,Large jet,True,Day,2025-08-26 14:12:25,2025-08-26 00:00:00,125.000004,18.924250165478195,1,,0,,,True,False,True,False
10301128917485365501,RYR611T ,B38M,L2J,Large jet,True,Day,2025-08-12 13:14:20,2025-08-12 00:00:00,,,0,,0,,,False,False,False,False
10307576825421653387,FHY545  ,A320,L2J,Large jet,True,Evening,2025-08-03 18:51:00,2025-08-03 00:00:00,,,0,,0,,,False,False,False,False
10420677307111088383,EXS3618 ,B738,,Large jet,True,Evening,2025-08-14 18:18:50,2025-08-14 00:00:00,,,0,,0,,,False,False,False,False
10532210767981573544,RYR55SN ,B738,L2J,Large jet,True,Day,2025-08-31 14:39:55,2025-08-31 00:00:00,250.000008,18.761381703003803,1,,0,,,True,False,True,False
10546998776576419777,TOM6109 ,B738,L2J,Large jet,True,Night,2025-08-04 22:59:55,2025-08-04 00:00:00,,,0,,0,,,False,False,False,False
10586283517006311558,EXS74H  ,B738,L2J,Large jet,True,Day,2025-08-22 12:13:35,2025-08-22 00:00:00,,,0,,0,,,False,False,False,False
10608717105554289419,TOM6339 ,B738,L2J,Large jet,True,Day,2025-08-06 11:29:50,2025-08-06 00:00:00,3450.0001104,5.0875977356320305,2,3450.0001104,1,,,True,True,True,False
10608839655368145821,EXS68Z  ,B738,,Large jet,True,Night,2025-08-04 22:07:40,2025-08-04 00:00:00,2425.0000775999997,3.1845584540527367,1,2425.0000775999997,1,,,True,True,True,False
10620704252299625135,RYR2CT  ,A320,L2J,Large jet,True,Day,2025-08-09 06:19:05,2025-08-09 00:00:00,2525.0000808,0.9260440630306851,1,2525.0000808,1,2525.0000808,-715.8661081005775,True,True,True,False
10654981218828530574,EXS74H  ,B738,L2J,Large jet,True,Day,2025-08-11 13:41:50,2025-08-11 00:00:00,,,0,,0,,,False,False,False,False
10668965570459864984,TOM6339 ,B738,,Large jet,True,Day,2025-08-13 11:08:20,2025-08-13 00:00:00,1975.0000632,6.426770989304968,1,,0,,,True,False,True,False
10673925903350037889,RUK179V ,B738,L2J,Large jet,True,Day,2025-08-22 11:06:30,2025-08-22 00:00:00,4400.000140800001,10.524742484475054,2,,0,,,True,False,True,False
10859981866011173435,RYR90UB ,B738,L2J,Large jet,True,Evening,2025-08-24 19:58:35,2025-08-24 00:00:00,,,0,,0,,,False,False,False,False
10876343523338968695,RYR611T ,B38M,L2J,Large jet,True,Day,2025-08-16 13:54:30,2025-08-16 00:00:00,,,0,,0,,,False,False,False,False
10883235591354832337,EXS2LS  ,B738,,Large jet,True,Night,2025-08-28 00:18:40,2025-08-27 00:00:00,225.0000072,18.71442995975272,1,,0,,,True,False,True,False
10900027802862027481,RYR39HE ,B738,L2J,Large jet,True,Day,2025-08-07 10:27:05,2025-08-07 00:00:00,2400.0000768,2.6982860058229208,1,2400.0000768,1,2400.0000768,-280.3519708372942,True,True,True,False
10914291106976344871,RYR90UB ,B738,L2J,Large jet,True,Evening,2025-08-30 21:29:45,2025-08-30 00:00:00,300.0000096,18.804353948520514,1,,0,,,True,False,True,False
10919042145183716093,EXS64DM ,B738,L2J,Large jet,True,Day,2025-08-14 14:23:50,2025-08-14 00:00:00,2325.0000744000004,2.8767635327210925,3,2325.0000744000004,2,2325.0000744000004,-347.61176315924604,True,True,True,False
10939934588262908298,RYR3KY  ,B738,L2J,Large jet,True,Day,2025-08-09 08:46:25,2025-08-09 00:00:00,,,0,,0,,,False,False,False,False
10941875484696150071,RYR39HE ,B738,L2J,Large jet,True,Day,2025-08-28 10:15:30,2025-08-28 00:00:00,250.000008,18.80271211307199,5,2475.0000792,3,2600.0000832,-320.3673008478895,True,True,True,False
10965787588581724248,TOM299  ,B738,L2J,Large jet,True,Night,2025-08-29 23:02:30,2025-08-29 00:00:00,300.0000096,18.985670870424112,2,,0,,,True,False,True,False
11025154431459974644,TOM6687 ,B738,L2J,Large jet,True,Night,2025-08-02 22:49:45,2025-08-02 00:00:00,,,0,,0,,,False,False,False,False
11028678936682306159,RYR94FL ,B38M,,Large jet,True,Day,2025-08-31 06:57:05,2025-08-31 00:00:00,,,0,,0,,,False,False,False,False
11042825670779356244,EXS147L ,B738,L2J,Large jet,True,Day,2025-08-13 11:36:30,2025-08-13 00:00:00,,,0,,0,,,False,False,False,False
11051962556212131403,EXS74H  ,B738,L2J,Large jet,True,Day,2025-08-08 12:08:10,2025-08-08 00:00:00,1800.0000576,4.31443160945752,3,1800.0000576,3,2075.0000664,-791.3689182586595,True,True,True,False
11096674233256682070,EXS74H  ,B738,L2J,Large jet,True,Day,2025-08-25 13:28:10,2025-08-25 00:00:00,,,0,,0,,,False,False,False,False
11107078742799633169,RYR90UB ,B738,L2J,Large jet,True,Day,2025-08-21 15:35:00,2025-08-21 00:00:00,,,0,,0,,,False,False,False,False
11108033772139879787,TOM299  ,B38M,L2J,Large jet,True,Night,2025-08-22 22:37:15,2025-08-22 00:00:00,,,0,,0,,,False,False,False,False
11133992591000481390,EXS2LS  ,B738,,Large jet,True,Night,2025-08-02 23:34:15,2025-08-02 00:00:00,,,0,,0,,,False,False,False,False
11153061709288050681,RYR90UB ,B738,L2J,Large jet,True,Day,2025-08-08 10:43:55,2025-08-08 00:00:00,,,0,,0,,,False,False,False,False
11160801121866958252,EXS15Q  ,B738,L2J,Large jet,True,Night,2025-08-27 22:23:55,2025-08-27 00:00:00,225.0000072,18.953148736513697,1,,0,,,True,False,True,False
11176656908594766360,EXS2LS  ,B738,,Large jet,True,Night,2025-08-31 00:00:20,2025-08-30 00:00:00,225.0000072,18.946755017434636,1,,0,,,True,False,True,False
11199938087937394543,RYR59SF ,B738,L2J,Large jet,True,Evening,2025-08-05 20:36:45,2025-08-05 00:00:00,,,0,,0,,,False,False,False,False
11216577295137322536,TOM6HJ  ,B738,,Large jet,True,Day,2025-08-11 13:17:35,2025-08-11 00:00:00,,,0,,0,,,False,False,False,False
11246540979934159604,URO681  ,A346,L4J,Large jet,True,Day,2025-08-31 12:54:50,2025-08-31 00:00:00,3050.0000976,1.4759963523250001,4,3050.0000976,4,3100.0000992,-18.874736817138,True,True,True,False
11248524574157609913,URO683  ,A346,L4J,Large jet,True,Day,2025-08-01 17:38:20,2025-08-01 00:00:00,,,0,,0,,,False,False,False,False
11259436290956878885,FHY545  ,A320,L2J,Large jet,True,Evening,2025-08-10 18:59:55,2025-08-10 00:00:00,3625.000116,5.425570522827282,2,3625.000116,1,,,True,True,True,False
11309982406935749054,RYR94FL ,B38M,,Large jet,True,Day,2025-08-17 07:09:35,2025-08-17 00:00:00,,,0,,0,,,False,False,False,False
11349022869034469771,EXS4HW  ,B738,,Large jet,True,Day,2025-08-06 12:42:00,2025-08-06 00:00:00,,,0,,0,,,False,False,False,False
11483770988761954239,EXS52N  ,B738,,Large jet,True,Day,2025-08-10 14:10:25,2025-08-10 00:00:00,,,0,,0,,,False,False,False,False
11571919639325478999,TOM82B  ,B738,L2J,Large jet,True,Day,2025-08-11 13:34:25,2025-08-11 00:00:00,,,0,,0,,,False,False,False,False
11572363636078201760,RYR7148 ,B738,L2J,Large jet,True,Day,2025-08-11 10:54:30,2025-08-11 00:00:00,,,0,,0,,,False,False,False,False
11620153989394402121,TOM5XY  ,B738,L2J,Large jet,True,Night,2025-08-27 22:46:20,2025-08-27 00:00:00,250.000008,18.610979615782515,1,,0,,,True,False,True,False
11634828273106447898,URO681  ,A346,L4J,Large jet,True,Day,2025-08-09 06:40:10,2025-08-09 00:00:00,,,0,,0,,,False,False,False,False
11646247838557721660,EXS3618 ,B738,L2J,Large jet,True,Day,2025-08-28 14:45:05,2025-08-28 00:00:00,300.0000096,18.76379711422195,3,2800.0000896,1,2800.0000896,108.83095482363706,True,True,True,False
11690496293461589840,URO601  ,A346,L4J,Large jet,True,Day,2025-08-26 11:52:10,2025-08-26 00:00:00,100.0000032,18.942697735252917,4,2775.0000888,2,2775.0000888,-255.41240860286825,True,True,True,False
11702474777498789853,RYR560X ,B738,L2J,Large jet,True,Day,2025-08-16 16:51:10,2025-08-16 00:00:00,,,0,,0,,,False,False,False,False
11705427903902605835,RYR55SN ,B738,L2J,Large jet,True,Day,2025-08-03 14:55:05,2025-08-03 00:00:00,,,0,,0,,,False,False,False,False
11853793431963264440,EXS47K  ,B738,,Large jet,True,Day,2025-08-05 16:36:10,2025-08-05 00:00:00,,,0,,0,,,False,False,False,False
11867292282961018621,RYR8947 ,B738,L2J,Large jet,True,Day,2025-08-29 14:04:05,2025-08-29 00:00:00,425.00001360000005,18.36332089153419,1,,0,,,True,False,True,False
11877078632454156894,RYR9ME  ,B738,L2J,Large jet,True,Day,2025-08-07 14:10:25,2025-08-07 00:00:00,,,0,,0,,,False,False,False,False
11879389625551873329,RYR7099 ,B738,L2J,Large jet,True,Day,2025-08-14 14:22:25,2025-08-14 00:00:00,,,0,,0,,,False,False,False,False
11924410703772456048,EXS147L ,B738,,Large jet,True,Day,2025-08-29 13:35:15,2025-08-29 00:00:00,425.00001360000005,18.826987419878826,2,2900.0000928000004,1,,,True,True,True,False
11928835722393025907,RYR7099 ,B738,L2J,Large jet,True,Day,2025-08-31 08:30:40,2025-08-31 00:00:00,250.000008,18.93441901469994,2,2750.0000880000002,1,,,True,True,True,False
11930923078249510710,RYR7148 ,B38M,L2J,Large jet,True,Evening,2025-08-14 18:08:35,2025-08-14 00:00:00,,,0,,0,,,False,False,False,False
12016903627028676861,RYR55SN ,B38M,,Large jet,True,Day,2025-08-18 14:34:25,2025-08-18 00:00:00,,,0,,0,,,False,False,False,False
12043719315048855215,RYR24GH ,B738,L2J,Large jet,True,Evening,2025-08-13 20:59:10,2025-08-13 00:00:00,,,0,,0,,,False,False,False,False
12043866967233869917,RYR90UB ,B738,L2J,Large jet,True,Evening,2025-08-03 20:02:30,2025-08-03 00:00:00,,,0,,0,,,False,False,False,False
12065761247887297068,RYR9EM  ,B738,L2J,Large jet,True,Evening,2025-08-09 19:31:00,2025-08-09 00:00:00,2750.0000880000002,1.0862334207901232,1,2750.0000880000002,1,2750.0000880000002,-349.4303488406217,True,True,True,False
12128447255571568559,RYR59SF ,B738,L2J,Large jet,True,Evening,2025-08-12 20:17:45,2025-08-12 00:00:00,,,0,,0,,,False,False,False,False
12143134324719087032,RYR7099 ,B738,L2J,Large jet,True,Day,2025-08-07 15:29:55,2025-08-07 00:00:00,,,0,,0,,,False,False,False,False
12180776198689671423,RYR7148 ,B38M,L2J,Large jet,True,Day,2025-08-06 16:06:30,2025-08-06 00:00:00,3125.0001,3.1967715014058715,1,3125.0001,1,3125.0001,-416.0960342257504,True,True,True,False
12219575367052187280,RYR611T ,B38M,L2J,Large jet,True,Evening,2025-08-11 19:05:55,2025-08-11 00:00:00,,,0,,0,,,False,False,False,False
12239486491679241224,RYR560X ,B738,L2J,Large jet,True,Day,2025-08-06 15:04:45,2025-08-06 00:00:00,1725.0000552,6.242401832858786,3,1725.0000552,1,,,True,True,True,False
12242415045543676824,EXS2LS  ,B738,L2J,Large jet,True,Night,2025-08-13 22:13:40,2025-08-13 00:00:00,3025.0000968000004,0.6419877523926258,2,3025.0000968000004,2,3025.0000968000004,-49.15435752345911,True,True,True,False
12256075284729248830,TOM52G  ,B738,L2J,Large jet,True,Day,2025-08-05 12:11:35,2025-08-05 00:00:00,2200.0000704000004,1.2110158293248932,1,2200.0000704000004,1,2200.0000704000004,-720.1372421073715,True,True,True,False
12260202651337788237,RYR90UB ,B738,L2J,Large jet,True,Evening,2025-08-17 20:09:10,2025-08-17 00:00:00,,,0,,0,,,False,False,False,False
12264610727889270997,RYR7148 ,B738,L2J,Large jet,True,Evening,2025-08-10 21:08:35,2025-08-10 00:00:00,,,0,,0,,,False,False,False,False
12313344399896425158,WZZ5LG  ,A21N,,Large jet,True,Day,2025-08-04 11:33:55,2025-08-04 00:00:00,,,0,,0,,,False,False,False,False
12349599505995708387,EXS68Z  ,B738,,Large jet,True,Night,2025-08-08 22:36:20,2025-08-08 00:00:00,3175.0001016,3.4904676268283157,1,3175.0001016,1,,,True,True,True,False
12383884738320507954,TOM5GB  ,B738,L2J,Large jet,True,Day,2025-08-21 11:45:50,2025-08-21 00:00:00,,,0,,0,,,False,False,False,False
12405799362401520530,RYR611T ,B38M,L2J,Large jet,True,Day,2025-08-10 12:43:00,2025-08-10 00:00:00,1900.0000608,3.9184842213513025,1,1900.0000608,1,,,True,True,True,False
12433365628632035175,EXS9WF  ,B738,L2J,Large jet,True,Night,2025-08-18 23:59:55,2025-08-18 00:00:00,,,0,,0,,,False,False,False,False
12466826837488905499,RYR611T ,B738,L2J,Large jet,True,Evening,2025-08-06 20:35:20,2025-08-06 00:00:00,,,0,,0,,,False,False,False,False
12518866268986089309,RYR59SF ,B38M,L2J,Large jet,True,Evening,2025-08-31 20:03:40,2025-08-31 00:00:00,250.000008,18.598851666262576,1,,0,,,True,False,True,False
12530069006705322652,RYR14VB ,B738,L2J,Large jet,True,Evening,2025-08-25 21:40:40,2025-08-25 00:00:00,2925.0000936,0.7203332810148442,1,2925.0000936,1,2925.0000936,-68.07803118660149,True,True,True,False
12565999520329783647,RYR7148 ,B38M,,Large jet,True,Evening,2025-08-21 18:04:40,2025-08-21 00:00:00,,,0,,0,,,False,False,False,False
12600955511978734156,RYR14VB ,B738,L2J,Large jet,True,Night,2025-08-11 22:12:40,2025-08-11 00:00:00,,,0,,0,,,False,False,False,False
12608971308485772597,RYR24GH ,B738,L2J,Large jet,True,Evening,2025-08-28 20:08:00,2025-08-28 00:00:00,350.0000112,18.70920388396575,1,,0,,,True,False,True,False
12617082004586365157,RYR2CT  ,A320,L2J,Large jet,True,Day,2025-08-06 16:51:45,2025-08-06 00:00:00,2400.0000768,3.272333796251873,3,2400.0000768,3,2475.0000792,-481.5336436952739,True,True,True,False
12625617075703645216,RYR8945 ,B738,L2J,Large jet,True,Evening,2025-08-03 21:31:50,2025-08-03 00:00:00,,,0,,0,,,False,False,False,False
12682394186139224045,EXS147L ,B738,,Large jet,True,Day,2025-08-15 12:54:20,2025-08-15 00:00:00,,,0,,0,,,False,False,False,False
12730298218389156384,EXS51Y  ,B738,L2J,Large jet,True,Day,2025-08-10 12:32:20,2025-08-10 00:00:00,,,0,,0,,,False,False,False,False
12754645402461724996,TOM3XB  ,B738,,Large jet,True,Day,2025-08-01 12:15:45,2025-08-01 00:00:00,,,0,,0,,,False,False,False,False
12768907239958827354,RYR46HP ,B738,L2J,Large jet,True,Night,2025-08-29 22:04:45,2025-08-29 00:00:00,300.0000096,18.46410156171471,1,,0,,,True,False,True,False
12828758219133451984,TOM5XY  ,B738,,Large jet,True,Night,2025-08-13 22:06:25,2025-08-13 00:00:00,,,0,,0,,,False,False,False,False
12856707392761749004,EXS147L ,B738,,Large jet,True,Day,2025-08-11 12:50:25,2025-08-11 00:00:00,,,0,,0,,,False,False,False,False
12862980514910134846,RYR94FL ,B738,L2J,Large jet,True,Night,2025-08-07 22:19:40,2025-08-07 00:00:00,,,0,,0,,,False,False,False,False
12870696175351764545,EXS3676 ,B738,L2J,Large jet,True,Day,2025-08-23 14:55:10,2025-08-23 00:00:00,,,0,,0,,,False,False,False,False
12897899442679219062,TOM6HJ  ,B738,L2J,Large jet,True,Day,2025-08-18 14:26:15,2025-08-18 00:00:00,,,0,,0,,,False,False,False,False
12901334196688050745,EXS339E ,B738,,Large jet,True,Evening,2025-08-17 20:51:15,2025-08-17 00:00:00,,,0,,0,,,False,False,False,False
12930452258766818741,RYR39HE ,B738,L2J,Large jet,True,Evening,2025-08-18 19:13:00,2025-08-18 00:00:00,,,0,,0,,,False,False,False,False
12930499093593581173,RYR46HP ,B738,L2J,Large jet,True,Night,2025-08-01 22:10:15,2025-08-01 00:00:00,,,0,,0,,,False,False,False,False
12949496332497099334,RYR611T ,B38M,,Large jet,True,Day,2025-08-31 13:14:10,2025-08-31 00:00:00,250.000008,18.912932647313333,1,,0,,,True,False,True,False
13008250453643656271,RYR90UB ,B738,L2J,Large jet,True,Day,2025-08-27 12:01:05,2025-08-27 00:00:00,200.0000064,19.01413586628435,1,,0,,,True,False,True,False
13012284625363518320,RYR7148 ,B738,L2J,Large jet,True,Day,2025-08-05 09:23:45,2025-08-05 00:00:00,,,0,,0,,,False,False,False,False
13016019815683997155,RYR24GH ,B738,L2J,Large jet,True,Evening,2025-08-25 21:07:05,2025-08-25 00:00:00,50.0000016,18.770189543279972,1,,0,,,True,False,True,False
13018942874730822904,TOM7TY  ,B738,L2J,Large jet,True,Day,2025-08-29 14:14:20,2025-08-29 00:00:00,400.0000128,18.775415502709578,4,2900.0000928000004,2,2900.0000928000004,-57.803433393266914,True,True,True,False
13033951002573892063,RYR24GH ,B738,L2J,Large jet,True,Evening,2025-08-02 21:49:00,2025-08-02 00:00:00,,,0,,0,,,False,False,False,False
13037582796126410600,TOM6785 ,B738,L2J,Large jet,True,Evening,2025-08-17 20:42:45,2025-08-17 00:00:00,,,0,,0,,,False,False,False,False
13049124402041931295,RYR24GH ,B738,L2J,Large jet,True,Day,2025-08-08 13:12:20,2025-08-08 00:00:00,,,0,,0,,,False,False,False,False
13186242400409188447,RYR611T ,B38M,,Large jet,True,Day,2025-08-01 09:19:35,2025-08-01 00:00:00,2575.0000824,2.354441940287413,2,2575.0000824,2,2600.0000832,-221.69071647807777,True,True,True,False
13191411010056501410,RYR611T ,B38M,,Large jet,True,Day,2025-08-09 12:40:10,2025-08-09 00:00:00,2675.0000856,0.8628749010226255,1,2675.0000856,1,2675.0000856,-295.88128022179853,True,True,True,False
13210034973788724272,EXS66Q  ,B738,L2J,Large jet,True,Evening,2025-08-26 21:22:30,2025-08-26 00:00:00,150.0000048,18.492561697682437,1,,0,,,True,False,True,False
13224819098018196502,TOM299  ,B738,,Large jet,True,Night,2025-08-01 23:47:30,2025-08-01 00:00:00,3950.0001264,7.8272687126240825,2,,0,,,True,False,True,False
13278866745182865960,RYR3KY  ,B738,L2J,Large jet,True,Day,2025-08-23 08:30:45,2025-08-23 00:00:00,,,0,,0,,,False,False,False,False
13316437752184663711,TOM8VY  ,B738,L2J,Large jet,True,Day,2025-08-13 10:59:55,2025-08-13 00:00:00,3750.00012,6.010538248646763,2,,0,,,True,False,True,False
13383942486105196210,TOM6109 ,B738,L2J,Large jet,True,Night,2025-08-18 23:33:40,2025-08-18 00:00:00,,,0,,0,,,False,False,False,False
13425197830721629097,LAV1295 ,B738,L2J,Large jet,True,Day,2025-08-01 16:03:10,2025-08-01 00:00:00,1925.0000616,5.306330268997186,3,1925.0000616,3,,,True,True,True,False
13430893781236481589,RYR611T ,B738,L2J,Large jet,True,Day,2025-08-03 12:48:45,2025-08-03 00:00:00,2325.0000744000004,2.8448910049288565,2,2325.0000744000004,2,2325.0000744000004,-315.5669874888449,True,True,True,False
13577464015524098426,RYR9EM  ,B738,L2J,Large jet,True,Evening,2025-08-02 21:19:35,2025-08-02 00:00:00,3400.0001088000004,3.530240544892438,2,3400.0001088000004,1,,,True,True,True,False
13601274565436366852,EXS74H  ,B738,L2J,Large jet,True,Day,2025-08-29 12:17:10,2025-08-29 00:00:00,,,0,,0,,,False,False,False,False
13607068958411537697,RYR94FL ,B738,L2J,Large jet,True,Day,2025-08-15 13:50:15,2025-08-15 00:00:00,,,0,,0,,,False,False,False,False
13722557529481308119,EXS66Q  ,B738,L2J,Large jet,True,Evening,2025-08-29 21:58:50,2025-08-29 00:00:00,300.0000096,18.8750445638201,1,,0,,,True,False,True,False
13729138781680303456,TOM16H  ,B38M,L2J,Large jet,True,Day,2025-08-24 10:53:15,2025-08-24 00:00:00,,,0,,0,,,False,False,False,False
13818952288451413823,EXS66Q  ,B738,L2J,Large jet,True,Evening,2025-08-15 21:48:30,2025-08-15 00:00:00,,,0,,0,,,False,False,False,False
13825121430228136575,EXS74H  ,B738,L2J,Large jet,True,Day,2025-08-04 13:36:50,2025-08-04 00:00:00,,,0,,0,,,False,False,False,False
13849454016790013845,EXS339E ,B738,L2J,Large jet,True,Evening,2025-08-03 20:55:25,2025-08-03 00:00:00,1925.0000616,6.263756863092928,1,,0,,,True,False,True,False
13875316407095293543,EXS68Z  ,B738,,Large jet,True,Night,2025-08-11 22:01:00,2025-08-11 00:00:00,,,0,,0,,,False,False,False,False
13880657131741509688,EXS2L   ,B738,L2J,Large jet,True,Day,2025-08-26 11:49:20,2025-08-26 00:00:00,150.0000048,18.73766725169902,1,,0,,,True,False,True,False
13958174180960129961,RYR46HP ,B738,L2J,Large jet,True,Day,2025-08-24 10:47:50,2025-08-24 00:00:00,,,0,,0,,,False,False,False,False
13989386432568658808,TOM3XB  ,B738,L2J,Large jet,True,Day,2025-08-29 12:29:25,2025-08-29 00:00:00,425.00001360000005,18.814330768465588,4,2925.0000936,3,2950.0000944000003,-75.56867019846368,True,True,True,False
14003535109872598597,RYR8947 ,B738,L2J,Large jet,True,Day,2025-08-01 14:05:05,2025-08-01 00:00:00,,,0,,0,,,False,False,False,False
14030936297100352670,RYR90UB ,B738,L2J,Large jet,True,Day,2025-08-01 12:07:20,2025-08-01 00:00:00,3275.0001048,2.411732226016479,2,3275.0001048,2,3275.0001048,-178.15030156997636,True,True,True,False
14036086691027089583,EXS3676 ,B738,L2J,Large jet,True,Day,2025-08-16 14:32:20,2025-08-16 00:00:00,,,0,,0,,,False,False,False,False
14052829302747209028,TOM8VY  ,B738,L2J,Large jet,True,Day,2025-08-27 11:10:45,2025-08-27 00:00:00,225.0000072,19.005111740825527,2,3100.0000992,1,3100.0000992,253.7343715353686,True,True,True,False
14100131440013151957,RYR55SN ,A320,L2J,Large jet,True,Day,2025-08-29 11:00:35,2025-08-29 00:00:00,475.0000152,18.4000629292505,1,,0,,,True,False,True,False
14104949211270030652,RYR7148 ,B738,L2J,Large jet,True,Day,2025-08-25 11:13:45,2025-08-25 00:00:00,,,0,,0,,,False,False,False,False
14122210265588487707,RYR7148 ,B738,L2J,Large jet,True,Evening,2025-08-24 21:00:20,2025-08-24 00:00:00,,,0,,0,,,False,False,False,False
14126245654879658362,RYR8TF  ,B738,L2J,Large jet,True,Evening,2025-08-14 21:15:55,2025-08-14 00:00:00,,,0,,0,,,False,False,False,False
14221258902152688124,RYR8TF  ,B738,L2J,Large jet,True,Day,2025-08-05 15:29:20,2025-08-05 00:00:00,,,0,,0,,,False,False,False,False
14256093946951707437,URO681  ,A346,L4J,Large jet,True,Day,2025-08-01 08:43:25,2025-08-01 00:00:00,,,0,,0,,,False,False,False,False
14276060827512511390,RYR55SN ,A320,L2J,Large jet,True,Day,2025-08-01 10:55:25,2025-08-01 00:00:00,2400.0000768,1.6644986996368571,2,2400.0000768,2,2400.0000768,-506.63590989658996,True,True,True,False
14285669985183243920,TOM7TY  ,B738,L2J,Large jet,True,Day,2025-08-22 13:26:10,2025-08-22 00:00:00,,,0,,0,,,False,False,False,False
14305180457804885612,RYR7148 ,B738,L2J,Large jet,True,Day,2025-08-18 10:50:00,2025-08-18 00:00:00,,,0,,0,,,False,False,False,False
14334708499842371239,RYR611T ,B38M,,Large jet,True,Day,2025-08-24 12:21:10,2025-08-24 00:00:00,,,0,,0,,,False,False,False,False
14361053862346251301,RYR8TF  ,B738,L2J,Large jet,True,Day,2025-08-31 17:40:00,2025-08-31 00:00:00,275.00000880000005,18.692359481490467,2,3025.0000968000004,1,3025.0000968000004,289.271000487387,True,True,True,False
14475378521266437460,RYR8TF  ,B738,L2J,Large jet,True,Evening,2025-08-10 18:24:25,2025-08-10 00:00:00,1650.0000528,5.032420613671031,1,1650.0000528,1,,,True,True,True,False
14480957186239187134,TOM793  ,B738,,Large jet,True,Night,2025-08-18 23:29:30,2025-08-18 00:00:00,5100.0001632,12.891656074712403,1,,0,,,True,False,True,False
14486264609361496723,RYR7148 ,B738,L2J,Large jet,True,Day,2025-08-12 07:14:25,2025-08-12 00:00:00,,,0,,0,,,False,False,False,False
14514415708553955044,EXS52N  ,B738,L2J,Large jet,True,Day,2025-08-03 14:22:55,2025-08-03 00:00:00,,,0,,0,,,False,False,False,False
14553775485885953191,RYR9356 ,B738,L2J,Large jet,True,Day,2025-08-16 13:32:10,2025-08-16 00:00:00,,,0,,0,,,False,False,False,False
14555717616475303632,RYR611T ,B38M,L2J,Large jet,True,Evening,2025-08-13 20:18:10,2025-08-13 00:00:00,,,0,,0,,,False,False,False,False
14558788609407770164,RYR9EM  ,B738,L2J,Large jet,True,Evening,2025-08-23 19:49:10,2025-08-23 00:00:00,5125.000164,17.156504916688352,1,,0,,,True,False,True,False
14576035226272135082,URO601  ,A346,L4J,Large jet,True,Day,2025-08-09 11:52:30,2025-08-09 00:00:00,1750.0000559999999,5.123223260183104,2,1750.0000559999999,1,,,True,True,True,False
14623729095824167844,EXS2LS  ,B738,,Large jet,True,Night,2025-08-24 00:01:10,2025-08-23 00:00:00,,,0,,0,,,False,False,False,False
14624670050333085721,EXS3676 ,B738,L2J,Large jet,True,Day,2025-08-02 14:40:10,2025-08-02 00:00:00,2325.0000744000004,2.261006931233801,2,2325.0000744000004,2,2325.0000744000004,-420.05851119406907,True,True,True,False
14624907175013369978,RYR73LA ,B738,L2J,Large jet,True,Day,2025-08-12 14:14:45,2025-08-12 00:00:00,,,0,,0,,,False,False,False,False
14658638736339635547,TOM8CB  ,B738,L2J,Large jet,True,Day,2025-08-16 11:17:25,2025-08-16 00:00:00,,,0,,0,,,False,False,False,False
14684428096388021191,EXS51Y  ,B738,,Large jet,True,Day,2025-08-24 12:42:30,2025-08-24 00:00:00,,,0,,0,,,False,False,False,False
14748583919940664030,TOM3XB  ,B738,,Large jet,True,Day,2025-08-15 12:13:25,2025-08-15 00:00:00,,,0,,0,,,False,False,False,False
14786736190201178649,RYR9356 ,B738,L2J,Large jet,True,Day,2025-08-02 13:48:15,2025-08-02 00:00:00,2500.00008,2.5996492950546224,1,2500.00008,1,2500.00008,-171.45608509838803,True,True,True,False
14793343920858084962,RYR39HE ,B738,L2J,Large jet,True,Day,2025-08-21 10:18:35,2025-08-21 00:00:00,,,0,,0,,,False,False,False,False
14797537753113971012,RYR14VB ,B738,L2J,Large jet,True,Night,2025-08-29 22:12:25,2025-08-29 00:00:00,275.00000880000005,18.80793821234524,1,,0,,,True,False,True,False
14893878075110527582,RYR611T ,B738,L2J,Large jet,True,Day,2025-08-28 15:00:20,2025-08-28 00:00:00,300.0000096,18.685967796054765,1,,0,,,True,False,True,False
14917390902210954317,RYR8TF  ,B738,L2J,Large jet,True,Day,2025-08-17 17:51:05,2025-08-17 00:00:00,,,0,,0,,,False,False,False,False
14935832156849536451,TOM61L  ,B738,,Large jet,True,Day,2025-08-05 14:51:20,2025-08-05 00:00:00,2350.0000752,2.505235941058965,1,2350.0000752,1,2350.0000752,-347.96726970424834,True,True,True,False
14948251823214839526,RYR8945 ,B738,L2J,Large jet,True,Day,2025-08-18 14:42:00,2025-08-18 00:00:00,,,0,,0,,,False,False,False,False
14990774741938838178,TOM3XA  ,B738,L2J,Large jet,True,Night,2025-08-09 22:58:05,2025-08-09 00:00:00,,,0,,0,,,False,False,False,False
15006736119525288115,TOM61L  ,B738,,Large jet,True,Day,2025-08-12 14:35:55,2025-08-12 00:00:00,,,0,,0,,,False,False,False,False
15104979947111460455,EXS74H  ,B738,L2J,Large jet,True,Day,2025-08-15 11:59:30,2025-08-15 00:00:00,,,0,,0,,,False,False,False,False
15143337110004660584,TOM6TM  ,B738,L2J,Large jet,True,Night,2025-08-28 23:06:05,2025-08-28 00:00:00,425.00001360000005,18.540291744921255,1,,0,,,True,False,True,False
15187130229509542310,RYR94FL ,B38M,L2J,Large jet,True,Day,2025-08-24 06:51:45,2025-08-24 00:00:00,,,0,,0,,,False,False,False,False
15207823502347603258,RYR55SN ,A320,L2J,Large jet,True,Day,2025-08-08 10:09:45,2025-08-08 00:00:00,2350.0000752,2.7724040181524985,1,2350.0000752,1,2350.0000752,-424.4597022341645,True,True,True,False
15274034618990897588,RUK179V ,B738,L2J,Large jet,True,Day,2025-08-15 10:13:50,2025-08-15 00:00:00,,,0,,0,,,False,False,False,False
15338928391656928093,TOM8BJ  ,B738,L2J,Large jet,True,Night,2025-08-07 22:13:25,2025-08-07 00:00:00,,,0,,0,,,False,False,False,False
15403110346187373939,TOM57V  ,B738,L2J,Large jet,True,Night,2025-08-13 22:24:45,2025-08-13 00:00:00,2425.0000775999997,2.318739823380934,3,2425.0000775999997,2,2425.0000775999997,-339.8450539951091,True,True,True,False
15432395706961366220,TOM16H  ,B738,L2J,Large jet,True,Day,2025-08-10 11:03:00,2025-08-10 00:00:00,5125.000164,14.48656157085654,1,,0,,,True,False,True,False
15455212376181563061,RYR9ME  ,B738,L2J,Large jet,True,Day,2025-08-14 13:59:55,2025-08-14 00:00:00,,,0,,0,,,False,False,False,False
15471857410879418708,TOM2TG  ,B738,L2J,Large jet,True,Night,2025-08-02 00:06:35,2025-08-01 00:00:00,,,0,,0,,,False,False,False,False
15476352799342677035,URO683  ,A346,L4J,Large jet,True,Day,2025-08-22 13:36:20,2025-08-22 00:00:00,,,0,,0,,,False,False,False,False
15476368265496582204,RYR7148 ,B38M,,Large jet,True,Day,2025-08-07 17:50:40,2025-08-07 00:00:00,,,0,,0,,,False,False,False,False
15525621454675297206,LAV932P ,B738,L2J,Large jet,True,Evening,2025-08-09 20:56:15,2025-08-09 00:00:00,1675.0000536,1.8576098743313565,1,1675.0000536,1,1675.0000536,-1156.1787597394411,True,True,True,True
15530607435670816359,EXS3618 ,B738,L2J,Large jet,True,Day,2025-08-21 14:42:10,2025-08-21 00:00:00,,,0,,0,,,False,False,False,False
15628140169514688636,RYR2CT  ,A320,L2J,Large jet,True,Day,2025-08-13 16:30:15,2025-08-13 00:00:00,2375.0000760000003,3.4104741751492273,1,2375.0000760000003,1,,,True,True,True,False
15651456370795671689,RYR8945 ,B738,L2J,Large jet,True,Day,2025-08-25 14:26:30,2025-08-25 00:00:00,1950.0000624,6.228858900809058,1,,0,,,True,False,True,False
15689196310420713065,RYR8945 ,B738,L2J,Large jet,True,Evening,2025-08-24 21:24:10,2025-08-24 00:00:00,,,0,,0,,,False,False,False,False
15715860002445745350,RYR2CT  ,A320,L2J,Large jet,True,Day,2025-08-27 17:22:25,2025-08-27 00:00:00,250.000008,18.66018286493191,2,3200.0001024,1,3200.0001024,-3.6247125421027704,True,True,True,False
15727225687892711577,EXS2L   ,B738,L2J,Large jet,True,Day,2025-08-05 11:57:50,2025-08-05 00:00:00,,,0,,0,,,False,False,False,False
15759021538297839026,TOM6723 ,B738,,Large jet,True,Night,2025-08-10 22:16:05,2025-08-10 00:00:00,,,0,,0,,,False,False,False,False
15792208225039944044,RYR73LA ,B38M,L2J,Large jet,True,Day,2025-08-10 08:22:20,2025-08-10 00:00:00,2475.0000792,2.2559100988493386,2,2475.0000792,2,2475.0000792,-462.3962964833727,True,True,True,False
15798372830681788032,RYR9356 ,B738,L2J,Large jet,True,Day,2025-08-27 09:32:55,2025-08-27 00:00:00,200.0000064,19.01528032572379,1,,0,,,True,False,True,False
15849225531146732830,EXS51Y  ,B738,,Large jet,True,Day,2025-08-03 12:50:35,2025-08-03 00:00:00,2325.0000744000004,1.5774604596740815,1,2325.0000744000004,1,2325.0000744000004,-589.9421177925374,True,True,True,False
15868491909438977535,TOM82B  ,B738,,Large jet,True,Day,2025-08-18 12:58:15,2025-08-18 00:00:00,,,0,,0,,,False,False,False,False
15872659071207836938,TOM39M  ,B738,L2J,Large jet,True,Night,2025-08-31 22:11:45,2025-08-31 00:00:00,275.00000880000005,18.6975856474559,8,2775.0000888,4,3025.0000968000004,-87.3902349733421,True,True,True,False
15875016992534763271,RYR55SN ,B738,L2J,Large jet,True,Day,2025-08-06 15:24:20,2025-08-06 00:00:00,,,0,,0,,,False,False,False,False
15916292739255693165,TOM6457 ,B738,L2J,Large jet,True,Day,2025-08-14 12:55:45,2025-08-14 00:00:00,,,0,,0,,,False,False,False,False
15931482862388755324,EXS66Q  ,B738,L2J,Large jet,True,Night,2025-08-22 22:03:15,2025-08-22 00:00:00,,,0,,0,,,False,False,False,False
15948590912911511829,EXS66Q  ,B738,L2J,Large jet,True,Night,2025-08-08 22:14:05,2025-08-08 00:00:00,,,0,,0,,,False,False,False,False
15991455552688918672,TOM7KX  ,B738,L2J,Large jet,True,Night,2025-08-26 22:13:05,2025-08-26 00:00:00,125.000004,18.797486090240096,1,,0,,,True,False,True,False
16017586731971345647,URO681  ,A346,L4J,Large jet,True,Day,2025-08-03 12:39:55,2025-08-03 00:00:00,2325.0000744000004,2.4039451853024505,4,2325.0000744000004,3,2350.0000752,-492.49597506738246,True,True,True,False
16072346223531674322,RYR90UB ,B738,L2J,Large jet,True,Day,2025-08-14 15:31:50,2025-08-14 00:00:00,,,0,,0,,,False,False,False,False
16087655612407859074,RYR7148 ,B738,L2J,Large jet,True,Evening,2025-08-03 21:07:45,2025-08-03 00:00:00,,,0,,0,,,False,False,False,False
16112820528885877710,RYR9356 ,B738,L2J,Large jet,True,Day,2025-08-13 09:06:25,2025-08-13 00:00:00,,,0,,0,,,False,False,False,False
16144074779400048687,RYR8TF  ,B738,L2J,Large jet,True,Day,2025-08-26 15:29:10,2025-08-26 00:00:00,150.0000048,18.653951517956216,1,,0,,,True,False,True,False
16185915667566545652,EXS51Y  ,B738,L2J,Large jet,True,Day,2025-08-17 12:29:40,2025-08-17 00:00:00,,,0,,0,,,False,False,False,False
16281908866860585540,EXS2L   ,B738,,Large jet,True,Day,2025-08-30 12:40:00,2025-08-30 00:00:00,275.00000880000005,18.663897406611966,1,,0,,,True,False,True,False
16294590075646179863,RUK179V ,B738,L2J,Large jet,True,Day,2025-08-18 12:24:30,2025-08-18 00:00:00,,,0,,0,,,False,False,False,False
16295321477362958469,RYR55SN ,B38M,L2J,Large jet,True,Evening,2025-08-30 18:54:35,2025-08-30 00:00:00,375.000012,18.480944870596733,4,2850.0000912,3,2850.0000912,-139.95616050717308,True,True,True,False
16324089867271105788,RYR14VB ,B738,L2J,Large jet,True,Night,2025-08-22 22:06:20,2025-08-22 00:00:00,,,0,,0,,,False,False,False,False
16379191122805403628,URO681  ,A346,L4J,Large jet,True,Day,2025-08-07 16:44:15,2025-08-07 00:00:00,2450.0000784,0.7776011208618085,2,2450.0000784,1,2450.0000784,-723.8603656004634,True,True,True,False
16470723243506654393,EXS147L ,B738,L2J,Large jet,True,Evening,2025-08-02 21:32:40,2025-08-02 00:00:00,2150.0000688,4.561918858155874,1,2150.0000688,1,,,True,True,True,False
16506790652433509356,RYR7148 ,B38M,L2J,Large jet,True,Day,2025-08-15 08:40:20,2025-08-15 00:00:00,,,0,,0,,,False,False,False,False
16516457867200712147,RYR46HP ,B738,L2J,Large jet,True,Evening,2025-08-22 21:37:15,2025-08-22 00:00:00,,,0,,0,,,False,False,False,False
16531375616495397903,RYR9356 ,B738,L2J,Large jet,True,Day,2025-08-06 09:25:00,2025-08-06 00:00:00,,,0,,0,,,False,False,False,False
16590756168739937758,RYR55SN ,B738,L2J,Large jet,True,Day,2025-08-27 15:19:35,2025-08-27 00:00:00,250.000008,18.535206459029382,2,3925.0001256000005,1,3925.0001256000005,770.3148416026293,True,True,True,False
16608037923768442056,RYR24GH ,B738,L2J,Large jet,True,Day,2025-08-01 13:31:45,2025-08-01 00:00:00,,,0,,0,,,False,False,False,False
16614791733543459968,RYR14VB ,B738,L2J,Large jet,True,Night,2025-08-01 22:54:35,2025-08-01 00:00:00,,,0,,0,,,False,False,False,False
16642222480641510138,TOM5JB  ,B738,,Large jet,True,Day,2025-08-17 12:12:05,2025-08-17 00:00:00,,,0,,0,,,False,False,False,False
16652923244257121255,RYR59SF ,B738,L2J,Large jet,True,Day,2025-08-01 16:17:45,2025-08-01 00:00:00,3475.0001112,3.050506004322426,1,3475.0001112,1,3475.0001112,-66.85255382084733,True,True,True,False
16775002944289633504,TOM2TG  ,B738,L2J,Large jet,True,Night,2025-08-29 23:57:00,2025-08-29 00:00:00,275.00000880000005,18.734810711647572,4,,0,,,True,False,True,False
16784974779949966528,RYR94FL ,B738,L2J,Large jet,True,Day,2025-08-22 13:15:10,2025-08-22 00:00:00,,,0,,0,,,False,False,False,False
16801284720802941845,RYR24GH ,B738,L2J,Large jet,True,Evening,2025-08-17 19:37:25,2025-08-17 00:00:00,,,0,,0,,,False,False,False,False
16922797225678497110,RYR611T ,B38M,,Large jet,True,Day,2025-08-17 12:12:50,2025-08-17 00:00:00,,,0,,0,,,False,False,False,False
16989911274288374121,RYR55SN ,B738,L2J,Large jet,True,Evening,2025-08-16 20:03:05,2025-08-16 00:00:00,,,0,,0,,,False,False,False,False
17062747684445953058,TOM52G  ,B738,L2J,Large jet,True,Day,2025-08-26 12:03:35,2025-08-26 00:00:00,150.0000048,18.57309291886304,6,2625.0000840000002,4,2625.0000840000002,-473.2977160105934,True,True,True,False
17090522644799706654,RYR7099 ,B738,L2J,Large jet,True,Day,2025-08-21 14:09:40,2025-08-21 00:00:00,,,0,,0,,,False,False,False,False
17114757949958152287,EXS339E ,B738,L2J,Large jet,True,Evening,2025-08-28 20:50:50,2025-08-28 00:00:00,375.000012,18.69183858122567,1,,0,,,True,False,True,False
17142799258463416999,URO681  ,A346,L4J,Large jet,True,Day,2025-08-26 13:04:15,2025-08-26 00:00:00,125.000004,18.578178098781102,3,2625.0000840000002,2,2650.0000848,-315.40745258393827,True,True,True,False
17251724116083066297,RYR9356 ,B738,L2J,Large jet,True,Day,2025-08-23 13:43:20,2025-08-23 00:00:00,2300.0000736,3.786130585298921,2,2300.0000736,2,2325.0000744000004,-308.2657797039569,True,True,True,False
17280875400816403074,RYR55SN ,B38M,L2J,Large jet,True,Day,2025-08-04 15:40:30,2025-08-04 00:00:00,3250.000104,3.2222955555059203,1,3250.000104,1,,,True,True,True,False
17293168641870538446,TOM5JB  ,B738,,Large jet,True,Day,2025-08-10 11:39:45,2025-08-10 00:00:00,2875.000092,3.4759228749378717,1,2875.000092,1,,,True,True,True,False
17355477000172892731,RYR55SN ,B38M,L2J,Large jet,True,Day,2025-08-11 14:36:40,2025-08-11 00:00:00,,,0,,0,,,False,False,False,False
17359214795938886026,RYR90UB ,B738,L2J,Large jet,True,Day,2025-08-15 10:29:55,2025-08-15 00:00:00,,,0,,0,,,False,False,False,False
17396321853821464281,EXS9WF  ,B738,L2J,Large jet,True,Night,2025-08-25 23:49:35,2025-08-25 00:00:00,100.0000032,18.720822504885444,2,,0,,,True,False,True,False
17447136735833384276,TOM7KX  ,B738,L2J,Large jet,True,Evening,2025-08-12 21:58:25,2025-08-12 00:00:00,3625.000116,2.8819787487222857,1,3625.000116,1,3625.000116,154.591922446858,True,True,True,False
17459620943661544734,TOM793  ,B738,L2J,Large jet,True,Night,2025-08-11 23:34:15,2025-08-11 00:00:00,,,0,,0,,,False,False,False,False
17475327818380629482,RYR24GH ,B738,L2J,Large jet,True,Evening,2025-08-05 18:06:30,2025-08-05 00:00:00,,,0,,0,,,False,False,False,False
17543670101417272417,RYR9EM  ,B738,L2J,Large jet,True,Evening,2025-08-30 19:59:30,2025-08-30 00:00:00,325.0000104,18.63660068093846,1,,0,,,True,False,True,False
17567976885380588369,EXS3618 ,B738,,Large jet,True,Night,2025-08-24 23:10:25,2025-08-24 00:00:00,2325.0000744000004,2.858757432805186,1,2325.0000744000004,1,2325.0000744000004,-312.2362864367424,True,True,True,False
17635028036745856525,EXS52N  ,B738,,Large jet,True,Day,2025-08-17 14:07:55,2025-08-17 00:00:00,,,0,,0,,,False,False,False,False
17637366071320979130,EXS2L   ,B738,,Large jet,True,Day,2025-08-23 12:35:10,2025-08-23 00:00:00,2350.0000752,1.6204367861470985,1,2350.0000752,1,2350.0000752,-487.51870876030944,True,True,True,False
17643362790508594989,EXS74H  ,B738,L2J,Large jet,True,Day,2025-08-01 12:20:55,2025-08-01 00:00:00,2225.0000712,4.181568256160443,1,2225.0000712,1,,,True,True,True,False
17658549526660295742,TOM8CB  ,B738,L2J,Large jet,True,Day,2025-08-02 11:38:05,2025-08-02 00:00:00,,,0,,0,,,False,False,False,False
17684211677448084257,URO601  ,A346,L4J,Large jet,True,Day,2025-08-16 11:42:10,2025-08-16 00:00:00,,,0,,0,5000.00016,1500.2262108938648,False,False,False,False
17689072730603398580,RYR59SF ,B738,,Large jet,True,Day,2025-08-15 15:42:15,2025-08-15 00:00:00,,,0,,0,,,False,False,False,False
17697736866271453127,TOM5JB  ,B738,L2J,Large jet,True,Day,2025-08-24 11:28:45,2025-08-24 00:00:00,,,0,,0,,,False,False,False,False
17720131302771597514,RYR59SF ,B738,L2J,Large jet,True,Day,2025-08-08 15:44:30,2025-08-08 00:00:00,,,0,,0,,,False,False,False,False
17778529654327125127,URO601  ,A346,L4J,Large jet,True,Day,2025-08-23 11:49:30,2025-08-23 00:00:00,,,0,,0,,,False,False,False,False
17816328529833214431,EXS52N  ,B738,L2J,Large jet,True,Day,2025-08-24 14:37:35,2025-08-24 00:00:00,,,0,,0,,,False,False,False,False
17887481119072111121,TOM5GB  ,B738,L2J,Large jet,True,Day,2025-08-07 11:31:20,2025-08-07 00:00:00,,,0,,0,,,False,False,False,False
17992685160025589302,TOM6723 ,B738,L2J,Large jet,True,Night,2025-08-24 22:23:50,2025-08-24 00:00:00,2825.0000904000003,8.527937613004955,5,2825.0000904000003,4,2825.0000904000003,-298.0429281623601,True,True,True,False
18130694025746376406,TOM16H  ,B738,L2J,Large jet,True,Day,2025-08-03 11:06:20,2025-08-03 00:00:00,,,0,,0,,,False,False,False,False
18136355991510501737,EXS64DM ,B738,,Large jet,True,Day,2025-08-07 14:09:20,2025-08-07 00:00:00,,,0,,0,,,False,False,False,False
18137764504536536124,TOM67H  ,B738,L2J,Large jet,True,Day,2025-08-23 12:38:25,2025-08-23 00:00:00,,,0,,0,,,False,False,False,False
18158315230270036618,TOM6687 ,B738,,Large jet,True,Night,2025-08-09 23:04:10,2025-08-09 00:00:00,2125.0000680000003,2.598233499292339,1,2125.0000680000003,1,2125.0000680000003,-568.2979705892308,True,True,True,False
18296545118945082019,RYR24GH ,B738,L2J,Large jet,True,Evening,2025-08-12 19:20:25,2025-08-12 00:00:00,,,0,,0,,,False,False,False,False
18306065298422699315,EXS9WF  ,B738,L2J,Large jet,True,Night,2025-08-05 00:02:40,2025-08-04 00:00:00,4025.0001288000003,6.602838638901832,1,,0,,,True,False,True,False
18381118193882487322,TOM793  ,B738,L2J,Large jet,True,Night,2025-08-25 23:13:25,2025-08-25 00:00:00,100.0000032,18.653951517956216,1,,0,,,True,False,True,False
18401616239053072257,TOM299  ,B738,,Large jet,True,Night,2025-08-08 22:37:30,2025-08-08 00:00:00,3325.0001064000003,2.431678014838775,2,3325.0001064000003,1,3325.0001064000003,-195.18842023510206,True,True,True,False
18407614873894302188,RYR90UB ,B738,L2J,Large jet,True,Day,2025-08-13 11:33:15,2025-08-13 00:00:00,3275.0001048,2.562449612334113,1,3275.0001048,1,3275.0001048,-52.11535411640352,True,True,True,False
18432729005746024107,RYR24GH ,B738,L2J,Large jet,True,Evening,2025-08-07 19:38:35,2025-08-07 00:00:00,2600.0000832,2.841173786624189,1,2600.0000832,1,2600.0000832,-55.54623763249492,True,True,True,False
2686390212130124656,RYR611T ,B738,L2J,Large jet,True,Evening,2025-09-01 20:47:10,2025-09-01 00:00:00,175.0000056,18.621149837404563,1,,0,,,True,False,True,False
2734254582862194790,RYR55SN ,B38M,L2J,Large jet,True,Day,2025-09-01 14:38:00,2025-09-01 00:00:00,275.00000880000005,18.767613410058264,3,3350.0001072,2,3350.0001072,232.42767428183106,True,True,True,False
5810847893947663818,EXS147L ,B738,L2J,Large jet,True,Day,2025-09-01 13:14:20,2025-09-01 00:00:00,275.00000880000005,18.770189543279972,2,2975.0000952000005,1,2975.0000952000005,65.72844481854736,True,True,True,False
5944883047101341283,TOM6HJ  ,B738,L2J,Large jet,True,Day,2025-09-01 13:54:15,2025-09-01 00:00:00,275.00000880000005,18.746952817030653,11,,0,,,True,False,True,False
8144319041162267030,EXS68Z  ,B738,,Large jet,True,Night,2025-09-01 22:17:25,2025-09-01 00:00:00,225.0000072,18.687133392372946,2,3400.0001088000004,1,3400.0001088000004,234.95004194154035,True,True,True,False
8766434852375529538,RUK179V ,B738,,Large jet,True,Day,2025-09-01 10:34:00,2025-09-01 00:00:00,300.0000096,18.50863544705882,1,,0,,,True,False,True,False
8961966791772463514,RYR39HE ,B738,L2J,Large jet,True,Evening,2025-09-01 19:48:15,2025-09-01 00:00:00,225.0000072,18.580842569703325,2,,0,,,True,False,True,False
9583494946061235717,RYR8945 ,B738,L2J,Large jet,True,Day,2025-09-01 14:35:00,2025-09-01 00:00:00,275.00000880000005,18.64705347867542,1,,0,,,True,False,True,False
10495481249778342654,RYR14VB ,B738,L2J,Large jet,True,Evening,2025-09-01 21:45:20,2025-09-01 00:00:00,175.0000056,19.00774172240171,3,3175.0001016,2,3175.0001016,247.7559874841386,True,True,True,False
10539064322544421792,URO683  ,A346,L4J,Large jet,True,Day,2025-09-01 06:21:35,2025-09-01 00:00:00,300.0000096,18.648218597131358,7,2650.0000848,6,2750.0000880000002,-318.3118936659175,True,True,True,False
11158098262926524288,RYR7148 ,B738,L2J,Large jet,True,Day,2025-09-01 10:59:40,2025-09-01 00:00:00,250.000008,18.853246258372227,1,,0,,,True,False,True,False
11317213639981166820,EXS9WF  ,B738,L2J,Large jet,True,Night,2025-09-01 23:46:10,2025-09-01 00:00:00,225.0000072,18.675437505902035,1,,0,,,True,False,True,False
13299718384026355320,EXS74H  ,B738,,Large jet,True,Day,2025-09-01 11:44:30,2025-09-01 00:00:00,225.0000072,18.924684249608955,1,,0,,,True,False,True,False
15975494101403844905,RYR24GH ,B738,L2J,Large jet,True,Evening,2025-09-01 21:41:15,2025-09-01 00:00:00,175.0000056,18.84802050385341,2,4050.0001296,1,,,True,True,True,False
16853073716423782160,TOM793  ,B738,L2J,Large jet,True,Night,2025-09-01 23:20:30,2025-09-01 00:00:00,225.0000072,18.75217910938589,1,,0,,,True,False,True,False
17034724511754358385,TOM92D  ,B738,L2J,Large jet,True,Night,2025-09-01 23:14:20,2025-09-01 00:00:00,225.0000072,18.57309291886304,8,2725.0000872,2,2725.0000872,-6.537690417836075,True,True,True,False
17759791342953424887,TOM82B  ,B738,L2J,Large jet,True,Day,2025-09-01 12:56:35,2025-09-01 00:00:00,275.00000880000005,18.67035255274534,1,,0,,,True,False,True,False
