id,flt_id,typecode,icao_aircraft_class,category,is_large_jet,time_window,last_seen,dof,year
8993013325626937992,RYR65FB ,B38M,,Large jet,True,Day,2026-01-01 07:22:50,2026-01-01 00:00:00,2026
15806879346633850837,RYR46KY ,B738,L2J,Large jet,True,Day,2026-01-01 09:56:00,2026-01-01 00:00:00,2026
6010047280826111016,RUK8BP  ,B738,,Large jet,True,Day,2026-01-01 09:13:05,2026-01-01 00:00:00,2026
3887893277310101865,SRD375  ,,,Other,False,Day,2026-01-01 11:48:25,2026-01-01 00:00:00,2026
11363499212028505284,GMEEP   ,R44,H1P,Helicopter,False,Day,2026-01-01 11:38:40,2026-01-01 00:00:00,2026
9287288634151526382,GCMCZ   ,P28A,L1P,GA / light,False,Day,2026-01-01 12:15:45,2026-01-01 00:00:00,2026
12066306284292334957,GARKM   ,PA22,L1P,GA / light,False,Day,2026-01-01 12:17:35,2026-01-01 00:00:00,2026
8604537628479546086,URO681  ,A346,L4J,Large jet,True,Day,2026-01-01 15:43:00,2026-01-01 00:00:00,2026
12769922573233615122,RYR11MN ,B738,L2J,Large jet,True,Day,2026-01-01 15:04:05,2026-01-01 00:00:00,2026
15286601130700432990,RYR6765 ,B738,L2J,Large jet,True,Day,2026-01-01 15:15:45,2026-01-01 00:00:00,2026
11775581418486305650,RYR5AM  ,B738,L2J,Large jet,True,Day,2026-01-01 15:52:00,2026-01-01 00:00:00,2026
17744051451193095379,EZY56BH ,,,Other,False,Day,2026-01-01 16:02:35,2026-01-01 00:00:00,2026
9807171154944434925,GOLAJ   ,R44,H1P,Helicopter,False,Day,2026-01-01 15:59:55,2026-01-01 00:00:00,2026
6948221040853378376,TOM6TM  ,B738,L2J,Large jet,True,Day,2026-01-01 17:24:30,2026-01-01 00:00:00,2026
7239417739676151662,RYR54WK ,B38M,,Large jet,True,Day,2026-01-01 18:44:00,2026-01-01 00:00:00,2026
14797384656424338923,EXS3AS  ,B738,,Large jet,True,Day,2026-01-01 18:14:55,2026-01-01 00:00:00,2026
11329212903210702123,EXS67BH ,B738,L2J,Large jet,True,Evening,2026-01-01 19:43:35,2026-01-01 00:00:00,2026
18079956744593448248,RYR20MC ,B738,,Large jet,True,Evening,2026-01-01 21:39:25,2026-01-01 00:00:00,2026
700937874511189644,RYR22HC ,B738,L2J,Large jet,True,Evening,2026-01-01 22:12:35,2026-01-01 00:00:00,2026
17281436811199379632,RYR323H ,B738,L2J,Large jet,True,Evening,2026-01-01 22:30:55,2026-01-01 00:00:00,2026
16925516463654653710,SRG375  ,,,Other,False,Night,2026-01-01 23:28:50,2026-01-01 00:00:00,2026
14764438254351512697,RYR54WK ,B738,L2J,Large jet,True,Day,2026-01-11 08:04:25,2026-01-11 00:00:00,2026
5174482861592663394,URO601  ,A346,L4J,Large jet,True,Day,2026-01-11 12:41:35,2026-01-11 00:00:00,2026
12723529814859562920,RYR20MC ,B738,L2J,Large jet,True,Day,2026-01-11 13:08:55,2026-01-11 00:00:00,2026
9895425069050234401,OHJFM   ,PC12,L1T,Turboprop,False,Day,2026-01-11 13:57:25,2026-01-11 00:00:00,2026
12371447904565609141,RYR46KY ,B38M,L2J,Large jet,True,Day,2026-01-11 18:31:35,2026-01-11 00:00:00,2026
13223069452676515434,EXS19W  ,B738,,Large jet,True,Day,2026-01-11 17:30:20,2026-01-11 00:00:00,2026
17057971779615288341,EZY15CF ,A320,L2J,Large jet,True,Day,2026-01-11 17:25:40,2026-01-11 00:00:00,2026
16226289992328483882,TOM7FT  ,B738,L2J,Large jet,True,Day,2026-01-11 18:46:10,2026-01-11 00:00:00,2026
13434763290545994704,RUK8BP  ,B738,,Large jet,True,Day,2026-01-11 18:59:55,2026-01-11 00:00:00,2026
1149252858001026583,RYR6FY  ,B738,L2J,Large jet,True,Evening,2026-01-11 20:14:00,2026-01-11 00:00:00,2026
16212200914678067493,RYR949  ,B38M,L2J,Large jet,True,Evening,2026-01-11 20:14:00,2026-01-11 00:00:00,2026
12888320409377141537,RYR5AM  ,B738,L2J,Large jet,True,Evening,2026-01-11 22:27:00,2026-01-11 00:00:00,2026
11331577419906749753,HLE10   ,A169,H2T,Helicopter,False,Night,2026-01-11 23:12:40,2026-01-11 00:00:00,2026
14332793208223171776,RYR20MC ,B738,L2J,Large jet,True,Day,2026-01-12 08:25:50,2026-01-12 00:00:00,2026
9194916072156632797,GSAJM   ,DA42,L2P,GA / light,False,Day,2026-01-12 10:35:10,2026-01-12 00:00:00,2026
7486322093808781957,JFA33J  ,P180,L2T,Turboprop,False,Day,2026-01-12 09:36:25,2026-01-12 00:00:00,2026
12801880698757257281,HYP025  ,GL5T,L2J,Business jet,False,Day,2026-01-12 12:32:20,2026-01-12 00:00:00,2026
4097909215440496038,CRIMSON1,FA20,L2J,Business jet,False,Day,2026-01-12 11:30:00,2026-01-12 00:00:00,2026
13471694803789979506,EZY56BH ,A20N,L2J,Large jet,True,Day,2026-01-12 12:04:25,2026-01-12 00:00:00,2026
14990313979449750215,URO681  ,A346,L4J,Large jet,True,Day,2026-01-12 14:40:10,2026-01-12 00:00:00,2026
4904912381734604868,RYR11MN ,B738,L2J,Large jet,True,Day,2026-01-12 15:07:40,2026-01-12 00:00:00,2026
11758724118824022598,SRD203B ,BE20,L2T,Turboprop,False,Day,2026-01-12 14:59:55,2026-01-12 00:00:00,2026
15744859535156590711,AMBER2  ,FA20,L2J,Business jet,False,Day,2026-01-12 15:04:35,2026-01-12 00:00:00,2026
8870284192862647620,AMBER1  ,FA20,L2J,Business jet,False,Day,2026-01-12 14:50:45,2026-01-12 00:00:00,2026
16272110353617539731,EXS67DE ,B738,,Large jet,True,Day,2026-01-12 15:23:10,2026-01-12 00:00:00,2026
8441815851785191224,RYR3971 ,B738,L2J,Large jet,True,Day,2026-01-12 15:25:30,2026-01-12 00:00:00,2026
12116219078680996291,FRA39   ,BN2T,L2T,Turboprop,False,Day,2026-01-12 17:16:10,2026-01-12 00:00:00,2026
14450887189799503524,GKGRP   ,A109,H2T,Helicopter,False,Day,2026-01-12 16:25:55,2026-01-12 00:00:00,2026
5543300206808537591,TOM8AE  ,B738,L2J,Large jet,True,Day,2026-01-12 17:33:15,2026-01-12 00:00:00,2026
12729435174867769962,EXS68M  ,B738,L2J,Large jet,True,Day,2026-01-12 18:07:10,2026-01-12 00:00:00,2026
15098167245956320612,PIPE65  ,,,Other,False,Day,2026-01-12 16:35:45,2026-01-12 00:00:00,2026
13520656273178719036,FRA82   ,,,Other,False,Day,2026-01-12 17:50:45,2026-01-12 00:00:00,2026
9565544464767047938,SRD203B ,BE20,L2T,Turboprop,False,Day,2026-01-12 17:25:35,2026-01-12 00:00:00,2026
6077689147184483309,HLE10   ,A169,H2T,Helicopter,False,Day,2026-01-12 18:15:15,2026-01-12 00:00:00,2026
4020726294914435198,AMBER1  ,FA20,L2J,Business jet,False,Evening,2026-01-12 21:28:45,2026-01-12 00:00:00,2026
13324424909296781308,AMBER2  ,FA20,L2J,Business jet,False,Evening,2026-01-12 21:25:30,2026-01-12 00:00:00,2026
12962975024868336402,RYR46KY ,B738,L2J,Large jet,True,Evening,2026-01-12 22:15:15,2026-01-12 00:00:00,2026
4369791765394387599,BAH700  ,,,Other,False,Day,2026-01-13 09:14:15,2026-01-13 00:00:00,2026
3429604841171321498,URO601  ,A346,L4J,Large jet,True,Day,2026-01-13 12:23:00,2026-01-13 00:00:00,2026
10213545422983334195,MDUBS   ,FA7X,L3J,Business jet,False,Day,2026-01-13 10:24:30,2026-01-13 00:00:00,2026
10935462529745735039,EXS257G ,B738,L2J,Large jet,True,Day,2026-01-13 16:02:10,2026-01-13 00:00:00,2026
909202131718239614,RYR65FB ,B38M,L2J,Large jet,True,Day,2026-01-13 17:09:10,2026-01-13 00:00:00,2026
8601653092078061216,PIPE65  ,,,Other,False,Day,2026-01-13 16:07:55,2026-01-13 00:00:00,2026
6393839885782652297,TOM7KX  ,B738,L2J,Large jet,True,Day,2026-01-13 18:12:35,2026-01-13 00:00:00,2026
11964802912876273863,GMA023  ,BE20,L2T,Turboprop,False,Day,2026-01-13 17:18:20,2026-01-13 00:00:00,2026
7908508916681891924,FJO649  ,GLF6,L2J,Business jet,False,Day,2026-01-14 08:54:00,2026-01-14 00:00:00,2026
10608121771002917574,CRIMSON2,FA20,L2J,Business jet,False,Day,2026-01-14 10:27:50,2026-01-14 00:00:00,2026
5974364424889648765,SRD375  ,,,Other,False,Day,2026-01-14 11:06:40,2026-01-14 00:00:00,2026
11780412050067358532,FRA82   ,,,Other,False,Day,2026-01-14 11:57:20,2026-01-14 00:00:00,2026
15217505653608464829,URO681  ,A346,L4J,Large jet,True,Day,2026-01-14 13:45:25,2026-01-14 00:00:00,2026
397926138341013209,GOLGE   ,SR20,,Other,False,Day,2026-01-14 12:48:30,2026-01-14 00:00:00,2026
18296826493183425858,GKGRP   ,A109,H2T,Helicopter,False,Day,2026-01-14 11:55:15,2026-01-14 00:00:00,2026
8436102616260995626,GBUFH   ,P28A,L1P,GA / light,False,Day,2026-01-14 12:52:00,2026-01-14 00:00:00,2026
14014117297102386344,SRD203B ,BE20,L2T,Turboprop,False,Day,2026-01-14 12:33:00,2026-01-14 00:00:00,2026
18109814399161881314,GRIGH   ,P32R,L1P,GA / light,False,Day,2026-01-14 12:56:55,2026-01-14 00:00:00,2026
14657263657792067400,GBEWR   ,C172,L1P,GA / light,False,Day,2026-01-14 13:48:00,2026-01-14 00:00:00,2026
4332056796104063575,,EC35,H2T,Helicopter,False,Day,2026-01-14 12:25:40,2026-01-14 00:00:00,2026
3918197800877389957,CRIMSON2,FA20,L2J,Business jet,False,Day,2026-01-14 14:51:35,2026-01-14 00:00:00,2026
9512096017475202236,CRIMSON1,FA20,L2J,Business jet,False,Day,2026-01-14 14:47:00,2026-01-14 00:00:00,2026
3765405707850581954,NJU5CM  ,,,Other,False,Day,2026-01-14 14:32:45,2026-01-14 00:00:00,2026
7435206521147734972,GMOSH   ,P28R,L1P,GA / light,False,Day,2026-01-14 14:32:00,2026-01-14 00:00:00,2026
3054617228793123626,GSAJM   ,DA42,L2P,GA / light,False,Day,2026-01-14 15:25:00,2026-01-14 00:00:00,2026
17451251940025060215,BWY30   ,FA20,L2J,Business jet,False,Day,2026-01-14 16:46:55,2026-01-14 00:00:00,2026
15322667043798092866,SXN608  ,,,Other,False,Day,2026-01-14 14:42:35,2026-01-14 00:00:00,2026
9809494641093059037,GMA023  ,BE20,L2T,Turboprop,False,Day,2026-01-14 17:03:20,2026-01-14 00:00:00,2026
12899262859509399928,BAH6    ,GLF6,L2J,Business jet,False,Evening,2026-01-14 20:01:05,2026-01-14 00:00:00,2026
16076477351530260618,CRX9A   ,C25A,L2J,Business jet,False,Evening,2026-01-14 19:00:55,2026-01-14 00:00:00,2026
642730702238118562,RUK8BP  ,B738,,Large jet,True,Day,2026-01-15 09:24:35,2026-01-15 00:00:00,2026
7705415429906729367,HLE10   ,A169,H2T,Helicopter,False,Day,2026-01-15 10:32:45,2026-01-15 00:00:00,2026
11015125663388529277,GMA023  ,BE20,L2T,Turboprop,False,Day,2026-01-15 11:26:35,2026-01-15 00:00:00,2026
10334398381642549544,PTN82F  ,PC24,,Business jet,False,Day,2026-01-15 13:47:45,2026-01-15 00:00:00,2026
5432229979944796044,HLE10   ,A169,H2T,Helicopter,False,Day,2026-01-15 11:51:20,2026-01-15 00:00:00,2026
14641779852299748030,URO601  ,A346,L4J,Large jet,True,Day,2026-01-15 14:42:50,2026-01-15 00:00:00,2026
9905559562133609558,AMBER2  ,FA20,L2J,Business jet,False,Day,2026-01-15 16:17:10,2026-01-15 00:00:00,2026
11725215191488399232,RYR54WK ,B38M,,Large jet,True,Day,2026-01-15 17:58:20,2026-01-15 00:00:00,2026
6368470809865349813,EXS3AS  ,B738,,Large jet,True,Day,2026-01-15 17:18:40,2026-01-15 00:00:00,2026
13295476917586311542,TOM6TM  ,B738,L2J,Large jet,True,Evening,2026-01-15 19:03:00,2026-01-15 00:00:00,2026
2465219273251981917,EXS67BH ,B738,L2J,Large jet,True,Evening,2026-01-15 19:20:40,2026-01-15 00:00:00,2026
3287635029963774696,GMA023  ,BE20,L2T,Turboprop,False,Day,2026-01-15 18:57:40,2026-01-15 00:00:00,2026
8363538658000266923,HELIOP  ,,,Other,False,Day,2026-01-16 09:24:10,2026-01-16 00:00:00,2026
17353508580016539161,SRD203B ,BE20,L2T,Turboprop,False,Day,2026-01-16 12:25:25,2026-01-16 00:00:00,2026
5477904674630477769,AMBER1  ,FA20,L2J,Business jet,False,Day,2026-01-16 10:17:50,2026-01-16 00:00:00,2026
7423307609691331934,CRIMSON1,FA20,L2J,Business jet,False,Day,2026-01-16 11:26:30,2026-01-16 00:00:00,2026
1088331619913670894,GBKXF   ,P28R,L1P,GA / light,False,Day,2026-01-16 10:07:50,2026-01-16 00:00:00,2026
1583833593209588816,RYR6FY  ,B738,L2J,Large jet,True,Day,2026-01-16 12:04:50,2026-01-16 00:00:00,2026
18301450582967074720,GSAJM   ,DA42,L2P,GA / light,False,Day,2026-01-16 10:25:00,2026-01-16 00:00:00,2026
13636480360238387781,GBEWR   ,C172,L1P,GA / light,False,Day,2026-01-16 10:31:10,2026-01-16 00:00:00,2026
6398633960577528376,GPORK   ,AA5,L1P,GA / light,False,Day,2026-01-16 11:59:55,2026-01-16 00:00:00,2026
8741981868812481248,GCGMV   ,UNDEFINED,,Other,False,Day,2026-01-16 12:13:20,2026-01-16 00:00:00,2026
16136167607587203031,MOG82P  ,E135,L2J,Large jet,True,Day,2026-01-16 13:03:50,2026-01-16 00:00:00,2026
18044950667721090241,GBEWR   ,C172,L1P,GA / light,False,Day,2026-01-16 12:50:35,2026-01-16 00:00:00,2026
13794918621619347049,GCKYL   ,C42,L1P,GA / light,False,Day,2026-01-16 12:26:10,2026-01-16 00:00:00,2026
14886072472296094043,RYR46KY ,,,Other,False,Day,2026-01-16 14:18:10,2026-01-16 00:00:00,2026
14241005288940753254,,SR20,L1P,GA / light,False,Day,2026-01-16 13:08:30,2026-01-16 00:00:00,2026
12793984639769383803,GGCDB   ,SR20,L1P,GA / light,False,Day,2026-01-16 13:17:30,2026-01-16 00:00:00,2026
8227910232933761078,HLE10   ,A169,H2T,Helicopter,False,Day,2026-01-16 14:36:15,2026-01-16 00:00:00,2026
7977953616468022531,GOLGE   ,SR20,,Other,False,Day,2026-01-16 14:15:30,2026-01-16 00:00:00,2026
6280111063355236293,FRA85   ,,,Other,False,Day,2026-01-16 14:59:15,2026-01-16 00:00:00,2026
11076592195222195529,EXS67DE ,B738,,Large jet,True,Day,2026-01-16 16:49:25,2026-01-16 00:00:00,2026
10964726629781666990,GBWUH   ,P28A,L1P,GA / light,False,Day,2026-01-16 15:12:10,2026-01-16 00:00:00,2026
15669532784198591233,GBUJP   ,P28A,L1P,GA / light,False,Day,2026-01-16 15:32:35,2026-01-16 00:00:00,2026
15448189077185486330,TOM2TG  ,B738,L2J,Large jet,True,Evening,2026-01-16 19:13:50,2026-01-16 00:00:00,2026
12131418501243598861,RYR65FB ,B738,L2J,Large jet,True,Evening,2026-01-16 19:22:25,2026-01-16 00:00:00,2026
11219318620915509186,HLE10   ,A169,H2T,Helicopter,False,Day,2026-01-16 18:34:40,2026-01-16 00:00:00,2026
5456787809286127851,RYR20MC ,B38M,L2J,Large jet,True,Evening,2026-01-16 20:58:00,2026-01-16 00:00:00,2026
13557994848651584273,RUK8BP  ,B738,,Large jet,True,Evening,2026-01-16 21:04:30,2026-01-16 00:00:00,2026
12887207848384026624,RYR5AM  ,B738,L2J,Large jet,True,Evening,2026-01-16 22:38:50,2026-01-16 00:00:00,2026
12771251922126470218,RYR22HC ,B38M,,Large jet,True,Day,2026-01-17 07:02:40,2026-01-17 00:00:00,2026
11551388580005599825,EZS15WP ,A320,L2J,Large jet,True,Day,2026-01-17 08:10:00,2026-01-17 00:00:00,2026
7042733204719894416,LUA463T ,,,Other,False,Day,2026-01-17 11:08:30,2026-01-17 00:00:00,2026
3487255327073168007,RYR11MN ,B738,L2J,Large jet,True,Day,2026-01-17 13:18:45,2026-01-17 00:00:00,2026
5961664914327964447,URO601  ,A346,L4J,Large jet,True,Day,2026-01-17 14:11:10,2026-01-17 00:00:00,2026
17469644161687325105,GOLAJ   ,R44,H1P,Helicopter,False,Day,2026-01-17 12:07:50,2026-01-17 00:00:00,2026
3139543174841798210,RYR6765 ,B738,L2J,Large jet,True,Day,2026-01-17 15:10:55,2026-01-17 00:00:00,2026
5199289930201388021,GBUFH   ,P28A,L1P,GA / light,False,Day,2026-01-17 14:10:55,2026-01-17 00:00:00,2026
1368202984421583750,EZY2696 ,A320,L2J,Large jet,True,Day,2026-01-17 15:35:10,2026-01-17 00:00:00,2026
4240277312048365639,GOLAJ   ,R44,H1P,Helicopter,False,Day,2026-01-17 15:18:25,2026-01-17 00:00:00,2026
8955764235729139400,GOLGE   ,SR20,,Other,False,Day,2026-01-17 16:09:05,2026-01-17 00:00:00,2026
17062309662264732237,EXS3AS  ,B738,L2J,Large jet,True,Day,2026-01-17 17:42:10,2026-01-17 00:00:00,2026
10382671798632811265,N35SN   ,BE35,L1P,GA / light,False,Day,2026-01-17 16:41:30,2026-01-17 00:00:00,2026
134349315612656943,GBEWR   ,C172,L1P,GA / light,False,Day,2026-01-17 16:52:35,2026-01-17 00:00:00,2026
10478674705892752575,GMA023  ,BE20,L2T,Turboprop,False,Day,2026-01-17 16:46:15,2026-01-17 00:00:00,2026
7854455430618293272,,EC35,H2T,Helicopter,False,Evening,2026-01-17 21:08:00,2026-01-17 00:00:00,2026
9805221997139796053,HLE56   ,EC35,H2T,Helicopter,False,Evening,2026-01-17 21:14:25,2026-01-17 00:00:00,2026
17099796409355677822,RYR54WK ,B738,L2J,Large jet,True,Day,2026-01-18 07:47:00,2026-01-18 00:00:00,2026
3275033776425349865,URO601  ,A346,L4J,Large jet,True,Day,2026-01-18 12:05:00,2026-01-18 00:00:00,2026
12673547176547708173,MOUSE   ,C510,L2J,Business jet,False,Day,2026-01-18 10:05:20,2026-01-18 00:00:00,2026
17791396320083794895,RYR20MC ,B738,L2J,Large jet,True,Day,2026-01-18 12:28:10,2026-01-18 00:00:00,2026
14646941032773156065,SRD375  ,,,Other,False,Day,2026-01-18 11:49:30,2026-01-18 00:00:00,2026
9214361081837039706,URO681  ,A346,L4J,Large jet,True,Day,2026-01-18 15:10:55,2026-01-18 00:00:00,2026
3889136569954476560,RYR46KY ,B738,L2J,Large jet,True,Day,2026-01-18 16:36:15,2026-01-18 00:00:00,2026
3145530846208308240,EXS19W  ,B738,,Large jet,True,Day,2026-01-18 17:31:50,2026-01-18 00:00:00,2026
4188037465148624989,MRBHF   ,,,Other,False,Day,2026-01-18 15:44:40,2026-01-18 00:00:00,2026
10048831895400077489,EZY15CF ,A320,L2J,Large jet,True,Day,2026-01-18 16:40:25,2026-01-18 00:00:00,2026
11093561425908864066,EMC9    ,,,Other,False,Day,2026-01-18 16:33:25,2026-01-18 00:00:00,2026
17087332765834725380,TOM7FT  ,B738,L2J,Large jet,True,Day,2026-01-18 18:28:00,2026-01-18 00:00:00,2026
14144557682819841529,JFU01A  ,PC12,L1T,Turboprop,False,Day,2026-01-18 17:23:50,2026-01-18 00:00:00,2026
1383709755598212356,RUK8BP  ,B738,,Large jet,True,Day,2026-01-18 18:10:20,2026-01-18 00:00:00,2026
17463665722564979085,PTN78T  ,PC24,,Business jet,False,Evening,2026-01-18 19:49:25,2026-01-18 00:00:00,2026
8812479903850812624,RYR6FY  ,B738,L2J,Large jet,True,Evening,2026-01-18 19:53:05,2026-01-18 00:00:00,2026
7141177520008121830,RYR5AM  ,B738,L2J,Large jet,True,Evening,2026-01-18 22:44:05,2026-01-18 00:00:00,2026
3638773185498416166,RYR20MC ,B738,L2J,Large jet,True,Day,2026-01-19 07:57:15,2026-01-19 00:00:00,2026
8163828479020758422,PEX32G  ,FA8X,L3J,Business jet,False,Day,2026-01-19 08:07:30,2026-01-19 00:00:00,2026
5600468189782032474,HELIOP  ,,,Other,False,Day,2026-01-19 11:56:20,2026-01-19 00:00:00,2026
14554242877989176832,EZY56BH ,,,Other,False,Day,2026-01-19 12:59:05,2026-01-19 00:00:00,2026
1677098777704726139,BWY40   ,FA20,L2J,Business jet,False,Day,2026-01-19 13:59:55,2026-01-19 00:00:00,2026
8045518395590185571,BAH16   ,GA6C,L2J,Business jet,False,Day,2026-01-19 16:07:35,2026-01-19 00:00:00,2026
15086128832825440541,RYR11MN ,B738,L2J,Large jet,True,Day,2026-01-19 14:35:40,2026-01-19 00:00:00,2026
2364708891985440514,BLUE1   ,FA20,L2J,Business jet,False,Day,2026-01-19 15:07:30,2026-01-19 00:00:00,2026
16375297027170996074,EXS67DE ,B738,,Large jet,True,Day,2026-01-19 15:10:50,2026-01-19 00:00:00,2026
15784350830438911423,CRIMSON1,FA20,L2J,Business jet,False,Day,2026-01-19 15:03:10,2026-01-19 00:00:00,2026
6259799808605823383,RYR3971 ,B738,L2J,Large jet,True,Day,2026-01-19 15:44:45,2026-01-19 00:00:00,2026
13479531729667799491,GBWXA   ,RF6,L1P,GA / light,False,Day,2026-01-19 14:52:15,2026-01-19 00:00:00,2026
9552448885850238446,TOM8AE  ,B738,L2J,Large jet,True,Day,2026-01-19 17:29:35,2026-01-19 00:00:00,2026
14938978542504065435,FLJ63T  ,E550,L2J,Business jet,False,Day,2026-01-19 16:34:15,2026-01-19 00:00:00,2026
10797745924022067406,EXS68M  ,B738,L2J,Large jet,True,Day,2026-01-19 17:44:15,2026-01-19 00:00:00,2026
15887743075982766477,FJO649  ,GLF6,L2J,Business jet,False,Evening,2026-01-19 20:38:25,2026-01-19 00:00:00,2026
5199358623719669056,PTN44W  ,,,Other,False,Evening,2026-01-19 19:56:15,2026-01-19 00:00:00,2026
17068957583902973802,RYR46KY ,B738,L2J,Large jet,True,Evening,2026-01-19 22:25:20,2026-01-19 00:00:00,2026
4751700364065300206,URO601  ,A346,L4J,Large jet,True,Day,2026-01-20 12:02:55,2026-01-20 00:00:00,2026
5048492152335194961,ABLE02  ,P28A,L1P,GA / light,False,Day,2026-01-20 10:02:40,2026-01-20 00:00:00,2026
4189540800291277144,SRD375  ,,,Other,False,Day,2026-01-20 11:08:05,2026-01-20 00:00:00,2026
4478399336228187362,AFGHAN2 ,EC35,H2T,Helicopter,False,Day,2026-01-20 12:26:35,2026-01-20 00:00:00,2026
2344270118023998185,TOY240  ,CL30,L2J,Business jet,False,Day,2026-01-20 15:22:10,2026-01-20 00:00:00,2026
16654221001193929660,VSB10   ,BE20,L2T,Turboprop,False,Day,2026-01-20 14:03:05,2026-01-20 00:00:00,2026
13002007419357676990,EXS257G ,B738,L2J,Large jet,True,Day,2026-01-20 16:31:55,2026-01-20 00:00:00,2026
8658016655485884981,RYR65FB ,B738,L2J,Large jet,True,Day,2026-01-20 17:28:45,2026-01-20 00:00:00,2026
15081843001954010166,TOM7KX  ,B738,L2J,Large jet,True,Day,2026-01-20 18:34:45,2026-01-20 00:00:00,2026
17529255556122993399,LUA463T ,C56X,L2J,Business jet,False,Day,2026-01-21 09:21:40,2026-01-21 00:00:00,2026
6067673346451554726,FRA47   ,BN2T,L2T,Turboprop,False,Day,2026-01-21 12:17:10,2026-01-21 00:00:00,2026
4257020785636648559,CLF731A ,E550,,Other,False,Day,2026-01-21 16:21:20,2026-01-21 00:00:00,2026
1669871392724077219,BAH700  ,,,Other,False,Day,2026-01-21 12:24:15,2026-01-21 00:00:00,2026
16668397478678062304,N878SC  ,GLEX,L2J,Business jet,False,Evening,2026-01-21 21:37:45,2026-01-21 00:00:00,2026
4250115259220040568,FJO53F  ,E55P,L2J,Business jet,False,Evening,2026-01-21 20:41:10,2026-01-21 00:00:00,2026
1080138864897975082,LOG825P ,E145,L2J,Large jet,True,Evening,2026-01-21 21:55:15,2026-01-21 00:00:00,2026
15084267729952245301,2ANJA   ,,,Other,False,Day,2026-01-22 08:30:50,2026-01-22 00:00:00,2026
10282715461686723979,RUK8BP  ,B738,,Large jet,True,Day,2026-01-22 09:33:25,2026-01-22 00:00:00,2026
5921666076811649907,FRA82   ,,,Other,False,Day,2026-01-22 10:47:00,2026-01-22 00:00:00,2026
1096574961834174972,CRIMSON2,FA20,L2J,Business jet,False,Day,2026-01-22 11:09:40,2026-01-22 00:00:00,2026
12790569379441537507,CRIMSON1,FA20,L2J,Business jet,False,Day,2026-01-22 11:40:45,2026-01-22 00:00:00,2026
691275088837497832,BDN038  ,A139,H2T,Helicopter,False,Day,2026-01-22 11:57:20,2026-01-22 00:00:00,2026
3846999039078093106,CRIMSON1,FA20,L2J,Business jet,False,Day,2026-01-22 15:40:50,2026-01-22 00:00:00,2026
1660836669244849100,CRIMSON2,FA20,L2J,Business jet,False,Day,2026-01-22 15:14:30,2026-01-22 00:00:00,2026
940744554788585401,RYR54WK ,B38M,,Large jet,True,Day,2026-01-22 18:03:10,2026-01-22 00:00:00,2026
2638852714944766428,TOM6TM  ,B738,L2J,Large jet,True,Day,2026-01-22 17:20:05,2026-01-22 00:00:00,2026
17344566439174942063,EXS3AS  ,B738,,Large jet,True,Day,2026-01-22 17:16:35,2026-01-22 00:00:00,2026
5159355742184385211,ORT02A  ,E55P,L2J,Business jet,False,Day,2026-01-22 16:47:55,2026-01-22 00:00:00,2026
474294833270667703,NJU304U ,C56X,L2J,Business jet,False,Day,2026-01-22 17:05:55,2026-01-22 00:00:00,2026
7869403431247117909,EXS67BH ,B738,L2J,Large jet,True,Evening,2026-01-22 19:20:50,2026-01-22 00:00:00,2026
14415273920870123354,SLS7D   ,PC12,L1T,Turboprop,False,Day,2026-01-22 18:41:40,2026-01-22 00:00:00,2026
16018328634217610694,MSURF   ,PC12,L1T,Turboprop,False,Evening,2026-01-22 19:03:15,2026-01-22 00:00:00,2026
1005346424772328920,HLE10   ,A169,H2T,Helicopter,False,Evening,2026-01-22 19:38:00,2026-01-22 00:00:00,2026
12044608160177434003,GMA023  ,BE20,L2T,Turboprop,False,Evening,2026-01-22 19:56:50,2026-01-22 00:00:00,2026
12377959745809786194,HLE10   ,A169,H2T,Helicopter,False,Evening,2026-01-22 20:27:10,2026-01-22 00:00:00,2026
1521977146001143221,HLE10   ,A169,H2T,Helicopter,False,Evening,2026-01-22 22:10:35,2026-01-22 00:00:00,2026
1211116380088670696,RYR22HC ,B38M,L2J,Large jet,True,Day,2026-01-24 06:52:20,2026-01-24 00:00:00,2026
3090113743491024789,TOM239  ,B788,L2J,Large jet,True,Day,2026-01-24 07:04:25,2026-01-24 00:00:00,2026
7336750190675307511,EZS15WP ,A320,L2J,Large jet,True,Day,2026-01-24 08:04:50,2026-01-24 00:00:00,2026
6368737895226412899,RYR54WK ,B738,L2J,Large jet,True,Day,2026-01-25 07:36:00,2026-01-25 00:00:00,2026
9622942037483232788,MINKE   ,GA6C,,Other,False,Day,2026-01-25 09:16:15,2026-01-25 00:00:00,2026
9122886314135432259,RYR20MC ,B738,L2J,Large jet,True,Day,2026-01-25 13:32:35,2026-01-25 00:00:00,2026
13313723485652398286,URO601  ,A346,L4J,Large jet,True,Day,2026-01-25 15:13:45,2026-01-25 00:00:00,2026
9294668393621788600,RYR46KY ,B38M,L2J,Large jet,True,Day,2026-01-25 16:27:40,2026-01-25 00:00:00,2026
1694683485884302320,EXS19W  ,B738,,Large jet,True,Day,2026-01-25 17:12:55,2026-01-25 00:00:00,2026
684257121215932830,URO011A ,A346,L4J,Large jet,True,Day,2026-01-25 17:18:05,2026-01-25 00:00:00,2026
1991843839439667435,EZY15CF ,A320,L2J,Large jet,True,Day,2026-01-25 16:35:05,2026-01-25 00:00:00,2026
11839413261169277686,TOM7FT  ,B738,L2J,Large jet,True,Day,2026-01-25 18:26:45,2026-01-25 00:00:00,2026
17036576891167434404,RUK8BP  ,B738,L2J,Large jet,True,Day,2026-01-25 18:30:10,2026-01-25 00:00:00,2026
8393683609138792259,RYR6FY  ,B738,L2J,Large jet,True,Evening,2026-01-25 20:04:10,2026-01-25 00:00:00,2026
1830370005503797757,URO681  ,A346,L4J,Large jet,True,Evening,2026-01-25 22:23:40,2026-01-25 00:00:00,2026
6181217836090785095,RYR5AM  ,B738,L2J,Large jet,True,Evening,2026-01-25 22:46:10,2026-01-25 00:00:00,2026
6190046902471618241,ENT3071 ,,,Other,False,Evening,2026-01-25 21:14:00,2026-01-25 00:00:00,2026
6718927059271325927,RYR20MC ,B738,L2J,Large jet,True,Day,2026-01-26 07:47:10,2026-01-26 00:00:00,2026
12847466433101218908,HLE10   ,A169,H2T,Helicopter,False,Day,2026-01-26 08:17:55,2026-01-26 00:00:00,2026
8348567495545650991,HLY72   ,P46T,L1T,Turboprop,False,Day,2026-01-26 08:52:45,2026-01-26 00:00:00,2026
2492876027858516061,FRA87   ,FA20,L2J,Business jet,False,Day,2026-01-26 09:56:35,2026-01-26 00:00:00,2026
11136544400423673374,CRIMSON1,FA20,L2J,Business jet,False,Day,2026-01-26 12:15:15,2026-01-26 00:00:00,2026
17263902499215420078,CRIMSON2,FA20,L2J,Business jet,False,Day,2026-01-26 12:25:35,2026-01-26 00:00:00,2026
16177346606736570371,EZY56BH ,A20N,L2J,Large jet,True,Day,2026-01-26 12:17:55,2026-01-26 00:00:00,2026
4213968013873684289,GMA023  ,BE20,L2T,Turboprop,False,Day,2026-01-26 12:04:50,2026-01-26 00:00:00,2026
15586704433885964754,HLE10   ,A169,H2T,Helicopter,False,Day,2026-01-26 11:19:50,2026-01-26 00:00:00,2026
11286616687569234821,AMBER1  ,FA20,L2J,Business jet,False,Day,2026-01-26 12:22:45,2026-01-26 00:00:00,2026
13683741095685160384,BWY30   ,FA20,L2J,Business jet,False,Day,2026-01-26 14:32:50,2026-01-26 00:00:00,2026
420363667616439957,JFA63K  ,,,Other,False,Day,2026-01-26 12:56:55,2026-01-26 00:00:00,2026
253917186250846828,SXN560  ,,,Other,False,Day,2026-01-26 12:28:30,2026-01-26 00:00:00,2026
12618774733632468392,RYR11MN ,,,Other,False,Day,2026-01-26 14:52:55,2026-01-26 00:00:00,2026
16587697148957594677,EXS67DE ,B738,,Large jet,True,Day,2026-01-26 15:19:20,2026-01-26 00:00:00,2026
5082398892137618250,GMOSH   ,P28R,L1P,GA / light,False,Day,2026-01-26 15:30:45,2026-01-26 00:00:00,2026
4648880484244480836,RYR3971 ,B738,L2J,Large jet,True,Day,2026-01-26 15:26:20,2026-01-26 00:00:00,2026
1735273025214429158,CRIMSON1,FA20,L2J,Business jet,False,Day,2026-01-26 16:44:30,2026-01-26 00:00:00,2026
13454371649091130971,CRIMSON2,,,Other,False,Day,2026-01-26 16:35:15,2026-01-26 00:00:00,2026
11925753419010926486,BLUE1   ,FA20,L2J,Business jet,False,Day,2026-01-26 16:39:15,2026-01-26 00:00:00,2026
7419560919871816419,TOM8AE  ,B738,L2J,Large jet,True,Day,2026-01-26 17:12:45,2026-01-26 00:00:00,2026
2496304591359789900,EXS68M  ,B738,L2J,Large jet,True,Day,2026-01-26 17:55:10,2026-01-26 00:00:00,2026
15737975188871905548,SFY3DB  ,DA42,L2P,GA / light,False,Day,2026-01-26 18:37:45,2026-01-26 00:00:00,2026
17713247006665710489,HLY72   ,P46T,L1T,Turboprop,False,Day,2026-01-26 17:17:35,2026-01-26 00:00:00,2026
15485248083792860039,JFU20A  ,PC12,L1T,Turboprop,False,Evening,2026-01-26 19:06:40,2026-01-26 00:00:00,2026
5995842785193229982,NJU4RG  ,C56X,L2J,Business jet,False,Evening,2026-01-26 19:43:20,2026-01-26 00:00:00,2026
11126662376010180392,RYR46KY ,B738,L2J,Large jet,True,Evening,2026-01-26 22:25:40,2026-01-26 00:00:00,2026
15008750960187885956,GMA23   ,BE20,L2T,Turboprop,False,Night,2026-01-27 00:02:25,2026-01-26 00:00:00,2026
16822514312393440593,NJE677P ,E55P,L2J,Business jet,False,Day,2026-01-27 08:56:45,2026-01-27 00:00:00,2026
1130263123519091361,HLE22   ,B429,H2T,Helicopter,False,Day,2026-01-27 09:21:25,2026-01-27 00:00:00,2026
15293136465042800031,URO601  ,A346,L4J,Large jet,True,Day,2026-01-27 12:23:20,2026-01-27 00:00:00,2026
13636984014070090411,CMT57   ,G12T,L1T,Turboprop,False,Day,2026-01-27 13:21:15,2026-01-27 00:00:00,2026
13424691147272945227,GFFMV   ,DA42,L2P,GA / light,False,Day,2026-01-27 16:08:15,2026-01-27 00:00:00,2026
3795967278254823024,EXS257G ,B738,,Large jet,True,Day,2026-01-27 16:01:25,2026-01-27 00:00:00,2026
12608041937392799443,CRIMSON1,FA20,L2J,Business jet,False,Day,2026-01-27 16:06:35,2026-01-27 00:00:00,2026
934691440777104117,OXF45   ,PA34,L2P,GA / light,False,Day,2026-01-27 16:23:35,2026-01-27 00:00:00,2026
12120778549006699208,RYR65FB ,B738,L2J,Large jet,True,Day,2026-01-27 17:12:35,2026-01-27 00:00:00,2026
10480217148322777600,GMA23   ,BE20,L2T,Turboprop,False,Day,2026-01-27 15:45:10,2026-01-27 00:00:00,2026
7954954020006329828,GSTVO   ,B505,H1T,Helicopter,False,Day,2026-01-27 16:35:20,2026-01-27 00:00:00,2026
17033711622651984694,TOM7KX  ,B738,L2J,Large jet,True,Day,2026-01-27 18:24:10,2026-01-27 00:00:00,2026
14515956318912561542,EMC9    ,,,Other,False,Day,2026-01-28 08:46:10,2026-01-28 00:00:00,2026
14967125199785554870,GCICG   ,C42,L1P,GA / light,False,Day,2026-01-28 10:31:30,2026-01-28 00:00:00,2026
2698348077089001424,FRA82   ,,,Other,False,Day,2026-01-28 10:35:10,2026-01-28 00:00:00,2026
11942344343685000419,FRA93   ,FA20,L2J,Business jet,False,Day,2026-01-28 10:27:30,2026-01-28 00:00:00,2026
11879363396001776946,GFFMV   ,DA42,L2P,GA / light,False,Day,2026-01-28 11:53:50,2026-01-28 00:00:00,2026
9409937344824756307,AMBER1  ,FA20,L2J,Business jet,False,Day,2026-01-28 11:31:55,2026-01-28 00:00:00,2026
7619328156408297982,FRA95   ,FA20,L2J,Business jet,False,Day,2026-01-28 10:29:25,2026-01-28 00:00:00,2026
16570481014316284482,SFY3DB  ,DA42,L2P,GA / light,False,Day,2026-01-28 10:58:05,2026-01-28 00:00:00,2026
14463929895202108131,GKIMB   ,DR30,L1P,GA / light,False,Day,2026-01-28 11:16:45,2026-01-28 00:00:00,2026
8213975909999252036,GBUFH   ,P28A,L1P,GA / light,False,Day,2026-01-28 12:07:30,2026-01-28 00:00:00,2026
11738821393524113297,GCBZX   ,MCR1,L1P,GA / light,False,Day,2026-01-28 11:51:05,2026-01-28 00:00:00,2026
3885415057822876114,GOXFE   ,PA34,L2P,GA / light,False,Day,2026-01-28 12:34:00,2026-01-28 00:00:00,2026
16250496545837944302,N302JG  ,TBM7,L1T,Turboprop,False,Day,2026-01-28 11:33:50,2026-01-28 00:00:00,2026
17197036374885711343,GBEWR   ,C172,L1P,GA / light,False,Day,2026-01-28 12:55:35,2026-01-28 00:00:00,2026
7621852431414685541,GEYOR   ,RV6,L1P,GA / light,False,Day,2026-01-28 12:02:55,2026-01-28 00:00:00,2026
8032620590950106651,GOLAJ   ,R44,H1P,Helicopter,False,Day,2026-01-28 13:05:25,2026-01-28 00:00:00,2026
4609039755085659123,VCG1EZ  ,C25M,L2J,Business jet,False,Day,2026-01-28 13:37:45,2026-01-28 00:00:00,2026
14704199573908926338,HLE10   ,A169,H2T,Helicopter,False,Day,2026-01-28 13:23:15,2026-01-28 00:00:00,2026
14365225454415584941,BTNIA16 ,G115,L1P,GA / light,False,Day,2026-01-28 14:07:30,2026-01-28 00:00:00,2026
7865277906758456124,SFY3DB  ,DA42,L2P,GA / light,False,Day,2026-01-28 13:57:45,2026-01-28 00:00:00,2026
10664442255277351315,GBUFH   ,P28A,L1P,GA / light,False,Day,2026-01-28 14:39:05,2026-01-28 00:00:00,2026
14502995957748429204,HLE10   ,A169,H2T,Helicopter,False,Day,2026-01-28 14:02:45,2026-01-28 00:00:00,2026
8687916270816775581,CZMI    ,SKRA,L1P,GA / light,False,Day,2026-01-28 14:57:55,2026-01-28 00:00:00,2026
3621496291816956408,GBEWR   ,C172,L1P,GA / light,False,Day,2026-01-28 15:10:05,2026-01-28 00:00:00,2026
2745589990290248920,GCLKB   ,C172,L1P,GA / light,False,Day,2026-01-28 15:01:40,2026-01-28 00:00:00,2026
3606140191386374549,GINDC   ,C303,L2P,GA / light,False,Day,2026-01-28 15:03:30,2026-01-28 00:00:00,2026
9544355059694956854,GEGBW   ,P28A,L1P,GA / light,False,Day,2026-01-28 15:42:00,2026-01-28 00:00:00,2026
9621521965180878183,GOONE   ,M20P,L1P,GA / light,False,Day,2026-01-28 16:28:05,2026-01-28 00:00:00,2026
3811429296117007851,SFY3DB  ,DA42,L2P,GA / light,False,Day,2026-01-28 16:29:00,2026-01-28 00:00:00,2026
3320127083499412980,N363KC  ,S22T,L1P,GA / light,False,Day,2026-01-28 16:53:05,2026-01-28 00:00:00,2026
16039020749556629932,FRA93   ,FA20,L2J,Business jet,False,Day,2026-01-28 16:45:45,2026-01-28 00:00:00,2026
1070497589715359906,HLE10   ,A169,H2T,Helicopter,False,Day,2026-01-28 17:58:30,2026-01-28 00:00:00,2026
4933119949106624264,GDIGA   ,R66,H1T,Helicopter,False,Day,2026-01-28 18:06:35,2026-01-28 00:00:00,2026
13762125944670201817,SFY3DB  ,DA42,L2P,GA / light,False,Day,2026-01-28 18:59:55,2026-01-28 00:00:00,2026
1359065740186513417,GBUFH   ,P28A,L1P,GA / light,False,Evening,2026-01-28 19:05:10,2026-01-28 00:00:00,2026
1239816432812818194,HLE10   ,A169,H2T,Helicopter,False,Evening,2026-01-28 19:45:40,2026-01-28 00:00:00,2026
13540857280744646987,GBUFH   ,P28A,L1P,GA / light,False,Evening,2026-01-28 19:45:35,2026-01-28 00:00:00,2026
2834257197694768181,MZPGJ   ,,,Other,False,Day,2026-01-29 08:33:10,2026-01-29 00:00:00,2026
331546354149276961,RUK8BP  ,B738,,Large jet,True,Day,2026-01-29 09:25:20,2026-01-29 00:00:00,2026
2823391773991630891,AMBER1  ,FA20,L2J,Business jet,False,Day,2026-01-29 10:19:25,2026-01-29 00:00:00,2026
15851452486864114843,AMBER2  ,FA20,L2J,Business jet,False,Day,2026-01-29 10:34:20,2026-01-29 00:00:00,2026
4166481568944203998,GFFMV   ,DA42,L2P,GA / light,False,Day,2026-01-29 11:32:35,2026-01-29 00:00:00,2026
9458787943977126113,URO601  ,A346,L4J,Large jet,True,Day,2026-01-29 12:44:20,2026-01-29 00:00:00,2026
139880982923309180,FRA82   ,,,Other,False,Day,2026-01-29 11:57:50,2026-01-29 00:00:00,2026
6740132170330888306,BDN029  ,AS50,H1T,Helicopter,False,Day,2026-01-29 12:20:45,2026-01-29 00:00:00,2026
4605893152185667606,VJH373  ,C56X,L2J,Business jet,False,Day,2026-01-29 13:49:35,2026-01-29 00:00:00,2026
10408323805559371610,OHMAN   ,PC12,L1T,Turboprop,False,Day,2026-01-29 14:28:10,2026-01-29 00:00:00,2026
15346251849110153185,GCMYJ   ,,,Other,False,Day,2026-01-29 14:43:05,2026-01-29 00:00:00,2026
8942284949523263089,JFU02A  ,PC12,L1T,Turboprop,False,Day,2026-01-29 13:55:25,2026-01-29 00:00:00,2026
4677322706393237796,TASMAN71,FA20,L2J,Business jet,False,Day,2026-01-29 16:22:45,2026-01-29 00:00:00,2026
1840344117166769381,N56A    ,BE20,L2T,Turboprop,False,Day,2026-01-29 15:52:25,2026-01-29 00:00:00,2026
4373044894436021141,SRD375  ,,,Other,False,Day,2026-01-29 16:15:20,2026-01-29 00:00:00,2026
10628462422592557954,FRA85   ,,,Other,False,Day,2026-01-29 15:58:55,2026-01-29 00:00:00,2026
17754056433714484619,RYR54WK ,B738,L2J,Large jet,True,Day,2026-01-29 18:02:15,2026-01-29 00:00:00,2026
10932915903820814594,SLAYR62 ,,,Other,False,Day,2026-01-29 15:30:30,2026-01-29 00:00:00,2026
10660821013212374993,TOM6TM  ,B738,L2J,Large jet,True,Day,2026-01-29 17:23:35,2026-01-29 00:00:00,2026
2376706322868327654,EXS3AS  ,B738,,Large jet,True,Day,2026-01-29 17:26:25,2026-01-29 00:00:00,2026
14314940274521269617,GMA019  ,BE20,L2T,Turboprop,False,Day,2026-01-29 17:31:10,2026-01-29 00:00:00,2026
10010496497710567853,GMA23   ,BE20,L2T,Turboprop,False,Day,2026-01-29 17:16:40,2026-01-29 00:00:00,2026
1784695343225280826,EXS67BH ,B738,L2J,Large jet,True,Evening,2026-01-29 19:34:55,2026-01-29 00:00:00,2026
14580579690277864535,NJE5NH  ,C56X,L2J,Business jet,False,Evening,2026-01-29 19:32:05,2026-01-29 00:00:00,2026
17912361331331454722,BLUE1   ,FA20,L2J,Business jet,False,Day,2026-01-30 10:27:10,2026-01-30 00:00:00,2026
9175256900216805351,CRIMSON1,FA20,L2J,Business jet,False,Day,2026-01-30 10:24:50,2026-01-30 00:00:00,2026
1318809092836170576,VCG1EZ  ,C25M,L2J,Business jet,False,Day,2026-01-30 09:51:40,2026-01-30 00:00:00,2026
2319769774844967877,BOO305  ,,,Other,False,Day,2026-01-30 09:43:40,2026-01-30 00:00:00,2026
12358360678743075885,CNTOR63 ,A400,L4T,Turboprop,False,Day,2026-01-30 10:42:15,2026-01-30 00:00:00,2026
12661818302536397446,RYR6FY  ,B738,L2J,Large jet,True,Day,2026-01-30 12:06:30,2026-01-30 00:00:00,2026
315123040527007135,FRA69   ,CL60,L2J,Business jet,False,Day,2026-01-30 11:49:05,2026-01-30 00:00:00,2026
8946566609288737362,GMA100T ,BE20,L2T,Turboprop,False,Day,2026-01-30 12:11:20,2026-01-30 00:00:00,2026
13865008131727091780,GBEWR   ,C172,L1P,GA / light,False,Day,2026-01-30 12:43:10,2026-01-30 00:00:00,2026
12043787010457553365,RYR46KY ,B738,L2J,Large jet,True,Day,2026-01-30 13:57:35,2026-01-30 00:00:00,2026
8350815570250227668,SFY3DB  ,DA42,L2P,GA / light,False,Day,2026-01-30 12:25:35,2026-01-30 00:00:00,2026
13519058180776732391,AMBER1  ,FA20,L2J,Business jet,False,Day,2026-01-30 14:40:05,2026-01-30 00:00:00,2026
4971111028252545513,SXN45G  ,LJ45,L2J,Business jet,False,Day,2026-01-30 13:23:55,2026-01-30 00:00:00,2026
4031760748805111137,GOLGE   ,SR20,,Other,False,Day,2026-01-30 13:19:15,2026-01-30 00:00:00,2026
4646362177229940989,SFY3DB  ,DA42,L2P,GA / light,False,Day,2026-01-30 15:06:10,2026-01-30 00:00:00,2026
2954477165186620938,EXS67DE ,B738,,Large jet,True,Day,2026-01-30 16:56:05,2026-01-30 00:00:00,2026
17970644824397327679,TOM2TG  ,B738,L2J,Large jet,True,Day,2026-01-30 18:05:00,2026-01-30 00:00:00,2026
15902879687660511362,FRA79   ,FA20,L2J,Business jet,False,Day,2026-01-30 17:58:40,2026-01-30 00:00:00,2026
11565270706307735846,RYR65FB ,B738,L2J,Large jet,True,Evening,2026-01-30 20:59:40,2026-01-30 00:00:00,2026
132728547528978372,RYR20MC ,,,Other,False,Evening,2026-01-30 21:33:55,2026-01-30 00:00:00,2026
11354579692935981780,RUK8BP  ,B738,,Large jet,True,Evening,2026-01-30 20:49:40,2026-01-30 00:00:00,2026
4934473134339525546,GMA023  ,BE20,L2T,Turboprop,False,Evening,2026-01-30 21:23:15,2026-01-30 00:00:00,2026
342833836448362655,RYR5AM  ,B738,L2J,Large jet,True,Evening,2026-01-30 22:52:45,2026-01-30 00:00:00,2026
4469764927480835781,RYR22HC ,,,Other,False,Day,2026-01-31 07:11:40,2026-01-31 00:00:00,2026
1315660684744361598,EZS15WP ,A20N,L2J,Large jet,True,Day,2026-01-31 08:07:35,2026-01-31 00:00:00,2026
11551867676398400389,LJC3    ,C55B,L2J,Business jet,False,Day,2026-01-31 08:36:25,2026-01-31 00:00:00,2026
13792946543314627420,,P28A,L1P,GA / light,False,Day,2026-01-31 09:46:35,2026-01-31 00:00:00,2026
17533271187693223295,GBEWR   ,C172,L1P,GA / light,False,Day,2026-01-31 10:54:45,2026-01-31 00:00:00,2026
13646201590923482371,GBZTN   ,EUPA,L1P,GA / light,False,Day,2026-01-31 11:23:25,2026-01-31 00:00:00,2026
18115354789062933752,RYR11MN ,B738,L2J,Large jet,True,Day,2026-01-31 13:14:00,2026-01-31 00:00:00,2026
13318031099510190846,GBUFH   ,P28A,L1P,GA / light,False,Day,2026-01-31 12:31:00,2026-01-31 00:00:00,2026
11901629029682164175,GBZTN   ,EUPA,L1P,GA / light,False,Day,2026-01-31 12:29:35,2026-01-31 00:00:00,2026
2024021034251388653,GCBZX   ,MCR1,L1P,GA / light,False,Day,2026-01-31 12:33:00,2026-01-31 00:00:00,2026
7576488274988683671,RYR6765 ,B738,L2J,Large jet,True,Day,2026-01-31 15:16:00,2026-01-31 00:00:00,2026
18210369268778996155,GARMC   ,DHC1,L1P,GA / light,False,Day,2026-01-31 14:05:45,2026-01-31 00:00:00,2026
9901750809955837259,,EC35,H2T,Helicopter,False,Day,2026-01-31 14:01:10,2026-01-31 00:00:00,2026
14398295558576267930,EZY2696 ,A320,L2J,Large jet,True,Day,2026-01-31 16:05:05,2026-01-31 00:00:00,2026
15415132572135356026,EXS3AS  ,B738,,Large jet,True,Day,2026-01-31 17:24:05,2026-01-31 00:00:00,2026
9568491537797178164,GOLGE   ,SR20,,Other,False,Day,2026-01-31 16:41:20,2026-01-31 00:00:00,2026
3083391801852142729,LJC3    ,C55B,L2J,Business jet,False,Day,2026-01-31 17:27:15,2026-01-31 00:00:00,2026
16911882689332743678,GMA023  ,BE20,L2T,Turboprop,False,Day,2026-01-31 17:27:25,2026-01-31 00:00:00,2026
15856015478907988012,EXS63KS ,B738,L2J,Large jet,True,Evening,2026-01-31 20:03:55,2026-01-31 00:00:00,2026
9039199238689786432,HLE10   ,A169,H2T,Helicopter,False,Night,2026-02-01 01:28:10,2026-02-01 00:00:00,2026
13685935427998017499,RYR54WK ,B738,L2J,Large jet,True,Day,2026-02-01 07:52:15,2026-02-01 00:00:00,2026
17961068323092954460,NJE274E ,E55P,L2J,Business jet,False,Day,2026-02-01 09:11:05,2026-02-01 00:00:00,2026
9461880158852671310,RYR20MC ,B738,L2J,Large jet,True,Day,2026-02-01 13:05:00,2026-02-01 00:00:00,2026
8939252489266282966,GOOZE   ,,,Other,False,Day,2026-02-01 12:59:55,2026-02-01 00:00:00,2026
9957952498709947965,URO681  ,A346,L4J,Large jet,True,Day,2026-02-01 14:52:10,2026-02-01 00:00:00,2026
2006769089175190001,,PA32,,Other,False,Day,2026-02-01 13:46:10,2026-02-01 00:00:00,2026
5034449391093748672,GPAAL   ,PA32,,Other,False,Day,2026-02-01 13:57:00,2026-02-01 00:00:00,2026
17098838629606586513,JFA68U  ,P180,L2T,Turboprop,False,Day,2026-02-01 14:04:55,2026-02-01 00:00:00,2026
8111851338404925708,EIX50N  ,,,Other,False,Day,2026-02-01 15:05:10,2026-02-01 00:00:00,2026
5139709607697441677,EXS19W  ,B738,,Large jet,True,Day,2026-02-01 17:07:45,2026-02-01 00:00:00,2026
1917048358518670423,RYR46KY ,B738,,Large jet,True,Day,2026-02-01 17:04:00,2026-02-01 00:00:00,2026
1055128977468491683,EZY15CF ,A320,L2J,Large jet,True,Day,2026-02-01 16:44:20,2026-02-01 00:00:00,2026
9461837069686117779,GMA023  ,BE20,L2T,Turboprop,False,Day,2026-02-01 15:58:45,2026-02-01 00:00:00,2026
12689138598054458233,FSF603A ,PC12,L1T,Turboprop,False,Day,2026-02-01 16:49:45,2026-02-01 00:00:00,2026
17146119891931476006,TOM7FT  ,B738,L2J,Large jet,True,Day,2026-02-01 17:57:35,2026-02-01 00:00:00,2026
11484104567710525449,N101DW  ,P32R,L1P,GA / light,False,Day,2026-02-01 17:15:10,2026-02-01 00:00:00,2026
15878382794695088196,RUK8BP  ,B738,L2J,Large jet,True,Day,2026-02-01 18:14:50,2026-02-01 00:00:00,2026
5270076426156892075,RYR6FY  ,B738,L2J,Large jet,True,Evening,2026-02-01 19:44:55,2026-02-01 00:00:00,2026
10611027133014659650,SLS8V   ,,,Other,False,Evening,2026-02-01 19:11:35,2026-02-01 00:00:00,2026
1303713068521085204,RYR5AM  ,B738,L2J,Large jet,True,Evening,2026-02-01 22:15:45,2026-02-01 00:00:00,2026
13567737513368628849,RYR20MC ,B738,L2J,Large jet,True,Day,2026-02-02 08:26:10,2026-02-02 00:00:00,2026
1929535721353503636,SFY3DB  ,DA42,L2P,GA / light,False,Day,2026-02-02 10:20:55,2026-02-02 00:00:00,2026
1492312244447491398,MJHCI   ,C25C,,Business jet,False,Day,2026-02-02 10:37:20,2026-02-02 00:00:00,2026
6150888883516001417,,DA42,L2P,GA / light,False,Day,2026-02-02 10:14:05,2026-02-02 00:00:00,2026
3463059096824062051,GEGBW   ,P28A,L1P,GA / light,False,Day,2026-02-02 11:12:55,2026-02-02 00:00:00,2026
18222545121298197503,VJT678  ,BE20,L2T,Turboprop,False,Day,2026-02-02 12:37:10,2026-02-02 00:00:00,2026
3809690404640382810,EZY56BH ,A320,L2J,Large jet,True,Day,2026-02-02 12:20:40,2026-02-02 00:00:00,2026
2065118402504132442,SRD203B ,BE20,L2T,Turboprop,False,Day,2026-02-02 11:17:15,2026-02-02 00:00:00,2026
12941025125756507812,,DA42,L2P,GA / light,False,Day,2026-02-02 12:54:20,2026-02-02 00:00:00,2026
13508868329361946684,SFY3DB  ,DA42,L2P,GA / light,False,Day,2026-02-02 12:59:55,2026-02-02 00:00:00,2026
11464084632811743081,RYR11MN ,B738,L2J,Large jet,True,Day,2026-02-02 14:56:25,2026-02-02 00:00:00,2026
14956985696436557427,EXS67DE ,B738,,Large jet,True,Day,2026-02-02 15:23:50,2026-02-02 00:00:00,2026
3118529370255597270,RYR3971 ,B738,L2J,Large jet,True,Day,2026-02-02 15:34:35,2026-02-02 00:00:00,2026
2043380854167378642,HLE22   ,B429,H2T,Helicopter,False,Day,2026-02-02 14:29:15,2026-02-02 00:00:00,2026
5552158880493400795,AMBER2  ,,,Other,False,Day,2026-02-02 16:37:25,2026-02-02 00:00:00,2026
13049732001951916949,TOM8AE  ,B738,L2J,Large jet,True,Day,2026-02-02 17:35:35,2026-02-02 00:00:00,2026
16298671116362477235,EXS68M  ,B738,L2J,Large jet,True,Day,2026-02-02 17:38:50,2026-02-02 00:00:00,2026
1966076949664844830,SFY3DB  ,DA42,L2P,GA / light,False,Day,2026-02-02 16:14:45,2026-02-02 00:00:00,2026
4761878422851111663,TEU7    ,E55P,,Business jet,False,Day,2026-02-02 17:55:20,2026-02-02 00:00:00,2026
7571993200941443805,,DA42,L2P,GA / light,False,Day,2026-02-02 18:41:20,2026-02-02 00:00:00,2026
5001321994719141417,SFY3DB  ,DA42,L2P,GA / light,False,Day,2026-02-02 18:53:45,2026-02-02 00:00:00,2026
11654989517448804250,RYR46KY ,B738,L2J,Large jet,True,Evening,2026-02-02 22:17:25,2026-02-02 00:00:00,2026
1002144430731737205,LJC9    ,,,Other,False,Day,2026-02-03 10:23:40,2026-02-03 00:00:00,2026
1177339460765452586,CRIMSON1,FA20,L2J,Business jet,False,Day,2026-02-03 10:33:20,2026-02-03 00:00:00,2026
10656929267331659829,CRIMSON2,FA20,L2J,Business jet,False,Day,2026-02-03 10:41:05,2026-02-03 00:00:00,2026
16322929087981360158,BLUE1   ,FA20,L2J,Business jet,False,Day,2026-02-03 10:27:50,2026-02-03 00:00:00,2026
5546475556149081365,BLUE2   ,FA20,L2J,Business jet,False,Day,2026-02-03 10:31:30,2026-02-03 00:00:00,2026
249262277426850621,OXF14   ,PA34,L2P,GA / light,False,Day,2026-02-03 10:59:15,2026-02-03 00:00:00,2026
4193992001270579900,SFY3DB  ,,,Other,False,Day,2026-02-03 10:24:30,2026-02-03 00:00:00,2026
4806408824419331865,GHOOF   ,,,Other,False,Day,2026-02-03 10:47:35,2026-02-03 00:00:00,2026
2899838969334941322,LJC9    ,,,Other,False,Day,2026-02-03 13:10:45,2026-02-03 00:00:00,2026
5632280063592258203,CRIMSON1,FA20,L2J,Business jet,False,Day,2026-02-03 15:04:30,2026-02-03 00:00:00,2026
13148568732316543980,CRIMSON2,,,Other,False,Day,2026-02-03 15:09:25,2026-02-03 00:00:00,2026
14332846671737484048,BLUE1   ,FA20,L2J,Business jet,False,Day,2026-02-03 14:59:35,2026-02-03 00:00:00,2026
4767184480349898285,OXF14   ,PA34,L2P,GA / light,False,Day,2026-02-03 15:22:35,2026-02-03 00:00:00,2026
7496931666384335126,EXS257G ,B738,,Large jet,True,Day,2026-02-03 16:27:00,2026-02-03 00:00:00,2026
5972834943286955575,GBHJS   ,P68,L2P,GA / light,False,Day,2026-02-03 15:41:10,2026-02-03 00:00:00,2026
1156845064743858188,RYR65FB ,B738,L2J,Large jet,True,Day,2026-02-03 17:26:20,2026-02-03 00:00:00,2026
1512041773968429678,BLNHM43 ,A400,L4T,Turboprop,False,Day,2026-02-03 15:58:50,2026-02-03 00:00:00,2026
15081693490729319542,TOM7KX  ,B738,L2J,Large jet,True,Day,2026-02-03 18:34:55,2026-02-03 00:00:00,2026
10806137605063582220,GMA0958 ,BE20,L2T,Turboprop,False,Evening,2026-02-03 19:46:55,2026-02-03 00:00:00,2026
136545574986486828,URO915  ,A346,L4J,Large jet,True,Evening,2026-02-03 22:38:30,2026-02-03 00:00:00,2026
15765067854935064127,VLZ13J  ,CL60,L2J,Business jet,False,Evening,2026-02-03 21:11:45,2026-02-03 00:00:00,2026
4094472336138647396,FJO647  ,GL5T,L2J,Business jet,False,Night,2026-02-03 23:29:25,2026-02-03 00:00:00,2026
8565625197857305034,CRIMSON1,FA20,L2J,Business jet,False,Day,2026-02-04 10:27:15,2026-02-04 00:00:00,2026
7371766338032021488,CRIMSON2,,,Other,False,Day,2026-02-04 10:24:05,2026-02-04 00:00:00,2026
16132929274235814434,BLUE2   ,FA20,L2J,Business jet,False,Day,2026-02-04 10:18:00,2026-02-04 00:00:00,2026
3368302408533615018,NJE482Q ,C68A,L2J,Business jet,False,Day,2026-02-04 10:06:15,2026-02-04 00:00:00,2026
4051186566948756614,REV6ND  ,F406,L2T,Turboprop,False,Day,2026-02-04 10:45:05,2026-02-04 00:00:00,2026
1677621623307537400,GBUFH   ,P28A,L1P,GA / light,False,Day,2026-02-04 10:59:55,2026-02-04 00:00:00,2026
12059030552512243407,CRX8B   ,,,Other,False,Day,2026-02-04 11:13:00,2026-02-04 00:00:00,2026
5389431673514762878,FRA69   ,CL60,L2J,Business jet,False,Day,2026-02-04 11:58:45,2026-02-04 00:00:00,2026
18327802246131662794,GBGYH   ,P28A,L1P,GA / light,False,Day,2026-02-04 14:11:10,2026-02-04 00:00:00,2026
366884477844863637,GBUFH   ,P28A,L1P,GA / light,False,Day,2026-02-04 12:41:50,2026-02-04 00:00:00,2026
4605336615538842067,SFY3DB  ,,,Other,False,Day,2026-02-04 12:45:55,2026-02-04 00:00:00,2026
17598946952492958230,GCMPA   ,P28T,L1P,GA / light,False,Day,2026-02-04 13:17:55,2026-02-04 00:00:00,2026
4009708325500523243,HLE10   ,A169,H2T,Helicopter,False,Day,2026-02-04 13:26:25,2026-02-04 00:00:00,2026
2099367394678760218,GBHJS   ,P68,L2P,GA / light,False,Day,2026-02-04 13:19:20,2026-02-04 00:00:00,2026
14422561446542118117,GCBZX   ,MCR1,L1P,GA / light,False,Day,2026-02-04 13:32:00,2026-02-04 00:00:00,2026
5943905431986463340,BRO05   ,B350,,Turboprop,False,Day,2026-02-04 16:51:50,2026-02-04 00:00:00,2026
8963898444512724124,REV6ND  ,F406,L2T,Turboprop,False,Day,2026-02-04 16:32:00,2026-02-04 00:00:00,2026
9040392391815571839,HLE10   ,A169,H2T,Helicopter,False,Day,2026-02-04 13:54:35,2026-02-04 00:00:00,2026
2806650051702785576,GBUFH   ,P28A,L1P,GA / light,False,Day,2026-02-04 16:30:55,2026-02-04 00:00:00,2026
1746487594116036349,GMA019  ,BE20,L2T,Turboprop,False,Day,2026-02-04 14:53:35,2026-02-04 00:00:00,2026
13907216086302807548,CRIMSON1,FA20,L2J,Business jet,False,Day,2026-02-04 16:23:10,2026-02-04 00:00:00,2026
17999517209326451183,CRIMSON2,,,Other,False,Day,2026-02-04 16:30:05,2026-02-04 00:00:00,2026
9218998676189041463,,P28A,L1P,GA / light,False,Day,2026-02-04 14:38:45,2026-02-04 00:00:00,2026
4499478487570623260,BLUE1   ,FA20,L2J,Business jet,False,Day,2026-02-04 16:34:20,2026-02-04 00:00:00,2026
12313620598280021061,HLE10   ,A169,H2T,Helicopter,False,Day,2026-02-04 15:40:30,2026-02-04 00:00:00,2026
9757893598156942133,SFY3DB  ,,,Other,False,Day,2026-02-04 15:46:55,2026-02-04 00:00:00,2026
12609149387391128893,GDIGA   ,R66,H1T,Helicopter,False,Day,2026-02-04 15:59:55,2026-02-04 00:00:00,2026
11358336709837675485,SFY3DB  ,,,Other,False,Day,2026-02-04 17:21:00,2026-02-04 00:00:00,2026
9528709720126208790,GMA864  ,BE20,L2T,Turboprop,False,Evening,2026-02-04 19:37:05,2026-02-04 00:00:00,2026
6745635349397223363,GMA023  ,BE20,L2T,Turboprop,False,Day,2026-02-04 18:38:30,2026-02-04 00:00:00,2026
16107678275762431603,URO683  ,A346,L4J,Large jet,True,Evening,2026-02-04 22:21:30,2026-02-04 00:00:00,2026
8286311334799002728,SRG375  ,,,Other,False,Evening,2026-02-04 22:50:05,2026-02-04 00:00:00,2026
4786800477623371792,URO681  ,A346,L4J,Large jet,True,Day,2026-02-05 07:44:15,2026-02-05 00:00:00,2026
9443116984947497754,RYR65FB ,B38M,,Large jet,True,Day,2026-02-05 07:23:40,2026-02-05 00:00:00,2026
2973296599249981947,FRA90   ,FA20,L2J,Business jet,False,Day,2026-02-05 08:12:00,2026-02-05 00:00:00,2026
8182072289609529069,RYR46KY ,B738,L2J,Large jet,True,Day,2026-02-05 09:49:00,2026-02-05 00:00:00,2026
6182134004051356927,RUK8BP  ,B738,,Large jet,True,Day,2026-02-05 09:24:00,2026-02-05 00:00:00,2026
16106757751508753935,AMBER1  ,FA20,L2J,Business jet,False,Day,2026-02-05 09:28:00,2026-02-05 00:00:00,2026
8897504981526203281,BLUE1   ,FA20,L2J,Business jet,False,Day,2026-02-05 10:14:15,2026-02-05 00:00:00,2026
3795949244393280930,NJE414R ,E55P,,Business jet,False,Day,2026-02-05 10:03:50,2026-02-05 00:00:00,2026
2822889357489844487,FRA85   ,,,Other,False,Day,2026-02-05 10:35:10,2026-02-05 00:00:00,2026
3040255980917666734,FJO647  ,GL5T,L2J,Business jet,False,Day,2026-02-05 11:19:50,2026-02-05 00:00:00,2026
6933915227805847962,TAY900P ,B734,L2J,Large jet,True,Day,2026-02-05 11:02:35,2026-02-05 00:00:00,2026
7840425386226233469,AMBER1  ,FA20,L2J,Business jet,False,Day,2026-02-05 14:00:20,2026-02-05 00:00:00,2026
9351930703056297358,EDG109  ,GLF6,L2J,Business jet,False,Day,2026-02-05 13:03:50,2026-02-05 00:00:00,2026
9635002038165304978,BLUE1   ,FA20,L2J,Business jet,False,Day,2026-02-05 14:02:25,2026-02-05 00:00:00,2026
7735298660940265601,URO601  ,A346,L4J,Large jet,True,Day,2026-02-05 15:23:45,2026-02-05 00:00:00,2026
1500844868066428751,AMBER2  ,FA20,L2J,Business jet,False,Day,2026-02-05 14:22:30,2026-02-05 00:00:00,2026
10106580249648969259,RYR11MN ,B738,L2J,Large jet,True,Day,2026-02-05 14:41:50,2026-02-05 00:00:00,2026
14726106541507384358,RYR54WK ,B38M,L2J,Large jet,True,Day,2026-02-05 18:12:15,2026-02-05 00:00:00,2026
7225795901683060835,TOM6TM  ,B738,L2J,Large jet,True,Day,2026-02-05 17:18:20,2026-02-05 00:00:00,2026
17669719657987235063,EXS3AS  ,B738,L2J,Large jet,True,Day,2026-02-05 17:51:10,2026-02-05 00:00:00,2026
6985733736407589184,EXS67BH ,B738,,Large jet,True,Evening,2026-02-05 19:39:00,2026-02-05 00:00:00,2026
14011299844215743105,RYR20MC ,B738,L2J,Large jet,True,Evening,2026-02-05 21:17:25,2026-02-05 00:00:00,2026
2036306208182068693,GMA23   ,BE20,L2T,Turboprop,False,Evening,2026-02-05 20:49:35,2026-02-05 00:00:00,2026
17511770191833157689,SRG375  ,,,Other,False,Night,2026-02-06 00:39:05,2026-02-05 00:00:00,2026
4066028276105070304,CRIMSON1,FA20,L2J,Business jet,False,Day,2026-02-06 10:05:20,2026-02-06 00:00:00,2026
5505869293908629549,CRIMSON2,,,Other,False,Day,2026-02-06 10:02:35,2026-02-06 00:00:00,2026
11274436346775006552,BLUE1   ,FA20,L2J,Business jet,False,Day,2026-02-06 10:10:45,2026-02-06 00:00:00,2026
8661517344600022933,NJE9QL  ,E55P,L2J,Business jet,False,Day,2026-02-06 10:08:10,2026-02-06 00:00:00,2026
2643025543837676588,RYR6FY  ,B738,L2J,Large jet,True,Day,2026-02-06 11:51:55,2026-02-06 00:00:00,2026
4546290513450100759,HLE10   ,A169,H2T,Helicopter,False,Day,2026-02-06 10:28:40,2026-02-06 00:00:00,2026
3710053699054691514,SRD203B ,BE20,L2T,Turboprop,False,Day,2026-02-06 11:56:45,2026-02-06 00:00:00,2026
11824041111994832161,RYR46KY ,B738,L2J,Large jet,True,Day,2026-02-06 13:45:15,2026-02-06 00:00:00,2026
9295219033783196507,JFA69B  ,PC12,L1T,Turboprop,False,Day,2026-02-06 15:24:30,2026-02-06 00:00:00,2026
12603653183665617862,CRIMSON1,,,Other,False,Day,2026-02-06 14:45:35,2026-02-06 00:00:00,2026
11966340015661797110,CRIMSON2,FA20,L2J,Business jet,False,Day,2026-02-06 14:48:15,2026-02-06 00:00:00,2026
3113951234511468654,BLUE1   ,FA20,L2J,Business jet,False,Day,2026-02-06 14:49:55,2026-02-06 00:00:00,2026
15754513896092925084,BLUE2   ,FA20,L2J,Business jet,False,Day,2026-02-06 14:04:00,2026-02-06 00:00:00,2026
18092753352895165016,CRX9B   ,C25A,L2J,Business jet,False,Day,2026-02-06 14:41:35,2026-02-06 00:00:00,2026
2753367369934321272,EXS67DE ,B738,,Large jet,True,Day,2026-02-06 16:32:25,2026-02-06 00:00:00,2026
551944381189688673,EZY56BH ,A320,L2J,Large jet,True,Day,2026-02-06 15:53:00,2026-02-06 00:00:00,2026
15606566814359073726,TOM2TG  ,B738,L2J,Large jet,True,Day,2026-02-06 18:17:35,2026-02-06 00:00:00,2026
11598428534275649521,CFE7032 ,E190,L2J,Large jet,True,Day,2026-02-06 16:53:10,2026-02-06 00:00:00,2026
2840188749754628756,GBWUH   ,P28A,L1P,GA / light,False,Day,2026-02-06 16:59:55,2026-02-06 00:00:00,2026
10901616310204168315,URO681  ,A346,L4J,Large jet,True,Evening,2026-02-06 21:18:10,2026-02-06 00:00:00,2026
6040507864325093983,HLE10   ,A169,H2T,Helicopter,False,Day,2026-02-06 18:50:05,2026-02-06 00:00:00,2026
1188391291725824393,RYR20MC ,,,Other,False,Evening,2026-02-06 21:02:10,2026-02-06 00:00:00,2026
9706737599976447625,HLE10   ,A169,H2T,Helicopter,False,Evening,2026-02-06 20:09:25,2026-02-06 00:00:00,2026
10372407679157351449,RUK8BP  ,B738,,Large jet,True,Evening,2026-02-06 21:08:50,2026-02-06 00:00:00,2026
11261532454694664690,RYR65FB ,B38M,,Large jet,True,Evening,2026-02-06 22:12:15,2026-02-06 00:00:00,2026
9120985772028549537,RYR5AM  ,B738,L2J,Large jet,True,Evening,2026-02-06 22:45:15,2026-02-06 00:00:00,2026
17680040206681596828,RYR22HC ,B38M,L2J,Large jet,True,Day,2026-02-07 06:54:05,2026-02-07 00:00:00,2026
2708278865496917250,EZS15WP ,A20N,L2J,Large jet,True,Day,2026-02-07 08:07:25,2026-02-07 00:00:00,2026
238523995585045733,LJC6    ,B350,L2T,Turboprop,False,Day,2026-02-07 10:51:05,2026-02-07 00:00:00,2026
9091638609119314011,URO601  ,A346,L4J,Large jet,True,Day,2026-02-07 13:31:40,2026-02-07 00:00:00,2026
11294913170943342956,RYR11MN ,B738,L2J,Large jet,True,Day,2026-02-07 13:08:50,2026-02-07 00:00:00,2026
8082912182514213770,CGJZJ   ,CRJ2,L2J,Large jet,True,Day,2026-02-07 15:02:05,2026-02-07 00:00:00,2026
11043227720447487957,RYR6765 ,B738,L2J,Large jet,True,Day,2026-02-07 15:04:40,2026-02-07 00:00:00,2026
15124503953982711784,VCG1EZ  ,C25M,L2J,Business jet,False,Day,2026-02-07 14:38:25,2026-02-07 00:00:00,2026
3274269416878280947,EZY2696 ,A319,L2J,Large jet,True,Day,2026-02-07 16:05:35,2026-02-07 00:00:00,2026
366487830475850128,EXS3AS  ,B738,,Large jet,True,Day,2026-02-07 17:23:35,2026-02-07 00:00:00,2026
15217689927057944449,OEITH   ,CL60,L2J,Business jet,False,Day,2026-02-07 17:42:05,2026-02-07 00:00:00,2026
15882603417007834693,RYR46KY ,B738,L2J,Large jet,True,Evening,2026-02-07 22:01:20,2026-02-07 00:00:00,2026
2114600308501471528,URO915  ,A346,L4J,Large jet,True,Day,2026-02-08 06:52:10,2026-02-08 00:00:00,2026
5911676903080356069,RYR54WK ,B738,L2J,Large jet,True,Day,2026-02-08 07:45:45,2026-02-08 00:00:00,2026
688958749166444272,TOM179  ,B788,L2J,Large jet,True,Day,2026-02-08 06:22:50,2026-02-08 00:00:00,2026
3253851535745265288,RYR20MC ,B738,L2J,Large jet,True,Day,2026-02-08 12:46:15,2026-02-08 00:00:00,2026
17354697359999626083,RYR46KY ,B38M,L2J,Large jet,True,Day,2026-02-08 16:43:35,2026-02-08 00:00:00,2026
15604252478920399621,EXS19W  ,B738,,Large jet,True,Day,2026-02-08 17:31:15,2026-02-08 00:00:00,2026
5855554067345355521,EZY15CF ,A320,L2J,Large jet,True,Day,2026-02-08 16:37:30,2026-02-08 00:00:00,2026
1348746641711336680,TOM7FT  ,B738,L2J,Large jet,True,Day,2026-02-08 18:32:30,2026-02-08 00:00:00,2026
14034121770235126029,GRDWN   ,,,Other,False,Day,2026-02-08 17:06:15,2026-02-08 00:00:00,2026
13323314555205739948,GMA23   ,BE20,L2T,Turboprop,False,Day,2026-02-08 16:52:45,2026-02-08 00:00:00,2026
1612507313339354378,HLE10   ,A169,H2T,Helicopter,False,Day,2026-02-08 17:12:20,2026-02-08 00:00:00,2026
13329233069618168555,RUK8BP  ,B738,L2J,Large jet,True,Day,2026-02-08 18:14:00,2026-02-08 00:00:00,2026
614627306383475926,URO681  ,A346,L4J,Large jet,True,Evening,2026-02-08 21:03:10,2026-02-08 00:00:00,2026
6383189563469048079,RYR6FY  ,B738,L2J,Large jet,True,Evening,2026-02-08 20:27:10,2026-02-08 00:00:00,2026
9338568420151350490,RYR5AM  ,B738,L2J,Large jet,True,Evening,2026-02-08 22:23:00,2026-02-08 00:00:00,2026
2554751354005170658,EXS070C ,B738,L2J,Large jet,True,Evening,2026-02-08 21:27:55,2026-02-08 00:00:00,2026
10647070258290090895,EXS050C ,B738,L2J,Large jet,True,Evening,2026-02-08 22:25:25,2026-02-08 00:00:00,2026
716235381983263970,RYR20MC ,B738,L2J,Large jet,True,Day,2026-02-09 08:08:45,2026-02-09 00:00:00,2026
14513139516108225152,HHN948  ,C25B,L2J,Business jet,False,Day,2026-02-09 09:27:35,2026-02-09 00:00:00,2026
8521654120815044274,CRIMSON1,FA20,L2J,Business jet,False,Day,2026-02-09 10:42:00,2026-02-09 00:00:00,2026
14926304725800068527,CRIMSON2,FA20,L2J,Business jet,False,Day,2026-02-09 10:39:40,2026-02-09 00:00:00,2026
18067285556522402461,GIDFE   ,B505,H1T,Helicopter,False,Day,2026-02-09 09:59:10,2026-02-09 00:00:00,2026
13290642295766541308,AMBER1  ,FA20,L2J,Business jet,False,Day,2026-02-09 11:32:45,2026-02-09 00:00:00,2026
3257493538011831415,EZY56BH ,A319,L2J,Large jet,True,Day,2026-02-09 12:02:05,2026-02-09 00:00:00,2026
7932862754975609379,JFU01A  ,PC12,L1T,Turboprop,False,Day,2026-02-09 11:27:40,2026-02-09 00:00:00,2026
17958647256970099902,GBWUH   ,P28A,L1P,GA / light,False,Day,2026-02-09 11:47:00,2026-02-09 00:00:00,2026
11382896186286709827,HLE10   ,A169,H2T,Helicopter,False,Day,2026-02-09 12:25:15,2026-02-09 00:00:00,2026
5528955709176557737,URO915  ,A346,L4J,Large jet,True,Day,2026-02-09 15:09:55,2026-02-09 00:00:00,2026
16388601923568913018,RYR11MN ,B738,L2J,Large jet,True,Day,2026-02-09 14:46:55,2026-02-09 00:00:00,2026
564777393618556929,CRIMSON1,FA20,L2J,Business jet,False,Day,2026-02-09 14:39:05,2026-02-09 00:00:00,2026
16984576681884818964,CRIMSON2,FA20,L2J,Business jet,False,Day,2026-02-09 14:41:15,2026-02-09 00:00:00,2026
16136263335866667259,EXS67DE ,B738,,Large jet,True,Day,2026-02-09 15:25:45,2026-02-09 00:00:00,2026
3323775857726067934,RYR3971 ,B738,L2J,Large jet,True,Day,2026-02-09 15:43:05,2026-02-09 00:00:00,2026
16320234455998520232,AMBER1  ,FA20,L2J,Business jet,False,Day,2026-02-09 16:26:10,2026-02-09 00:00:00,2026
56656148836473617,AMBER2  ,,,Other,False,Day,2026-02-09 16:30:40,2026-02-09 00:00:00,2026
13054853250356649981,TOM8AE  ,B738,L2J,Large jet,True,Day,2026-02-09 17:37:35,2026-02-09 00:00:00,2026
5247123708972728558,EXS68M  ,B738,L2J,Large jet,True,Day,2026-02-09 18:10:55,2026-02-09 00:00:00,2026
10250315138408974989,GMA23   ,BE20,L2T,Turboprop,False,Day,2026-02-09 16:41:45,2026-02-09 00:00:00,2026
12457222042981821792,RYR46KY ,B738,L2J,Large jet,True,Evening,2026-02-09 22:38:40,2026-02-09 00:00:00,2026
11218358978934155529,AMBER1  ,FA20,L2J,Business jet,False,Day,2026-02-10 11:11:40,2026-02-10 00:00:00,2026
8128265070333415688,AMBER2  ,FA20,L2J,Business jet,False,Day,2026-02-10 11:39:15,2026-02-10 00:00:00,2026
3695790768171360955,GKMTE   ,SR22,L1P,GA / light,False,Day,2026-02-10 11:02:10,2026-02-10 00:00:00,2026
12010164115951768607,HLE10   ,A169,H2T,Helicopter,False,Day,2026-02-10 10:31:25,2026-02-10 00:00:00,2026
7711423947421796095,SRD375  ,,,Other,False,Day,2026-02-10 10:59:55,2026-02-10 00:00:00,2026
9623452510470860200,,SR22,L1P,GA / light,False,Day,2026-02-10 11:00:35,2026-02-10 00:00:00,2026
6281756651210309444,URO601  ,A346,L4J,Large jet,True,Day,2026-02-10 14:14:35,2026-02-10 00:00:00,2026
15898694455042567479,TYJ520  ,,,Other,False,Day,2026-02-10 12:27:25,2026-02-10 00:00:00,2026
7920162245100041679,EMC7    ,PC12,,Turboprop,False,Day,2026-02-10 12:47:25,2026-02-10 00:00:00,2026
760406672948768659,URO683  ,A346,L4J,Large jet,True,Day,2026-02-10 14:02:35,2026-02-10 00:00:00,2026
5469479887121033979,EXS257G ,B738,L2J,Large jet,True,Day,2026-02-10 16:07:35,2026-02-10 00:00:00,2026
15195652771732987440,EXS2610 ,B738,,Large jet,True,Day,2026-02-10 17:08:05,2026-02-10 00:00:00,2026
8687682663445387701,RYR65FB ,B738,L2J,Large jet,True,Day,2026-02-10 17:23:40,2026-02-10 00:00:00,2026
6594728606817301978,TOM7KX  ,B738,L2J,Large jet,True,Day,2026-02-10 18:08:35,2026-02-10 00:00:00,2026
17756792662277056472,SLS7C   ,PC12,L1T,Turboprop,False,Evening,2026-02-10 19:13:10,2026-02-10 00:00:00,2026
6397033253716374679,CRIMSON1,FA20,L2J,Business jet,False,Day,2026-02-11 10:15:10,2026-02-11 00:00:00,2026
11678394408422037181,CRIMSON2,FA20,L2J,Business jet,False,Day,2026-02-11 10:12:20,2026-02-11 00:00:00,2026
6545422512477979103,EXS2NW  ,B738,L2J,Large jet,True,Day,2026-02-11 10:19:05,2026-02-11 00:00:00,2026
15562897868671550334,GFFMV   ,DA42,L2P,GA / light,False,Day,2026-02-11 11:41:00,2026-02-11 00:00:00,2026
4268526803818738163,GIDFE   ,B505,H1T,Helicopter,False,Day,2026-02-11 10:14:40,2026-02-11 00:00:00,2026
17821685725956236647,GPAAL   ,PA32,,Other,False,Day,2026-02-11 10:51:30,2026-02-11 00:00:00,2026
17155070548591920419,CLB385  ,BE20,L2T,Turboprop,False,Day,2026-02-11 11:58:35,2026-02-11 00:00:00,2026
14615204329477559200,HLE10   ,A169,H2T,Helicopter,False,Day,2026-02-11 11:19:05,2026-02-11 00:00:00,2026
1751286458141928429,GEMCX   ,,,Other,False,Day,2026-02-11 11:44:00,2026-02-11 00:00:00,2026
9824553787795661525,GEMCV   ,,,Other,False,Day,2026-02-11 11:48:10,2026-02-11 00:00:00,2026
5740633126275645385,BTNIA11 ,G115,L1P,GA / light,False,Day,2026-02-11 12:42:55,2026-02-11 00:00:00,2026
1303168901846348079,GMA019  ,BE20,L2T,Turboprop,False,Day,2026-02-11 13:06:05,2026-02-11 00:00:00,2026
2223390598632153058,GOLAJ   ,R44,H1P,Helicopter,False,Day,2026-02-11 13:39:05,2026-02-11 00:00:00,2026
3945719662109461718,EXS069J ,B738,,Large jet,True,Day,2026-02-11 14:06:25,2026-02-11 00:00:00,2026
12246137070586781450,HLE10   ,A169,H2T,Helicopter,False,Day,2026-02-11 14:01:20,2026-02-11 00:00:00,2026
14626938863936556111,BLUE1   ,FA20,L2J,Business jet,False,Day,2026-02-11 15:31:40,2026-02-11 00:00:00,2026
16863793118179436406,CRIMSON1,FA20,L2J,Business jet,False,Day,2026-02-11 15:28:15,2026-02-11 00:00:00,2026
1988905172270300545,CRIMSON2,,,Other,False,Day,2026-02-11 15:40:50,2026-02-11 00:00:00,2026
9003495420934598942,SYG1029 ,,,Other,False,Day,2026-02-11 14:46:00,2026-02-11 00:00:00,2026
321520477790964995,NJU2VY  ,C56X,L2J,Business jet,False,Day,2026-02-11 16:40:55,2026-02-11 00:00:00,2026
17507661379370867406,GOLAJ   ,R44,H1P,Helicopter,False,Day,2026-02-11 15:18:35,2026-02-11 00:00:00,2026
11181385295138248190,PIPE65  ,,,Other,False,Day,2026-02-11 16:16:25,2026-02-11 00:00:00,2026
12604346674869884946,GMA23   ,BE20,L2T,Turboprop,False,Day,2026-02-11 16:37:00,2026-02-11 00:00:00,2026
6044133825377733339,RYR65FB ,B38M,L2J,Large jet,True,Day,2026-02-12 07:19:15,2026-02-12 00:00:00,2026
5980075955280028905,RYR46KY ,B738,L2J,Large jet,True,Day,2026-02-12 10:00:30,2026-02-12 00:00:00,2026
7463417474778253424,MMD1118 ,F2TH,L2J,Business jet,False,Day,2026-02-12 09:34:50,2026-02-12 00:00:00,2026
4485816623880839771,RUK8BP  ,B738,L2J,Large jet,True,Day,2026-02-12 09:39:45,2026-02-12 00:00:00,2026
12304312106584053669,AMBER2  ,FA20,L2J,Business jet,False,Day,2026-02-12 10:40:10,2026-02-12 00:00:00,2026
13272236672275939428,URO601  ,A346,L4J,Large jet,True,Day,2026-02-12 12:20:45,2026-02-12 00:00:00,2026
7125454537423444372,N302JG  ,TBM7,L1T,Turboprop,False,Day,2026-02-12 10:23:45,2026-02-12 00:00:00,2026
6406230869843291851,N29FR   ,GLEX,L2J,Business jet,False,Day,2026-02-12 11:41:10,2026-02-12 00:00:00,2026
14782417716009352039,AMBER1  ,FA20,L2J,Business jet,False,Day,2026-02-12 13:50:20,2026-02-12 00:00:00,2026
9521780217544416206,RYR11MN ,B738,L2J,Large jet,True,Day,2026-02-12 14:07:30,2026-02-12 00:00:00,2026
6519869139066595034,EXS3AS  ,B738,L2J,Large jet,True,Day,2026-02-12 17:13:55,2026-02-12 00:00:00,2026
10964134293710355199,TOM6TM  ,B738,L2J,Large jet,True,Day,2026-02-12 17:17:55,2026-02-12 00:00:00,2026
15889060558227812182,HLE10   ,A169,H2T,Helicopter,False,Day,2026-02-12 14:32:10,2026-02-12 00:00:00,2026
15464503549646417242,EZY56BH ,A320,L2J,Large jet,True,Day,2026-02-12 16:07:05,2026-02-12 00:00:00,2026
15568209976002582909,RYR54WK ,,,Other,False,Day,2026-02-12 18:28:35,2026-02-12 00:00:00,2026
8352143178245708168,UAD50   ,G115,L1P,GA / light,False,Day,2026-02-12 16:44:40,2026-02-12 00:00:00,2026
16388747063918538793,N363KC  ,S22T,L1P,GA / light,False,Day,2026-02-12 16:14:20,2026-02-12 00:00:00,2026
15944192162668394477,EXS67BH ,B738,,Large jet,True,Evening,2026-02-12 19:11:15,2026-02-12 00:00:00,2026
16120774030418355492,GMA23   ,BE20,L2T,Turboprop,False,Evening,2026-02-12 19:07:00,2026-02-12 00:00:00,2026
18432617371140520244,RYR20MC ,B738,,Large jet,True,Evening,2026-02-12 21:26:15,2026-02-12 00:00:00,2026
2163392679001414492,HLE10   ,A169,H2T,Helicopter,False,Evening,2026-02-12 22:32:10,2026-02-12 00:00:00,2026
3316048742317784163,HLE10   ,A169,H2T,Helicopter,False,Night,2026-02-12 23:24:45,2026-02-12 00:00:00,2026
2115111169514938026,URO915  ,A346,L4J,Large jet,True,Day,2026-02-13 06:53:30,2026-02-13 00:00:00,2026
9689784298294986118,LOG8TR  ,E145,L2J,Large jet,True,Day,2026-02-13 08:48:20,2026-02-13 00:00:00,2026
15630136950130679629,T7BDA   ,GL5T,L2J,Business jet,False,Day,2026-02-13 08:54:05,2026-02-13 00:00:00,2026
2638390092398252891,AMBER1  ,FA20,L2J,Business jet,False,Day,2026-02-13 10:11:20,2026-02-13 00:00:00,2026
4465666475982007627,AMBER2  ,,,Other,False,Day,2026-02-13 10:19:35,2026-02-13 00:00:00,2026
16687600034670258131,CRIMSON1,FA20,L2J,Business jet,False,Day,2026-02-13 10:31:20,2026-02-13 00:00:00,2026
793085810982361879,BTNIA18 ,G115,L1P,GA / light,False,Day,2026-02-13 10:38:25,2026-02-13 00:00:00,2026
3495255840351746831,VSB80   ,PC24,,Business jet,False,Day,2026-02-13 10:28:30,2026-02-13 00:00:00,2026
16395013248554502678,RYR6FY  ,B738,L2J,Large jet,True,Day,2026-02-13 12:11:45,2026-02-13 00:00:00,2026
16403545642964109086,LOG942F ,E145,L2J,Large jet,True,Day,2026-02-13 10:48:05,2026-02-13 00:00:00,2026
2816956716057356037,VJT779  ,GL7T,L2J,Business jet,False,Day,2026-02-13 12:09:45,2026-02-13 00:00:00,2026
1074144546248740548,GOLGE   ,SR20,,Other,False,Day,2026-02-13 12:17:10,2026-02-13 00:00:00,2026
16727810883303719563,BTNIA10 ,G115,L1P,GA / light,False,Day,2026-02-13 12:43:50,2026-02-13 00:00:00,2026
11539272202278610370,AMBER1  ,FA20,L2J,Business jet,False,Day,2026-02-13 14:17:30,2026-02-13 00:00:00,2026
3158316052938293097,HLE10   ,A169,H2T,Helicopter,False,Day,2026-02-13 13:40:20,2026-02-13 00:00:00,2026
6091924701572862800,RYR46KY ,B738,L2J,Large jet,True,Day,2026-02-13 15:22:00,2026-02-13 00:00:00,2026
5685809469015187628,EXS67DE ,B738,,Large jet,True,Day,2026-02-13 16:54:40,2026-02-13 00:00:00,2026
10429649554605630374,EZY56BH ,A320,L2J,Large jet,True,Day,2026-02-13 16:15:40,2026-02-13 00:00:00,2026
15650674676613616614,ABLE03  ,P28A,L1P,GA / light,False,Day,2026-02-13 15:34:20,2026-02-13 00:00:00,2026
8312505360931814560,GMA019  ,BE20,L2T,Turboprop,False,Day,2026-02-13 16:39:40,2026-02-13 00:00:00,2026
2073824941531839216,SXN79W  ,,,Other,False,Day,2026-02-13 16:42:00,2026-02-13 00:00:00,2026
16650850169563161120,TOM2TG  ,B738,L2J,Large jet,True,Day,2026-02-13 18:57:15,2026-02-13 00:00:00,2026
12891495456210110882,VCG2BG  ,C25A,L2J,Business jet,False,Evening,2026-02-13 19:03:10,2026-02-13 00:00:00,2026
13830927659221484333,RYR20MC ,,,Other,False,Evening,2026-02-13 20:58:15,2026-02-13 00:00:00,2026
11684197618032849343,RYR65FB ,B738,L2J,Large jet,True,Evening,2026-02-13 22:44:00,2026-02-13 00:00:00,2026
9985264026922490431,RYR5AM  ,B738,L2J,Large jet,True,Night,2026-02-13 23:07:20,2026-02-13 00:00:00,2026
15647536051869928635,RUK8BP  ,B738,L2J,Large jet,True,Evening,2026-02-13 22:10:45,2026-02-13 00:00:00,2026
8705019232143196726,RYR22HC ,B38M,L2J,Large jet,True,Day,2026-02-14 07:23:00,2026-02-14 00:00:00,2026
8354180824692901964,URO915  ,A346,L4J,Large jet,True,Day,2026-02-14 08:18:15,2026-02-14 00:00:00,2026
521691206534893011,EZS15WP ,A320,L2J,Large jet,True,Day,2026-02-14 08:13:45,2026-02-14 00:00:00,2026
14135844923241467078,GBEWR   ,C172,L1P,GA / light,False,Day,2026-02-14 09:43:10,2026-02-14 00:00:00,2026
16664858941405475690,GBUFH   ,P28A,L1P,GA / light,False,Day,2026-02-14 10:25:10,2026-02-14 00:00:00,2026
3359315082086875394,MAMBA   ,GA6C,L2J,Business jet,False,Day,2026-02-14 10:27:35,2026-02-14 00:00:00,2026
5242945014943284853,,R44,H1P,Helicopter,False,Day,2026-02-14 11:01:55,2026-02-14 00:00:00,2026
15523230795547068886,GOLAJ   ,R44,H1P,Helicopter,False,Day,2026-02-14 11:19:15,2026-02-14 00:00:00,2026
16352232541317209539,GBBND   ,DHC1,L1P,GA / light,False,Day,2026-02-14 11:59:05,2026-02-14 00:00:00,2026
7173625826755163758,GCDMY   ,P28A,L1P,GA / light,False,Day,2026-02-14 11:35:15,2026-02-14 00:00:00,2026
4261297657685542105,RYR11MN ,B738,L2J,Large jet,True,Day,2026-02-14 13:19:10,2026-02-14 00:00:00,2026
4772024364494813992,N624CS  ,S22T,L1P,GA / light,False,Day,2026-02-14 12:30:30,2026-02-14 00:00:00,2026
7831408792120257411,GAWWO   ,DR10,L1P,GA / light,False,Day,2026-02-14 12:14:40,2026-02-14 00:00:00,2026
10960734894620466710,GOJVL   ,RV6,L1P,GA / light,False,Day,2026-02-14 12:46:45,2026-02-14 00:00:00,2026
12079102456613257964,TOM27G  ,B738,L2J,Large jet,True,Day,2026-02-14 13:55:35,2026-02-14 00:00:00,2026
9812998254329130401,GDBOD   ,C172,L1P,GA / light,False,Day,2026-02-14 12:44:45,2026-02-14 00:00:00,2026
17906708989373139480,GPDSI   ,C172,L1P,GA / light,False,Day,2026-02-14 12:34:25,2026-02-14 00:00:00,2026
6450563227232316658,URO601  ,A346,L4J,Large jet,True,Day,2026-02-14 14:53:30,2026-02-14 00:00:00,2026
1669524268893745156,GBOHA   ,P28A,L1P,GA / light,False,Day,2026-02-14 12:59:50,2026-02-14 00:00:00,2026
424655558424506127,PARA8356,,,Other,False,Day,2026-02-14 12:50:30,2026-02-14 00:00:00,2026
7838858299647341273,GBUFH   ,P28A,L1P,GA / light,False,Day,2026-02-14 13:18:25,2026-02-14 00:00:00,2026
1166671636149768874,,P28A,L1P,GA / light,False,Day,2026-02-14 12:50:05,2026-02-14 00:00:00,2026
1010236227172070154,,,,Other,False,Day,2026-02-14 12:44:35,2026-02-14 00:00:00,2026
15961635556917352422,GEPEE   ,,,Other,False,Day,2026-02-14 13:22:05,2026-02-14 00:00:00,2026
1390281409361289922,RYR6765 ,B738,L2J,Large jet,True,Day,2026-02-14 15:41:45,2026-02-14 00:00:00,2026
15294261490047693528,GBZTN   ,EUPA,L1P,GA / light,False,Day,2026-02-14 13:47:35,2026-02-14 00:00:00,2026
3878413649402949359,GCBCL   ,GLST,L1P,GA / light,False,Day,2026-02-14 13:45:20,2026-02-14 00:00:00,2026
6036570264638369131,GIMPT   ,EFOX,L1P,GA / light,False,Day,2026-02-14 14:32:25,2026-02-14 00:00:00,2026
7764576977897142099,GXIVA   ,RV14,L1P,GA / light,False,Day,2026-02-14 14:10:10,2026-02-14 00:00:00,2026
306171653827848618,NJU4RG  ,C56X,L2J,Business jet,False,Day,2026-02-14 14:13:25,2026-02-14 00:00:00,2026
11994210276170193972,GOJEH   ,P28A,L1P,GA / light,False,Day,2026-02-14 14:38:25,2026-02-14 00:00:00,2026
6831989402164324414,GCBZX   ,MCR1,L1P,GA / light,False,Day,2026-02-14 13:50:00,2026-02-14 00:00:00,2026
16658720651614069096,CGJZJ   ,CRJ2,L2J,Large jet,True,Day,2026-02-14 16:34:10,2026-02-14 00:00:00,2026
7468083245660471182,,P28A,L1P,GA / light,False,Day,2026-02-14 14:03:30,2026-02-14 00:00:00,2026
11987510966334125098,EXS3AS  ,B738,,Large jet,True,Day,2026-02-14 17:56:55,2026-02-14 00:00:00,2026
17582131695302407446,GCMSA   ,AS50,,Other,False,Day,2026-02-14 15:37:15,2026-02-14 00:00:00,2026
11258516800178405786,GBUFH   ,P28A,L1P,GA / light,False,Day,2026-02-14 15:10:50,2026-02-14 00:00:00,2026
12434827601861697259,EZY2696 ,A320,L2J,Large jet,True,Day,2026-02-14 16:07:45,2026-02-14 00:00:00,2026
4403114525840538614,GOLAJ   ,R44,H1P,Helicopter,False,Day,2026-02-14 16:23:40,2026-02-14 00:00:00,2026
8664181725828570743,N803SR  ,SR22,L1P,GA / light,False,Day,2026-02-14 16:10:55,2026-02-14 00:00:00,2026
8990508288844206324,GCBNO   ,ULAC,,Other,False,Day,2026-02-14 16:05:40,2026-02-14 00:00:00,2026
7705545080447250945,,ULAC,,Other,False,Day,2026-02-14 16:02:30,2026-02-14 00:00:00,2026
8561522355014034169,,DR40,L1P,GA / light,False,Day,2026-02-14 16:11:10,2026-02-14 00:00:00,2026
411659326608851961,HLE10   ,A169,H2T,Helicopter,False,Day,2026-02-14 17:16:40,2026-02-14 00:00:00,2026
13914486993425513040,GBUFH   ,P28A,L1P,GA / light,False,Day,2026-02-14 17:38:45,2026-02-14 00:00:00,2026
5948450714130538512,GMA23   ,BE20,L2T,Turboprop,False,Day,2026-02-14 18:39:55,2026-02-14 00:00:00,2026
7960572006182423681,HLE10   ,A169,H2T,Helicopter,False,Evening,2026-02-14 19:31:30,2026-02-14 00:00:00,2026
8509766525932143385,RYR46KY ,B738,L2J,Large jet,True,Evening,2026-02-14 22:21:30,2026-02-14 00:00:00,2026
14338526298536900683,RYR54WK ,B738,L2J,Large jet,True,Day,2026-02-15 08:13:15,2026-02-15 00:00:00,2026
9472863189355431768,RYR20MC ,B738,L2J,Large jet,True,Day,2026-02-15 14:34:05,2026-02-15 00:00:00,2026
5674311727569568991,EXS3638 ,B738,L2J,Large jet,True,Day,2026-02-15 13:56:45,2026-02-15 00:00:00,2026
10457086510638658266,RYR46KY ,B38M,L2J,Large jet,True,Day,2026-02-15 16:47:45,2026-02-15 00:00:00,2026
1608159936676742055,EZY15CF ,A320,L2J,Large jet,True,Day,2026-02-15 16:44:45,2026-02-15 00:00:00,2026
10224686513949082637,EXS19W  ,B738,,Large jet,True,Day,2026-02-15 17:51:45,2026-02-15 00:00:00,2026
15749851228370662781,TOM7FT  ,B738,L2J,Large jet,True,Day,2026-02-15 18:58:50,2026-02-15 00:00:00,2026
13652213882912102744,2JSEG   ,EA50,L2J,Business jet,False,Day,2026-02-15 16:53:00,2026-02-15 00:00:00,2026
10294597980845944784,HLE10   ,A169,H2T,Helicopter,False,Day,2026-02-15 16:33:45,2026-02-15 00:00:00,2026
12826281503879665457,RUK8BP  ,B738,L2J,Large jet,True,Day,2026-02-15 18:08:15,2026-02-15 00:00:00,2026
3709860987006244326,HLE10   ,A169,H2T,Helicopter,False,Day,2026-02-15 17:32:00,2026-02-15 00:00:00,2026
17080336165561979540,RYR5AM  ,B738,L2J,Large jet,True,Night,2026-02-16 00:14:10,2026-02-16 00:00:00,2026
16919428249560381949,HLE10   ,A169,H2T,Helicopter,False,Night,2026-02-16 00:34:30,2026-02-16 00:00:00,2026
16333954376062450089,HLE10   ,A169,H2T,Helicopter,False,Night,2026-02-16 02:44:20,2026-02-16 00:00:00,2026
17622640057773040310,RYR20MC ,,,Other,False,Day,2026-02-16 07:49:55,2026-02-16 00:00:00,2026
7527090728823627821,N209PB  ,PC12,L1T,Turboprop,False,Day,2026-02-16 08:30:45,2026-02-16 00:00:00,2026
5703343673358020088,GBUFH   ,P28A,L1P,GA / light,False,Day,2026-02-16 10:21:00,2026-02-16 00:00:00,2026
1449222722672209004,GEIMS   ,B505,H1T,Helicopter,False,Day,2026-02-16 09:59:55,2026-02-16 00:00:00,2026
12124402169510467697,GBGYH   ,P28A,L1P,GA / light,False,Day,2026-02-16 10:38:15,2026-02-16 00:00:00,2026
12774686066706733833,EZY56BH ,A320,L2J,Large jet,True,Day,2026-02-16 12:18:35,2026-02-16 00:00:00,2026
9024949046946564747,GESAR   ,,,Other,False,Day,2026-02-16 12:17:50,2026-02-16 00:00:00,2026
8621763807612766645,RYR11MN ,B738,L2J,Large jet,True,Day,2026-02-16 14:57:35,2026-02-16 00:00:00,2026
12161807069817105159,EXS67DE ,B738,,Large jet,True,Day,2026-02-16 15:45:55,2026-02-16 00:00:00,2026
7676197575995901413,GEGBW   ,P28A,L1P,GA / light,False,Day,2026-02-16 14:09:20,2026-02-16 00:00:00,2026
8227317373224128500,RYR3971 ,B738,L2J,Large jet,True,Day,2026-02-16 15:56:50,2026-02-16 00:00:00,2026
13155889514235577018,GESAR   ,,,Other,False,Day,2026-02-16 14:48:40,2026-02-16 00:00:00,2026
1862646768260073089,TOM8AE  ,B738,L2J,Large jet,True,Day,2026-02-16 17:35:35,2026-02-16 00:00:00,2026
8454103706917372588,EXS68M  ,B738,L2J,Large jet,True,Day,2026-02-16 17:45:10,2026-02-16 00:00:00,2026
13830475500567746793,GETPI   ,A109,H2T,Helicopter,False,Day,2026-02-16 14:54:35,2026-02-16 00:00:00,2026
10958576710797807348,NJE432H ,E55P,L2J,Business jet,False,Day,2026-02-16 15:12:25,2026-02-16 00:00:00,2026
9373469698129381567,PNTHR77 ,H64,,Other,False,Evening,2026-02-16 19:37:45,2026-02-16 00:00:00,2026
7053139739604822588,RYR46KY ,B738,L2J,Large jet,True,Evening,2026-02-16 22:46:05,2026-02-16 00:00:00,2026
5257465167805531056,AMBER1  ,FA20,L2J,Business jet,False,Day,2026-02-17 11:44:00,2026-02-17 00:00:00,2026
8921454949031733490,GBGYH   ,P28A,L1P,GA / light,False,Day,2026-02-17 11:09:40,2026-02-17 00:00:00,2026
297006829131907997,GEIMS   ,B505,H1T,Helicopter,False,Day,2026-02-17 09:57:15,2026-02-17 00:00:00,2026
15976596599227606835,,D6CR,L1P,GA / light,False,Day,2026-02-17 09:54:50,2026-02-17 00:00:00,2026
6791491628001210824,GAWEI   ,D6CR,L1P,GA / light,False,Day,2026-02-17 09:59:55,2026-02-17 00:00:00,2026
11237694856499983136,N93MD   ,AS65,H2T,Helicopter,False,Day,2026-02-17 11:21:10,2026-02-17 00:00:00,2026
13511246956091821671,GTSAS   ,P28A,L1P,GA / light,False,Day,2026-02-17 10:59:55,2026-02-17 00:00:00,2026
5430634512697669132,N71CW   ,C180,L1P,GA / light,False,Day,2026-02-17 11:54:45,2026-02-17 00:00:00,2026
4361646946972110529,GMA516  ,C25M,L2J,Business jet,False,Day,2026-02-17 12:08:00,2026-02-17 00:00:00,2026
1022438215904507664,GZDEE   ,EFOX,,Other,False,Day,2026-02-17 13:34:15,2026-02-17 00:00:00,2026
15328550458954048546,GCLKB   ,C172,L1P,GA / light,False,Day,2026-02-17 13:25:55,2026-02-17 00:00:00,2026
1905324970245415194,EXS257G ,B738,,Large jet,True,Day,2026-02-17 16:25:40,2026-02-17 00:00:00,2026
5025013700545598560,HLE10   ,A169,H2T,Helicopter,False,Day,2026-02-17 13:16:55,2026-02-17 00:00:00,2026
17054541315784609399,,P28A,L1P,GA / light,False,Day,2026-02-17 13:13:55,2026-02-17 00:00:00,2026
4785076191864627653,GCLKB   ,C172,L1P,GA / light,False,Day,2026-02-17 14:22:20,2026-02-17 00:00:00,2026
848234707751067241,GBUFH   ,P28A,L1P,GA / light,False,Day,2026-02-17 15:06:50,2026-02-17 00:00:00,2026
5799190075571824179,GBEWR   ,C172,L1P,GA / light,False,Day,2026-02-17 14:44:15,2026-02-17 00:00:00,2026
4532926684196236978,ZZ145   ,,,Other,False,Day,2026-02-17 15:21:15,2026-02-17 00:00:00,2026
10072084040877598601,EZY56BH ,A319,L2J,Large jet,True,Day,2026-02-17 15:40:45,2026-02-17 00:00:00,2026
17955870602994689604,N93MD   ,AS65,H2T,Helicopter,False,Day,2026-02-17 15:59:55,2026-02-17 00:00:00,2026
16344207395996599893,EXS2610 ,B738,L2J,Large jet,True,Day,2026-02-17 17:02:05,2026-02-17 00:00:00,2026
15265639522676242584,TOM7KX  ,B738,L2J,Large jet,True,Day,2026-02-17 18:09:25,2026-02-17 00:00:00,2026
10606035282429504945,GOLGE   ,SR20,,Other,False,Day,2026-02-17 15:18:05,2026-02-17 00:00:00,2026
4367941444486177068,CRIMSON1,FA20,L2J,Business jet,False,Day,2026-02-17 16:31:00,2026-02-17 00:00:00,2026
10233688410287030540,GEIMS   ,B505,H1T,Helicopter,False,Day,2026-02-17 15:34:45,2026-02-17 00:00:00,2026
7515789810793389829,CRIMSON2,,,Other,False,Day,2026-02-17 16:19:10,2026-02-17 00:00:00,2026
16362784049911156880,GCBZX   ,MCR1,L1P,GA / light,False,Day,2026-02-17 15:16:50,2026-02-17 00:00:00,2026
1971066909363107623,BDN029  ,A109,H2T,Helicopter,False,Day,2026-02-17 17:21:15,2026-02-17 00:00:00,2026
12842405211915334878,N71CW   ,C180,L1P,GA / light,False,Day,2026-02-17 15:41:35,2026-02-17 00:00:00,2026
10751610781138539466,GRVNS   ,RV4,L1P,GA / light,False,Day,2026-02-17 15:43:20,2026-02-17 00:00:00,2026
10310108561821995747,RYR65FB ,B738,L2J,Large jet,True,Day,2026-02-17 17:38:25,2026-02-17 00:00:00,2026
10258405858554756503,GBWUH   ,P28A,L1P,GA / light,False,Day,2026-02-17 17:29:35,2026-02-17 00:00:00,2026
1530193771879666013,GBUFH   ,P28A,L1P,GA / light,False,Day,2026-02-17 17:48:30,2026-02-17 00:00:00,2026
4252626227205336293,GMA019  ,BE20,L2T,Turboprop,False,Day,2026-02-17 17:26:55,2026-02-17 00:00:00,2026
10158735732587624223,FRA75   ,FA20,L2J,Business jet,False,Day,2026-02-17 18:24:10,2026-02-17 00:00:00,2026
5028778504662659001,SRD375  ,,,Other,False,Evening,2026-02-17 21:18:15,2026-02-17 00:00:00,2026
18017072799132819286,NJE4QC  ,C680,L2J,Business jet,False,Day,2026-02-18 10:18:00,2026-02-18 00:00:00,2026
459896128811228868,BWY40   ,FA20,L2J,Business jet,False,Day,2026-02-18 12:32:45,2026-02-18 00:00:00,2026
4566334458965322073,EIX27S  ,,,Other,False,Day,2026-02-18 14:43:00,2026-02-18 00:00:00,2026
8114482423307286942,CRIMSON1,FA20,L2J,Business jet,False,Day,2026-02-18 16:38:35,2026-02-18 00:00:00,2026
12993294464117835262,CRIMSON2,,,Other,False,Day,2026-02-18 16:41:35,2026-02-18 00:00:00,2026
85186878351227885,RYR65FB ,,,Other,False,Day,2026-02-19 07:24:35,2026-02-19 00:00:00,2026
14699483438442219143,2SHEE   ,EA50,L2J,Business jet,False,Day,2026-02-19 09:18:05,2026-02-19 00:00:00,2026
1349314484356670580,RYR46KY ,B38M,L2J,Large jet,True,Day,2026-02-19 10:02:40,2026-02-19 00:00:00,2026
3151928639390959191,RUK8BP  ,B738,L2J,Large jet,True,Day,2026-02-19 09:27:30,2026-02-19 00:00:00,2026
11780272373082082398,JSY1L   ,C25A,,Business jet,False,Day,2026-02-19 10:34:55,2026-02-19 00:00:00,2026
3684986630846912455,URO683  ,A346,L4J,Large jet,True,Day,2026-02-19 13:15:10,2026-02-19 00:00:00,2026
10393179830176475568,CRIMSON1,FA20,L2J,Business jet,False,Day,2026-02-19 12:17:25,2026-02-19 00:00:00,2026
6288756157154459907,CRIMSON2,FA20,L2J,Business jet,False,Day,2026-02-19 12:06:45,2026-02-19 00:00:00,2026
17623884610930719774,RYR11MN ,B738,L2J,Large jet,True,Day,2026-02-19 13:52:00,2026-02-19 00:00:00,2026
7752727508443370366,EXS3AS  ,B738,,Large jet,True,Day,2026-02-19 17:31:45,2026-02-19 00:00:00,2026
17143951830548301078,GOLAJ   ,R44,H1P,Helicopter,False,Day,2026-02-19 14:49:50,2026-02-19 00:00:00,2026
13919361437270361342,AMBER1  ,FA20,L2J,Business jet,False,Day,2026-02-19 16:47:30,2026-02-19 00:00:00,2026
8184347393297937304,AMBER2  ,FA20,L2J,Business jet,False,Day,2026-02-19 16:44:50,2026-02-19 00:00:00,2026
12424954960193962980,RYR54WK ,B738,L2J,Large jet,True,Day,2026-02-19 18:10:40,2026-02-19 00:00:00,2026
165199874497277792,EZY56BH ,A20N,L2J,Large jet,True,Day,2026-02-19 16:16:15,2026-02-19 00:00:00,2026
2459249285858504419,TOM6TM  ,B738,L2J,Large jet,True,Day,2026-02-19 17:49:05,2026-02-19 00:00:00,2026
1882679681968630996,SRD375  ,,,Other,False,Day,2026-02-19 17:20:05,2026-02-19 00:00:00,2026
7200206573705404155,EIX27S  ,,,Other,False,Day,2026-02-19 17:35:45,2026-02-19 00:00:00,2026
3602069333795316415,,H64,H2T,Helicopter,False,Day,2026-02-19 17:16:55,2026-02-19 00:00:00,2026
16129175934543862790,GMOSH   ,P28R,L1P,GA / light,False,Day,2026-02-19 18:26:10,2026-02-19 00:00:00,2026
10994906965955697510,RYR20MC ,,,Other,False,Evening,2026-02-19 20:46:45,2026-02-19 00:00:00,2026
2104728643783073711,EXS67BH ,B738,L2J,Large jet,True,Evening,2026-02-19 19:55:50,2026-02-19 00:00:00,2026
5667479878123649470,SLAYR62 ,,,Other,False,Evening,2026-02-19 20:15:30,2026-02-19 00:00:00,2026
7182165390760807470,GMA23   ,BE20,L2T,Turboprop,False,Evening,2026-02-19 21:20:45,2026-02-19 00:00:00,2026
11186064989622890445,FRA90   ,FA20,L2J,Business jet,False,Day,2026-02-20 09:28:20,2026-02-20 00:00:00,2026
382580844993922676,TOM9238 ,B788,L2J,Large jet,True,Day,2026-02-20 09:15:45,2026-02-20 00:00:00,2026
11483256175909550488,GBGYH   ,P28A,L1P,GA / light,False,Day,2026-02-20 09:59:55,2026-02-20 00:00:00,2026
7935612040878194457,RYR6FY  ,B738,L2J,Large jet,True,Day,2026-02-20 12:22:30,2026-02-20 00:00:00,2026
16048342236715474919,NJU6UA  ,,,Other,False,Day,2026-02-20 12:07:50,2026-02-20 00:00:00,2026
8731781720742340991,,EC35,H2T,Helicopter,False,Day,2026-02-20 11:03:25,2026-02-20 00:00:00,2026
1494288444018505140,GWPDB   ,EC35,H2T,Helicopter,False,Day,2026-02-20 11:14:50,2026-02-20 00:00:00,2026
16836401344216695738,GESAR   ,,,Other,False,Day,2026-02-20 11:52:45,2026-02-20 00:00:00,2026
1139237937321470004,SAH48P  ,BE40,L2J,Business jet,False,Day,2026-02-20 13:48:00,2026-02-20 00:00:00,2026
16244334313178715789,LJC6    ,B350,L2T,Turboprop,False,Day,2026-02-20 15:20:25,2026-02-20 00:00:00,2026
13991096762327016118,RYR46KY ,B38M,,Large jet,True,Day,2026-02-20 14:38:45,2026-02-20 00:00:00,2026
16155098725278232254,LOG827P ,AT76,L2T,Turboprop,False,Day,2026-02-20 14:25:05,2026-02-20 00:00:00,2026
9362994113936398904,SXN608  ,,,Other,False,Day,2026-02-20 14:50:50,2026-02-20 00:00:00,2026
9261894167515025717,EZY56BH ,A20N,L2J,Large jet,True,Day,2026-02-20 16:09:15,2026-02-20 00:00:00,2026
1132663583796276850,EXS67DE ,B738,L2J,Large jet,True,Day,2026-02-20 17:02:10,2026-02-20 00:00:00,2026
17409639797297002308,TOM2TG  ,B738,L2J,Large jet,True,Day,2026-02-20 18:38:15,2026-02-20 00:00:00,2026
8510393495686331527,GMA019  ,BE20,L2T,Turboprop,False,Day,2026-02-20 16:05:05,2026-02-20 00:00:00,2026
15397288281804793459,RYR65FB ,,,Other,False,Evening,2026-02-20 19:47:55,2026-02-20 00:00:00,2026
1364275826063506677,RYR20MC ,,,Other,False,Evening,2026-02-20 21:25:10,2026-02-20 00:00:00,2026
8875982548967145607,RYR5AM  ,B738,L2J,Large jet,True,Night,2026-02-20 23:16:45,2026-02-20 00:00:00,2026
11009655356572282894,RUK8BP  ,B38M,L2J,Large jet,True,Evening,2026-02-20 20:43:55,2026-02-20 00:00:00,2026
15975131257221138382,GMA023  ,BE20,L2T,Turboprop,False,Night,2026-02-20 23:26:25,2026-02-20 00:00:00,2026
15947246623209953138,RYR22HC ,,,Other,False,Day,2026-02-21 07:20:25,2026-02-21 00:00:00,2026
11302036357658872288,EZS15WP ,A320,L2J,Large jet,True,Day,2026-02-21 08:22:00,2026-02-21 00:00:00,2026
1727562593289503523,URO683  ,A346,L4J,Large jet,True,Day,2026-02-21 13:39:30,2026-02-21 00:00:00,2026
17630747670782985425,RYR11MN ,B738,L2J,Large jet,True,Day,2026-02-21 13:28:15,2026-02-21 00:00:00,2026
11589962227807700801,BIO05   ,P68,,Other,False,Day,2026-02-21 12:50:25,2026-02-21 00:00:00,2026
13143841066347123813,MAMBA   ,GA6C,L2J,Business jet,False,Day,2026-02-21 12:54:55,2026-02-21 00:00:00,2026
6266618298129578748,RYR6765 ,B738,L2J,Large jet,True,Day,2026-02-21 15:11:15,2026-02-21 00:00:00,2026
18127643238533042324,FHANN   ,PC12,L1T,Turboprop,False,Day,2026-02-21 14:12:25,2026-02-21 00:00:00,2026
6740728033980744627,FRA39   ,BN2T,L2T,Turboprop,False,Day,2026-02-21 15:41:35,2026-02-21 00:00:00,2026
16481507282251219310,EZY2696 ,A320,L2J,Large jet,True,Day,2026-02-21 15:56:35,2026-02-21 00:00:00,2026
14678933387573412481,EXS3AS  ,B738,L2J,Large jet,True,Day,2026-02-21 17:31:20,2026-02-21 00:00:00,2026
5757375286774066038,RYR46KY ,B738,L2J,Large jet,True,Evening,2026-02-21 22:21:35,2026-02-21 00:00:00,2026
12023646011348661962,RYR54WK ,B738,L2J,Large jet,True,Day,2026-02-22 08:00:05,2026-02-22 00:00:00,2026
2715289622322230601,BNI5U   ,C525,,Business jet,False,Day,2026-02-22 08:37:30,2026-02-22 00:00:00,2026
12706248541251549549,RYR20MC ,B738,L2J,Large jet,True,Day,2026-02-22 12:42:30,2026-02-22 00:00:00,2026
17601766016877231983,NJU7ZT  ,,,Other,False,Day,2026-02-22 15:29:00,2026-02-22 00:00:00,2026
5779467188817154936,EXS19W  ,B738,L2J,Large jet,True,Day,2026-02-22 17:25:45,2026-02-22 00:00:00,2026
10786281423728327442,RYR46KY ,,,Other,False,Day,2026-02-22 16:31:10,2026-02-22 00:00:00,2026
525035049941002620,GBUFH   ,P28A,L1P,GA / light,False,Day,2026-02-22 15:37:50,2026-02-22 00:00:00,2026
5149768759486947441,GBWUH   ,P28A,L1P,GA / light,False,Day,2026-02-22 15:59:55,2026-02-22 00:00:00,2026
3234457410729025911,GMA023  ,BE20,L2T,Turboprop,False,Day,2026-02-22 15:25:05,2026-02-22 00:00:00,2026
13009395984255742805,EZY15CF ,A20N,L2J,Large jet,True,Day,2026-02-22 17:17:05,2026-02-22 00:00:00,2026
755257751857990871,EXS062J ,B738,,Large jet,True,Day,2026-02-22 16:14:30,2026-02-22 00:00:00,2026
10682447497246871489,TOM7FT  ,B738,L2J,Large jet,True,Day,2026-02-22 18:13:20,2026-02-22 00:00:00,2026
5304582623206773461,JFA18W  ,PC12,L1T,Turboprop,False,Day,2026-02-22 16:34:35,2026-02-22 00:00:00,2026
15584205263844538156,GBWUH   ,P28A,L1P,GA / light,False,Day,2026-02-22 16:59:55,2026-02-22 00:00:00,2026
11529362535782786769,GBUFH   ,P28A,L1P,GA / light,False,Day,2026-02-22 17:38:20,2026-02-22 00:00:00,2026
5190285454294518269,RUK8BP  ,B738,L2J,Large jet,True,Day,2026-02-22 18:08:35,2026-02-22 00:00:00,2026
15105843629513336852,RYR6FY  ,B38M,,Large jet,True,Evening,2026-02-22 19:49:25,2026-02-22 00:00:00,2026
1806453093849111996,FSF748K ,PC12,,Turboprop,False,Day,2026-02-22 18:53:15,2026-02-22 00:00:00,2026
2705674515872751253,RYR5AM  ,B738,L2J,Large jet,True,Evening,2026-02-22 22:21:05,2026-02-22 00:00:00,2026
7562601085571687793,RYR20MC ,B738,L2J,Large jet,True,Day,2026-02-23 08:02:45,2026-02-23 00:00:00,2026
3138533592918744130,LUA299N ,,,Other,False,Day,2026-02-23 09:31:35,2026-02-23 00:00:00,2026
6636770124785792717,CRIMSON1,FA20,L2J,Business jet,False,Day,2026-02-23 10:26:00,2026-02-23 00:00:00,2026
7472740350373709310,CRIMSON2,FA20,L2J,Business jet,False,Day,2026-02-23 10:27:20,2026-02-23 00:00:00,2026
13435873544821863282,GBGYH   ,P28A,L1P,GA / light,False,Day,2026-02-23 10:08:50,2026-02-23 00:00:00,2026
10812288455705126826,BTNIA18 ,G115,L1P,GA / light,False,Day,2026-02-23 11:23:45,2026-02-23 00:00:00,2026
14903626518053060973,URO681  ,A346,L4J,Large jet,True,Day,2026-02-23 13:51:40,2026-02-23 00:00:00,2026
2353648801870977730,BIO05   ,P68,,Other,False,Day,2026-02-23 14:32:25,2026-02-23 00:00:00,2026
17075815450546666754,EZY56BH ,A20N,,Large jet,True,Day,2026-02-23 12:19:15,2026-02-23 00:00:00,2026
1690695957194390179,GBUFH   ,P28A,L1P,GA / light,False,Day,2026-02-23 11:38:00,2026-02-23 00:00:00,2026
17825385091546612881,GMCLJ   ,S22T,L1P,GA / light,False,Day,2026-02-23 12:43:35,2026-02-23 00:00:00,2026
17007049435285400573,BRMIDE92,FA20,L2J,Business jet,False,Day,2026-02-23 12:34:35,2026-02-23 00:00:00,2026
9859849955514938212,RRR4150 ,A400,L4T,Turboprop,False,Day,2026-02-23 15:55:40,2026-02-23 00:00:00,2026
16183928684256285319,PAV651  ,C25A,L2J,Business jet,False,Day,2026-02-23 14:42:00,2026-02-23 00:00:00,2026
4191490863971848369,GBEWR   ,C172,L1P,GA / light,False,Day,2026-02-23 13:32:00,2026-02-23 00:00:00,2026
10400690145802425779,RYR11MN ,B738,L2J,Large jet,True,Day,2026-02-23 14:59:40,2026-02-23 00:00:00,2026
3108161837621358274,RYR3971 ,B738,L2J,Large jet,True,Day,2026-02-23 15:28:35,2026-02-23 00:00:00,2026
3132958077848139981,EXS67DE ,B738,,Large jet,True,Day,2026-02-23 15:51:35,2026-02-23 00:00:00,2026
217053371921614796,JSY2J   ,C25A,,Business jet,False,Day,2026-02-23 16:26:40,2026-02-23 00:00:00,2026
14797558260740653133,LJC2    ,,,Other,False,Day,2026-02-23 17:52:30,2026-02-23 00:00:00,2026
15664567158375453200,CRIMSON1,FA20,L2J,Business jet,False,Day,2026-02-23 16:47:10,2026-02-23 00:00:00,2026
5829046615763465862,CRIMSON2,FA20,L2J,Business jet,False,Day,2026-02-23 16:40:10,2026-02-23 00:00:00,2026
5814515304095121203,EXS68M  ,B738,L2J,Large jet,True,Day,2026-02-23 18:10:55,2026-02-23 00:00:00,2026
13464321528434018682,TOM8AE  ,B738,L2J,Large jet,True,Day,2026-02-23 17:37:30,2026-02-23 00:00:00,2026
848662012459617055,GMA023  ,BE20,L2T,Turboprop,False,Day,2026-02-23 16:08:15,2026-02-23 00:00:00,2026
7085463212843384920,RYR46KY ,B738,L2J,Large jet,True,Evening,2026-02-23 22:32:40,2026-02-23 00:00:00,2026
2742420749938514339,BTNIA10 ,G115,L1P,GA / light,False,Day,2026-02-24 10:08:25,2026-02-24 00:00:00,2026
16937853406357969052,URO683  ,A346,L4J,Large jet,True,Day,2026-02-24 13:51:15,2026-02-24 00:00:00,2026
11397613142834734812,2WOOD   ,C55B,L2J,Business jet,False,Day,2026-02-24 13:08:10,2026-02-24 00:00:00,2026
594034066433987256,BRMIDE12,FA20,L2J,Business jet,False,Day,2026-02-24 12:37:35,2026-02-24 00:00:00,2026
4678001497303254976,VSB10   ,BE20,L2T,Turboprop,False,Day,2026-02-24 12:10:55,2026-02-24 00:00:00,2026
13080150493837169944,HLE10   ,A169,H2T,Helicopter,False,Day,2026-02-24 11:50:30,2026-02-24 00:00:00,2026
7192614114710539150,HLE10   ,A169,H2T,Helicopter,False,Day,2026-02-24 12:36:50,2026-02-24 00:00:00,2026
7133324996337441914,BIO05   ,P68,,Other,False,Day,2026-02-24 16:27:30,2026-02-24 00:00:00,2026
5554318968732321107,EXS257G ,B738,L2J,Large jet,True,Day,2026-02-24 15:53:25,2026-02-24 00:00:00,2026
11688432305333318902,EZY56BH ,A20N,,Large jet,True,Day,2026-02-24 15:33:50,2026-02-24 00:00:00,2026
11608509107068844801,EXS2610 ,B738,,Large jet,True,Day,2026-02-24 17:00:30,2026-02-24 00:00:00,2026
7702610325630556155,UKP154  ,P68,L2P,GA / light,False,Day,2026-02-24 16:17:10,2026-02-24 00:00:00,2026
10768031875354554075,TOM7KX  ,B738,L2J,Large jet,True,Day,2026-02-24 18:34:25,2026-02-24 00:00:00,2026
2547544880438911266,RYR65FB ,B738,L2J,Large jet,True,Day,2026-02-24 17:25:10,2026-02-24 00:00:00,2026
14617426591659086232,SRD375  ,A139,,Other,False,Day,2026-02-24 16:57:15,2026-02-24 00:00:00,2026
14958469266406073413,GEIMS   ,B505,H1T,Helicopter,False,Day,2026-02-24 16:59:55,2026-02-24 00:00:00,2026
5363488139669738997,MSURF   ,PC12,L1T,Turboprop,False,Evening,2026-02-24 19:44:30,2026-02-24 00:00:00,2026
14376317649215946498,VQBIJ   ,F2TH,L2J,Business jet,False,Evening,2026-02-24 19:58:50,2026-02-24 00:00:00,2026
14177438643467987329,CRIMSON1,FA20,L2J,Business jet,False,Day,2026-02-25 12:11:10,2026-02-25 00:00:00,2026
4481828943481218407,CRIMSON2,FA20,L2J,Business jet,False,Day,2026-02-25 12:08:20,2026-02-25 00:00:00,2026
16346543322179417313,GFELC   ,SR22,L1P,GA / light,False,Day,2026-02-25 11:17:35,2026-02-25 00:00:00,2026
6991297508390392706,BLUE1   ,FA20,L2J,Business jet,False,Day,2026-02-25 12:26:40,2026-02-25 00:00:00,2026
11877340110578617580,BRMIDE12,FA20,L2J,Business jet,False,Day,2026-02-25 12:49:45,2026-02-25 00:00:00,2026
8811251134613338669,GCHIP   ,P28A,L1P,GA / light,False,Day,2026-02-25 12:33:20,2026-02-25 00:00:00,2026
2153693182681947389,GBJBW   ,P28A,L1P,GA / light,False,Day,2026-02-25 12:52:50,2026-02-25 00:00:00,2026
7922963581457223058,GBZTN   ,EUPA,L1P,GA / light,False,Day,2026-02-25 12:37:25,2026-02-25 00:00:00,2026
5601991287201055646,GBXDI   ,DHC1,L1P,GA / light,False,Day,2026-02-25 13:31:55,2026-02-25 00:00:00,2026
533684012255735289,GCPSS   ,C208,L1T,Turboprop,False,Day,2026-02-25 14:59:55,2026-02-25 00:00:00,2026
11922758162739675535,,ULAC,,Other,False,Day,2026-02-25 12:55:55,2026-02-25 00:00:00,2026
8946097619233273098,GKY518  ,GLEX,L2J,Business jet,False,Day,2026-02-25 13:51:55,2026-02-25 00:00:00,2026
688477922843591440,N363KC  ,S22T,L1P,GA / light,False,Day,2026-02-25 13:55:35,2026-02-25 00:00:00,2026
8710466685099084307,GBHJS   ,P68,L2P,GA / light,False,Day,2026-02-25 14:24:25,2026-02-25 00:00:00,2026
11565609792388627479,GCKYL   ,C42,L1P,GA / light,False,Day,2026-02-25 15:05:20,2026-02-25 00:00:00,2026
16860595706932596304,GBEWR   ,C172,L1P,GA / light,False,Day,2026-02-25 13:59:55,2026-02-25 00:00:00,2026
3508518907127414176,GBXRT   ,DR40,L1P,GA / light,False,Day,2026-02-25 14:39:20,2026-02-25 00:00:00,2026
17528997363774000442,BTNIA11 ,G115,L1P,GA / light,False,Day,2026-02-25 15:43:15,2026-02-25 00:00:00,2026
5970096556824316098,N258RP  ,BE58,L2P,GA / light,False,Day,2026-02-25 14:57:50,2026-02-25 00:00:00,2026
10217411883811236563,GBEWR   ,C172,L1P,GA / light,False,Day,2026-02-25 15:44:40,2026-02-25 00:00:00,2026
4184125977263323881,BLUE1   ,FA20,L2J,Business jet,False,Day,2026-02-25 16:34:35,2026-02-25 00:00:00,2026
4034640538834938836,CRIMSON1,FA20,L2J,Business jet,False,Day,2026-02-25 16:29:40,2026-02-25 00:00:00,2026
6265355302547999096,AOM057M ,LJ45,,Business jet,False,Day,2026-02-25 17:41:40,2026-02-25 00:00:00,2026
2578439590682690259,CRIMSON2,FA20,L2J,Business jet,False,Day,2026-02-25 16:26:15,2026-02-25 00:00:00,2026
15177668988266058637,GMA281  ,BE20,L2T,Turboprop,False,Day,2026-02-25 17:04:20,2026-02-25 00:00:00,2026
1122290191458686487,GMA023  ,BE20,L2T,Turboprop,False,Day,2026-02-25 15:54:15,2026-02-25 00:00:00,2026
13196732026456094937,GCKYL   ,C42,L1P,GA / light,False,Day,2026-02-25 16:37:30,2026-02-25 00:00:00,2026
1922893803134100268,,P28A,L1P,GA / light,False,Day,2026-02-25 16:20:35,2026-02-25 00:00:00,2026
14594620632413561486,GBGYH   ,P28A,L1P,GA / light,False,Day,2026-02-25 16:45:40,2026-02-25 00:00:00,2026
7262760926164609662,GBEWR   ,C172,L1P,GA / light,False,Day,2026-02-25 18:09:00,2026-02-25 00:00:00,2026
10093830393678078213,GMOSH   ,P28R,L1P,GA / light,False,Evening,2026-02-25 19:52:40,2026-02-25 00:00:00,2026
1413558019223569063,GBEWR   ,C172,L1P,GA / light,False,Evening,2026-02-25 19:35:05,2026-02-25 00:00:00,2026
8710721209404525860,RYR65FB ,B38M,,Large jet,True,Day,2026-02-26 07:41:55,2026-02-26 00:00:00,2026
5366919953975939339,RYR46KY ,B738,L2J,Large jet,True,Day,2026-02-26 10:03:50,2026-02-26 00:00:00,2026
3251047873469279813,RUK8BP  ,B738,L2J,Large jet,True,Day,2026-02-26 09:19:05,2026-02-26 00:00:00,2026
16455358526211874404,CRIMSON1,FA20,L2J,Business jet,False,Day,2026-02-26 10:22:05,2026-02-26 00:00:00,2026
9017170827874087738,CRIMSON2,FA20,L2J,Business jet,False,Day,2026-02-26 10:25:20,2026-02-26 00:00:00,2026
9689730006755471146,URO601  ,A346,L4J,Large jet,True,Day,2026-02-26 12:40:20,2026-02-26 00:00:00,2026
8056904057694188322,AMBER1  ,FA20,L2J,Business jet,False,Day,2026-02-26 11:40:35,2026-02-26 00:00:00,2026
8471338716558195829,URO683  ,A346,L4J,Large jet,True,Day,2026-02-26 14:44:50,2026-02-26 00:00:00,2026
10942042230635140312,MJSTA   ,GL5T,L2J,Business jet,False,Day,2026-02-26 13:37:40,2026-02-26 00:00:00,2026
1190353900872721610,RYR11MN ,B38M,L2J,Large jet,True,Day,2026-02-26 14:15:05,2026-02-26 00:00:00,2026
14220493000068040600,AMBER2  ,FA20,L2J,Business jet,False,Day,2026-02-26 15:45:55,2026-02-26 00:00:00,2026
4187704615364590812,EXS3AS  ,B738,,Large jet,True,Day,2026-02-26 17:59:55,2026-02-26 00:00:00,2026
3932579450852181012,GMA281  ,BE20,L2T,Turboprop,False,Day,2026-02-26 16:41:20,2026-02-26 00:00:00,2026
15089840098315951083,EZY56BH ,A320,L2J,Large jet,True,Day,2026-02-26 16:00:05,2026-02-26 00:00:00,2026
5369388576159172398,JFU93X  ,PC12,L1T,Turboprop,False,Day,2026-02-26 15:21:40,2026-02-26 00:00:00,2026
15509557481545518845,RYR54WK ,B38M,L2J,Large jet,True,Day,2026-02-26 18:19:50,2026-02-26 00:00:00,2026
7132480006456911653,ETP08   ,PC21,L1T,Turboprop,False,Day,2026-02-26 16:06:30,2026-02-26 00:00:00,2026
16108056709280828239,TOM6TM  ,B738,L2J,Large jet,True,Day,2026-02-26 18:09:50,2026-02-26 00:00:00,2026
15021614405327168756,EXS67BH ,B738,,Large jet,True,Evening,2026-02-26 19:49:10,2026-02-26 00:00:00,2026
11432035040007872625,HLE10   ,A169,H2T,Helicopter,False,Day,2026-02-26 17:24:40,2026-02-26 00:00:00,2026
1633957637112857349,VIP01   ,,,Other,False,Day,2026-02-26 17:59:55,2026-02-26 00:00:00,2026
12417953219171014976,RYR20MC ,B738,L2J,Large jet,True,Evening,2026-02-26 20:59:55,2026-02-26 00:00:00,2026
16729965081541084490,MSAIL   ,PC12,L1T,Turboprop,False,Day,2026-02-27 09:39:30,2026-02-27 00:00:00,2026
9634046988869046513,SXAQD   ,C208,,Turboprop,False,Day,2026-02-27 13:37:55,2026-02-27 00:00:00,2026
8006733858219737365,SXAQC   ,C208,L1T,Turboprop,False,Day,2026-02-27 13:31:00,2026-02-27 00:00:00,2026
17056521339474959022,RYR6FY  ,B738,L2J,Large jet,True,Day,2026-02-27 12:06:10,2026-02-27 00:00:00,2026
7191419579946115329,ENT3006 ,B738,L2J,Large jet,True,Day,2026-02-27 13:19:00,2026-02-27 00:00:00,2026
12069074120341003921,RYR46KY ,B738,L2J,Large jet,True,Day,2026-02-27 14:34:35,2026-02-27 00:00:00,2026
8574454709497330913,EZY56BH ,A319,L2J,Large jet,True,Day,2026-02-27 15:53:30,2026-02-27 00:00:00,2026
11127202179507506683,EXS67DE ,B738,,Large jet,True,Day,2026-02-27 17:07:45,2026-02-27 00:00:00,2026
500259101835671453,TOM2TG  ,B738,L2J,Large jet,True,Day,2026-02-27 18:32:35,2026-02-27 00:00:00,2026
16636604781692682995,ETP78   ,PC21,L1T,Turboprop,False,Day,2026-02-27 16:26:00,2026-02-27 00:00:00,2026
9022297510246534414,EXS9JH  ,B738,L2J,Large jet,True,Day,2026-02-27 18:29:40,2026-02-27 00:00:00,2026
16934654571327425634,RYR65FB ,B738,L2J,Large jet,True,Evening,2026-02-27 19:26:20,2026-02-27 00:00:00,2026
9469496798501630027,RYR20MC ,B38M,L2J,Large jet,True,Evening,2026-02-27 20:52:45,2026-02-27 00:00:00,2026
16604645246560784743,RYR5AM  ,B738,L2J,Large jet,True,Night,2026-02-27 23:18:55,2026-02-27 00:00:00,2026
14768573189020221931,RUK8BP  ,B738,L2J,Large jet,True,Evening,2026-02-27 21:29:50,2026-02-27 00:00:00,2026
15825595246348687525,RYR22HC ,B38M,,Large jet,True,Day,2026-02-28 07:05:55,2026-02-28 00:00:00,2026
16395297710663014808,EZS15WP ,A320,,Large jet,True,Day,2026-02-28 08:12:15,2026-02-28 00:00:00,2026
13726314619953698061,GBUFH   ,P28A,L1P,GA / light,False,Day,2026-02-28 10:33:10,2026-02-28 00:00:00,2026
7445195767900218029,URO601  ,A346,L4J,Large jet,True,Day,2026-02-28 12:36:05,2026-02-28 00:00:00,2026
6914918801096007324,GBEWR   ,C172,L1P,GA / light,False,Day,2026-02-28 11:59:55,2026-02-28 00:00:00,2026
16573224095760515975,GTBEZ   ,,,Other,False,Day,2026-02-28 10:59:05,2026-02-28 00:00:00,2026
3970363972236302625,RYR11MN ,B738,L2J,Large jet,True,Day,2026-02-28 13:05:35,2026-02-28 00:00:00,2026
476799281551949213,GBKXF   ,P28R,L1P,GA / light,False,Day,2026-02-28 12:01:55,2026-02-28 00:00:00,2026
7439029785839309464,GOLAJ   ,R44,H1P,Helicopter,False,Day,2026-02-28 12:10:30,2026-02-28 00:00:00,2026
10063724579977349753,GMEEP   ,R44,H1P,Helicopter,False,Day,2026-02-28 12:51:30,2026-02-28 00:00:00,2026
17424979949898233463,GBASJ   ,P28A,L1P,GA / light,False,Day,2026-02-28 16:11:05,2026-02-28 00:00:00,2026
5009497394455074374,GBFBR   ,P28A,L1P,GA / light,False,Day,2026-02-28 13:52:40,2026-02-28 00:00:00,2026
10699516198548761082,GBUFH   ,P28A,L1P,GA / light,False,Day,2026-02-28 13:52:20,2026-02-28 00:00:00,2026
7079323343517460200,RYR6765 ,B738,L2J,Large jet,True,Day,2026-02-28 15:17:00,2026-02-28 00:00:00,2026
9418438404964211041,JFA79Y  ,PC12,,Turboprop,False,Day,2026-02-28 15:28:05,2026-02-28 00:00:00,2026
7812525205199379921,GBGYH   ,P28A,L1P,GA / light,False,Day,2026-02-28 14:59:55,2026-02-28 00:00:00,2026
17754356335609132432,EXS3AS  ,B738,,Large jet,True,Day,2026-02-28 17:27:50,2026-02-28 00:00:00,2026
8336542304188540330,GBEWR   ,C172,L1P,GA / light,False,Day,2026-02-28 14:08:50,2026-02-28 00:00:00,2026
17323780885134121144,GOLAJ   ,R44,H1P,Helicopter,False,Day,2026-02-28 15:07:00,2026-02-28 00:00:00,2026
9149192716047223541,EXS062J ,B738,L2J,Large jet,True,Day,2026-02-28 14:11:05,2026-02-28 00:00:00,2026
12474752513183679892,UPAVON  ,,,Other,False,Day,2026-02-28 14:23:25,2026-02-28 00:00:00,2026
10311742990114857933,GLIFB   ,AP32,L1P,GA / light,False,Day,2026-02-28 15:24:40,2026-02-28 00:00:00,2026
7764115957345050139,GXIVA   ,RV14,L1P,GA / light,False,Day,2026-02-28 15:11:05,2026-02-28 00:00:00,2026
5344611906784339619,EZY2696 ,A20N,L2J,Large jet,True,Day,2026-02-28 15:54:50,2026-02-28 00:00:00,2026
7209523699106137569,GASIL   ,P28A,L1P,GA / light,False,Day,2026-02-28 15:34:15,2026-02-28 00:00:00,2026
15821124776952801206,,P28A,L1P,GA / light,False,Day,2026-02-28 16:33:20,2026-02-28 00:00:00,2026
1426943797899090778,URO683  ,A346,L4J,Large jet,True,Evening,2026-02-28 21:53:15,2026-02-28 00:00:00,2026
2818427285841494564,RYR46KY ,B738,L2J,Large jet,True,Evening,2026-02-28 22:04:25,2026-02-28 00:00:00,2026
14151318300008944097,GMA023  ,BE20,L2T,Turboprop,False,Evening,2026-02-28 21:47:00,2026-02-28 00:00:00,2026
2811839198004028214,HLE10   ,A169,H2T,Helicopter,False,Night,2026-02-28 23:33:45,2026-02-28 00:00:00,2026
10813747843662805631,RYR54WK ,B738,L2J,Large jet,True,Day,2026-03-01 07:47:00,2026-03-01 00:00:00,2026
2078417971504529455,RYR20MC ,B738,L2J,Large jet,True,Day,2026-03-01 12:21:45,2026-03-01 00:00:00,2026
7525408236946724499,SRG375  ,,,Other,False,Day,2026-03-01 12:24:20,2026-03-01 00:00:00,2026
4477868613028783933,JFA14X  ,PC12,L1T,Turboprop,False,Day,2026-03-01 15:02:00,2026-03-01 00:00:00,2026
15467726308149745730,RYR46KY ,B38M,L2J,Large jet,True,Day,2026-03-01 16:37:10,2026-03-01 00:00:00,2026
4107234991605444825,EXS19W  ,B738,,Large jet,True,Day,2026-03-01 17:23:10,2026-03-01 00:00:00,2026
17363142341698688622,EZY15CF ,A320,L2J,Large jet,True,Day,2026-03-01 16:40:55,2026-03-01 00:00:00,2026
5302178791106702583,RYR22HC ,B38M,,Large jet,True,Day,2026-03-01 17:42:45,2026-03-01 00:00:00,2026
3563209239515919505,GETHO   ,,,Other,False,Day,2026-03-01 16:05:35,2026-03-01 00:00:00,2026
4228589275143993645,TOM7FT  ,B738,L2J,Large jet,True,Day,2026-03-01 18:28:10,2026-03-01 00:00:00,2026
18408797243723835252,GFLEA   ,TOBA,L1P,GA / light,False,Day,2026-03-01 16:56:05,2026-03-01 00:00:00,2026
6747446473780330070,RUK8BP  ,B738,L2J,Large jet,True,Day,2026-03-01 18:12:00,2026-03-01 00:00:00,2026
13338870254051958246,FSF223A ,,,Other,False,Day,2026-03-01 18:06:25,2026-03-01 00:00:00,2026
12523783798800860050,RYR6FY  ,B738,,Large jet,True,Evening,2026-03-01 19:44:20,2026-03-01 00:00:00,2026
7104132222142834391,URO601  ,A346,L4J,Large jet,True,Evening,2026-03-01 20:43:30,2026-03-01 00:00:00,2026
6770105259921500592,RYR5AM  ,B738,L2J,Large jet,True,Evening,2026-03-01 22:10:10,2026-03-01 00:00:00,2026
1341633874266976214,HLE10   ,A169,H2T,Helicopter,False,Evening,2026-03-01 22:18:30,2026-03-01 00:00:00,2026
13048765866398133741,RYR20MC ,B738,L2J,Large jet,True,Day,2026-03-02 07:44:15,2026-03-02 00:00:00,2026
6395078264765827885,EZY56BH ,A20N,,Large jet,True,Day,2026-03-02 12:18:50,2026-03-02 00:00:00,2026
9940259676654343303,N363KC  ,S22T,L1P,GA / light,False,Day,2026-03-02 11:49:25,2026-03-02 00:00:00,2026
572233200333182469,GDENC   ,C150,L1P,GA / light,False,Day,2026-03-02 12:24:15,2026-03-02 00:00:00,2026
9656102205795382697,URO681  ,A346,L4J,Large jet,True,Day,2026-03-02 13:48:55,2026-03-02 00:00:00,2026
7230634081020821466,GMDDE   ,H500,H1T,Helicopter,False,Day,2026-03-02 13:44:45,2026-03-02 00:00:00,2026
10435023492279280623,RYR11MN ,,,Other,False,Day,2026-03-02 14:47:10,2026-03-02 00:00:00,2026
16975135735151824076,CRIMSON2,FA20,L2J,Business jet,False,Day,2026-03-02 14:49:35,2026-03-02 00:00:00,2026
15169339202378929378,CRIMSON1,FA20,L2J,Business jet,False,Day,2026-03-02 14:59:45,2026-03-02 00:00:00,2026
17427979684300550469,ETP01   ,AS50,H1T,Helicopter,False,Day,2026-03-02 14:22:35,2026-03-02 00:00:00,2026
8242586137030387036,GBZTN   ,EUPA,L1P,GA / light,False,Day,2026-03-02 13:45:55,2026-03-02 00:00:00,2026
5565195430142795368,RYR3971 ,B738,L2J,Large jet,True,Day,2026-03-02 15:26:15,2026-03-02 00:00:00,2026
10455250077240975075,EXS67DE ,B738,,Large jet,True,Day,2026-03-02 15:46:15,2026-03-02 00:00:00,2026
13856008862640362838,BTNIA18 ,G115,L1P,GA / light,False,Day,2026-03-02 16:19:45,2026-03-02 00:00:00,2026
10810437898632611511,N302JG  ,TBM7,L1T,Turboprop,False,Day,2026-03-02 15:41:35,2026-03-02 00:00:00,2026
4341572332707989713,UGLY51  ,,,Other,False,Day,2026-03-02 17:17:30,2026-03-02 00:00:00,2026
17015710960290828614,TOM8AE  ,B738,L2J,Large jet,True,Day,2026-03-02 17:36:05,2026-03-02 00:00:00,2026
18104698024210466556,BIO05   ,P68,,Other,False,Day,2026-03-02 17:05:50,2026-03-02 00:00:00,2026
8652287092593785584,GBGYH   ,P28A,L1P,GA / light,False,Day,2026-03-02 15:54:40,2026-03-02 00:00:00,2026
8952943489523564239,GMA023  ,BE20,L2T,Turboprop,False,Evening,2026-03-02 20:15:55,2026-03-02 00:00:00,2026
11094128530066343314,RYR46KY ,B738,L2J,Large jet,True,Evening,2026-03-02 22:19:40,2026-03-02 00:00:00,2026
13925805431395314145,CRIMSON1,FA20,L2J,Business jet,False,Day,2026-03-03 10:10:20,2026-03-03 00:00:00,2026
8981041988189919483,CRIMSON2,FA20,L2J,Business jet,False,Day,2026-03-03 09:59:35,2026-03-03 00:00:00,2026
12432132476910313147,PYN04   ,BE20,L2T,Turboprop,False,Day,2026-03-03 10:59:45,2026-03-03 00:00:00,2026
8588980010210435494,URO601  ,A346,L4J,Large jet,True,Day,2026-03-03 12:05:40,2026-03-03 00:00:00,2026
16979451024635684208,BDN068  ,A109,H2T,Helicopter,False,Day,2026-03-03 10:12:05,2026-03-03 00:00:00,2026
14777524764686228531,URO681  ,A346,L4J,Large jet,True,Day,2026-03-03 13:50:35,2026-03-03 00:00:00,2026
16703621741276863143,GBGYH   ,P28A,L1P,GA / light,False,Day,2026-03-03 12:32:10,2026-03-03 00:00:00,2026
12409174502811344042,GBWUH   ,P28A,L1P,GA / light,False,Day,2026-03-03 11:59:55,2026-03-03 00:00:00,2026
4397420249099955868,EXS257G ,B738,L2J,Large jet,True,Day,2026-03-03 16:18:25,2026-03-03 00:00:00,2026
121874849902223201,GETPM   ,DA42,L2P,GA / light,False,Day,2026-03-03 14:09:55,2026-03-03 00:00:00,2026
10653609599296777606,GCCZL   ,C42,L1P,GA / light,False,Day,2026-03-03 14:12:55,2026-03-03 00:00:00,2026
8885698564802439456,GCKYL   ,C42,L1P,GA / light,False,Day,2026-03-03 14:14:25,2026-03-03 00:00:00,2026
2911533710195159701,GBGYH   ,P28A,L1P,GA / light,False,Day,2026-03-03 14:56:35,2026-03-03 00:00:00,2026
4722030268677273312,EZY56BH ,A319,L2J,Large jet,True,Day,2026-03-03 15:19:45,2026-03-03 00:00:00,2026
15598339899198336225,EXS2610 ,B738,,Large jet,True,Day,2026-03-03 17:08:30,2026-03-03 00:00:00,2026
15194653056443889174,GBUFH   ,P28A,L1P,GA / light,False,Day,2026-03-03 15:14:45,2026-03-03 00:00:00,2026
1594984146100819545,GCDOK   ,C42,L1P,GA / light,False,Day,2026-03-03 15:53:35,2026-03-03 00:00:00,2026
16564447887917769175,RYR65FB ,B738,L2J,Large jet,True,Day,2026-03-03 17:38:00,2026-03-03 00:00:00,2026
3147052003432560585,GBZDA   ,P28A,L1P,GA / light,False,Day,2026-03-03 16:47:50,2026-03-03 00:00:00,2026
4306935441548695786,PTN28W  ,PC24,,Business jet,False,Day,2026-03-03 17:32:35,2026-03-03 00:00:00,2026
7110161106916316810,FRA58   ,FA20,L2J,Business jet,False,Day,2026-03-03 16:55:35,2026-03-03 00:00:00,2026
14225060656842513836,GBWXB   ,RF6,L1P,GA / light,False,Day,2026-03-03 17:10:45,2026-03-03 00:00:00,2026
2155977349828588070,TOM7KX  ,B738,L2J,Large jet,True,Day,2026-03-03 18:55:00,2026-03-03 00:00:00,2026
12854164009007623845,GCISE   ,PULS,L1P,GA / light,False,Day,2026-03-03 16:54:00,2026-03-03 00:00:00,2026
17112010910467829353,,PULS,L1P,GA / light,False,Day,2026-03-03 16:44:35,2026-03-03 00:00:00,2026
9974874017824766178,RYR46KY ,B738,L2J,Large jet,True,Day,2026-03-03 18:56:30,2026-03-03 00:00:00,2026
424249513991609325,GMA023  ,BE20,L2T,Turboprop,False,Evening,2026-03-03 20:07:20,2026-03-03 00:00:00,2026
16988688518713342496,N497XP  ,BE40,L2J,Business jet,False,Day,2026-03-04 09:06:10,2026-03-04 00:00:00,2026
14495268143645574619,SAH59P  ,BE40,L2J,Business jet,False,Day,2026-03-04 08:42:45,2026-03-04 00:00:00,2026
9221833888056739777,SXN560  ,,,Other,False,Day,2026-03-04 12:18:55,2026-03-04 00:00:00,2026
11881986587830669605,FRA96   ,FA20,L2J,Business jet,False,Day,2026-03-04 11:25:45,2026-03-04 00:00:00,2026
2538257967443703267,REV6ND  ,F406,L2T,Turboprop,False,Day,2026-03-04 14:30:10,2026-03-04 00:00:00,2026
837810129786404260,CRIMSON1,FA20,L2J,Business jet,False,Day,2026-03-04 10:50:00,2026-03-04 00:00:00,2026
9885434506663872507,NJE9YU  ,E55P,L2J,Business jet,False,Day,2026-03-04 11:37:30,2026-03-04 00:00:00,2026
16421065935221240155,REV6AF  ,F406,L2T,Turboprop,False,Day,2026-03-04 13:42:40,2026-03-04 00:00:00,2026
6516572680843022641,VJT607  ,C56X,L2J,Business jet,False,Day,2026-03-04 12:46:30,2026-03-04 00:00:00,2026
8642728630488495872,GBGYH   ,P28A,L1P,GA / light,False,Day,2026-03-04 13:55:20,2026-03-04 00:00:00,2026
4891998515115969348,,AS50,H1T,Helicopter,False,Day,2026-03-04 12:56:05,2026-03-04 00:00:00,2026
1036047991658382414,GMERL   ,P28T,L1P,GA / light,False,Day,2026-03-04 13:49:50,2026-03-04 00:00:00,2026
16013421578461220044,GBEWR   ,C172,L1P,GA / light,False,Day,2026-03-04 14:31:00,2026-03-04 00:00:00,2026
12256776955704023419,GBUFH   ,P28A,L1P,GA / light,False,Day,2026-03-04 14:40:10,2026-03-04 00:00:00,2026
4559570802710011492,EXS68M  ,B738,L2J,Large jet,True,Day,2026-03-04 15:12:20,2026-03-04 00:00:00,2026
9068301620122221694,GBXDI   ,DHC1,L1P,GA / light,False,Day,2026-03-04 15:13:20,2026-03-04 00:00:00,2026
17055818872383347986,PTN28W  ,PC24,,Business jet,False,Day,2026-03-04 16:13:55,2026-03-04 00:00:00,2026
9764617059425550350,FRA96   ,FA20,L2J,Business jet,False,Day,2026-03-04 16:10:10,2026-03-04 00:00:00,2026
4371806693995842273,GPAAL   ,PA32,,Other,False,Day,2026-03-04 14:57:25,2026-03-04 00:00:00,2026
1508394385588628017,CRIMSON1,FA20,L2J,Business jet,False,Day,2026-03-04 16:36:45,2026-03-04 00:00:00,2026
1687793269030186387,CRIMSON2,,,Other,False,Day,2026-03-04 16:33:45,2026-03-04 00:00:00,2026
7415926928111999020,GMA023  ,BE20,L2T,Turboprop,False,Day,2026-03-04 15:26:55,2026-03-04 00:00:00,2026
7590723028692235870,MSURF   ,PC12,L1T,Turboprop,False,Day,2026-03-04 15:28:40,2026-03-04 00:00:00,2026
9644123469129431773,GBGYH   ,P28A,L1P,GA / light,False,Day,2026-03-04 15:59:55,2026-03-04 00:00:00,2026
15060258400131132958,GBEWR   ,C172,L1P,GA / light,False,Day,2026-03-04 16:48:50,2026-03-04 00:00:00,2026
5828129854715818334,GBUFH   ,P28A,L1P,GA / light,False,Day,2026-03-04 16:45:10,2026-03-04 00:00:00,2026
5996674847955089308,GBUJP   ,P28A,L1P,GA / light,False,Day,2026-03-04 17:59:55,2026-03-04 00:00:00,2026
3727080572156076842,RYR65FB ,B38M,L2J,Large jet,True,Day,2026-03-05 07:13:00,2026-03-05 00:00:00,2026
10859193545362634394,RYR46KY ,B38M,L2J,Large jet,True,Day,2026-03-05 09:55:45,2026-03-05 00:00:00,2026
10129210479696443385,RUK8BP  ,B738,L2J,Large jet,True,Day,2026-03-05 09:15:35,2026-03-05 00:00:00,2026
11436474599769755537,AMBER3  ,,,Other,False,Day,2026-03-05 10:48:20,2026-03-05 00:00:00,2026
61676376976524850,GBUFH   ,P28A,L1P,GA / light,False,Day,2026-03-05 10:21:55,2026-03-05 00:00:00,2026
2006957612384685122,GCDOK   ,C42,L1P,GA / light,False,Day,2026-03-05 12:07:55,2026-03-05 00:00:00,2026
5307492251432865213,URO683  ,A346,L4J,Large jet,True,Day,2026-03-05 13:57:15,2026-03-05 00:00:00,2026
4335959979805799190,BDN029  ,AS50,H1T,Helicopter,False,Day,2026-03-05 11:38:25,2026-03-05 00:00:00,2026
1802173059077783108,SAH59P  ,BE40,L2J,Business jet,False,Day,2026-03-05 13:34:45,2026-03-05 00:00:00,2026
7113214978482895871,GBEUP   ,DR40,L1P,GA / light,False,Day,2026-03-05 12:33:00,2026-03-05 00:00:00,2026
4486376836952787407,RYR11MN ,B738,L2J,Large jet,True,Day,2026-03-05 13:53:10,2026-03-05 00:00:00,2026
4440851025057121676,HLE10   ,A169,H2T,Helicopter,False,Day,2026-03-05 12:14:55,2026-03-05 00:00:00,2026
8039903995933917307,NJE576W ,E55P,L2J,Business jet,False,Day,2026-03-05 13:19:20,2026-03-05 00:00:00,2026
14790881799386711027,SFY1TM  ,DA42,L2P,GA / light,False,Day,2026-03-05 13:29:05,2026-03-05 00:00:00,2026
17885751257894954527,SFU55   ,C42,L1P,GA / light,False,Day,2026-03-05 12:53:35,2026-03-05 00:00:00,2026
3208423399394871654,AMBER1  ,FA20,L2J,Business jet,False,Day,2026-03-05 14:05:55,2026-03-05 00:00:00,2026
3759341766234686291,AMBER3  ,,,Other,False,Day,2026-03-05 14:26:30,2026-03-05 00:00:00,2026
8473727957084235697,AMBER2  ,FA20,L2J,Business jet,False,Day,2026-03-05 14:28:15,2026-03-05 00:00:00,2026
18081275073931771457,URO601  ,A346,L4J,Large jet,True,Day,2026-03-05 16:18:25,2026-03-05 00:00:00,2026
1954476166020993911,N       ,C182,L1P,GA / light,False,Day,2026-03-05 14:11:30,2026-03-05 00:00:00,2026
14171086014294018120,GCEVC   ,RV4,L1P,GA / light,False,Day,2026-03-05 14:12:15,2026-03-05 00:00:00,2026
12071792986060692308,,G109,L1P,GA / light,False,Day,2026-03-05 14:03:35,2026-03-05 00:00:00,2026
9343746308758158617,GCBLY   ,G109,L1P,GA / light,False,Day,2026-03-05 14:42:10,2026-03-05 00:00:00,2026
919395470748301862,GMA023  ,BE20,L2T,Turboprop,False,Day,2026-03-05 14:24:40,2026-03-05 00:00:00,2026
5956997480349414970,EXS3AS  ,B738,L2J,Large jet,True,Day,2026-03-05 17:25:25,2026-03-05 00:00:00,2026
4532533957659536263,HLE10   ,A169,H2T,Helicopter,False,Day,2026-03-05 14:20:45,2026-03-05 00:00:00,2026
13726652167978364048,GBGYH   ,P28A,L1P,GA / light,False,Day,2026-03-05 15:22:25,2026-03-05 00:00:00,2026
15250309304027773793,,P32R,L1P,GA / light,False,Day,2026-03-05 14:27:25,2026-03-05 00:00:00,2026
5368550300212561960,GLIFB   ,AP32,L1P,GA / light,False,Day,2026-03-05 15:58:05,2026-03-05 00:00:00,2026
5700641374059711029,SFY1TM  ,DA42,L2P,GA / light,False,Day,2026-03-05 15:29:20,2026-03-05 00:00:00,2026
15910152143781165896,GGCDB   ,SR20,L1P,GA / light,False,Day,2026-03-05 15:12:45,2026-03-05 00:00:00,2026
17525541148923378762,EZY56BH ,A320,L2J,Large jet,True,Day,2026-03-05 15:56:45,2026-03-05 00:00:00,2026
10206117124111319766,RYR54WK ,B738,L2J,Large jet,True,Day,2026-03-05 17:45:35,2026-03-05 00:00:00,2026
16633385123779693308,N363KC  ,S22T,L1P,GA / light,False,Day,2026-03-05 16:04:35,2026-03-05 00:00:00,2026
1756996886392636492,GETPI   ,A109,H2T,Helicopter,False,Day,2026-03-05 16:17:05,2026-03-05 00:00:00,2026
7702104088562791244,GBEWR   ,C172,L1P,GA / light,False,Day,2026-03-05 16:35:20,2026-03-05 00:00:00,2026
9676897349431935405,,C172,L1P,GA / light,False,Day,2026-03-05 16:03:30,2026-03-05 00:00:00,2026
12753013076048497805,GOLAJ   ,R44,H1P,Helicopter,False,Day,2026-03-05 16:40:40,2026-03-05 00:00:00,2026
8608372297523626158,TOM6TM  ,B738,L2J,Large jet,True,Day,2026-03-05 18:13:25,2026-03-05 00:00:00,2026
4268466903547770503,HLE10   ,A169,H2T,Helicopter,False,Day,2026-03-05 16:25:05,2026-03-05 00:00:00,2026
11019870974231078643,SFY1TM  ,DA42,L2P,GA / light,False,Day,2026-03-05 18:48:55,2026-03-05 00:00:00,2026
13983777211475967733,GBPIZ   ,AA5,L1P,GA / light,False,Day,2026-03-05 17:40:40,2026-03-05 00:00:00,2026
11513422645844430265,EXS67BH ,B738,,Large jet,True,Evening,2026-03-05 19:22:45,2026-03-05 00:00:00,2026
10648035383201244754,HLE10   ,A169,H2T,Helicopter,False,Day,2026-03-05 17:28:05,2026-03-05 00:00:00,2026
10983866586247275794,GBEWR   ,C172,L1P,GA / light,False,Evening,2026-03-05 19:52:15,2026-03-05 00:00:00,2026
8200883063416602224,RYR20MC ,B38M,,Large jet,True,Evening,2026-03-05 21:19:00,2026-03-05 00:00:00,2026
7457366617625159298,SFY1TM  ,DA42,L2P,GA / light,False,Day,2026-03-06 09:59:00,2026-03-06 00:00:00,2026
13154679049718586043,AWC461  ,A321,L2J,Large jet,True,Day,2026-03-06 10:11:10,2026-03-06 00:00:00,2026
9955810905573113161,RYR6FY  ,B738,L2J,Large jet,True,Day,2026-03-06 12:06:30,2026-03-06 00:00:00,2026
12956290008638772009,AMBER2  ,,,Other,False,Day,2026-03-06 12:44:35,2026-03-06 00:00:00,2026
4934926296417766949,AMBER1  ,FA20,L2J,Business jet,False,Day,2026-03-06 13:03:40,2026-03-06 00:00:00,2026
17155072909840498806,FRA83   ,FA20,L2J,Business jet,False,Day,2026-03-06 12:03:35,2026-03-06 00:00:00,2026
16080424113320767505,SFY1TM  ,DA42,L2P,GA / light,False,Day,2026-03-06 12:39:05,2026-03-06 00:00:00,2026
12577085353704320917,RYR46KY ,B738,L2J,Large jet,True,Day,2026-03-06 13:45:50,2026-03-06 00:00:00,2026
7927859714294575871,OHPBL   ,PC12,L1T,Turboprop,False,Day,2026-03-06 14:00:40,2026-03-06 00:00:00,2026
8681236470594974727,OHRJD   ,PC12,L1T,Turboprop,False,Day,2026-03-06 14:05:35,2026-03-06 00:00:00,2026
3925157165600179636,EZY56BH ,A320,L2J,Large jet,True,Day,2026-03-06 15:52:30,2026-03-06 00:00:00,2026
16504074791387187475,TOM2TG  ,B738,L2J,Large jet,True,Day,2026-03-06 18:16:25,2026-03-06 00:00:00,2026
18186093679600826022,EXS67DE ,B738,,Large jet,True,Day,2026-03-06 17:22:50,2026-03-06 00:00:00,2026
14073867016631150070,RYR65FB ,B38M,L2J,Large jet,True,Evening,2026-03-06 19:56:05,2026-03-06 00:00:00,2026
5866797242700142417,RYR20MC ,B38M,,Large jet,True,Evening,2026-03-06 21:02:50,2026-03-06 00:00:00,2026
2723909705189149996,RYR5AM  ,B738,L2J,Large jet,True,Evening,2026-03-06 22:44:15,2026-03-06 00:00:00,2026
2219670894241584934,RUK8BP  ,B738,,Large jet,True,Evening,2026-03-06 21:42:15,2026-03-06 00:00:00,2026
18063176352314509431,RYR22HC ,B38M,L2J,Large jet,True,Day,2026-03-07 07:04:25,2026-03-07 00:00:00,2026
6920844668060733587,TOM239  ,B788,L2J,Large jet,True,Day,2026-03-07 07:11:55,2026-03-07 00:00:00,2026
931191150047544627,EZS15WP ,A320,L2J,Large jet,True,Day,2026-03-07 08:01:35,2026-03-07 00:00:00,2026
233293295332124098,BNI5T   ,C525,L2J,Business jet,False,Day,2026-03-07 12:32:50,2026-03-07 00:00:00,2026
16180681441276116795,URO601  ,A346,L4J,Large jet,True,Day,2026-03-07 12:22:25,2026-03-07 00:00:00,2026
8783391278414690546,RYR11MN ,B738,L2J,Large jet,True,Day,2026-03-07 13:10:35,2026-03-07 00:00:00,2026
2482160253958645254,RYR6765 ,B738,L2J,Large jet,True,Day,2026-03-07 15:06:55,2026-03-07 00:00:00,2026
9826799641385702122,N302JG  ,TBM7,L1T,Turboprop,False,Day,2026-03-07 13:32:45,2026-03-07 00:00:00,2026
14191707879531213589,EZY2696 ,A320,L2J,Large jet,True,Day,2026-03-07 15:40:15,2026-03-07 00:00:00,2026
11935974814341293311,EXS3AS  ,B738,,Large jet,True,Day,2026-03-07 17:15:50,2026-03-07 00:00:00,2026
4497981934763211056,MZPGJ   ,,,Other,False,Day,2026-03-07 17:05:40,2026-03-07 00:00:00,2026
1213453661408774527,GMA023  ,BE20,L2T,Turboprop,False,Day,2026-03-07 17:52:45,2026-03-07 00:00:00,2026
2976303277221460287,RYR46KY ,B738,L2J,Large jet,True,Evening,2026-03-07 22:11:05,2026-03-07 00:00:00,2026
2913769904053432969,RYR54WK ,B738,L2J,Large jet,True,Day,2026-03-08 07:51:00,2026-03-08 00:00:00,2026
5308312742158245513,RYR20MC ,B738,L2J,Large jet,True,Day,2026-03-08 12:33:00,2026-03-08 00:00:00,2026
1333700710703739060,VJH357  ,C56X,L2J,Business jet,False,Day,2026-03-08 16:50:05,2026-03-08 00:00:00,2026
11618126750416684294,LJC6    ,B350,L2T,Turboprop,False,Day,2026-03-08 15:39:55,2026-03-08 00:00:00,2026
5121830752991936393,EXS19W  ,B738,,Large jet,True,Day,2026-03-08 17:09:25,2026-03-08 00:00:00,2026
8434794484216007764,SRD375  ,,,Other,False,Day,2026-03-08 16:33:05,2026-03-08 00:00:00,2026
10660061167236190,RYR46KY ,,,Other,False,Day,2026-03-08 17:03:15,2026-03-08 00:00:00,2026
57441288060462245,RYR22HC ,B38M,L2J,Large jet,True,Day,2026-03-08 17:18:20,2026-03-08 00:00:00,2026
9691124973546671753,ENT3010 ,,,Other,False,Day,2026-03-08 18:57:30,2026-03-08 00:00:00,2026
2509756961353784277,EZY15CF ,A320,L2J,Large jet,True,Day,2026-03-08 16:59:25,2026-03-08 00:00:00,2026
13401572435676748487,TOM7FT  ,B738,L2J,Large jet,True,Day,2026-03-08 18:21:05,2026-03-08 00:00:00,2026
5216150544710121093,BIO05   ,P68,,Other,False,Day,2026-03-08 18:01:55,2026-03-08 00:00:00,2026
8135126501819250329,RUK8BP  ,B738,,Large jet,True,Day,2026-03-08 18:27:30,2026-03-08 00:00:00,2026
13576256115113826781,RYR6FY  ,B738,L2J,Large jet,True,Evening,2026-03-08 20:02:30,2026-03-08 00:00:00,2026
6905405962603832250,RYR5AM  ,B738,L2J,Large jet,True,Evening,2026-03-08 22:15:00,2026-03-08 00:00:00,2026
4946560730006519688,URO915  ,A346,L4J,Large jet,True,Evening,2026-03-08 22:07:55,2026-03-08 00:00:00,2026
14979121569156531261,RYR20MC ,B738,L2J,Large jet,True,Day,2026-03-09 07:47:05,2026-03-09 00:00:00,2026
11403450795345111946,EXS062J ,B738,L2J,Large jet,True,Day,2026-03-09 08:29:10,2026-03-09 00:00:00,2026
13232514220797676982,EZY56BH ,A320,L2J,Large jet,True,Day,2026-03-09 12:09:40,2026-03-09 00:00:00,2026
11153039049699695478,RYR11MN ,,,Other,False,Day,2026-03-09 14:39:30,2026-03-09 00:00:00,2026
8073257169810162942,AMBER1  ,FA20,L2J,Business jet,False,Day,2026-03-09 14:48:30,2026-03-09 00:00:00,2026
117257411337251122,EXS67DE ,B738,,Large jet,True,Day,2026-03-09 15:39:45,2026-03-09 00:00:00,2026
13212457577960716952,MTOMY   ,E50P,L2J,Business jet,False,Day,2026-03-09 14:51:30,2026-03-09 00:00:00,2026
11176707989956630774,RYR3971 ,B738,L2J,Large jet,True,Day,2026-03-09 15:52:10,2026-03-09 00:00:00,2026
8855795337779378330,TOM8AE  ,B738,L2J,Large jet,True,Day,2026-03-09 18:01:55,2026-03-09 00:00:00,2026
984221177286522937,AWC462  ,A321,L2J,Large jet,True,Day,2026-03-09 18:24:45,2026-03-09 00:00:00,2026
15085241211564986375,EXS011P ,B738,L2J,Large jet,True,Evening,2026-03-09 20:40:55,2026-03-09 00:00:00,2026
12048328887598547293,RYR46KY ,B738,L2J,Large jet,True,Evening,2026-03-09 22:27:00,2026-03-09 00:00:00,2026
10572499972506879485,EXS3624 ,B738,L2J,Large jet,True,Evening,2026-03-09 21:44:15,2026-03-09 00:00:00,2026
14788895634266884612,FJO648  ,GLF6,,Business jet,False,Day,2026-03-10 09:01:50,2026-03-10 00:00:00,2026
186523409865499429,URO601  ,A346,L4J,Large jet,True,Day,2026-03-10 12:07:15,2026-03-10 00:00:00,2026
14851946678241026743,SFY1TM  ,DA42,L2P,GA / light,False,Day,2026-03-10 09:14:05,2026-03-10 00:00:00,2026
14068076500119625181,GEIMS   ,B505,H1T,Helicopter,False,Day,2026-03-10 09:59:55,2026-03-10 00:00:00,2026
15043307967881239590,GBUFH   ,P28A,L1P,GA / light,False,Day,2026-03-10 10:48:15,2026-03-10 00:00:00,2026
10214684376694696084,VSB10   ,BE20,L2T,Turboprop,False,Day,2026-03-10 11:55:40,2026-03-10 00:00:00,2026
13789188400507576138,GBUFH   ,P28A,L1P,GA / light,False,Day,2026-03-10 13:08:10,2026-03-10 00:00:00,2026
6480872975694286325,FRA69   ,CL60,L2J,Business jet,False,Day,2026-03-10 13:51:45,2026-03-10 00:00:00,2026
3119400036122351461,GBGYH   ,P28A,L1P,GA / light,False,Day,2026-03-10 13:15:05,2026-03-10 00:00:00,2026
18108626889569179711,GSURV   ,BN2T,L2T,Turboprop,False,Day,2026-03-10 13:15:25,2026-03-10 00:00:00,2026
16834317020618206503,SFU55   ,C42,L1P,GA / light,False,Day,2026-03-10 12:41:55,2026-03-10 00:00:00,2026
14735418862388241650,VIP01   ,,,Other,False,Day,2026-03-10 12:46:05,2026-03-10 00:00:00,2026
15739017715175591235,EXS257G ,B738,,Large jet,True,Day,2026-03-10 16:29:10,2026-03-10 00:00:00,2026
2024306595558909199,GARKS   ,PA22,L1P,GA / light,False,Day,2026-03-10 14:20:25,2026-03-10 00:00:00,2026
13564103527700661990,GBUJP   ,P28A,L1P,GA / light,False,Day,2026-03-10 14:18:40,2026-03-10 00:00:00,2026
14666102755537417196,AMBER1  ,FA20,L2J,Business jet,False,Day,2026-03-10 15:41:25,2026-03-10 00:00:00,2026
9660482485921897800,EZY56BH ,A320,L2J,Large jet,True,Day,2026-03-10 15:24:20,2026-03-10 00:00:00,2026
631731775151763248,GGCDB   ,SR20,L1P,GA / light,False,Day,2026-03-10 14:56:40,2026-03-10 00:00:00,2026
16634296808222121162,AMBER3  ,,,Other,False,Day,2026-03-10 16:05:25,2026-03-10 00:00:00,2026
841586094102485743,AMBER2  ,FA20,L2J,Business jet,False,Day,2026-03-10 16:12:05,2026-03-10 00:00:00,2026
872845070124065307,EXS2610 ,B738,L2J,Large jet,True,Day,2026-03-10 17:31:05,2026-03-10 00:00:00,2026
11757071293933668037,GBUFH   ,P28A,L1P,GA / light,False,Day,2026-03-10 15:53:50,2026-03-10 00:00:00,2026
2752522753819818570,TOM7KX  ,B738,L2J,Large jet,True,Day,2026-03-10 18:57:00,2026-03-10 00:00:00,2026
4314775194576270626,GOLAJ   ,R44,H1P,Helicopter,False,Day,2026-03-10 16:37:10,2026-03-10 00:00:00,2026
9176579480949639763,BNTIA12 ,G115,L1P,GA / light,False,Day,2026-03-10 15:28:25,2026-03-10 00:00:00,2026
13867174309260514909,SFY1TM  ,DA42,L2P,GA / light,False,Day,2026-03-10 16:27:20,2026-03-10 00:00:00,2026
3646518969202053239,RYR65FB ,B738,L2J,Large jet,True,Day,2026-03-10 18:01:30,2026-03-10 00:00:00,2026
4633970988920166980,GBGYH   ,P28A,L1P,GA / light,False,Day,2026-03-10 17:08:30,2026-03-10 00:00:00,2026
6917170656389768761,RYR46KY ,B738,L2J,Large jet,True,Evening,2026-03-10 19:12:50,2026-03-10 00:00:00,2026
11912884493004322131,SFY1TM  ,DA42,L2P,GA / light,False,Day,2026-03-10 18:32:50,2026-03-10 00:00:00,2026
267431158981782319,VIP01   ,,,Other,False,Evening,2026-03-10 19:23:30,2026-03-10 00:00:00,2026
1380550059937060680,SRG363  ,A139,,Other,False,Night,2026-03-10 23:55:30,2026-03-10 00:00:00,2026
8954157330020608424,SFY1TM  ,DA42,L2P,GA / light,False,Day,2026-03-11 09:32:05,2026-03-11 00:00:00,2026
17973914482262551699,GBUFH   ,P28A,L1P,GA / light,False,Day,2026-03-11 09:36:40,2026-03-11 00:00:00,2026
6632464137159599886,MZPGJ   ,,,Other,False,Day,2026-03-11 09:47:20,2026-03-11 00:00:00,2026
10243332165023216725,CRIMSON1,FA20,L2J,Business jet,False,Day,2026-03-11 10:15:45,2026-03-11 00:00:00,2026
12809329563842994746,CRIMSON2,,,Other,False,Day,2026-03-11 10:21:35,2026-03-11 00:00:00,2026
12159114820871017980,MDEEP   ,A109,,Other,False,Day,2026-03-11 10:09:55,2026-03-11 00:00:00,2026
658721282977563538,GBEWR   ,C172,L1P,GA / light,False,Day,2026-03-11 10:54:10,2026-03-11 00:00:00,2026
13096814055459163404,GEIMS   ,B505,H1T,Helicopter,False,Day,2026-03-11 10:19:25,2026-03-11 00:00:00,2026
4967543587015336478,GAZDJ   ,PA32,L1P,GA / light,False,Day,2026-03-11 10:57:25,2026-03-11 00:00:00,2026
16323076481079809807,MZPGJ   ,,,Other,False,Day,2026-03-11 10:26:30,2026-03-11 00:00:00,2026
15673293512265397661,HLE10   ,A169,H2T,Helicopter,False,Day,2026-03-11 10:50:40,2026-03-11 00:00:00,2026
14820112710226878636,,D150,L1P,GA / light,False,Day,2026-03-11 10:59:55,2026-03-11 00:00:00,2026
315154023796926967,GBUFH   ,P28A,L1P,GA / light,False,Day,2026-03-11 11:28:10,2026-03-11 00:00:00,2026
12469958668060780129,BIO05   ,P68,,Other,False,Day,2026-03-11 17:13:20,2026-03-11 00:00:00,2026
12211844309432961790,SFY1TM  ,DA42,L2P,GA / light,False,Day,2026-03-11 11:50:50,2026-03-11 00:00:00,2026
10960742400299360448,GOLAJ   ,R44,H1P,Helicopter,False,Day,2026-03-11 12:23:15,2026-03-11 00:00:00,2026
369674991635620939,GDSJT   ,C182,L1P,GA / light,False,Day,2026-03-11 12:27:30,2026-03-11 00:00:00,2026
16296469357031900348,HLE10   ,A169,H2T,Helicopter,False,Day,2026-03-11 12:16:50,2026-03-11 00:00:00,2026
13084171501146879833,CND093P ,B39M,,Large jet,True,Day,2026-03-11 12:51:35,2026-03-11 00:00:00,2026
8512282222479680784,GGCDB   ,SR20,L1P,GA / light,False,Day,2026-03-11 13:06:40,2026-03-11 00:00:00,2026
11074272756489393226,SFY1TM  ,DA42,L2P,GA / light,False,Day,2026-03-11 13:58:55,2026-03-11 00:00:00,2026
6226652738350141973,GBUFH   ,P28A,L1P,GA / light,False,Day,2026-03-11 14:20:10,2026-03-11 00:00:00,2026
4402168112628666634,PIPE65  ,,,Other,False,Day,2026-03-11 14:57:05,2026-03-11 00:00:00,2026
16584895408958226920,SLS7V   ,PC12,L1T,Turboprop,False,Day,2026-03-11 13:48:25,2026-03-11 00:00:00,2026
17232334719904400801,GBEWR   ,C172,L1P,GA / light,False,Day,2026-03-11 15:42:00,2026-03-11 00:00:00,2026
12361250730628833939,GDSJT   ,C182,L1P,GA / light,False,Day,2026-03-11 15:15:45,2026-03-11 00:00:00,2026
13011334318788850860,GOLAJ   ,R44,H1P,Helicopter,False,Day,2026-03-11 14:34:25,2026-03-11 00:00:00,2026
6612090369288699941,GDENS   ,CP30,L1P,GA / light,False,Day,2026-03-11 14:52:00,2026-03-11 00:00:00,2026
6291293096210371852,GBFBR   ,P28A,L1P,GA / light,False,Day,2026-03-11 15:04:55,2026-03-11 00:00:00,2026
10869964311620173211,GBGYH   ,P28A,L1P,GA / light,False,Day,2026-03-11 14:58:25,2026-03-11 00:00:00,2026
1136258087438180043,BWY30   ,FA20,L2J,Business jet,False,Day,2026-03-11 16:56:35,2026-03-11 00:00:00,2026
4324248777676370449,FRA93   ,FA20,L2J,Business jet,False,Day,2026-03-11 15:56:50,2026-03-11 00:00:00,2026
10890735388326290793,,P28A,L1P,GA / light,False,Day,2026-03-11 15:15:50,2026-03-11 00:00:00,2026
14898257741275284761,GBGYH   ,P28A,L1P,GA / light,False,Day,2026-03-11 15:32:25,2026-03-11 00:00:00,2026
18423425153452177155,SRG387  ,,,Other,False,Day,2026-03-11 16:45:30,2026-03-11 00:00:00,2026
7132948301118737088,TOM57V  ,B738,L2J,Large jet,True,Evening,2026-03-11 19:44:35,2026-03-11 00:00:00,2026
7609483189215951586,EXS12A  ,B738,,Large jet,True,Evening,2026-03-11 19:38:15,2026-03-11 00:00:00,2026
18232551341062395680,GBFBR   ,P28A,L1P,GA / light,False,Day,2026-03-11 16:36:00,2026-03-11 00:00:00,2026
6824637467837912314,LJC6    ,B350,L2T,Turboprop,False,Day,2026-03-11 17:48:55,2026-03-11 00:00:00,2026
17960271563599844374,GBUFH   ,P28A,L1P,GA / light,False,Day,2026-03-11 18:12:35,2026-03-11 00:00:00,2026
16996536497347100732,GMA540  ,BE20,L2T,Turboprop,False,Evening,2026-03-11 22:22:05,2026-03-11 00:00:00,2026
17159959118904429150,RYR65FB ,B38M,L2J,Large jet,True,Day,2026-03-12 07:21:00,2026-03-12 00:00:00,2026
4715620738205246149,JFA98Y  ,PC24,L2J,Business jet,False,Day,2026-03-12 08:29:25,2026-03-12 00:00:00,2026
10814933250049116551,EXS049A ,B738,L2J,Large jet,True,Day,2026-03-12 08:26:40,2026-03-12 00:00:00,2026
5256192452019372079,RYR46KY ,B38M,L2J,Large jet,True,Day,2026-03-12 09:55:45,2026-03-12 00:00:00,2026
1605787210457034336,RUK8BP  ,B738,L2J,Large jet,True,Day,2026-03-12 09:18:10,2026-03-12 00:00:00,2026
4896190143775463524,VIP01   ,,,Other,False,Day,2026-03-12 08:51:30,2026-03-12 00:00:00,2026
11385213501059814996,URO601  ,A346,L4J,Large jet,True,Day,2026-03-12 11:25:55,2026-03-12 00:00:00,2026
12090770404155482761,NJU7ZT  ,,,Other,False,Day,2026-03-12 09:39:40,2026-03-12 00:00:00,2026
13056186124591775640,GBUJP   ,P28A,L1P,GA / light,False,Day,2026-03-12 11:06:15,2026-03-12 00:00:00,2026
13223908455621678492,HLE56   ,EC35,H2T,Helicopter,False,Day,2026-03-12 10:33:25,2026-03-12 00:00:00,2026
17589968595849245616,RYR11MN ,B738,L2J,Large jet,True,Day,2026-03-12 14:03:05,2026-03-12 00:00:00,2026
6172970095560960237,FHANN   ,PC12,L1T,Turboprop,False,Day,2026-03-12 13:27:35,2026-03-12 00:00:00,2026
9526704378049943998,SLS8B   ,,,Other,False,Day,2026-03-12 14:37:50,2026-03-12 00:00:00,2026
17070236405799215096,EXS3AS  ,B738,L2J,Large jet,True,Day,2026-03-12 17:27:55,2026-03-12 00:00:00,2026
14327244002260686202,EZY56BH ,A320,L2J,Large jet,True,Day,2026-03-12 16:12:00,2026-03-12 00:00:00,2026
4827208526596786095,RYR54WK ,B738,L2J,Large jet,True,Day,2026-03-12 18:06:10,2026-03-12 00:00:00,2026
8555354396177171872,TOM6TM  ,B738,L2J,Large jet,True,Day,2026-03-12 18:23:45,2026-03-12 00:00:00,2026
12827646103006832027,EXS67BH ,B738,L2J,Large jet,True,Evening,2026-03-12 19:19:10,2026-03-12 00:00:00,2026
14329325399056878095,RYR20MC ,,,Other,False,Evening,2026-03-12 21:36:20,2026-03-12 00:00:00,2026
3504657318196046623,AWH98Y  ,C425,L2T,Turboprop,False,Day,2026-03-13 08:13:35,2026-03-13 00:00:00,2026
4862395158773444602,BWY20   ,FA20,L2J,Business jet,False,Day,2026-03-13 09:56:05,2026-03-13 00:00:00,2026
7898528774794887519,SFY1TM  ,DA42,L2P,GA / light,False,Day,2026-03-13 09:22:05,2026-03-13 00:00:00,2026
5136624052578574974,LJC3    ,C55B,L2J,Business jet,False,Day,2026-03-13 09:20:10,2026-03-13 00:00:00,2026
4261328871464682580,RYR6FY  ,B738,L2J,Large jet,True,Day,2026-03-13 12:06:30,2026-03-13 00:00:00,2026
16842097314394742319,GWPDB   ,EC35,H2T,Helicopter,False,Day,2026-03-13 10:59:45,2026-03-13 00:00:00,2026
16485984152734079872,N445SK  ,,,Other,False,Day,2026-03-13 12:37:55,2026-03-13 00:00:00,2026
15237342215859143895,GBUFH   ,P28A,L1P,GA / light,False,Day,2026-03-13 11:15:45,2026-03-13 00:00:00,2026
16432982800456384566,GOLAJ   ,R44,H1P,Helicopter,False,Day,2026-03-13 12:31:30,2026-03-13 00:00:00,2026
14098673460019780386,GBUFH   ,P28A,L1P,GA / light,False,Day,2026-03-13 12:27:15,2026-03-13 00:00:00,2026
4919147664421635563,HLE10   ,A169,H2T,Helicopter,False,Day,2026-03-13 12:22:50,2026-03-13 00:00:00,2026
15507680311839645886,RYR46KY ,,,Other,False,Day,2026-03-13 14:46:45,2026-03-13 00:00:00,2026
5508631803846956017,GBUFH   ,P28A,L1P,GA / light,False,Day,2026-03-13 13:35:35,2026-03-13 00:00:00,2026
14199693197131592518,,EC35,H2T,Helicopter,False,Day,2026-03-13 13:05:35,2026-03-13 00:00:00,2026
13431962162973537612,HLE10   ,A169,H2T,Helicopter,False,Day,2026-03-13 13:53:25,2026-03-13 00:00:00,2026
5041759709805661610,HLE10   ,A169,H2T,Helicopter,False,Day,2026-03-13 14:54:30,2026-03-13 00:00:00,2026
14135201845598512883,TOM2TG  ,B738,L2J,Large jet,True,Day,2026-03-13 18:29:00,2026-03-13 00:00:00,2026
12950066419167836530,EXS67DE ,B738,L2J,Large jet,True,Day,2026-03-13 17:08:40,2026-03-13 00:00:00,2026
14129382234352527919,EZY56BH ,A20N,L2J,Large jet,True,Day,2026-03-13 16:35:15,2026-03-13 00:00:00,2026
12340636645238673483,AJO721  ,C25A,,Business jet,False,Day,2026-03-13 16:08:20,2026-03-13 00:00:00,2026
241847214543427514,GBUFH   ,P28A,L1P,GA / light,False,Day,2026-03-13 17:24:20,2026-03-13 00:00:00,2026
6168063253900550449,HLE10   ,A169,H2T,Helicopter,False,Day,2026-03-13 16:18:25,2026-03-13 00:00:00,2026
3241873748379873335,SFY1TM  ,DA42,L2P,GA / light,False,Day,2026-03-13 17:38:05,2026-03-13 00:00:00,2026
6170489785232297446,EIIRG   ,,,Other,False,Day,2026-03-13 18:26:55,2026-03-13 00:00:00,2026
3946909115831084452,RYR65FB ,B738,L2J,Large jet,True,Evening,2026-03-13 19:42:40,2026-03-13 00:00:00,2026
13457083869717759620,FRA81   ,FA20,L2J,Business jet,False,Day,2026-03-13 18:43:35,2026-03-13 00:00:00,2026
3685206451578670543,RYR20MC ,B738,L2J,Large jet,True,Evening,2026-03-13 20:55:00,2026-03-13 00:00:00,2026
7424485131866415923,RYR5AM  ,B738,L2J,Large jet,True,Evening,2026-03-13 22:59:30,2026-03-13 00:00:00,2026
13440857450301701199,GMA23   ,BE20,L2T,Turboprop,False,Evening,2026-03-13 20:46:10,2026-03-13 00:00:00,2026
3550466527035214556,RUK8BP  ,B738,L2J,Large jet,True,Evening,2026-03-13 21:51:15,2026-03-13 00:00:00,2026
54631327699980752,RYR22HC ,B38M,L2J,Large jet,True,Day,2026-03-14 07:31:25,2026-03-14 00:00:00,2026
10421764789346300857,EZS15WP ,A320,L2J,Large jet,True,Day,2026-03-14 08:12:25,2026-03-14 00:00:00,2026
1065581025241244480,GBUFH   ,P28A,L1P,GA / light,False,Day,2026-03-14 09:18:25,2026-03-14 00:00:00,2026
11681528619809042476,N4956C  ,NAVI,L1P,GA / light,False,Day,2026-03-14 09:11:20,2026-03-14 00:00:00,2026
12035389272967502404,N71CW   ,C180,L1P,GA / light,False,Day,2026-03-14 09:10:00,2026-03-14 00:00:00,2026
616472639403253135,URO601  ,A346,L4J,Large jet,True,Day,2026-03-14 11:46:10,2026-03-14 00:00:00,2026
419066110923824151,N986DT  ,S22T,L1P,GA / light,False,Day,2026-03-14 09:45:00,2026-03-14 00:00:00,2026
3075415266332074249,GOTRV   ,RV6,L1P,GA / light,False,Day,2026-03-14 09:20:45,2026-03-14 00:00:00,2026
6432783422319974806,GBEWR   ,C172,L1P,GA / light,False,Day,2026-03-14 09:59:55,2026-03-14 00:00:00,2026
2396175123039516068,GBUFH   ,P28A,L1P,GA / light,False,Day,2026-03-14 10:38:05,2026-03-14 00:00:00,2026
11827061727257331500,,P28A,L1P,GA / light,False,Day,2026-03-14 10:00:50,2026-03-14 00:00:00,2026
12671736646278200605,GCGPL   ,SONX,L1P,GA / light,False,Day,2026-03-14 11:54:35,2026-03-14 00:00:00,2026
4347838435778057325,GKY518  ,GLEX,L2J,Business jet,False,Day,2026-03-14 11:12:20,2026-03-14 00:00:00,2026
1832557508815353401,N4956C  ,NAVI,L1P,GA / light,False,Day,2026-03-14 11:39:55,2026-03-14 00:00:00,2026
3949210738659693141,GBGYH   ,P28A,L1P,GA / light,False,Day,2026-03-14 11:06:25,2026-03-14 00:00:00,2026
4514124825666407251,GCKYL   ,C42,L1P,GA / light,False,Day,2026-03-14 11:32:10,2026-03-14 00:00:00,2026
7537067346039597887,N71CW   ,C180,L1P,GA / light,False,Day,2026-03-14 10:52:35,2026-03-14 00:00:00,2026
1532059911514028079,BIO05   ,P68,,Other,False,Day,2026-03-14 16:40:55,2026-03-14 00:00:00,2026
3043531569971173481,GBEWR   ,C172,L1P,GA / light,False,Day,2026-03-14 11:29:45,2026-03-14 00:00:00,2026
8256375588432154769,RYR11MN ,,,Other,False,Day,2026-03-14 13:09:05,2026-03-14 00:00:00,2026
8473083699255716411,,P28R,L1P,GA / light,False,Day,2026-03-14 11:23:55,2026-03-14 00:00:00,2026
12183944786848563514,N35SN   ,BE35,L1P,GA / light,False,Day,2026-03-14 12:52:40,2026-03-14 00:00:00,2026
5901673298454417775,GZAVI   ,C42,L1P,GA / light,False,Day,2026-03-14 12:29:05,2026-03-14 00:00:00,2026
120207369049157554,GCISE   ,PULS,L1P,GA / light,False,Day,2026-03-14 12:51:00,2026-03-14 00:00:00,2026
373580087726478292,GBOJW   ,P28A,L1P,GA / light,False,Day,2026-03-14 12:36:40,2026-03-14 00:00:00,2026
8595502438995291232,GBUFH   ,P28A,L1P,GA / light,False,Day,2026-03-14 12:59:55,2026-03-14 00:00:00,2026
3684496861112400700,GCCZL   ,C42,L1P,GA / light,False,Day,2026-03-14 13:23:00,2026-03-14 00:00:00,2026
14467153994205275547,GOTRV   ,RV6,L1P,GA / light,False,Day,2026-03-14 12:52:10,2026-03-14 00:00:00,2026
15768083281558525407,N4956C  ,NAVI,L1P,GA / light,False,Day,2026-03-14 12:58:40,2026-03-14 00:00:00,2026
8171838149298968437,GCDAB   ,UNDEFINED,,Other,False,Day,2026-03-14 13:15:35,2026-03-14 00:00:00,2026
13981254065916100942,GCBCL   ,GLST,L1P,GA / light,False,Day,2026-03-14 13:27:05,2026-03-14 00:00:00,2026
15247232722578809591,RYR6765 ,B738,L2J,Large jet,True,Day,2026-03-14 15:41:00,2026-03-14 00:00:00,2026
7054350558119858392,GBXCW   ,FOX,L1P,GA / light,False,Day,2026-03-14 13:59:55,2026-03-14 00:00:00,2026
15625960223724425291,GARMC   ,DHC1,L1P,GA / light,False,Day,2026-03-14 14:38:15,2026-03-14 00:00:00,2026
5685919784014411578,GCMYM   ,,,Other,False,Day,2026-03-14 14:59:55,2026-03-14 00:00:00,2026
10978573641508331747,UKP154  ,P68,L2P,GA / light,False,Day,2026-03-14 16:00:20,2026-03-14 00:00:00,2026
4904980876599713164,GBUFH   ,P28A,L1P,GA / light,False,Day,2026-03-14 14:29:35,2026-03-14 00:00:00,2026
4332447677092421423,ABLE06  ,,,Other,False,Day,2026-03-14 14:38:55,2026-03-14 00:00:00,2026
12300671823593851226,N35SN   ,BE35,L1P,GA / light,False,Day,2026-03-14 15:06:50,2026-03-14 00:00:00,2026
7304071796407628576,EZY2696 ,A320,L2J,Large jet,True,Day,2026-03-14 15:51:25,2026-03-14 00:00:00,2026
6216031134466701987,GCKYL   ,C42,L1P,GA / light,False,Day,2026-03-14 16:33:00,2026-03-14 00:00:00,2026
9062465513050240115,GGCDB   ,SR20,L1P,GA / light,False,Day,2026-03-14 15:20:30,2026-03-14 00:00:00,2026
3606392943223846662,GXCRJ   ,RV9,L1P,GA / light,False,Day,2026-03-14 15:29:10,2026-03-14 00:00:00,2026
11752094187953021007,GBGYH   ,P28A,L1P,GA / light,False,Day,2026-03-14 15:36:15,2026-03-14 00:00:00,2026
5048308581070033688,EXS3AS  ,B738,L2J,Large jet,True,Day,2026-03-14 17:51:55,2026-03-14 00:00:00,2026
16994926829256845619,EMC1    ,,,Other,False,Day,2026-03-14 16:12:30,2026-03-14 00:00:00,2026
9575003840346687979,GBOHA   ,P28A,L1P,GA / light,False,Day,2026-03-14 16:39:05,2026-03-14 00:00:00,2026
209717194918124858,GRVIW   ,RV9,L1P,GA / light,False,Day,2026-03-14 16:34:10,2026-03-14 00:00:00,2026
16454057615671063872,GBUFH   ,P28A,L1P,GA / light,False,Day,2026-03-14 16:36:30,2026-03-14 00:00:00,2026
11819499039525449006,,PULS,L1P,GA / light,False,Day,2026-03-14 16:11:40,2026-03-14 00:00:00,2026
5904182811689984680,GCISE   ,PULS,L1P,GA / light,False,Day,2026-03-14 16:24:30,2026-03-14 00:00:00,2026
16266574291356308974,GBUJP   ,P28A,L1P,GA / light,False,Day,2026-03-14 17:22:25,2026-03-14 00:00:00,2026
12435950732809493417,N35SN   ,BE35,L1P,GA / light,False,Day,2026-03-14 16:58:45,2026-03-14 00:00:00,2026
9097643170240244644,GCCCE   ,AP22,L1P,GA / light,False,Day,2026-03-14 16:59:55,2026-03-14 00:00:00,2026
4049009075046423405,URO915A ,A346,L4J,Large jet,True,Day,2026-03-14 18:45:30,2026-03-14 00:00:00,2026
6413088197510229906,GMA596  ,BE20,L2T,Turboprop,False,Evening,2026-03-14 19:50:30,2026-03-14 00:00:00,2026
626718050799708816,RYR46KY ,B738,L2J,Large jet,True,Evening,2026-03-14 22:28:35,2026-03-14 00:00:00,2026
10015415607861617105,EXS6010 ,B738,L2J,Large jet,True,Evening,2026-03-14 21:11:40,2026-03-14 00:00:00,2026
14811729036131973313,RYR54WK ,B38M,,Large jet,True,Day,2026-03-15 07:35:30,2026-03-15 00:00:00,2026
7784668493031304620,SFY1TM  ,DA42,L2P,GA / light,False,Day,2026-03-15 09:57:40,2026-03-15 00:00:00,2026
6046675276119751543,SRD224E ,B350,,Turboprop,False,Day,2026-03-15 10:14:25,2026-03-15 00:00:00,2026
4558470173210667678,RYR20MC ,B738,L2J,Large jet,True,Day,2026-03-15 12:38:00,2026-03-15 00:00:00,2026
1346958202466298117,GBUFH   ,P28A,L1P,GA / light,False,Day,2026-03-15 11:57:00,2026-03-15 00:00:00,2026
2774286619124007667,LJC6    ,B350,L2T,Turboprop,False,Day,2026-03-15 14:19:00,2026-03-15 00:00:00,2026
9029205743193606086,GOLAJ   ,R44,H1P,Helicopter,False,Day,2026-03-15 11:31:50,2026-03-15 00:00:00,2026
1822494718122013623,FSF303A ,PC12,,Turboprop,False,Day,2026-03-15 12:42:20,2026-03-15 00:00:00,2026
1748661218806246456,GOLAJ   ,R44,H1P,Helicopter,False,Day,2026-03-15 12:21:10,2026-03-15 00:00:00,2026
9121267606860479157,VCG2LE  ,C25M,L2J,Business jet,False,Day,2026-03-15 14:35:30,2026-03-15 00:00:00,2026
11806945769740773069,RYR46KY ,B738,L2J,Large jet,True,Day,2026-03-15 16:34:25,2026-03-15 00:00:00,2026
11795885185328757372,EZY15CF ,A320,L2J,Large jet,True,Day,2026-03-15 16:39:35,2026-03-15 00:00:00,2026
7594401759050049537,EXS19W  ,B738,L2J,Large jet,True,Day,2026-03-15 17:28:25,2026-03-15 00:00:00,2026
7530391063724537388,RYR22HC ,B38M,,Large jet,True,Day,2026-03-15 17:47:15,2026-03-15 00:00:00,2026
4585929312529478225,TOM7FT  ,B738,L2J,Large jet,True,Day,2026-03-15 18:16:55,2026-03-15 00:00:00,2026
4326622285124455771,AJO712  ,C25A,,Business jet,False,Day,2026-03-15 17:02:35,2026-03-15 00:00:00,2026
13553651463828052971,RUK8BP  ,B738,L2J,Large jet,True,Day,2026-03-15 18:09:05,2026-03-15 00:00:00,2026
12279989969283679785,RYR6FY  ,B738,L2J,Large jet,True,Evening,2026-03-15 20:03:40,2026-03-15 00:00:00,2026
3734946530264012468,URO601  ,A346,L4J,Large jet,True,Evening,2026-03-15 20:32:25,2026-03-15 00:00:00,2026
1552911032507978348,JFA63M  ,PC12,L1T,Turboprop,False,Day,2026-03-15 18:56:50,2026-03-15 00:00:00,2026
3077193727803264679,SRD375  ,,,Other,False,Evening,2026-03-15 19:59:55,2026-03-15 00:00:00,2026
16413930196115283120,RYR5AM  ,B738,L2J,Large jet,True,Evening,2026-03-15 22:45:05,2026-03-15 00:00:00,2026
14878183666077189894,GMA23   ,BE20,L2T,Turboprop,False,Evening,2026-03-15 22:38:00,2026-03-15 00:00:00,2026
7503680833194069967,GMA34   ,BE20,L2T,Turboprop,False,Night,2026-03-15 23:47:25,2026-03-15 00:00:00,2026
754054812628250317,RYR20MC ,B738,L2J,Large jet,True,Day,2026-03-16 07:51:20,2026-03-16 00:00:00,2026
13870396184228090486,NJU5CM  ,,,Other,False,Day,2026-03-16 09:38:55,2026-03-16 00:00:00,2026
5845683711158871359,HLY72   ,P46T,L1T,Turboprop,False,Day,2026-03-16 10:23:10,2026-03-16 00:00:00,2026
2810567478976679008,FRA83   ,FA20,L2J,Business jet,False,Day,2026-03-16 10:20:45,2026-03-16 00:00:00,2026
10468689670345634849,GEIMS   ,B505,H1T,Helicopter,False,Day,2026-03-16 09:59:55,2026-03-16 00:00:00,2026
11366320689392499760,BNTIA32 ,G115,L1P,GA / light,False,Day,2026-03-16 11:31:30,2026-03-16 00:00:00,2026
4118498849955122238,GBEWR   ,C172,L1P,GA / light,False,Day,2026-03-16 11:15:55,2026-03-16 00:00:00,2026
1281613143771613600,JFA93S  ,PC12,L1T,Turboprop,False,Day,2026-03-16 11:55:30,2026-03-16 00:00:00,2026
1515715641658131334,GMA101T ,,,Other,False,Day,2026-03-16 12:05:05,2026-03-16 00:00:00,2026
15519422616656008813,EZY56BH ,A319,L2J,Large jet,True,Day,2026-03-16 12:21:55,2026-03-16 00:00:00,2026
12249234856550113147,CRIMSON1,FA20,L2J,Business jet,False,Day,2026-03-16 12:27:20,2026-03-16 00:00:00,2026
9106392715802045617,CRIMSON2,FA20,L2J,Business jet,False,Day,2026-03-16 12:33:05,2026-03-16 00:00:00,2026
14671600518670342857,GBUFH   ,P28A,L1P,GA / light,False,Day,2026-03-16 11:50:15,2026-03-16 00:00:00,2026
17003783900394810360,WAD46   ,B350,L2T,Turboprop,False,Day,2026-03-16 13:23:55,2026-03-16 00:00:00,2026
16195723744894657824,SFY1TM  ,DA42,L2P,GA / light,False,Day,2026-03-16 12:24:55,2026-03-16 00:00:00,2026
5611427402512683144,RYR11MN ,B738,L2J,Large jet,True,Day,2026-03-16 14:53:55,2026-03-16 00:00:00,2026
9129770727843032452,RYR3971 ,B738,L2J,Large jet,True,Day,2026-03-16 15:28:20,2026-03-16 00:00:00,2026
3645531109589077972,EXS67DE ,B738,L2J,Large jet,True,Day,2026-03-16 15:37:35,2026-03-16 00:00:00,2026
14447731706282251713,GBUFH   ,P28A,L1P,GA / light,False,Day,2026-03-16 13:55:40,2026-03-16 00:00:00,2026
2053982581961183739,AMBER1  ,FA20,L2J,Business jet,False,Day,2026-03-16 16:05:05,2026-03-16 00:00:00,2026
15884219470103991196,GBUFH   ,P28A,L1P,GA / light,False,Day,2026-03-16 14:55:20,2026-03-16 00:00:00,2026
9393163346036609873,,EC35,H2T,Helicopter,False,Day,2026-03-16 14:51:45,2026-03-16 00:00:00,2026
136599096388875000,URO915  ,A346,L4J,Large jet,True,Day,2026-03-16 18:03:10,2026-03-16 00:00:00,2026
10615509627657922831,TOM8AE  ,B738,L2J,Large jet,True,Day,2026-03-16 17:47:15,2026-03-16 00:00:00,2026
2232350681954400964,EXS68M  ,B738,L2J,Large jet,True,Day,2026-03-16 17:42:35,2026-03-16 00:00:00,2026
12372528001896414451,GFFMV   ,DA42,L2P,GA / light,False,Day,2026-03-16 16:14:20,2026-03-16 00:00:00,2026
18231405272637832353,CRX9A   ,C25A,L2J,Business jet,False,Day,2026-03-16 16:15:40,2026-03-16 00:00:00,2026
568718710779108477,GBUFH   ,P28A,L1P,GA / light,False,Day,2026-03-16 17:05:10,2026-03-16 00:00:00,2026
2740959144508698110,RYR46KY ,B738,L2J,Large jet,True,Evening,2026-03-16 22:44:50,2026-03-16 00:00:00,2026
5154404735296633166,AMBER1  ,FA20,L2J,Business jet,False,Day,2026-03-17 10:41:15,2026-03-17 00:00:00,2026
4211215445479722555,AMBER3  ,,,Other,False,Day,2026-03-17 11:05:05,2026-03-17 00:00:00,2026
13902026395890505097,AMBER2  ,FA20,L2J,Business jet,False,Day,2026-03-17 11:13:00,2026-03-17 00:00:00,2026
3148750965186157363,GWLGC   ,P28A,L1P,GA / light,False,Day,2026-03-17 11:49:25,2026-03-17 00:00:00,2026
10653320435817511617,GBGYH   ,P28A,L1P,GA / light,False,Day,2026-03-17 12:48:25,2026-03-17 00:00:00,2026
2597626527239274311,GMA019  ,BE20,L2T,Turboprop,False,Day,2026-03-17 12:11:40,2026-03-17 00:00:00,2026
8871226887976648969,,P28A,L1P,GA / light,False,Day,2026-03-17 12:01:50,2026-03-17 00:00:00,2026
7425865762521861307,RYR9911 ,B738,L2J,Large jet,True,Day,2026-03-17 13:31:15,2026-03-17 00:00:00,2026
1881658458707672974,URO915A ,A346,L4J,Large jet,True,Day,2026-03-17 15:28:35,2026-03-17 00:00:00,2026
1107040488891193662,HLE10   ,A169,H2T,Helicopter,False,Day,2026-03-17 12:34:40,2026-03-17 00:00:00,2026
10207860619778650634,HLE56   ,EC35,H2T,Helicopter,False,Day,2026-03-17 12:52:45,2026-03-17 00:00:00,2026
17224493537571652740,GGCDB   ,SR20,L1P,GA / light,False,Day,2026-03-17 13:40:05,2026-03-17 00:00:00,2026
12252797949543385061,EMC45   ,LJ45,L2J,Business jet,False,Day,2026-03-17 14:06:15,2026-03-17 00:00:00,2026
4389170040010232588,SFY1TM  ,DA42,L2P,GA / light,False,Day,2026-03-17 15:52:50,2026-03-17 00:00:00,2026
14106528666217351325,GBFGD   ,C172,L1P,GA / light,False,Day,2026-03-17 14:59:55,2026-03-17 00:00:00,2026
15087604446571265729,EZY56BH ,A319,,Large jet,True,Day,2026-03-17 15:37:30,2026-03-17 00:00:00,2026
4380840706764097983,HLE56   ,EC35,H2T,Helicopter,False,Day,2026-03-17 14:13:25,2026-03-17 00:00:00,2026
16850472896998758421,EXS257G ,B738,L2J,Large jet,True,Day,2026-03-17 16:24:25,2026-03-17 00:00:00,2026
9991244256911675632,N363KC  ,S22T,L1P,GA / light,False,Day,2026-03-17 15:02:55,2026-03-17 00:00:00,2026
8084848242336095944,EXS2610 ,B738,L2J,Large jet,True,Day,2026-03-17 16:51:45,2026-03-17 00:00:00,2026
9606747370653095238,CRIMSON1,FA20,L2J,Business jet,False,Day,2026-03-17 16:11:10,2026-03-17 00:00:00,2026
4313561704543305026,LJC6    ,B350,L2T,Turboprop,False,Day,2026-03-17 17:04:15,2026-03-17 00:00:00,2026
16434726177395786625,RYR65FB ,,,Other,False,Day,2026-03-17 17:29:20,2026-03-17 00:00:00,2026
13162092002828556629,GBUFH   ,P28A,L1P,GA / light,False,Day,2026-03-17 16:23:05,2026-03-17 00:00:00,2026
15532929089925206909,GBDZD   ,C172,L1P,GA / light,False,Day,2026-03-17 17:48:40,2026-03-17 00:00:00,2026
11531516162589824661,TOM7KX  ,B738,L2J,Large jet,True,Day,2026-03-17 18:46:40,2026-03-17 00:00:00,2026
9098627523658405761,NJE661E ,C68A,,Business jet,False,Day,2026-03-17 16:49:00,2026-03-17 00:00:00,2026
16710516050466676075,GMA23   ,BE20,L2T,Turboprop,False,Day,2026-03-17 16:55:05,2026-03-17 00:00:00,2026
1360168645355907756,RYR46KY ,B738,L2J,Large jet,True,Day,2026-03-17 18:47:30,2026-03-17 00:00:00,2026
2138316809861105919,HLY72   ,P46T,L1T,Turboprop,False,Day,2026-03-17 18:13:55,2026-03-17 00:00:00,2026
8513207622478748576,,AA5,L1P,GA / light,False,Day,2026-03-17 18:05:15,2026-03-17 00:00:00,2026
1920951704367552019,RYR445X ,B38M,,Large jet,True,Evening,2026-03-17 20:18:05,2026-03-17 00:00:00,2026
209696501619726149,HLY72   ,P46T,L1T,Turboprop,False,Day,2026-03-17 18:57:15,2026-03-17 00:00:00,2026
15429882754085609821,URO601  ,A346,L4J,Large jet,True,Day,2026-03-18 06:31:05,2026-03-18 00:00:00,2026
5425224871375384344,CRIMSON1,FA20,L2J,Business jet,False,Day,2026-03-18 10:21:10,2026-03-18 00:00:00,2026
13796603905578118939,CRIMSON2,,,Other,False,Day,2026-03-18 10:22:40,2026-03-18 00:00:00,2026
5787786243286906642,GMUJD   ,RV12,L1P,GA / light,False,Day,2026-03-18 09:43:05,2026-03-18 00:00:00,2026
11846048967002351437,HLE10   ,A169,H2T,Helicopter,False,Day,2026-03-18 10:42:35,2026-03-18 00:00:00,2026
6370749731346587204,MDIVE   ,PC24,,Business jet,False,Day,2026-03-18 09:52:45,2026-03-18 00:00:00,2026
12763452283579638587,GEIMS   ,B505,H1T,Helicopter,False,Day,2026-03-18 09:58:00,2026-03-18 00:00:00,2026
16254947485989390339,REV6AF  ,F406,L2T,Turboprop,False,Day,2026-03-18 13:48:00,2026-03-18 00:00:00,2026
16692340734554664448,,C172,L1P,GA / light,False,Day,2026-03-18 10:02:05,2026-03-18 00:00:00,2026
18210405965121546557,,P28R,L1P,GA / light,False,Day,2026-03-18 10:23:10,2026-03-18 00:00:00,2026
5924039210354976756,GBUFH   ,P28A,L1P,GA / light,False,Day,2026-03-18 11:09:25,2026-03-18 00:00:00,2026
10714509769172566016,SFY1TM  ,DA42,L2P,GA / light,False,Day,2026-03-18 11:59:15,2026-03-18 00:00:00,2026
9372782443753982831,GBEWR   ,C172,L1P,GA / light,False,Day,2026-03-18 13:59:30,2026-03-18 00:00:00,2026
2986790699650175600,GPKUP   ,C42,L1P,GA / light,False,Day,2026-03-18 13:34:50,2026-03-18 00:00:00,2026
6799547146042471947,N278MP  ,TBM7,,Other,False,Day,2026-03-18 12:25:10,2026-03-18 00:00:00,2026
16704373276249517399,GBUJP   ,P28A,L1P,GA / light,False,Day,2026-03-18 13:15:45,2026-03-18 00:00:00,2026
13289800652847962436,SYS142  ,EC35,H2T,Helicopter,False,Day,2026-03-18 12:59:55,2026-03-18 00:00:00,2026
6937435016650846300,CRIMSON1,FA20,L2J,Business jet,False,Day,2026-03-18 14:49:50,2026-03-18 00:00:00,2026
2064956267959461426,CRIMSON2,,,Other,False,Day,2026-03-18 14:44:00,2026-03-18 00:00:00,2026
3204303829741506358,GBVKU   ,SF25,L1P,GA / light,False,Day,2026-03-18 13:59:55,2026-03-18 00:00:00,2026
10688586188720574590,,C172,L1P,GA / light,False,Day,2026-03-18 13:22:55,2026-03-18 00:00:00,2026
7948341606929711759,GOLAJ   ,R44,H1P,Helicopter,False,Day,2026-03-18 14:10:50,2026-03-18 00:00:00,2026
18401645130560701352,GDSJT   ,C182,L1P,GA / light,False,Day,2026-03-18 14:47:30,2026-03-18 00:00:00,2026
16551899295116443746,GBUFH   ,P28A,L1P,GA / light,False,Day,2026-03-18 14:59:55,2026-03-18 00:00:00,2026
2435478364026351354,GGCDB   ,SR20,L1P,GA / light,False,Day,2026-03-18 15:12:25,2026-03-18 00:00:00,2026
6404580779456456493,GMA100T ,BE20,L2T,Turboprop,False,Day,2026-03-18 15:48:20,2026-03-18 00:00:00,2026
4070500232656303970,N278MP  ,TBM7,,Other,False,Day,2026-03-18 14:56:30,2026-03-18 00:00:00,2026
687157381747292914,SYS64   ,EC35,H2T,Helicopter,False,Day,2026-03-18 14:54:00,2026-03-18 00:00:00,2026
281247088966191737,HLE10   ,A169,H2T,Helicopter,False,Day,2026-03-18 15:13:40,2026-03-18 00:00:00,2026
4385049944995596612,GPHTG   ,TOBA,L1P,GA / light,False,Day,2026-03-18 15:52:20,2026-03-18 00:00:00,2026
5606568262708132190,GPKUP   ,C42,L1P,GA / light,False,Day,2026-03-18 16:11:35,2026-03-18 00:00:00,2026
14549060904896780602,SFY1TM  ,DA42,L2P,GA / light,False,Day,2026-03-18 15:48:15,2026-03-18 00:00:00,2026
1144916477032069478,GOJVL   ,RV6,L1P,GA / light,False,Day,2026-03-18 16:06:40,2026-03-18 00:00:00,2026
5703916187805324106,EXS12A  ,B738,L2J,Large jet,True,Evening,2026-03-18 19:42:05,2026-03-18 00:00:00,2026
12886204669777591863,GBGYH   ,P28A,L1P,GA / light,False,Day,2026-03-18 16:18:30,2026-03-18 00:00:00,2026
8503949994099875444,TOM57V  ,B738,L2J,Large jet,True,Evening,2026-03-18 19:55:35,2026-03-18 00:00:00,2026
1033027592133859602,GBXDI   ,DHC1,L1P,GA / light,False,Day,2026-03-18 17:23:30,2026-03-18 00:00:00,2026
6690903085897194844,GBPVI   ,P32R,L1P,GA / light,False,Day,2026-03-18 18:50:20,2026-03-18 00:00:00,2026
13151517223108886504,RYR65FB ,B738,L2J,Large jet,True,Evening,2026-03-18 19:58:55,2026-03-18 00:00:00,2026
10667798169670322365,URO915  ,A346,L4J,Large jet,True,Evening,2026-03-18 21:52:15,2026-03-18 00:00:00,2026
15438202779585394768,HLE10   ,A169,H2T,Helicopter,False,Night,2026-03-19 02:09:50,2026-03-19 00:00:00,2026
1130113518786820176,HLE10   ,A169,H2T,Helicopter,False,Night,2026-03-19 03:09:00,2026-03-19 00:00:00,2026
4332886685562980465,RYR65FB ,,,Other,False,Day,2026-03-19 07:03:55,2026-03-19 00:00:00,2026
1835031538967426293,RYR9911 ,B738,L2J,Large jet,True,Day,2026-03-19 08:18:10,2026-03-19 00:00:00,2026
14657987371921443858,RYR46KY ,B738,L2J,Large jet,True,Day,2026-03-19 09:56:05,2026-03-19 00:00:00,2026
11730461172894545107,HLE10   ,A169,H2T,Helicopter,False,Day,2026-03-19 08:16:45,2026-03-19 00:00:00,2026
11969564012171349044,SFY1TM  ,DA42,L2P,GA / light,False,Day,2026-03-19 09:25:40,2026-03-19 00:00:00,2026
8378749780918287116,RUK8BP  ,B738,L2J,Large jet,True,Day,2026-03-19 09:28:35,2026-03-19 00:00:00,2026
3202866017037271544,URO601  ,A346,L4J,Large jet,True,Day,2026-03-19 11:33:45,2026-03-19 00:00:00,2026
10944139371188126268,SLS8A   ,,,Other,False,Day,2026-03-19 11:01:35,2026-03-19 00:00:00,2026
9843672727537370134,JFA76W  ,PC12,L1T,Turboprop,False,Day,2026-03-19 09:46:55,2026-03-19 00:00:00,2026
10604512969661941880,N6039X  ,AC11,L1P,GA / light,False,Day,2026-03-19 09:38:40,2026-03-19 00:00:00,2026
12597412779223328204,GDBSB   ,TL20,L1P,GA / light,False,Day,2026-03-19 10:23:55,2026-03-19 00:00:00,2026
2443776900285058299,GDKSK   ,TL20,L1P,GA / light,False,Day,2026-03-19 10:26:00,2026-03-19 00:00:00,2026
4656060900871683191,GEIMS   ,B505,H1T,Helicopter,False,Day,2026-03-19 09:58:40,2026-03-19 00:00:00,2026
1383059250639726720,FHJJL   ,PC12,L1T,Turboprop,False,Day,2026-03-19 11:11:15,2026-03-19 00:00:00,2026
10193305075738882086,SFY1TM  ,DA42,L2P,GA / light,False,Day,2026-03-19 11:23:30,2026-03-19 00:00:00,2026
7574129834662192366,GDENS   ,CP30,L1P,GA / light,False,Day,2026-03-19 10:43:45,2026-03-19 00:00:00,2026
7069251295183596543,GBEWR   ,C172,L1P,GA / light,False,Day,2026-03-19 11:59:55,2026-03-19 00:00:00,2026
8550509174683050655,GBUJP   ,P28A,L1P,GA / light,False,Day,2026-03-19 11:59:55,2026-03-19 00:00:00,2026
3965460765397979205,GCRIL   ,AC11,L1P,GA / light,False,Day,2026-03-19 12:25:40,2026-03-19 00:00:00,2026
17213802347305305670,GMA019  ,BE20,L2T,Turboprop,False,Day,2026-03-19 11:42:20,2026-03-19 00:00:00,2026
16594712574832340119,GCCZX   ,DR40,L1P,GA / light,False,Day,2026-03-19 12:17:35,2026-03-19 00:00:00,2026
112024608083163201,GCSLL   ,P28R,,Other,False,Day,2026-03-19 12:07:40,2026-03-19 00:00:00,2026
8038960381918733617,,R100,L1P,GA / light,False,Day,2026-03-19 11:40:15,2026-03-19 00:00:00,2026
9218469259449707535,UNI137  ,LJ45,,Business jet,False,Day,2026-03-19 13:45:00,2026-03-19 00:00:00,2026
14406659280696152223,GLHER   ,CRUZ,L1P,GA / light,False,Day,2026-03-19 11:59:55,2026-03-19 00:00:00,2026
11778799054722848302,GDENS   ,CP30,L1P,GA / light,False,Day,2026-03-19 12:50:45,2026-03-19 00:00:00,2026
2812176846683647383,URO914P ,A346,L4J,Large jet,True,Day,2026-03-19 13:16:55,2026-03-19 00:00:00,2026
14239058535853114483,RYR11MN ,,,Other,False,Day,2026-03-19 14:16:00,2026-03-19 00:00:00,2026
11313758035348801481,GBOJW   ,P28A,L1P,GA / light,False,Day,2026-03-19 13:19:35,2026-03-19 00:00:00,2026
295916483497015235,GBVGY   ,L8,L1P,GA / light,False,Day,2026-03-19 13:53:35,2026-03-19 00:00:00,2026
17114686991025434782,GGCDB   ,SR20,L1P,GA / light,False,Day,2026-03-19 13:41:30,2026-03-19 00:00:00,2026
7746566442656420780,URO681  ,A346,L4J,Large jet,True,Day,2026-03-19 15:53:30,2026-03-19 00:00:00,2026
11899473116647140237,CRIMSON1,FA20,L2J,Business jet,False,Day,2026-03-19 15:24:40,2026-03-19 00:00:00,2026
4811401778060944227,GBEWR   ,C172,L1P,GA / light,False,Day,2026-03-19 14:30:30,2026-03-19 00:00:00,2026
8828752698932545536,GBMJL   ,AC11,L1P,GA / light,False,Day,2026-03-19 14:03:10,2026-03-19 00:00:00,2026
7304744475189358824,SFY1TM  ,DA42,L2P,GA / light,False,Day,2026-03-19 14:15:15,2026-03-19 00:00:00,2026
6045156267512429808,GCMSK   ,,,Other,False,Day,2026-03-19 13:56:50,2026-03-19 00:00:00,2026
11096246862840637957,GCDAB   ,UNDEFINED,,Other,False,Day,2026-03-19 14:08:25,2026-03-19 00:00:00,2026
5090398780522651959,GBOJW   ,P28A,L1P,GA / light,False,Day,2026-03-19 14:45:30,2026-03-19 00:00:00,2026
11848586695065956949,GCLKB   ,C172,L1P,GA / light,False,Day,2026-03-19 14:44:20,2026-03-19 00:00:00,2026
16006389655735057278,GBWUH   ,P28A,L1P,GA / light,False,Day,2026-03-19 14:59:55,2026-03-19 00:00:00,2026
5616737011264739201,GCHIP   ,P28A,L1P,GA / light,False,Day,2026-03-19 15:05:05,2026-03-19 00:00:00,2026
9817339625757567299,GEIMS   ,B505,H1T,Helicopter,False,Day,2026-03-19 15:20:55,2026-03-19 00:00:00,2026
5605648509877896295,EZY56BH ,A320,L2J,Large jet,True,Day,2026-03-19 16:13:45,2026-03-19 00:00:00,2026
16130770577770279594,GBGYH   ,P28A,L1P,GA / light,False,Day,2026-03-19 15:18:05,2026-03-19 00:00:00,2026
13976304667432784873,GETPD   ,G12T,L1T,Turboprop,False,Day,2026-03-19 15:42:00,2026-03-19 00:00:00,2026
16186719617813407747,RYR54WK ,B38M,L2J,Large jet,True,Day,2026-03-19 18:05:50,2026-03-19 00:00:00,2026
1168667673476741857,SRD375  ,A139,,Other,False,Day,2026-03-19 16:51:50,2026-03-19 00:00:00,2026
14717253417763360056,GLIFB   ,AP32,L1P,GA / light,False,Day,2026-03-19 15:53:45,2026-03-19 00:00:00,2026
3002713878302228640,ABLE02  ,P28A,L1P,GA / light,False,Day,2026-03-19 16:16:00,2026-03-19 00:00:00,2026
14184775634425930821,GBXDI   ,DHC1,L1P,GA / light,False,Day,2026-03-19 16:21:45,2026-03-19 00:00:00,2026
3504850374137110332,EXS3AS  ,B738,L2J,Large jet,True,Day,2026-03-19 17:44:50,2026-03-19 00:00:00,2026
4370136583912842789,GBWUH   ,P28A,L1P,GA / light,False,Day,2026-03-19 16:09:45,2026-03-19 00:00:00,2026
7797276242190930923,TOM6TM  ,B738,L2J,Large jet,True,Day,2026-03-19 17:48:10,2026-03-19 00:00:00,2026
10020859709280163971,GBEWR   ,C172,L1P,GA / light,False,Day,2026-03-19 16:45:55,2026-03-19 00:00:00,2026
18124775310582920161,CFE7032 ,E190,L2J,Large jet,True,Day,2026-03-19 16:58:35,2026-03-19 00:00:00,2026
1876937289116466982,,P28A,L1P,GA / light,False,Day,2026-03-19 17:10:25,2026-03-19 00:00:00,2026
18218454625331276022,GBUFH   ,P28A,L1P,GA / light,False,Day,2026-03-19 17:40:05,2026-03-19 00:00:00,2026
8841243071696476022,RYR2323 ,B738,L2J,Large jet,True,Day,2026-03-19 17:29:40,2026-03-19 00:00:00,2026
17833283756223366331,SFY1TM  ,DA42,L2P,GA / light,False,Day,2026-03-19 17:16:40,2026-03-19 00:00:00,2026
1265724687517855757,GCISE   ,PULS,L1P,GA / light,False,Day,2026-03-19 17:53:10,2026-03-19 00:00:00,2026
5183648923477592875,EXS67BH ,B738,L2J,Large jet,True,Evening,2026-03-19 20:01:45,2026-03-19 00:00:00,2026
15603690407950234001,RYR445X ,B738,L2J,Large jet,True,Evening,2026-03-19 20:47:00,2026-03-19 00:00:00,2026
8330641257217173512,RYR20MC ,,,Other,False,Evening,2026-03-19 21:09:05,2026-03-19 00:00:00,2026
5677998651004739936,GMA23   ,BE20,L2T,Turboprop,False,Evening,2026-03-19 19:46:00,2026-03-19 00:00:00,2026
16259507101976019960,SAH53P  ,BE4W,,Business jet,False,Day,2026-03-20 10:34:10,2026-03-20 00:00:00,2026
11661725789733223061,GINDC   ,C303,L2P,GA / light,False,Day,2026-03-20 09:28:25,2026-03-20 00:00:00,2026
5621252005538540869,GBOHJ   ,C152,L1P,GA / light,False,Day,2026-03-20 10:39:45,2026-03-20 00:00:00,2026
10468513383497110713,GKY518  ,GLEX,L2J,Business jet,False,Day,2026-03-20 10:13:50,2026-03-20 00:00:00,2026
12367466845979141809,FRA88   ,FA20,L2J,Business jet,False,Day,2026-03-20 10:36:40,2026-03-20 00:00:00,2026
4697604975266239193,GBUFH   ,P28A,L1P,GA / light,False,Day,2026-03-20 11:14:35,2026-03-20 00:00:00,2026
652896798505943288,GOLGE   ,SR20,,Other,False,Day,2026-03-20 10:19:35,2026-03-20 00:00:00,2026
15638461851931325129,GEJMX   ,,,Other,False,Day,2026-03-20 11:47:10,2026-03-20 00:00:00,2026
17144664974894980221,GBDZD   ,C172,L1P,GA / light,False,Day,2026-03-20 11:18:15,2026-03-20 00:00:00,2026
9948186394196998705,GSHAZ   ,G2CA,H1P,Helicopter,False,Day,2026-03-20 12:12:10,2026-03-20 00:00:00,2026
15788405510421575872,GCMZB   ,,,Other,False,Day,2026-03-20 12:11:45,2026-03-20 00:00:00,2026
3797593912242839794,GCCZK   ,CH60,L1P,GA / light,False,Day,2026-03-20 10:57:35,2026-03-20 00:00:00,2026
17949357658808162937,GCKYL   ,C42,L1P,GA / light,False,Day,2026-03-20 11:38:30,2026-03-20 00:00:00,2026
4194666417235155538,GRHOD   ,SSTL,,Other,False,Day,2026-03-20 11:43:35,2026-03-20 00:00:00,2026
10728509940293368584,GTWIS   ,TWST,L1P,GA / light,False,Day,2026-03-20 11:39:50,2026-03-20 00:00:00,2026
3604454827461880582, GHBBH  ,C42,L1P,GA / light,False,Day,2026-03-20 12:17:30,2026-03-20 00:00:00,2026
16744420089887660497,GOYIO   ,DR40,L1P,GA / light,False,Day,2026-03-20 12:11:50,2026-03-20 00:00:00,2026
17501968905727914502,GINDC   ,C303,L2P,GA / light,False,Day,2026-03-20 11:24:15,2026-03-20 00:00:00,2026
3428368247237955438,GFLOE   ,R66,H1T,Helicopter,False,Day,2026-03-20 12:41:30,2026-03-20 00:00:00,2026
15194603051653425748,HLE10   ,A169,H2T,Helicopter,False,Day,2026-03-20 11:55:45,2026-03-20 00:00:00,2026
10613893232284081220,GBUFH   ,P28A,L1P,GA / light,False,Day,2026-03-20 12:22:05,2026-03-20 00:00:00,2026
11032206010314297945,GBEWR   ,C172,L1P,GA / light,False,Day,2026-03-20 13:12:30,2026-03-20 00:00:00,2026
2865495441013939521,RYR46KY ,B738,L2J,Large jet,True,Day,2026-03-20 14:29:15,2026-03-20 00:00:00,2026
6082984683411866811,GAVSI   ,P28A,L1P,GA / light,False,Day,2026-03-20 13:12:05,2026-03-20 00:00:00,2026
6302207321784008631,GINDC   ,C303,L2P,GA / light,False,Day,2026-03-20 12:42:15,2026-03-20 00:00:00,2026
12455320771695975271,GBMJL   ,AC11,L1P,GA / light,False,Day,2026-03-20 13:11:25,2026-03-20 00:00:00,2026
15815727477247860099,GBZTN   ,EUPA,L1P,GA / light,False,Day,2026-03-20 13:23:35,2026-03-20 00:00:00,2026
9203709742126979555,GBGYH   ,P28A,L1P,GA / light,False,Day,2026-03-20 13:38:55,2026-03-20 00:00:00,2026
17867192760005167619,GBUFH   ,P28A,L1P,GA / light,False,Day,2026-03-20 14:09:30,2026-03-20 00:00:00,2026
14948895958610879151,,AP22,L1P,GA / light,False,Day,2026-03-20 13:33:45,2026-03-20 00:00:00,2026
1003873106540774511,SRD203Z ,BE20,L2T,Turboprop,False,Day,2026-03-20 14:48:15,2026-03-20 00:00:00,2026
8687905797292322030,SFU51   ,C42,L1P,GA / light,False,Day,2026-03-20 14:46:45,2026-03-20 00:00:00,2026
5329948995703817166,RYR6FY  ,B738,L2J,Large jet,True,Day,2026-03-20 15:53:30,2026-03-20 00:00:00,2026
13339030601649702861,GCISE   ,PULS,L1P,GA / light,False,Day,2026-03-20 14:35:50,2026-03-20 00:00:00,2026
9345461634289431132,EXS67DE ,B738,L2J,Large jet,True,Day,2026-03-20 17:03:50,2026-03-20 00:00:00,2026
6421723419227642568,GDSJT   ,C182,L1P,GA / light,False,Day,2026-03-20 15:31:15,2026-03-20 00:00:00,2026
1982342191231004125,GCKYL   ,C42,L1P,GA / light,False,Day,2026-03-20 15:06:20,2026-03-20 00:00:00,2026
9558919107037835773,GOLAJ   ,R44,H1P,Helicopter,False,Day,2026-03-20 15:39:50,2026-03-20 00:00:00,2026
1087696017958792416,N256PT  ,BE58,L2P,GA / light,False,Day,2026-03-20 15:49:25,2026-03-20 00:00:00,2026
11144693059754187028,GCLZV   ,CLON,G1P,GA / light,False,Day,2026-03-20 15:57:35,2026-03-20 00:00:00,2026
16963382933539723390,GBGYH   ,P28A,L1P,GA / light,False,Day,2026-03-20 15:49:35,2026-03-20 00:00:00,2026
8023273350657051664,EZY56BH ,A319,,Large jet,True,Day,2026-03-20 16:04:50,2026-03-20 00:00:00,2026
3497742277537859875,GBUFH   ,P28A,L1P,GA / light,False,Day,2026-03-20 15:59:55,2026-03-20 00:00:00,2026
15065188024682256281,GARKM   ,PA22,L1P,GA / light,False,Day,2026-03-20 16:06:25,2026-03-20 00:00:00,2026
12414289529299266013,GBEWR   ,C172,L1P,GA / light,False,Day,2026-03-20 16:30:05,2026-03-20 00:00:00,2026
2565230711459267817,,P28A,L1P,GA / light,False,Day,2026-03-20 15:41:30,2026-03-20 00:00:00,2026
11393773049996835382,TOM2TG  ,B738,L2J,Large jet,True,Day,2026-03-20 18:23:00,2026-03-20 00:00:00,2026
8945748054247211497,GBWUH   ,P28A,L1P,GA / light,False,Day,2026-03-20 17:22:20,2026-03-20 00:00:00,2026
14407943342100340591,NJU732Q ,C56X,L2J,Business jet,False,Day,2026-03-20 17:24:15,2026-03-20 00:00:00,2026
6990536942896008788,GTWIS   ,TWST,L1P,GA / light,False,Day,2026-03-20 17:20:15,2026-03-20 00:00:00,2026
3491091125295641171,GRHOD   ,SSTL,,Other,False,Day,2026-03-20 17:27:00,2026-03-20 00:00:00,2026
9256581883221859844,GMA19   ,BE20,L2T,Turboprop,False,Day,2026-03-20 17:17:25,2026-03-20 00:00:00,2026
3256299002755393004,GBUFH   ,P28A,L1P,GA / light,False,Day,2026-03-20 18:10:00,2026-03-20 00:00:00,2026
12629283433872450792,GZAVI   ,C42,L1P,GA / light,False,Day,2026-03-20 17:26:00,2026-03-20 00:00:00,2026
2593064879120622930,GHBBH   ,C42,L1P,GA / light,False,Day,2026-03-20 17:56:20,2026-03-20 00:00:00,2026
18166633278366351861,RYR65FB ,B38M,,Large jet,True,Evening,2026-03-20 19:34:05,2026-03-20 00:00:00,2026
6620965803130021319,,P28A,L1P,GA / light,False,Day,2026-03-20 17:43:35,2026-03-20 00:00:00,2026
3140221573624517814,HLE10   ,A169,H2T,Helicopter,False,Day,2026-03-20 18:56:40,2026-03-20 00:00:00,2026
5262093081400907430,FRA76   ,FA20,L2J,Business jet,False,Evening,2026-03-20 19:31:20,2026-03-20 00:00:00,2026
231004006852005496,RYR20MC ,,,Other,False,Evening,2026-03-20 20:43:45,2026-03-20 00:00:00,2026
9299593064160622691,RUK8BP  ,B738,L2J,Large jet,True,Evening,2026-03-20 21:34:10,2026-03-20 00:00:00,2026
14700849230416574254,CFE7034 ,E190,L2J,Large jet,True,Evening,2026-03-20 21:43:00,2026-03-20 00:00:00,2026
10580583848194590361,RYR5AM  ,B738,L2J,Large jet,True,Night,2026-03-21 00:08:30,2026-03-20 00:00:00,2026
60080854766074312,GMA023  ,BE20,L2T,Turboprop,False,Night,2026-03-21 00:24:20,2026-03-20 00:00:00,2026
17743305765440671457,RYR22HC ,B38M,,Large jet,True,Day,2026-03-21 07:04:35,2026-03-21 00:00:00,2026
794738176903894472,EZS15WP ,A320,L2J,Large jet,True,Day,2026-03-21 08:08:10,2026-03-21 00:00:00,2026
3782309861045528889,HLE10   ,A169,H2T,Helicopter,False,Day,2026-03-21 08:07:10,2026-03-21 00:00:00,2026
15006681533616761517,QQE008  ,,,Other,False,Day,2026-03-21 08:52:35,2026-03-21 00:00:00,2026
10006446612302287291,HLE10   ,A169,H2T,Helicopter,False,Day,2026-03-21 08:42:20,2026-03-21 00:00:00,2026
13129594724886541107,URO601  ,A346,L4J,Large jet,True,Day,2026-03-21 11:50:35,2026-03-21 00:00:00,2026
3492828618749497289,GINDC   ,C303,L2P,GA / light,False,Day,2026-03-21 09:32:55,2026-03-21 00:00:00,2026
8046327772670833331,GCPSS   ,C208,L1T,Turboprop,False,Day,2026-03-21 15:59:15,2026-03-21 00:00:00,2026
12590434014397580392,HLE10   ,A169,H2T,Helicopter,False,Day,2026-03-21 10:31:45,2026-03-21 00:00:00,2026
8807169341924412265,GBXGT   ,SKAR,L1P,GA / light,False,Day,2026-03-21 11:37:55,2026-03-21 00:00:00,2026
9736822743989261231,SFY2JM  ,DA42,L2P,GA / light,False,Day,2026-03-21 11:10:35,2026-03-21 00:00:00,2026
7415131275868292999,GLBUZ   ,EV97,L1P,GA / light,False,Day,2026-03-21 10:48:40,2026-03-21 00:00:00,2026
2933007271361126601,GMEEP   ,R44,H1P,Helicopter,False,Day,2026-03-21 11:21:50,2026-03-21 00:00:00,2026
15852460229618080895,QQE008  ,,,Other,False,Day,2026-03-21 14:01:45,2026-03-21 00:00:00,2026
14813607497269659073,URO101  ,A346,L4J,Large jet,True,Day,2026-03-21 11:38:15,2026-03-21 00:00:00,2026
17686984570039360050,MSA708  ,B734,L2J,Large jet,True,Day,2026-03-21 12:01:05,2026-03-21 00:00:00,2026
8418413338223452243,GOLAJ   ,R44,H1P,Helicopter,False,Day,2026-03-21 11:20:25,2026-03-21 00:00:00,2026
3184071678957141335,N302JG  ,TBM7,L1T,Turboprop,False,Day,2026-03-21 13:44:40,2026-03-21 00:00:00,2026
14190138405532650287,,R44,H1P,Helicopter,False,Day,2026-03-21 11:09:35,2026-03-21 00:00:00,2026
9759570681869074524,RYR11MN ,B738,L2J,Large jet,True,Day,2026-03-21 13:00:55,2026-03-21 00:00:00,2026
11831976904994572467,GBJBW   ,P28A,L1P,GA / light,False,Day,2026-03-21 11:59:40,2026-03-21 00:00:00,2026
17360383291879412908,GPEEP   ,,,Other,False,Day,2026-03-21 12:57:25,2026-03-21 00:00:00,2026
10689482603956886794,GCCZL   ,C42,L1P,GA / light,False,Day,2026-03-21 12:29:40,2026-03-21 00:00:00,2026
9253570212653764100,N256PT  ,BE58,L2P,GA / light,False,Day,2026-03-21 13:48:10,2026-03-21 00:00:00,2026
3283681316048038586,GBVKU   ,SF25,L1P,GA / light,False,Day,2026-03-21 13:11:55,2026-03-21 00:00:00,2026
2001034701494694964,GBEWR   ,C172,L1P,GA / light,False,Day,2026-03-21 13:15:40,2026-03-21 00:00:00,2026
16371767878890882137,GCBCL   ,GLST,L1P,GA / light,False,Day,2026-03-21 13:40:25,2026-03-21 00:00:00,2026
1226816536417654698,GGCDB   ,SR20,L1P,GA / light,False,Day,2026-03-21 13:41:55,2026-03-21 00:00:00,2026
14051878491921421496,GINDC   ,C303,L2P,GA / light,False,Day,2026-03-21 13:16:45,2026-03-21 00:00:00,2026
1732388549346870613,GBZTN   ,EUPA,L1P,GA / light,False,Day,2026-03-21 13:47:20,2026-03-21 00:00:00,2026
1487476223830215359,NJE215W ,C68A,L2J,Business jet,False,Day,2026-03-21 13:30:35,2026-03-21 00:00:00,2026
5276261209757268474,RYR6765 ,B738,L2J,Large jet,True,Day,2026-03-21 15:27:40,2026-03-21 00:00:00,2026
9293666913163485518,GXSRF   ,EUPA,L1P,GA / light,False,Day,2026-03-21 14:08:20,2026-03-21 00:00:00,2026
1070677194516038332,GXIVA   ,RV14,L1P,GA / light,False,Day,2026-03-21 14:39:05,2026-03-21 00:00:00,2026
10454020517919387853,GCIOM   ,MM24,G1P,GA / light,False,Day,2026-03-21 14:44:30,2026-03-21 00:00:00,2026
13119314147936063561,EXS3AS  ,B738,L2J,Large jet,True,Day,2026-03-21 17:19:40,2026-03-21 00:00:00,2026
11463541393915295071,GIPPS   ,GA8,L1P,GA / light,False,Day,2026-03-21 14:54:20,2026-03-21 00:00:00,2026
7171884049336182111,GBEWR   ,C172,L1P,GA / light,False,Day,2026-03-21 14:59:55,2026-03-21 00:00:00,2026
10281138932653353323,EZY2696 ,A20N,L2J,Large jet,True,Day,2026-03-21 15:50:25,2026-03-21 00:00:00,2026
14204222080667570887,GDHAH   ,CH7A,L1P,GA / light,False,Day,2026-03-21 15:55:05,2026-03-21 00:00:00,2026
16158152937522375322,,ULAC,,Other,False,Day,2026-03-21 14:55:05,2026-03-21 00:00:00,2026
18205098537400801352,,P28A,L1P,GA / light,False,Day,2026-03-21 15:00:45,2026-03-21 00:00:00,2026
8816597111044399170,GBUFH   ,P28A,L1P,GA / light,False,Day,2026-03-21 15:28:05,2026-03-21 00:00:00,2026
13009292451125053395,GDADZ   ,CRUZ,L1P,GA / light,False,Day,2026-03-21 16:33:20,2026-03-21 00:00:00,2026
14929131077795723705,GCCZL   ,C42,L1P,GA / light,False,Day,2026-03-21 16:14:20,2026-03-21 00:00:00,2026
4776239074802132246,GOLAJ   ,R44,H1P,Helicopter,False,Day,2026-03-21 16:11:25,2026-03-21 00:00:00,2026
11449405505312215405,,CRUZ,L1P,GA / light,False,Day,2026-03-21 15:36:55,2026-03-21 00:00:00,2026
6142671154519532472,GOLGE   ,SR20,,Other,False,Day,2026-03-21 16:42:05,2026-03-21 00:00:00,2026
14460881156677496686,HLE10   ,A169,H2T,Helicopter,False,Day,2026-03-21 16:41:20,2026-03-21 00:00:00,2026
7119133771005547135,GBWUH   ,P28A,L1P,GA / light,False,Day,2026-03-21 17:46:50,2026-03-21 00:00:00,2026
2897804082098125319,GAWEI   ,D6CR,L1P,GA / light,False,Day,2026-03-21 17:23:20,2026-03-21 00:00:00,2026
10845176780608374001,SFY2JM  ,DA42,L2P,GA / light,False,Day,2026-03-21 17:30:10,2026-03-21 00:00:00,2026
806865705807453911,GBUJP   ,P28A,L1P,GA / light,False,Day,2026-03-21 17:37:05,2026-03-21 00:00:00,2026
703631040483499264,GBGYH   ,P28A,L1P,GA / light,False,Day,2026-03-21 17:30:45,2026-03-21 00:00:00,2026
14864233369368037149,GBPVI   ,P32R,L1P,GA / light,False,Day,2026-03-21 17:31:10,2026-03-21 00:00:00,2026
4623953880108610418,GMA023  ,BE20,L2T,Turboprop,False,Day,2026-03-21 18:49:35,2026-03-21 00:00:00,2026
7369484676896684729,RYR46KY ,B738,L2J,Large jet,True,Evening,2026-03-21 22:13:15,2026-03-21 00:00:00,2026
14336258875727660567,HLE10   ,A169,H2T,Helicopter,False,Evening,2026-03-21 21:35:30,2026-03-21 00:00:00,2026
18263588183698897308,RYR54WK ,B38M,,Large jet,True,Day,2026-03-22 07:53:05,2026-03-22 00:00:00,2026
12393892899721786597,N278LL  ,,,Other,False,Day,2026-03-22 09:41:25,2026-03-22 00:00:00,2026
14549206496863298100,SFY2JM  ,DA42,L2P,GA / light,False,Day,2026-03-22 12:13:55,2026-03-22 00:00:00,2026
16015819436388479211,RYR20MC ,B738,L2J,Large jet,True,Day,2026-03-22 12:17:15,2026-03-22 00:00:00,2026
6675844497658497853,JFU50Z  ,PC12,L1T,Turboprop,False,Day,2026-03-22 11:37:40,2026-03-22 00:00:00,2026
4222132410673493275,HLE10   ,A169,H2T,Helicopter,False,Day,2026-03-22 10:42:45,2026-03-22 00:00:00,2026
11010610625966485931,GBUFH   ,P28A,L1P,GA / light,False,Day,2026-03-22 11:58:00,2026-03-22 00:00:00,2026
9289566831117915594,GCLOZ   ,KFAB,,Other,False,Day,2026-03-22 11:53:15,2026-03-22 00:00:00,2026
927610143174982736,GMA510  ,C510,L2J,Business jet,False,Day,2026-03-22 12:55:30,2026-03-22 00:00:00,2026
8719737606939716835,GCCZK   ,CH60,L1P,GA / light,False,Day,2026-03-22 12:09:40,2026-03-22 00:00:00,2026
894780205497002862,GWZOY   ,COY2,L1P,GA / light,False,Day,2026-03-22 12:55:35,2026-03-22 00:00:00,2026
4967358305463018973,GCISE   ,PULS,L1P,GA / light,False,Day,2026-03-22 12:59:55,2026-03-22 00:00:00,2026
7049154630216464290,GBUFH   ,P28A,L1P,GA / light,False,Day,2026-03-22 13:39:10,2026-03-22 00:00:00,2026
13406405117762182103,GDADZ   ,CRUZ,L1P,GA / light,False,Day,2026-03-22 13:38:00,2026-03-22 00:00:00,2026
16375727238712360687,N152WB  ,DA40,,Other,False,Day,2026-03-22 13:38:15,2026-03-22 00:00:00,2026
9961648378288849276,GCMZB   ,,,Other,False,Day,2026-03-22 14:54:25,2026-03-22 00:00:00,2026
460354009398712390,GBEWR   ,C172,L1P,GA / light,False,Day,2026-03-22 14:17:15,2026-03-22 00:00:00,2026
3844410410991744486,,DA42,L2P,GA / light,False,Day,2026-03-22 13:52:15,2026-03-22 00:00:00,2026
10724966030739003437,SFY2JM  ,DA42,L2P,GA / light,False,Day,2026-03-22 14:13:00,2026-03-22 00:00:00,2026
6538414630430480885,GOLGE   ,SR20,,Other,False,Day,2026-03-22 14:39:15,2026-03-22 00:00:00,2026
14059437696816171718,GBGYH   ,P28A,L1P,GA / light,False,Day,2026-03-22 15:05:15,2026-03-22 00:00:00,2026
684131980860566844,GCFVH   ,GLID,,Other,False,Day,2026-03-22 16:33:05,2026-03-22 00:00:00,2026
11834430073060305600,RYR46KY ,B738,L2J,Large jet,True,Day,2026-03-22 16:33:55,2026-03-22 00:00:00,2026
3153213962894783718,GNCDC   ,NNJA,,Other,False,Day,2026-03-22 14:46:20,2026-03-22 00:00:00,2026
16988685368755081200,GNILT   ,EV97,L1P,GA / light,False,Day,2026-03-22 14:59:55,2026-03-22 00:00:00,2026
18439188883774775149,EXS062J ,B738,L2J,Large jet,True,Day,2026-03-22 15:27:50,2026-03-22 00:00:00,2026
3961036287673739374,N257SA  ,PA32,L1P,GA / light,False,Day,2026-03-22 15:24:30,2026-03-22 00:00:00,2026
3762976670634324998,TOM7FT  ,B738,L2J,Large jet,True,Day,2026-03-22 18:30:10,2026-03-22 00:00:00,2026
6395715806912728994,RYR22HC ,,,Other,False,Day,2026-03-22 17:30:20,2026-03-22 00:00:00,2026
2540736922026201284,EXS19W  ,B738,L2J,Large jet,True,Day,2026-03-22 17:46:55,2026-03-22 00:00:00,2026
4754485935345616196,SFY2JM  ,DA42,L2P,GA / light,False,Day,2026-03-22 17:06:55,2026-03-22 00:00:00,2026
16285859184495726761,EZY15CF ,A20N,L2J,Large jet,True,Day,2026-03-22 17:08:25,2026-03-22 00:00:00,2026
13583938025711807547,GNCDC   ,NNJA,,Other,False,Day,2026-03-22 16:23:10,2026-03-22 00:00:00,2026
16241983171805956955,GBUFH   ,P28A,L1P,GA / light,False,Day,2026-03-22 17:30:10,2026-03-22 00:00:00,2026
9939417797689719609,GBEWR   ,C172,L1P,GA / light,False,Day,2026-03-22 17:20:00,2026-03-22 00:00:00,2026
15356735746034990575,GMA023  ,BE20,L2T,Turboprop,False,Day,2026-03-22 17:43:45,2026-03-22 00:00:00,2026
8356942589544738232,RUK8BP  ,B738,,Large jet,True,Day,2026-03-22 18:25:10,2026-03-22 00:00:00,2026
11811551792878717199,RYR6FY  ,B738,L2J,Large jet,True,Evening,2026-03-22 20:07:45,2026-03-22 00:00:00,2026
3298900237904449060,URO601  ,A346,L4J,Large jet,True,Evening,2026-03-22 20:34:15,2026-03-22 00:00:00,2026
14991033542447106124,JFA28X  ,PC12,L1T,Turboprop,False,Evening,2026-03-22 19:30:35,2026-03-22 00:00:00,2026
4345373165006901286,RYR5AM  ,B738,L2J,Large jet,True,Evening,2026-03-22 22:18:55,2026-03-22 00:00:00,2026
14150018197370741368,GCLRW   ,P28R,L1P,GA / light,False,Evening,2026-03-22 21:59:55,2026-03-22 00:00:00,2026
17666031768874101296,URO681A ,A346,L4J,Large jet,True,Day,2026-03-23 06:41:40,2026-03-23 00:00:00,2026
407197496944060533,RYR20MC ,B738,L2J,Large jet,True,Day,2026-03-23 07:37:30,2026-03-23 00:00:00,2026
2662972085282130600,VCG1LE  ,C25M,L2J,Business jet,False,Day,2026-03-23 08:31:50,2026-03-23 00:00:00,2026
18097288451435874922,GEIMS   ,B505,H1T,Helicopter,False,Day,2026-03-23 09:56:05,2026-03-23 00:00:00,2026
6290654125558621902,CRIMSON1,FA20,L2J,Business jet,False,Day,2026-03-23 11:26:15,2026-03-23 00:00:00,2026
16273417955759844625,CRIMSON2,,,Other,False,Day,2026-03-23 11:32:05,2026-03-23 00:00:00,2026
7699959673587709269,N999F   ,BE33,L1P,GA / light,False,Day,2026-03-23 11:35:20,2026-03-23 00:00:00,2026
466771723598529882,BTNIA17 ,G115,L1P,GA / light,False,Day,2026-03-23 11:20:55,2026-03-23 00:00:00,2026
16087464063974481258,SRD224B ,B350,,Turboprop,False,Day,2026-03-23 15:20:50,2026-03-23 00:00:00,2026
14271623964139042471,EZY56BH ,A319,L2J,Large jet,True,Day,2026-03-23 12:01:15,2026-03-23 00:00:00,2026
9665459608989237851,BWY40   ,FA20,L2J,Business jet,False,Day,2026-03-23 13:09:25,2026-03-23 00:00:00,2026
6160388206230718332,HLE10   ,A169,H2T,Helicopter,False,Day,2026-03-23 11:09:35,2026-03-23 00:00:00,2026
5135681726273703270,SFY2JM  ,DA42,L2P,GA / light,False,Day,2026-03-23 12:10:10,2026-03-23 00:00:00,2026
13099153643885918300,SRD226B ,B350,,Turboprop,False,Day,2026-03-23 13:47:35,2026-03-23 00:00:00,2026
10723154512253012864,GMA023  ,BE20,L2T,Turboprop,False,Day,2026-03-23 13:43:30,2026-03-23 00:00:00,2026
4962845421250587414,BTNIA11 ,G115,L1P,GA / light,False,Day,2026-03-23 13:36:05,2026-03-23 00:00:00,2026
742124624970515519,RYR11MN ,B738,L2J,Large jet,True,Day,2026-03-23 14:38:15,2026-03-23 00:00:00,2026
4925206034892713289,SFY2JM  ,DA42,L2P,GA / light,False,Day,2026-03-23 14:54:30,2026-03-23 00:00:00,2026
18232888841250287030,GBUFH   ,P28A,L1P,GA / light,False,Day,2026-03-23 14:26:55,2026-03-23 00:00:00,2026
10928686010421567558,RYR3971 ,B738,L2J,Large jet,True,Day,2026-03-23 16:03:30,2026-03-23 00:00:00,2026
11721135261646133918,EXS67DE ,B738,L2J,Large jet,True,Day,2026-03-23 16:27:55,2026-03-23 00:00:00,2026
5800857859412673362,GOLGE   ,SR20,,Other,False,Day,2026-03-23 14:52:00,2026-03-23 00:00:00,2026
4234611645487126447,GGGPC   ,,,Other,False,Day,2026-03-23 14:52:35,2026-03-23 00:00:00,2026
4479266763967757676,EXS68M  ,B738,L2J,Large jet,True,Day,2026-03-23 18:07:55,2026-03-23 00:00:00,2026
5475317474309484376,BTNIA18 ,G115,L1P,GA / light,False,Day,2026-03-23 16:05:25,2026-03-23 00:00:00,2026
10501285656985035122,TOM8AE  ,B738,L2J,Large jet,True,Day,2026-03-23 18:14:20,2026-03-23 00:00:00,2026
10706222867897812953,SFY2JM  ,DA42,L2P,GA / light,False,Day,2026-03-23 16:45:00,2026-03-23 00:00:00,2026
15813703439150891658,GBUFH   ,P28A,L1P,GA / light,False,Day,2026-03-23 17:53:10,2026-03-23 00:00:00,2026
7287432738119798915,GOLGE   ,SR20,,Other,False,Day,2026-03-23 16:53:55,2026-03-23 00:00:00,2026
10963659256467436103,HLE10   ,A169,H2T,Helicopter,False,Day,2026-03-23 17:13:30,2026-03-23 00:00:00,2026
4993758930577278412,MYAIC   ,E55P,L2J,Business jet,False,Day,2026-03-23 18:43:05,2026-03-23 00:00:00,2026
1834582858972843052,SFY2JM  ,DA42,L2P,GA / light,False,Evening,2026-03-23 19:44:20,2026-03-23 00:00:00,2026
3935355463926773337,GGCDB   ,SR20,L1P,GA / light,False,Evening,2026-03-23 19:53:10,2026-03-23 00:00:00,2026
2941599334448597100,GWFWA   ,P28A,L1P,GA / light,False,Evening,2026-03-23 21:18:55,2026-03-23 00:00:00,2026
13471647344563909816,RYR46KY ,B738,L2J,Large jet,True,Evening,2026-03-23 22:42:15,2026-03-23 00:00:00,2026
5583935284347428733,URO601  ,A346,L4J,Large jet,True,Day,2026-03-24 11:14:30,2026-03-24 00:00:00,2026
16524485918366928008,SFY2JM  ,DA42,L2P,GA / light,False,Day,2026-03-24 09:47:35,2026-03-24 00:00:00,2026
7421174990513822436,AMBER2  ,,,Other,False,Day,2026-03-24 11:32:00,2026-03-24 00:00:00,2026
210845186982556843,TOM1CM  ,B738,L2J,Large jet,True,Day,2026-03-24 12:28:50,2026-03-24 00:00:00,2026
2144612806769995637,N101DW  ,P32R,L1P,GA / light,False,Day,2026-03-24 11:37:35,2026-03-24 00:00:00,2026
950613461685074513,URO913  ,A346,L4J,Large jet,True,Day,2026-03-24 12:19:40,2026-03-24 00:00:00,2026
17973849812639055601,PIPE65  ,,,Other,False,Day,2026-03-24 14:21:55,2026-03-24 00:00:00,2026
4086238397336542589,RYR9911 ,B738,L2J,Large jet,True,Day,2026-03-24 13:35:00,2026-03-24 00:00:00,2026
7414897952070313489,VLZ49J  ,,,Other,False,Day,2026-03-24 12:49:10,2026-03-24 00:00:00,2026
421955984177535561,EXS257G ,B738,L2J,Large jet,True,Day,2026-03-24 16:18:45,2026-03-24 00:00:00,2026
5063231061498898049,AMBER2  ,,,Other,False,Day,2026-03-24 16:15:50,2026-03-24 00:00:00,2026
13520381261819044109,EZY56BH ,A319,L2J,Large jet,True,Day,2026-03-24 15:43:30,2026-03-24 00:00:00,2026
8329974748703065099,AMBER1  ,FA20,L2J,Business jet,False,Day,2026-03-24 16:23:05,2026-03-24 00:00:00,2026
1525135164716190943,EXS2610 ,B738,L2J,Large jet,True,Day,2026-03-24 17:11:45,2026-03-24 00:00:00,2026
8872813151559331078,RYR65FB ,B38M,L2J,Large jet,True,Day,2026-03-24 17:37:05,2026-03-24 00:00:00,2026
18174973765983513655,TOM7KX  ,B738,L2J,Large jet,True,Day,2026-03-24 18:36:10,2026-03-24 00:00:00,2026
3826065169159443403,RYR46KY ,B738,L2J,Large jet,True,Evening,2026-03-24 19:36:00,2026-03-24 00:00:00,2026
17734064116031517566,FJO649  ,GLF6,L2J,Business jet,False,Evening,2026-03-24 20:48:40,2026-03-24 00:00:00,2026
9419717880374336560,NJE543A ,,,Other,False,Evening,2026-03-24 19:24:25,2026-03-24 00:00:00,2026
4391116039177007815,RYR445X ,B38M,,Large jet,True,Evening,2026-03-24 21:13:10,2026-03-24 00:00:00,2026
14018352458935832315,FRA83   ,FA20,L2J,Business jet,False,Day,2026-03-25 11:13:05,2026-03-25 00:00:00,2026
5493182995189758661,CRIMSON1,FA20,L2J,Business jet,False,Day,2026-03-25 11:29:35,2026-03-25 00:00:00,2026
17890896544410195834,CRIMSON2,,,Other,False,Day,2026-03-25 11:26:10,2026-03-25 00:00:00,2026
5734482229247116521,BOO003  ,,,Other,False,Day,2026-03-25 11:52:05,2026-03-25 00:00:00,2026
8779553642082434750,GBEWR   ,C172,L1P,GA / light,False,Day,2026-03-25 12:11:55,2026-03-25 00:00:00,2026
14768216271856245030,AOM083M ,LJ45,,Business jet,False,Day,2026-03-25 15:27:35,2026-03-25 00:00:00,2026
16679647479591632408,SAZ62   ,CL60,L2J,Business jet,False,Day,2026-03-25 15:32:30,2026-03-25 00:00:00,2026
8533560139121603169,EXS12A  ,B738,L2J,Large jet,True,Evening,2026-03-25 19:30:05,2026-03-25 00:00:00,2026
16086145703841245491,S5CKT   ,,,Other,False,Day,2026-03-25 16:06:40,2026-03-25 00:00:00,2026
4703423747917118938,TOM57V  ,B738,L2J,Large jet,True,Evening,2026-03-25 20:08:00,2026-03-25 00:00:00,2026
14093131592168363531,VCG3LE  ,C25M,L2J,Business jet,False,Day,2026-03-25 18:45:35,2026-03-25 00:00:00,2026
18031664655762466324,RYR65FB ,B38M,L2J,Large jet,True,Evening,2026-03-25 20:22:55,2026-03-25 00:00:00,2026
10747142690053875858,GMA023  ,BE20,L2T,Turboprop,False,Evening,2026-03-25 22:34:25,2026-03-25 00:00:00,2026
8221655143733539208,RYR65FB ,,,Other,False,Day,2026-03-26 07:28:35,2026-03-26 00:00:00,2026
8034690624418824466,RYR9911 ,B738,L2J,Large jet,True,Day,2026-03-26 08:32:50,2026-03-26 00:00:00,2026
14310287972196638424,RYR46KY ,B738,L2J,Large jet,True,Day,2026-03-26 10:03:45,2026-03-26 00:00:00,2026
594649618548277160,RUK8BP  ,B738,L2J,Large jet,True,Day,2026-03-26 09:12:40,2026-03-26 00:00:00,2026
17359191294352225759,URO601  ,A346,L4J,Large jet,True,Day,2026-03-26 11:23:45,2026-03-26 00:00:00,2026
4321842729299370357,SFY1TM  ,DA42,L2P,GA / light,False,Day,2026-03-26 10:35:30,2026-03-26 00:00:00,2026
5429188369294429828,FRA81   ,FA20,L2J,Business jet,False,Day,2026-03-26 11:11:50,2026-03-26 00:00:00,2026
17255621087979197348,GEIMS   ,B505,H1T,Helicopter,False,Day,2026-03-26 09:59:55,2026-03-26 00:00:00,2026
7073312643603690411,,DA42,L2P,GA / light,False,Day,2026-03-26 10:16:30,2026-03-26 00:00:00,2026
13194886432977530245,GOLGE   ,SR20,,Other,False,Day,2026-03-26 11:54:55,2026-03-26 00:00:00,2026
3275346350860651653,GARKM   ,PA22,L1P,GA / light,False,Day,2026-03-26 11:18:30,2026-03-26 00:00:00,2026
5543964594262460139,GBEWR   ,C172,L1P,GA / light,False,Day,2026-03-26 12:21:00,2026-03-26 00:00:00,2026
1102595779583585156,GBPOT   ,P28A,L1P,GA / light,False,Day,2026-03-26 12:29:10,2026-03-26 00:00:00,2026
4706932310133046264,GOLGE   ,SR20,,Other,False,Day,2026-03-26 12:52:10,2026-03-26 00:00:00,2026
1547752749206191166,GDSJT   ,C182,L1P,GA / light,False,Day,2026-03-26 13:54:15,2026-03-26 00:00:00,2026
11292274471791649859,RYR11MN ,B38M,L2J,Large jet,True,Day,2026-03-26 14:15:40,2026-03-26 00:00:00,2026
1082365270874208795,N936CT  ,S22T,L1P,GA / light,False,Day,2026-03-26 13:13:35,2026-03-26 00:00:00,2026
8056539082852885403,GGCDB   ,SR20,L1P,GA / light,False,Day,2026-03-26 12:42:35,2026-03-26 00:00:00,2026
18267037551468238553,URO913P ,A346,L4J,Large jet,True,Day,2026-03-26 13:44:00,2026-03-26 00:00:00,2026
17377468495348465632,GPORK   ,AA5,L1P,GA / light,False,Day,2026-03-26 13:31:25,2026-03-26 00:00:00,2026
15692471497491737128,BTNIA10 ,G115,L1P,GA / light,False,Day,2026-03-26 14:31:25,2026-03-26 00:00:00,2026
17094806227358426861,BTNIA16 ,G115,L1P,GA / light,False,Day,2026-03-26 14:33:20,2026-03-26 00:00:00,2026
1195665570886176369,GBEWR   ,C172,L1P,GA / light,False,Day,2026-03-26 15:49:10,2026-03-26 00:00:00,2026
8148265964964983169,GCKYL   ,C42,L1P,GA / light,False,Day,2026-03-26 15:41:30,2026-03-26 00:00:00,2026
5247485354041568735,EZY56BH ,A319,L2J,Large jet,True,Day,2026-03-26 16:20:45,2026-03-26 00:00:00,2026
15565373987561507605,RYR54WK ,B38M,L2J,Large jet,True,Day,2026-03-26 18:26:40,2026-03-26 00:00:00,2026
15243202499172516399,SRD375  ,A139,,Other,False,Day,2026-03-26 16:05:35,2026-03-26 00:00:00,2026
1112437232990886552,GDSJT   ,C182,L1P,GA / light,False,Day,2026-03-26 15:26:40,2026-03-26 00:00:00,2026
12346693074353435663,,P28A,L1P,GA / light,False,Day,2026-03-26 15:21:30,2026-03-26 00:00:00,2026
10437983437756664547,SFY1TM  ,DA42,L2P,GA / light,False,Day,2026-03-26 17:22:15,2026-03-26 00:00:00,2026
2201238807292802833,GNNJA   ,SKRA,L1P,GA / light,False,Day,2026-03-26 15:43:00,2026-03-26 00:00:00,2026
10290669619755485088,TOM6TM  ,B738,L2J,Large jet,True,Day,2026-03-26 17:58:40,2026-03-26 00:00:00,2026
8724309147812851310,FRA83   ,FA20,L2J,Business jet,False,Day,2026-03-26 16:06:35,2026-03-26 00:00:00,2026
4313413055762147836,BTNIA18 ,G115,L1P,GA / light,False,Day,2026-03-26 16:30:05,2026-03-26 00:00:00,2026
5095749572643150261,GBUFH   ,P28A,L1P,GA / light,False,Day,2026-03-26 16:59:55,2026-03-26 00:00:00,2026
3282846073329220461,GCISE   ,PULS,L1P,GA / light,False,Day,2026-03-26 17:16:15,2026-03-26 00:00:00,2026
15457937942194187918,EXS67BH ,B738,L2J,Large jet,True,Evening,2026-03-26 19:55:25,2026-03-26 00:00:00,2026
1620324170041507296,GBEWR   ,C172,L1P,GA / light,False,Day,2026-03-26 18:51:10,2026-03-26 00:00:00,2026
13031835381356029801,RYR445X ,B738,L2J,Large jet,True,Evening,2026-03-26 20:51:20,2026-03-26 00:00:00,2026
6058278628081282862,RYR20MC ,B38M,L2J,Large jet,True,Evening,2026-03-26 21:12:15,2026-03-26 00:00:00,2026
758733986095018597,SFY1TM  ,DA42,L2P,GA / light,False,Day,2026-03-27 10:31:30,2026-03-27 00:00:00,2026
15674049523640848810,GBGYH   ,P28A,L1P,GA / light,False,Day,2026-03-27 10:09:35,2026-03-27 00:00:00,2026
14895070866789602330,FRA39   ,BN2T,,Other,False,Day,2026-03-27 11:56:10,2026-03-27 00:00:00,2026
17663504851834640356,RYR6FY  ,B738,L2J,Large jet,True,Day,2026-03-27 12:24:30,2026-03-27 00:00:00,2026
5924541245306841087,SRG226B ,B350,,Turboprop,False,Day,2026-03-27 13:41:45,2026-03-27 00:00:00,2026
8633612537233376180,SFY1TM  ,DA42,L2P,GA / light,False,Day,2026-03-27 13:43:50,2026-03-27 00:00:00,2026
8481229330417736655,AMBER2  ,,,Other,False,Day,2026-03-27 12:46:00,2026-03-27 00:00:00,2026
11604235833918100248,RYR46KY ,B38M,L2J,Large jet,True,Day,2026-03-27 13:59:30,2026-03-27 00:00:00,2026
10594214323634593334,HLE10   ,A169,H2T,Helicopter,False,Day,2026-03-27 12:21:30,2026-03-27 00:00:00,2026
11053733159022624779,FRA84   ,FA20,L2J,Business jet,False,Day,2026-03-27 15:20:15,2026-03-27 00:00:00,2026
11202708143226839679,TOM2TG  ,B738,L2J,Large jet,True,Day,2026-03-27 18:24:15,2026-03-27 00:00:00,2026
4306572311001139680,EXS67DE ,B738,L2J,Large jet,True,Day,2026-03-27 17:05:40,2026-03-27 00:00:00,2026
2148722666217788442,ECA2XA  ,C25A,L2J,Business jet,False,Day,2026-03-27 17:00:20,2026-03-27 00:00:00,2026
2196265542900583631,GBGYH   ,P28A,L1P,GA / light,False,Day,2026-03-27 15:54:30,2026-03-27 00:00:00,2026
17255812528902598190,EXS257G ,B738,L2J,Large jet,True,Day,2026-03-27 18:55:55,2026-03-27 00:00:00,2026
16193194548091933234,EZY56BH ,A320,L2J,Large jet,True,Day,2026-03-27 16:38:40,2026-03-27 00:00:00,2026
7123322972470710180,SRG375  ,A139,,Other,False,Day,2026-03-27 15:49:00,2026-03-27 00:00:00,2026
7488170181219883739,SRG375  ,A139,,Other,False,Day,2026-03-27 17:46:40,2026-03-27 00:00:00,2026
6968705673757158007,GMA023  ,BE20,L2T,Turboprop,False,Day,2026-03-27 16:46:25,2026-03-27 00:00:00,2026
16868560283132957682,SWW264  ,,,Other,False,Day,2026-03-27 17:34:55,2026-03-27 00:00:00,2026
12423060970668405226,RYR65FB ,,,Other,False,Evening,2026-03-27 19:47:20,2026-03-27 00:00:00,2026
9937069966223440721,URO681  ,A346,L4J,Large jet,True,Evening,2026-03-27 20:51:15,2026-03-27 00:00:00,2026
14526353004847420615,RYR20MC ,,,Other,False,Evening,2026-03-27 21:09:15,2026-03-27 00:00:00,2026
2598046834562775861,RYR5AM  ,B738,L2J,Large jet,True,Evening,2026-03-27 22:45:00,2026-03-27 00:00:00,2026
5281214651921864486,SRG375  ,A139,,Other,False,Evening,2026-03-27 19:33:05,2026-03-27 00:00:00,2026
17115550654557675118,RUK8BP  ,B738,L2J,Large jet,True,Evening,2026-03-27 21:59:55,2026-03-27 00:00:00,2026
11375229385118420600,RYR22HC ,B38M,L2J,Large jet,True,Day,2026-03-28 07:06:50,2026-03-28 00:00:00,2026
18208234157711632063,EZS15WP ,A320,L2J,Large jet,True,Day,2026-03-28 08:11:55,2026-03-28 00:00:00,2026
14770094892464573671,HLE10   ,A169,H2T,Helicopter,False,Day,2026-03-28 10:07:15,2026-03-28 00:00:00,2026
4855907423935111389,LUA817F ,C56X,L2J,Business jet,False,Day,2026-03-28 10:58:40,2026-03-28 00:00:00,2026
12284676994553095423,GARMC   ,DHC1,L1P,GA / light,False,Day,2026-03-28 09:54:00,2026-03-28 00:00:00,2026
14264500876826899568,VCG1EZ  ,C25M,L2J,Business jet,False,Day,2026-03-28 09:54:25,2026-03-28 00:00:00,2026
4606040192367931455,URO601  ,A346,L4J,Large jet,True,Day,2026-03-28 12:01:45,2026-03-28 00:00:00,2026
13074006513837874205,SFY1TM  ,DA42,L2P,GA / light,False,Day,2026-03-28 11:44:45,2026-03-28 00:00:00,2026
14596220725658637405,TOM67H  ,B38M,L2J,Large jet,True,Day,2026-03-28 11:57:05,2026-03-28 00:00:00,2026
15509662435525349384,EXS3GP  ,B738,L2J,Large jet,True,Day,2026-03-28 13:04:00,2026-03-28 00:00:00,2026
7820551164402896120,FRA39   ,BN2T,,Other,False,Day,2026-03-28 11:39:35,2026-03-28 00:00:00,2026
1360472539794455306,RYR11MN ,B738,L2J,Large jet,True,Day,2026-03-28 13:13:25,2026-03-28 00:00:00,2026
14412924100650177965,N278MP  ,TBM7,,Other,False,Day,2026-03-28 12:29:35,2026-03-28 00:00:00,2026
14422058290691937939,GBEWR   ,C172,L1P,GA / light,False,Day,2026-03-28 12:40:45,2026-03-28 00:00:00,2026
6376173157770135506,RYR6765 ,B738,L2J,Large jet,True,Day,2026-03-28 15:21:15,2026-03-28 00:00:00,2026
18055868894268843648,GBWUH   ,P28A,L1P,GA / light,False,Day,2026-03-28 13:14:50,2026-03-28 00:00:00,2026
15451314508365765694,GCDAB   ,UNDEFINED,,Other,False,Day,2026-03-28 13:22:00,2026-03-28 00:00:00,2026
6315179993204912948,GGCDB   ,SR20,L1P,GA / light,False,Day,2026-03-28 13:20:15,2026-03-28 00:00:00,2026
9903865741904321667,URO804  ,A346,L4J,Large jet,True,Day,2026-03-28 14:04:20,2026-03-28 00:00:00,2026
16924169704550502613,SFY1TM  ,DA42,L2P,GA / light,False,Day,2026-03-28 14:54:20,2026-03-28 00:00:00,2026
17784353091810454760,EXS3AS  ,B738,L2J,Large jet,True,Day,2026-03-28 17:28:35,2026-03-28 00:00:00,2026
10907775836059523071,GCNDC   ,,,Other,False,Day,2026-03-28 14:29:30,2026-03-28 00:00:00,2026
11183348219763019553,EZY2696 ,A320,L2J,Large jet,True,Day,2026-03-28 15:41:35,2026-03-28 00:00:00,2026
4414133633087902205,GOLAJ   ,R44,H1P,Helicopter,False,Day,2026-03-28 15:23:35,2026-03-28 00:00:00,2026
14089765362546771656,GBEWR   ,C172,L1P,GA / light,False,Day,2026-03-28 15:38:25,2026-03-28 00:00:00,2026
11009807591879287154,GBGYH   ,P28A,L1P,GA / light,False,Day,2026-03-28 15:30:55,2026-03-28 00:00:00,2026
2186000543623296528,SFY1TM  ,DA42,L2P,GA / light,False,Day,2026-03-28 17:11:35,2026-03-28 00:00:00,2026
18105879285740895319,GMA23   ,BE20,L2T,Turboprop,False,Day,2026-03-28 17:34:55,2026-03-28 00:00:00,2026
16956855953402517661,RYR46KY ,B38M,,Large jet,True,Evening,2026-03-28 22:18:45,2026-03-28 00:00:00,2026
9376091039333452998,RYR2043 ,B38M,,Large jet,True,Evening,2026-03-28 21:20:15,2026-03-28 00:00:00,2026
16800003416329596480,EXS14Q  ,B738,L2J,Large jet,True,Night,2026-03-28 23:42:30,2026-03-28 00:00:00,2026
15667736864394614635,RYR38NG ,B38M,,Large jet,True,Day,2026-03-29 07:22:25,2026-03-29 00:00:00,2026
1724198989448834242,GBUJP   ,P28A,L1P,GA / light,False,Day,2026-03-29 09:09:45,2026-03-29 00:00:00,2026
15023549754753242185,N35SN   ,BE35,L1P,GA / light,False,Day,2026-03-29 10:23:50,2026-03-29 00:00:00,2026
1741320533868171365,SFY1TM  ,DA42,L2P,GA / light,False,Day,2026-03-29 09:06:55,2026-03-29 00:00:00,2026
9367212225238429242,GHBBH   ,C42,L1P,GA / light,False,Day,2026-03-29 09:20:00,2026-03-29 00:00:00,2026
10471286073880296977,GOLGE   ,SR20,,Other,False,Day,2026-03-29 09:36:40,2026-03-29 00:00:00,2026
5270188945498655526,VCG2EZ  ,C25M,L2J,Business jet,False,Day,2026-03-29 09:45:10,2026-03-29 00:00:00,2026
5739543843254849010,RYR363C ,B38M,,Large jet,True,Day,2026-03-29 11:41:55,2026-03-29 00:00:00,2026
17009729309579447914,SRD375  ,,,Other,False,Day,2026-03-29 11:20:15,2026-03-29 00:00:00,2026
16684176570791267899,SFY1TM  ,DA42,L2P,GA / light,False,Day,2026-03-29 11:31:50,2026-03-29 00:00:00,2026
10587837577756713887,GBEWR   ,C172,L1P,GA / light,False,Day,2026-03-29 10:54:25,2026-03-29 00:00:00,2026
14532949748841016666,GBUFH   ,P28A,L1P,GA / light,False,Day,2026-03-29 10:51:10,2026-03-29 00:00:00,2026
7585647102464917750,NJU745M ,F2TH,,Business jet,False,Day,2026-03-29 11:45:40,2026-03-29 00:00:00,2026
10029694447326918444,RYR2XN  ,B38M,L2J,Large jet,True,Day,2026-03-29 13:30:05,2026-03-29 00:00:00,2026
15091488630878320749,GOLAJ   ,R44,H1P,Helicopter,False,Day,2026-03-29 12:33:50,2026-03-29 00:00:00,2026
15753829844716322044,RYR12YU ,B38M,L2J,Large jet,True,Day,2026-03-29 14:10:10,2026-03-29 00:00:00,2026
18163036641129078347,GBUFH   ,P28A,L1P,GA / light,False,Day,2026-03-29 12:49:00,2026-03-29 00:00:00,2026
2875418247452977150,SFY1TM  ,DA42,L2P,GA / light,False,Day,2026-03-29 13:21:40,2026-03-29 00:00:00,2026
5894458858466869794,RYR117J ,,,Other,False,Day,2026-03-29 14:49:40,2026-03-29 00:00:00,2026
12189018320663638469,RYR8947 ,B38M,,Large jet,True,Day,2026-03-29 15:52:20,2026-03-29 00:00:00,2026
2645394247857243178,URO913  ,A346,L4J,Large jet,True,Day,2026-03-29 13:41:40,2026-03-29 00:00:00,2026
15048610931131314938,EXS68AT ,B738,L2J,Large jet,True,Day,2026-03-29 16:48:15,2026-03-29 00:00:00,2026
14807433732745245320,GBHWY   ,P28R,L1P,GA / light,False,Day,2026-03-29 13:27:30,2026-03-29 00:00:00,2026
5473101837589921641,EXS71BS ,B738,L2J,Large jet,True,Day,2026-03-29 17:18:20,2026-03-29 00:00:00,2026
1304584025295125508,SRD375  ,,,Other,False,Day,2026-03-29 15:53:00,2026-03-29 00:00:00,2026
2897600635095974444,TOM6KM  ,B738,L2J,Large jet,True,Day,2026-03-29 17:35:30,2026-03-29 00:00:00,2026
3816292594833227357,GBGYH   ,P28A,L1P,GA / light,False,Day,2026-03-29 17:56:50,2026-03-29 00:00:00,2026
9908610088455266653,RUK1133 ,B738,L2J,Large jet,True,Day,2026-03-29 17:22:10,2026-03-29 00:00:00,2026
16533718270599660818,SFY1TM  ,DA42,L2P,GA / light,False,Day,2026-03-29 16:58:25,2026-03-29 00:00:00,2026
12841825383387990975,GMOSH   ,P28R,L1P,GA / light,False,Day,2026-03-29 17:32:50,2026-03-29 00:00:00,2026
10087345325143307739,,P28A,L1P,GA / light,False,Day,2026-03-29 17:45:25,2026-03-29 00:00:00,2026
16065479686243718355,RYR80XD ,B38M,,Large jet,True,Night,2026-03-29 22:06:00,2026-03-29 00:00:00,2026
3060831522499724448,RYR8PA  ,B38M,,Large jet,True,Evening,2026-03-29 21:52:45,2026-03-29 00:00:00,2026
14009634014159872957,URO681  ,A346,L4J,Large jet,True,Day,2026-03-30 09:46:35,2026-03-30 00:00:00,2026
15908863447527030117,SFY1TM  ,DA42,L2P,GA / light,False,Day,2026-03-30 08:23:05,2026-03-30 00:00:00,2026
17551364307124488949,SLS7V   ,PC12,L1T,Turboprop,False,Day,2026-03-30 09:04:50,2026-03-30 00:00:00,2026
4323684540235983923,RYR2XN  ,B38M,,Large jet,True,Day,2026-03-30 11:21:25,2026-03-30 00:00:00,2026
14023630494310467733,EXS697J ,B738,L2J,Large jet,True,Day,2026-03-30 12:03:50,2026-03-30 00:00:00,2026
14913438266600502526,GBEWR   ,C172,L1P,GA / light,False,Day,2026-03-30 10:36:10,2026-03-30 00:00:00,2026
11970663901578338884,TOM8NM  ,B738,L2J,Large jet,True,Day,2026-03-30 13:11:55,2026-03-30 00:00:00,2026
910847975297223197,SFY1TM  ,DA42,L2P,GA / light,False,Day,2026-03-30 11:14:25,2026-03-30 00:00:00,2026
17594083649270725827,RYR7624 ,B38M,,Large jet,True,Day,2026-03-30 13:54:15,2026-03-30 00:00:00,2026
3985422030252366175,SRD203B ,BE20,L2T,Turboprop,False,Day,2026-03-30 13:11:40,2026-03-30 00:00:00,2026
5911104949752692223,BTNIA18 ,G115,L1P,GA / light,False,Day,2026-03-30 12:27:45,2026-03-30 00:00:00,2026
9147697995570477684,RYR117J ,B738,L2J,Large jet,True,Day,2026-03-30 14:53:15,2026-03-30 00:00:00,2026
9924150066687447442,AMBER2  ,FA20,L2J,Business jet,False,Day,2026-03-30 15:24:20,2026-03-30 00:00:00,2026
16479761784210833566,EXS34HS ,B738,L2J,Large jet,True,Day,2026-03-30 16:29:10,2026-03-30 00:00:00,2026
10077177290536656551,RYR22ZK ,B38M,,Large jet,True,Day,2026-03-30 16:34:25,2026-03-30 00:00:00,2026
12831249048126836753,GMA19   ,BE20,L2T,Turboprop,False,Day,2026-03-30 14:46:30,2026-03-30 00:00:00,2026
3104594722599011760,N71WZ   ,PA46,L1P,GA / light,False,Day,2026-03-30 15:36:50,2026-03-30 00:00:00,2026
15279915023233213091,TOM4EG  ,B738,L2J,Large jet,True,Day,2026-03-30 17:05:15,2026-03-30 00:00:00,2026
11748758160963445134,GAC095B ,C510,L2J,Business jet,False,Day,2026-03-30 16:00:05,2026-03-30 00:00:00,2026
17714275096293755943,RYR7KY  ,B38M,,Large jet,True,Day,2026-03-30 16:23:20,2026-03-30 00:00:00,2026
5210906402076846993,SFY1TM  ,DA42,L2P,GA / light,False,Day,2026-03-30 15:15:50,2026-03-30 00:00:00,2026
16914229293011982592,LUA817F ,,,Other,False,Day,2026-03-30 16:36:40,2026-03-30 00:00:00,2026
13290369166308690540,SFY1TM  ,DA42,L2P,GA / light,False,Day,2026-03-30 16:59:55,2026-03-30 00:00:00,2026
2531662881986872019,RYR80XD ,B738,L2J,Large jet,True,Evening,2026-03-30 18:42:50,2026-03-30 00:00:00,2026
13462079173574232027,GMA23   ,BE20,L2T,Turboprop,False,Day,2026-03-30 16:53:20,2026-03-30 00:00:00,2026
1357133483067220165,NJE9YU  ,E55P,L2J,Business jet,False,Evening,2026-03-30 20:24:30,2026-03-30 00:00:00,2026
5325317870653970085,RYR38NG ,B38M,,Large jet,True,Night,2026-03-30 22:02:15,2026-03-30 00:00:00,2026
16804828018467944946,RYR12YU ,B38M,,Large jet,True,Night,2026-03-30 22:08:20,2026-03-30 00:00:00,2026
5225014711005932840,SUSME   ,C680,L2J,Business jet,False,Day,2026-03-31 09:18:00,2026-03-31 00:00:00,2026
11885269405732097132,RYR80XD ,B738,L2J,Large jet,True,Day,2026-03-31 08:25:10,2026-03-31 00:00:00,2026
14688657659498062579,RYR7099 ,B38M,,Large jet,True,Day,2026-03-31 09:46:00,2026-03-31 00:00:00,2026
11725945807704356707,GBUFH   ,P28A,L1P,GA / light,False,Day,2026-03-31 10:23:25,2026-03-31 00:00:00,2026
18222217885874975732,GAVFZ   ,P28A,L1P,GA / light,False,Day,2026-03-31 10:08:05,2026-03-31 00:00:00,2026
18061257878648186576,GPORK   ,AA5,L1P,GA / light,False,Day,2026-03-31 10:33:10,2026-03-31 00:00:00,2026
4496208673435284622,URO913  ,A346,L4J,Large jet,True,Day,2026-03-31 10:41:15,2026-03-31 00:00:00,2026
16045819161509734640,EXS86KL ,B738,L2J,Large jet,True,Day,2026-03-31 12:08:25,2026-03-31 00:00:00,2026
10813171666777422851,N936CT  ,S22T,L1P,GA / light,False,Day,2026-03-31 11:03:35,2026-03-31 00:00:00,2026
7157944800882836966,PYN01   ,BE20,L2T,Turboprop,False,Day,2026-03-31 10:55:50,2026-03-31 00:00:00,2026
14760572903709810390,N986DT  ,S22T,L1P,GA / light,False,Day,2026-03-31 11:50:05,2026-03-31 00:00:00,2026
7283570814986084076,CGJZJ   ,CRJ2,L2J,Large jet,True,Day,2026-03-31 14:19:25,2026-03-31 00:00:00,2026
1468425909235194944,GBEWR   ,C172,L1P,GA / light,False,Day,2026-03-31 11:38:35,2026-03-31 00:00:00,2026
10249878828073499875,RYR8947 ,B38M,,Large jet,True,Day,2026-03-31 13:38:35,2026-03-31 00:00:00,2026
8252412257155302983,GBUFH   ,P28A,L1P,GA / light,False,Day,2026-03-31 12:38:35,2026-03-31 00:00:00,2026
13708900923016744074,MARDI   ,GLF6,L2J,Business jet,False,Day,2026-03-31 13:00:40,2026-03-31 00:00:00,2026
4978773218021136316,SFY3DB  ,,,Other,False,Day,2026-03-31 13:46:55,2026-03-31 00:00:00,2026
3072735146455858488,EXS73G  ,B738,L2J,Large jet,True,Day,2026-03-31 16:15:05,2026-03-31 00:00:00,2026
13909715950860120595,RYR2XN  ,B738,L2J,Large jet,True,Day,2026-03-31 14:35:30,2026-03-31 00:00:00,2026
14098370247913353992,GBPOS   ,C150,L1P,GA / light,False,Day,2026-03-31 14:49:30,2026-03-31 00:00:00,2026
832673655045400572,RYR117J ,B738,L2J,Large jet,True,Day,2026-03-31 15:30:10,2026-03-31 00:00:00,2026
2179315761053077187,RYR8PA  ,B38M,,Large jet,True,Day,2026-03-31 15:27:35,2026-03-31 00:00:00,2026
13913703240205911837,GBEWR   ,C172,L1P,GA / light,False,Day,2026-03-31 14:47:15,2026-03-31 00:00:00,2026
17916848029811276983,SFY3DB  ,,,Other,False,Day,2026-03-31 15:37:55,2026-03-31 00:00:00,2026
6549178926234594325,MMZ631P ,B763,L2J,Large jet,True,Day,2026-03-31 16:53:35,2026-03-31 00:00:00,2026
384568521475907735,GBGYH   ,P28A,L1P,GA / light,False,Day,2026-03-31 15:24:45,2026-03-31 00:00:00,2026
15466497417499944622,RUK1133 ,B738,,Large jet,True,Day,2026-03-31 16:08:50,2026-03-31 00:00:00,2026
10676582632677985280,GBWUH   ,P28A,L1P,GA / light,False,Day,2026-03-31 16:59:55,2026-03-31 00:00:00,2026
9838674024613035749,GAVFZ   ,P28A,L1P,GA / light,False,Day,2026-03-31 15:55:50,2026-03-31 00:00:00,2026
18394484292212228864,GBUFH   ,P28A,L1P,GA / light,False,Day,2026-03-31 16:53:35,2026-03-31 00:00:00,2026
14655282360557270794,RYR273  ,B38M,,Large jet,True,Evening,2026-03-31 19:26:50,2026-03-31 00:00:00,2026
7335146136224716087,GLIFB   ,AP32,L1P,GA / light,False,Day,2026-03-31 16:24:40,2026-03-31 00:00:00,2026
4886022111593189992,RYR384B ,B38M,L2J,Large jet,True,Evening,2026-03-31 19:31:35,2026-03-31 00:00:00,2026
1005146761827290140,RYR12YU ,B738,L2J,Large jet,True,Evening,2026-03-31 19:23:35,2026-03-31 00:00:00,2026
9972551167736383832,TOM83T  ,B738,L2J,Large jet,True,Night,2026-03-31 22:07:25,2026-03-31 00:00:00,2026
10268228330152857521,RYR6504 ,B38M,,Large jet,True,Evening,2026-03-31 21:00:05,2026-03-31 00:00:00,2026
1203567900708797684,EXS159E ,B738,L2J,Large jet,True,Night,2026-03-31 22:14:55,2026-03-31 00:00:00,2026
17893763948602531338,RYR363C ,B738,L2J,Large jet,True,Night,2026-03-31 22:27:05,2026-03-31 00:00:00,2026
445019414710775996,URO601  ,A346,L4J,Large jet,True,Night,2026-03-31 22:56:55,2026-03-31 00:00:00,2026
14588769205953083027,RYR117J ,B38M,L2J,Large jet,True,Day,2026-04-01 06:11:05,2026-04-01 00:00:00,2026
7853706320586203064,RYR7AB  ,,,Other,False,Day,2026-04-01 07:37:25,2026-04-01 00:00:00,2026
7911509217210349842,BTNIB11 ,G115,L1P,GA / light,False,Day,2026-04-01 09:20:50,2026-04-01 00:00:00,2026
1179349177467369186,,,,Other,False,Day,2026-04-01 08:42:45,2026-04-01 00:00:00,2026
17905490766380126244,SFY3DB  ,,,Other,False,Day,2026-04-01 09:08:00,2026-04-01 00:00:00,2026
10020673426898620886,RYR363C ,B38M,,Large jet,True,Day,2026-04-01 11:36:45,2026-04-01 00:00:00,2026
5540742444809697318,EXS31ED ,B738,L2J,Large jet,True,Day,2026-04-01 12:02:35,2026-04-01 00:00:00,2026
6744356227612005845,GBUFH   ,P28A,L1P,GA / light,False,Day,2026-04-01 10:33:00,2026-04-01 00:00:00,2026
11050733926178282590,GBEWR   ,C172,L1P,GA / light,False,Day,2026-04-01 11:38:45,2026-04-01 00:00:00,2026
3412369117681933261,GBGYH   ,P28A,L1P,GA / light,False,Day,2026-04-01 11:30:15,2026-04-01 00:00:00,2026
15949555768897597487,GCKYL   ,C42,L1P,GA / light,False,Day,2026-04-01 11:40:05,2026-04-01 00:00:00,2026
4506213478203382207,SFY3DB  ,DA42,L2P,GA / light,False,Day,2026-04-01 11:16:55,2026-04-01 00:00:00,2026
16156832060220711363,GFFMV   ,DA42,L2P,GA / light,False,Day,2026-04-01 11:32:20,2026-04-01 00:00:00,2026
8047025342068727554,RYR5RR  ,B38M,L2J,Large jet,True,Day,2026-04-01 13:43:05,2026-04-01 00:00:00,2026
9215299174385082830,GLIFB   ,AP32,L1P,GA / light,False,Day,2026-04-01 11:59:55,2026-04-01 00:00:00,2026
9306384448729034687,,RV9,L1P,GA / light,False,Day,2026-04-01 11:38:15,2026-04-01 00:00:00,2026
5291337271122188162,RYR80XD ,B738,L2J,Large jet,True,Day,2026-04-01 14:06:25,2026-04-01 00:00:00,2026
8014933908732088056,RYR6765 ,B38M,L2J,Large jet,True,Day,2026-04-01 15:37:20,2026-04-01 00:00:00,2026
16905043457136748297,GGCDB   ,SR20,L1P,GA / light,False,Day,2026-04-01 12:48:40,2026-04-01 00:00:00,2026
12642844212216472484,,SR20,L1P,GA / light,False,Day,2026-04-01 12:40:10,2026-04-01 00:00:00,2026
9833794723828305153,GBEWR   ,C172,L1P,GA / light,False,Day,2026-04-01 13:14:20,2026-04-01 00:00:00,2026
8198652456864766451,GCCZL   ,C42,L1P,GA / light,False,Day,2026-04-01 14:22:20,2026-04-01 00:00:00,2026
1209569549618452930,BTNIA14 ,G115,L1P,GA / light,False,Day,2026-04-01 14:35:50,2026-04-01 00:00:00,2026
10474222913581247978,CRIMSON1,FA20,L2J,Business jet,False,Day,2026-04-01 16:12:25,2026-04-01 00:00:00,2026
17977689728987637656,EXS061J ,B738,L2J,Large jet,True,Day,2026-04-01 14:49:40,2026-04-01 00:00:00,2026
7094565798794429283,CRIMSON2,FA20,L2J,Business jet,False,Day,2026-04-01 16:10:35,2026-04-01 00:00:00,2026
16136406114624717340,AMBER1  ,FA20,L2J,Business jet,False,Day,2026-04-01 15:41:45,2026-04-01 00:00:00,2026
6368851545906172574,AMBER2  ,FA20,L2J,Business jet,False,Day,2026-04-01 15:49:05,2026-04-01 00:00:00,2026
3171331319234991390,GBEWR   ,C172,L1P,GA / light,False,Day,2026-04-01 15:40:00,2026-04-01 00:00:00,2026
6240821879515815211,GBUFH   ,P28A,L1P,GA / light,False,Day,2026-04-01 14:41:30,2026-04-01 00:00:00,2026
16853318009050345025,EXS82F  ,B738,L2J,Large jet,True,Evening,2026-04-01 18:23:20,2026-04-01 00:00:00,2026
12321141885056084914,UAU44   ,G115,L1P,GA / light,False,Day,2026-04-01 15:52:05,2026-04-01 00:00:00,2026
6825192805582375955,GELMH   ,T6,L1P,GA / light,False,Day,2026-04-01 15:28:15,2026-04-01 00:00:00,2026
15679663053640013155,PYN01   ,BE20,L2T,Turboprop,False,Day,2026-04-01 16:56:05,2026-04-01 00:00:00,2026
2286015377606171743,GOLGE   ,SR20,,Other,False,Day,2026-04-01 16:07:50,2026-04-01 00:00:00,2026
11232503110784387247,GBUFH   ,P28A,L1P,GA / light,False,Day,2026-04-01 15:59:55,2026-04-01 00:00:00,2026
717251193926189812,RYR3318 ,B38M,,Large jet,True,Day,2026-04-01 17:20:00,2026-04-01 00:00:00,2026
15859322409324420434,TOM7MH  ,B738,L2J,Large jet,True,Evening,2026-04-01 20:04:05,2026-04-01 00:00:00,2026
7213158790708519564,SAH53P  ,BE4W,,Business jet,False,Day,2026-04-01 17:47:55,2026-04-01 00:00:00,2026
6640769255703313748,,DA42,L2P,GA / light,False,Day,2026-04-01 16:31:50,2026-04-01 00:00:00,2026
12527810963279162884,SFY3DB  ,DA42,L2P,GA / light,False,Day,2026-04-01 16:46:35,2026-04-01 00:00:00,2026
16383111693805631658,GMA23   ,BE20,L2T,Turboprop,False,Day,2026-04-01 17:57:55,2026-04-01 00:00:00,2026
3501932753700788059,SFY3DB  ,DA42,L2P,GA / light,False,Evening,2026-04-01 18:38:10,2026-04-01 00:00:00,2026
15133730861916959848,URO913  ,A346,L4J,Large jet,True,Evening,2026-04-01 19:04:20,2026-04-01 00:00:00,2026
6253544988640143585,CLY138  ,,,Other,False,Evening,2026-04-01 19:39:45,2026-04-01 00:00:00,2026
14643767571454413350,RYR12YU ,B38M,L2J,Large jet,True,Night,2026-04-01 22:09:35,2026-04-01 00:00:00,2026
8477864471798549986,RYR7KY  ,B38M,,Large jet,True,Evening,2026-04-01 21:57:10,2026-04-01 00:00:00,2026
4120039009263683374,RYR2XN  ,B38M,L2J,Large jet,True,Day,2026-04-02 07:02:35,2026-04-02 00:00:00,2026
16793960578183545808,RYR7KY  ,B38M,,Large jet,True,Day,2026-04-02 10:08:10,2026-04-02 00:00:00,2026
8134777236075461802,URO601  ,A346,L4J,Large jet,True,Day,2026-04-02 11:49:50,2026-04-02 00:00:00,2026
13699480401216163314,SFY3DB  ,DA42,L2P,GA / light,False,Day,2026-04-02 10:38:10,2026-04-02 00:00:00,2026
1995217186316639712,GBKAO   ,D11,L1P,GA / light,False,Day,2026-04-02 10:12:50,2026-04-02 00:00:00,2026
17542784765271233030,NJE6QY  ,E55P,L2J,Business jet,False,Day,2026-04-02 11:06:20,2026-04-02 00:00:00,2026
7349374672417618714,AMBER01 ,FA20,L2J,Business jet,False,Day,2026-04-02 11:37:10,2026-04-02 00:00:00,2026
147526048871605216,SFY1TM  ,DA42,L2P,GA / light,False,Day,2026-04-02 11:29:50,2026-04-02 00:00:00,2026
10781157732217101559,AAN171  ,,,Other,False,Day,2026-04-02 12:08:55,2026-04-02 00:00:00,2026
18317566605384596241,GCJTG   ,DIMO,L1P,GA / light,False,Day,2026-04-02 10:15:45,2026-04-02 00:00:00,2026
7244827951202409999,VJT938  ,GLEX,L2J,Business jet,False,Day,2026-04-02 13:59:55,2026-04-02 00:00:00,2026
16566163977090144322,AMBER2  ,FA20,L2J,Business jet,False,Day,2026-04-02 11:45:20,2026-04-02 00:00:00,2026
10171257089634905184,GCKYL   ,C42,L1P,GA / light,False,Day,2026-04-02 10:52:15,2026-04-02 00:00:00,2026
15333137264497246107,RYR5RR  ,B38M,L2J,Large jet,True,Day,2026-04-02 12:26:30,2026-04-02 00:00:00,2026
18135416096352460839,SFU51   ,C42,L1P,GA / light,False,Day,2026-04-02 11:08:50,2026-04-02 00:00:00,2026
2314996990766324517,GBUFH   ,P28A,L1P,GA / light,False,Day,2026-04-02 11:44:00,2026-04-02 00:00:00,2026
9736864054569078664,GBEUP   ,DR40,L1P,GA / light,False,Day,2026-04-02 11:16:10,2026-04-02 00:00:00,2026
2891145602329367348,GFIDO   ,SKRA,L1P,GA / light,False,Day,2026-04-02 11:33:05,2026-04-02 00:00:00,2026
335451239775727707,URO681  ,A346,L4J,Large jet,True,Day,2026-04-02 13:13:10,2026-04-02 00:00:00,2026
14097949278263628668,GCLKB   ,C172,L1P,GA / light,False,Day,2026-04-02 11:22:30,2026-04-02 00:00:00,2026
18317382669177919585,GBGYH   ,P28A,L1P,GA / light,False,Day,2026-04-02 11:59:55,2026-04-02 00:00:00,2026
7137297123217775940,,P28A,L1P,GA / light,False,Day,2026-04-02 11:37:00,2026-04-02 00:00:00,2026
12293478627036201406,TOM9HW  ,B738,L2J,Large jet,True,Day,2026-04-02 15:29:50,2026-04-02 00:00:00,2026
4096736730901836514,        ,AP22,L1P,GA / light,False,Day,2026-04-02 12:50:05,2026-04-02 00:00:00,2026
15242910230107483231,GBEWR   ,C172,L1P,GA / light,False,Day,2026-04-02 12:59:55,2026-04-02 00:00:00,2026
15515941203736465183,GOLAJ   ,R44,H1P,Helicopter,False,Day,2026-04-02 12:50:25,2026-04-02 00:00:00,2026
9951307676508583531,GBETD   ,HR20,L1P,GA / light,False,Day,2026-04-02 12:37:20,2026-04-02 00:00:00,2026
16331755335975121287,GCLKB   ,C172,L1P,GA / light,False,Day,2026-04-02 12:40:45,2026-04-02 00:00:00,2026
4203205485485425020,SFY3DB  ,DA42,L2P,GA / light,False,Day,2026-04-02 12:51:50,2026-04-02 00:00:00,2026
8715386166460153106,SFY1TM  ,DA42,L2P,GA / light,False,Day,2026-04-02 13:45:10,2026-04-02 00:00:00,2026
14221055877094309769,GGCDB   ,SR20,L1P,GA / light,False,Day,2026-04-02 12:59:55,2026-04-02 00:00:00,2026
11546206759256992001,GBUFH   ,P28A,L1P,GA / light,False,Day,2026-04-02 13:09:50,2026-04-02 00:00:00,2026
14395807298940926317,EXS3624 ,B738,L2J,Large jet,True,Day,2026-04-02 16:25:20,2026-04-02 00:00:00,2026
16511084356527818882,GBUFH   ,P28A,L1P,GA / light,False,Day,2026-04-02 13:35:20,2026-04-02 00:00:00,2026
14934762295552518417,RYR12YU ,B38M,,Large jet,True,Day,2026-04-02 15:50:10,2026-04-02 00:00:00,2026
11278501710754651713,GOLGE   ,SR20,,Other,False,Day,2026-04-02 14:43:00,2026-04-02 00:00:00,2026
7378742054265472479,GOLAJ   ,R44,H1P,Helicopter,False,Day,2026-04-02 14:45:15,2026-04-02 00:00:00,2026
5741455504175963344,GBGYH   ,P28A,L1P,GA / light,False,Day,2026-04-02 15:25:45,2026-04-02 00:00:00,2026
18289198714992702189,GCMPF   ,C42,,Other,False,Day,2026-04-02 14:35:20,2026-04-02 00:00:00,2026
11471857615066771219,GCCZX   ,DR40,L1P,GA / light,False,Day,2026-04-02 14:59:55,2026-04-02 00:00:00,2026
12585268471841779214,GOYIO   ,DR40,L1P,GA / light,False,Day,2026-04-02 15:17:10,2026-04-02 00:00:00,2026
12621745063878913953,SFY1TM  ,DA42,L2P,GA / light,False,Day,2026-04-02 16:19:25,2026-04-02 00:00:00,2026
15969289497707004977,GBEWR   ,C172,L1P,GA / light,False,Day,2026-04-02 15:08:40,2026-04-02 00:00:00,2026
15949636629394022559,GCISE   ,PULS,L1P,GA / light,False,Day,2026-04-02 15:21:15,2026-04-02 00:00:00,2026
9811710426375225159,BIO05   ,P68,,Other,False,Day,2026-04-02 15:55:00,2026-04-02 00:00:00,2026
10709876826526722462,GBUFH   ,P28A,L1P,GA / light,False,Day,2026-04-02 15:11:15,2026-04-02 00:00:00,2026
18336829235076637693,GMA504  ,BE20,L2T,Turboprop,False,Day,2026-04-02 16:10:50,2026-04-02 00:00:00,2026
15846117052205473567,EXS68AT ,B738,L2J,Large jet,True,Evening,2026-04-02 18:17:25,2026-04-02 00:00:00,2026
982942031798086481,GOLAJ   ,R44,H1P,Helicopter,False,Day,2026-04-02 15:59:55,2026-04-02 00:00:00,2026
468042335358842271,GFXBT   ,AP22,L1P,GA / light,False,Day,2026-04-02 15:56:30,2026-04-02 00:00:00,2026
7349560382375000255,GSPRK   ,RV4,L1P,GA / light,False,Day,2026-04-02 16:27:10,2026-04-02 00:00:00,2026
2567905966117368015,GMOSH   ,P28R,L1P,GA / light,False,Day,2026-04-02 17:38:45,2026-04-02 00:00:00,2026
14334325403155669438,GFIDO   ,SKRA,L1P,GA / light,False,Day,2026-04-02 17:16:15,2026-04-02 00:00:00,2026
7038178938147274542,RYR80XD ,B38M,,Large jet,True,Evening,2026-04-02 19:21:15,2026-04-02 00:00:00,2026
771064501588642066,GCISE   ,PULS,L1P,GA / light,False,Day,2026-04-02 17:25:25,2026-04-02 00:00:00,2026
8593370515401188696,N363KC  ,S22T,L1P,GA / light,False,Evening,2026-04-02 18:23:10,2026-04-02 00:00:00,2026
11596815473541078536,RYR117J ,B38M,L2J,Large jet,True,Evening,2026-04-02 21:51:40,2026-04-02 00:00:00,2026
15021813759985619732,RUK1133 ,B738,,Large jet,True,Evening,2026-04-02 21:06:40,2026-04-02 00:00:00,2026
17524841391412430078,RYR8PA  ,B38M,L2J,Large jet,True,Night,2026-04-02 22:19:30,2026-04-02 00:00:00,2026
632095235151471628,RYR117J ,B738,L2J,Large jet,True,Day,2026-04-03 06:43:05,2026-04-03 00:00:00,2026
5440525353125269788,RYR38NG ,B38M,L2J,Large jet,True,Day,2026-04-03 10:57:05,2026-04-03 00:00:00,2026
10536132880239820671,DIKSI   ,P180,L2T,Turboprop,False,Day,2026-04-03 10:44:05,2026-04-03 00:00:00,2026
17497379954792021624,RYR12YU ,B738,L2J,Large jet,True,Day,2026-04-03 11:28:15,2026-04-03 00:00:00,2026
8430402331960064847,EXS697J ,B738,L2J,Large jet,True,Day,2026-04-03 11:55:30,2026-04-03 00:00:00,2026
10593409281431576070,RYR384B ,B38M,L2J,Large jet,True,Day,2026-04-03 12:28:55,2026-04-03 00:00:00,2026
1858456534527194338,RYR80XD ,B738,L2J,Large jet,True,Day,2026-04-03 13:01:05,2026-04-03 00:00:00,2026
16162368757297393401,EXS61TQ ,B738,L2J,Large jet,True,Day,2026-04-03 12:48:05,2026-04-03 00:00:00,2026
3229742880491516944,GCPMW   ,P32R,L1P,GA / light,False,Day,2026-04-03 12:27:00,2026-04-03 00:00:00,2026
12938605226351614262,HLE10   ,A169,H2T,Helicopter,False,Day,2026-04-03 12:51:35,2026-04-03 00:00:00,2026
15383707889657671536,,PA32,,Other,False,Day,2026-04-03 12:47:50,2026-04-03 00:00:00,2026
11006918524959259136,GPAAL   ,PA32,,Other,False,Day,2026-04-03 12:58:15,2026-04-03 00:00:00,2026
5310087383621691218,TOM47Y  ,B738,L2J,Large jet,True,Day,2026-04-03 17:12:35,2026-04-03 00:00:00,2026
18144819810093984304,RYR9911 ,B738,L2J,Large jet,True,Day,2026-04-03 17:52:50,2026-04-03 00:00:00,2026
859554186229205183,GMA23   ,BE20,L2T,Turboprop,False,Day,2026-04-03 17:32:25,2026-04-03 00:00:00,2026
11503328919761303025,RYR5RR  ,B38M,,Large jet,True,Evening,2026-04-03 19:22:50,2026-04-03 00:00:00,2026
15821453289536901408,RYR22ZK ,B38M,L2J,Large jet,True,Evening,2026-04-03 21:24:30,2026-04-03 00:00:00,2026
1082423227120783968,EXS159E ,B738,L2J,Large jet,True,Evening,2026-04-03 21:44:45,2026-04-03 00:00:00,2026
11399545314295466244,EXS34HS ,B738,L2J,Large jet,True,Night,2026-04-03 22:07:55,2026-04-03 00:00:00,2026
4649394806919308062,URO681  ,A346,L4J,Large jet,True,Evening,2026-04-03 21:47:15,2026-04-03 00:00:00,2026
13472705735681180297,RUK1133 ,B738,,Large jet,True,Evening,2026-04-03 21:01:05,2026-04-03 00:00:00,2026
18397611439130640486,HLE10   ,A169,H2T,Helicopter,False,Night,2026-04-04 03:10:50,2026-04-04 00:00:00,2026
4583997897624374129,RYR384B ,B38M,L2J,Large jet,True,Day,2026-04-04 06:54:25,2026-04-04 00:00:00,2026
6959708386768231189,RYR6504 ,B738,L2J,Large jet,True,Day,2026-04-04 06:43:55,2026-04-04 00:00:00,2026
9543604593264677686,RYR117J ,B738,L2J,Large jet,True,Day,2026-04-04 06:41:35,2026-04-04 00:00:00,2026
9292811381444504219,RYR273  ,,,Other,False,Day,2026-04-04 08:36:15,2026-04-04 00:00:00,2026
12695801673775086117,EXS041A ,B738,L2J,Large jet,True,Day,2026-04-04 07:15:45,2026-04-04 00:00:00,2026
7195186879923655034,RYR80XD ,B738,L2J,Large jet,True,Day,2026-04-04 08:56:45,2026-04-04 00:00:00,2026
5488280043763112422,RYR7099 ,B38M,L2J,Large jet,True,Day,2026-04-04 08:32:55,2026-04-04 00:00:00,2026
2263629467624932502,URO601  ,A346,L4J,Large jet,True,Day,2026-04-04 11:37:55,2026-04-04 00:00:00,2026
6741848851495343879,EZS1531 ,A20N,L2J,Large jet,True,Day,2026-04-04 11:06:10,2026-04-04 00:00:00,2026
6860063405152470460,TOM2CD  ,B738,L2J,Large jet,True,Day,2026-04-04 12:11:05,2026-04-04 00:00:00,2026
14259866638934516701,EXS86KL ,B738,L2J,Large jet,True,Day,2026-04-04 12:28:15,2026-04-04 00:00:00,2026
11442427458208971359,RYR8PA  ,B38M,,Large jet,True,Day,2026-04-04 13:07:35,2026-04-04 00:00:00,2026
2971879917989869822,RYR5RR  ,B738,L2J,Large jet,True,Day,2026-04-04 14:03:35,2026-04-04 00:00:00,2026
16413607296034899820,ECA2XA  ,C25A,L2J,Business jet,False,Day,2026-04-04 13:26:40,2026-04-04 00:00:00,2026
3827239399557185320,RYR12YU ,B38M,L2J,Large jet,True,Day,2026-04-04 14:06:10,2026-04-04 00:00:00,2026
4186731205698968708,SWW264  ,,,Other,False,Day,2026-04-04 13:44:20,2026-04-04 00:00:00,2026
15118700602027315234,SRD224B ,B350,,Turboprop,False,Day,2026-04-04 15:40:00,2026-04-04 00:00:00,2026
9762071552069302555,RYR3318 ,B38M,L2J,Large jet,True,Day,2026-04-04 15:00:30,2026-04-04 00:00:00,2026
9788234959494156001,,DA42,L2P,GA / light,False,Day,2026-04-04 13:04:35,2026-04-04 00:00:00,2026
13569623930844219352,EXS52TY ,B738,L2J,Large jet,True,Day,2026-04-04 16:53:05,2026-04-04 00:00:00,2026
4717442105202742656,SFY1TM  ,DA42,L2P,GA / light,False,Day,2026-04-04 15:20:25,2026-04-04 00:00:00,2026
12516567942165583696,GTCHI   ,SPIT,L1P,GA / light,False,Day,2026-04-04 14:53:20,2026-04-04 00:00:00,2026
15385654998763204589,RYR2XN  ,B38M,,Large jet,True,Evening,2026-04-04 19:05:45,2026-04-04 00:00:00,2026
1124689365417839356,RYR7AB  ,B38M,L2J,Large jet,True,Evening,2026-04-04 20:27:05,2026-04-04 00:00:00,2026
4611651898646964995,RYR9911 ,B738,L2J,Large jet,True,Evening,2026-04-04 20:31:45,2026-04-04 00:00:00,2026
11166745891611823909,EXS82F  ,B738,L2J,Large jet,True,Night,2026-04-04 23:17:20,2026-04-04 00:00:00,2026
17171142529723170303,URO913  ,A346,L4J,Large jet,True,Evening,2026-04-04 20:45:10,2026-04-04 00:00:00,2026
9031094409204773436,EXS61TQ ,B738,L2J,Large jet,True,Night,2026-04-04 22:39:00,2026-04-04 00:00:00,2026
16351269237905431756,PEX57H  ,FA8X,L3J,Business jet,False,Day,2026-04-05 09:51:05,2026-04-05 00:00:00,2026
2496490502833943487,SFY1TM  ,DA42,L2P,GA / light,False,Day,2026-04-05 10:13:20,2026-04-05 00:00:00,2026
10803057098615507655,RYR363C ,B38M,,Large jet,True,Day,2026-04-05 11:39:20,2026-04-05 00:00:00,2026
2513870076743754518,RYR12YU ,B738,L2J,Large jet,True,Day,2026-04-05 12:05:10,2026-04-05 00:00:00,2026
14721500853461797755,GOLGE   ,SR20,,Other,False,Day,2026-04-05 10:59:55,2026-04-05 00:00:00,2026
5761426059981184915,RYR2XN  ,B38M,,Large jet,True,Day,2026-04-05 12:57:15,2026-04-05 00:00:00,2026
7591321651718623473,EXS3638 ,B738,L2J,Large jet,True,Day,2026-04-05 12:20:25,2026-04-05 00:00:00,2026
16004795848249625728,URO601  ,A346,L4J,Large jet,True,Day,2026-04-05 14:56:20,2026-04-05 00:00:00,2026
1378990351852775047,RYR117J ,B738,L2J,Large jet,True,Day,2026-04-05 14:27:15,2026-04-05 00:00:00,2026
925347631960789616,RYR8947 ,B38M,L2J,Large jet,True,Day,2026-04-05 15:46:25,2026-04-05 00:00:00,2026
11723463379590067652,SFY1TM  ,DA42,L2P,GA / light,False,Day,2026-04-05 14:11:10,2026-04-05 00:00:00,2026
17348889201469898907,TOM6KM  ,B738,L2J,Large jet,True,Day,2026-04-05 17:12:10,2026-04-05 00:00:00,2026
17176273072168719088,A12     ,GLID,,Other,False,Day,2026-04-05 14:25:45,2026-04-05 00:00:00,2026
16854244483319970674,EXS68AT ,B738,L2J,Large jet,True,Day,2026-04-05 16:24:15,2026-04-05 00:00:00,2026
10579082372731804585,GOLGE   ,SR20,,Other,False,Day,2026-04-05 15:13:35,2026-04-05 00:00:00,2026
6412516154356570705,,P28A,L1P,GA / light,False,Day,2026-04-05 16:01:30,2026-04-05 00:00:00,2026
9333063429056360102,RUK1133 ,B738,L2J,Large jet,True,Day,2026-04-05 17:27:35,2026-04-05 00:00:00,2026
15654945123140938749,EXS71BS ,B738,L2J,Large jet,True,Night,2026-04-05 22:04:00,2026-04-05 00:00:00,2026
12105067147760301843,URO681  ,A346,L4J,Large jet,True,Evening,2026-04-05 21:55:35,2026-04-05 00:00:00,2026
10871081814930290069,HLE10   ,A169,H2T,Helicopter,False,Evening,2026-04-05 19:10:50,2026-04-05 00:00:00,2026
10573355600183176995,RYR80XD ,B38M,,Large jet,True,Evening,2026-04-05 21:49:20,2026-04-05 00:00:00,2026
13625919729993101631,RYR8PA  ,B38M,L2J,Large jet,True,Evening,2026-04-05 21:51:35,2026-04-05 00:00:00,2026
9499913675844739539,HLE10   ,A169,H2T,Helicopter,False,Evening,2026-04-05 21:27:10,2026-04-05 00:00:00,2026
9162428209744046516,HLE10   ,A169,H2T,Helicopter,False,Night,2026-04-06 00:24:15,2026-04-06 00:00:00,2026
10220129079492655544,HLE10   ,A169,H2T,Helicopter,False,Night,2026-04-06 02:49:10,2026-04-06 00:00:00,2026
14579913801152026258,SFY1TM  ,DA42,L2P,GA / light,False,Day,2026-04-06 08:36:20,2026-04-06 00:00:00,2026
6920187350367957435,GCDLA   ,ULAC,,Other,False,Day,2026-04-06 09:09:25,2026-04-06 00:00:00,2026
15684239926324200530,GBUFH   ,P28A,L1P,GA / light,False,Day,2026-04-06 09:35:20,2026-04-06 00:00:00,2026
8722685055732561095,,P28A,L1P,GA / light,False,Day,2026-04-06 08:53:45,2026-04-06 00:00:00,2026
9437345439425594930,OEVPV   ,,,Other,False,Day,2026-04-06 12:49:50,2026-04-06 00:00:00,2026
152895441894651999,GDBOD   ,C172,L1P,GA / light,False,Day,2026-04-06 09:42:15,2026-04-06 00:00:00,2026
6208750413976266968,BIO05   ,P68,,Other,False,Day,2026-04-06 14:33:40,2026-04-06 00:00:00,2026
6294225742922446104,RYR2XN  ,B38M,,Large jet,True,Day,2026-04-06 11:02:10,2026-04-06 00:00:00,2026
2769603739536720688,GBEWR   ,C172,L1P,GA / light,False,Day,2026-04-06 10:59:55,2026-04-06 00:00:00,2026
12368573453094708279,SFY1TM  ,DA42,L2P,GA / light,False,Day,2026-04-06 10:51:15,2026-04-06 00:00:00,2026
11559596593771449610,EXS697J ,B738,L2J,Large jet,True,Day,2026-04-06 11:46:45,2026-04-06 00:00:00,2026
17938118054072523684,GCMZB   ,,,Other,False,Day,2026-04-06 09:53:20,2026-04-06 00:00:00,2026
580465914348111614,GZAVI   ,C42,L1P,GA / light,False,Day,2026-04-06 10:30:30,2026-04-06 00:00:00,2026
9976504688608440237,GBYJH   ,G109,L1P,GA / light,False,Day,2026-04-06 10:39:25,2026-04-06 00:00:00,2026
6050131966333670867,GDKLD   ,,,Other,False,Day,2026-04-06 11:17:35,2026-04-06 00:00:00,2026
2956837810404643970,GCMFR   ,EFOX,L1P,GA / light,False,Day,2026-04-06 11:20:10,2026-04-06 00:00:00,2026
10933963040676507790,GBUFH   ,P28A,L1P,GA / light,False,Day,2026-04-06 11:46:45,2026-04-06 00:00:00,2026
8344892894157286506,GNXOE   ,C172,L1P,GA / light,False,Day,2026-04-06 11:24:35,2026-04-06 00:00:00,2026
1098402600451339566,GOVII   ,RV7,L1P,GA / light,False,Day,2026-04-06 12:18:40,2026-04-06 00:00:00,2026
2587904092102480904,GRFRV   ,RV9,L1P,GA / light,False,Day,2026-04-06 11:41:10,2026-04-06 00:00:00,2026
12188282801966374365,RYR7624 ,B38M,L2J,Large jet,True,Day,2026-04-06 13:38:40,2026-04-06 00:00:00,2026
16252622130947231729,GCMKJ   ,P28A,,Other,False,Day,2026-04-06 12:05:45,2026-04-06 00:00:00,2026
2701876459568615207,GMA23   ,BE20,L2T,Turboprop,False,Day,2026-04-06 12:01:25,2026-04-06 00:00:00,2026
511092007198490927,GZAVI   ,C42,L1P,GA / light,False,Day,2026-04-06 12:49:15,2026-04-06 00:00:00,2026
17396102527699174441,SFY1TM  ,DA42,L2P,GA / light,False,Day,2026-04-06 13:06:40,2026-04-06 00:00:00,2026
11838558626189449099,GCDOK   ,C42,L1P,GA / light,False,Day,2026-04-06 13:09:00,2026-04-06 00:00:00,2026
9816830672430467491,RYR117J ,B738,L2J,Large jet,True,Day,2026-04-06 14:29:00,2026-04-06 00:00:00,2026
10473886744086479689,GPTSI   ,SLG4,L1P,GA / light,False,Day,2026-04-06 13:35:25,2026-04-06 00:00:00,2026
3955154629682927415,GBTMK   ,C172,L1P,GA / light,False,Day,2026-04-06 14:49:55,2026-04-06 00:00:00,2026
4957510105072575899,RYR22ZK ,B38M,,Large jet,True,Day,2026-04-06 16:01:55,2026-04-06 00:00:00,2026
13206491628111903735,A12     ,GLID,,Other,False,Day,2026-04-06 15:48:10,2026-04-06 00:00:00,2026
15873705838334848985,GLOOC   ,C172,L1P,GA / light,False,Day,2026-04-06 14:33:20,2026-04-06 00:00:00,2026
16451547434466719123,EXS34HS ,B738,L2J,Large jet,True,Day,2026-04-06 16:31:20,2026-04-06 00:00:00,2026
3881878374825234227,RYR7KY  ,B38M,,Large jet,True,Day,2026-04-06 15:52:50,2026-04-06 00:00:00,2026
5386178894871740487,TOM4EG  ,B738,L2J,Large jet,True,Day,2026-04-06 16:48:00,2026-04-06 00:00:00,2026
17682656288382055706,GARVV   ,P28A,L1P,GA / light,False,Day,2026-04-06 15:11:45,2026-04-06 00:00:00,2026
13328840212562414179,HLE22   ,B429,H2T,Helicopter,False,Day,2026-04-06 14:47:55,2026-04-06 00:00:00,2026
18161320492134986011,GBUFH   ,P28A,L1P,GA / light,False,Day,2026-04-06 15:18:35,2026-04-06 00:00:00,2026
4991341852039802801,GOLGE   ,SR20,,Other,False,Day,2026-04-06 15:59:15,2026-04-06 00:00:00,2026
16061929192926110517,BIO05   ,P68,,Other,False,Evening,2026-04-06 18:15:30,2026-04-06 00:00:00,2026
680177821917380863,RYR80XD ,B738,L2J,Large jet,True,Evening,2026-04-06 18:25:05,2026-04-06 00:00:00,2026
7757785099269645793,EXS61TQ ,B738,L2J,Large jet,True,Evening,2026-04-06 18:06:35,2026-04-06 00:00:00,2026
13968969182367446595,GSCOL   ,GA8,L1P,GA / light,False,Day,2026-04-06 17:33:25,2026-04-06 00:00:00,2026
10047741705896913870,GBUFH   ,P28A,L1P,GA / light,False,Day,2026-04-06 17:58:00,2026-04-06 00:00:00,2026
17548094775848655876,LJC6    ,B350,L2T,Turboprop,False,Day,2026-04-06 17:51:55,2026-04-06 00:00:00,2026
12641669809900024893,JFU02A  ,PC12,L1T,Turboprop,False,Evening,2026-04-06 18:20:15,2026-04-06 00:00:00,2026
18027856054933640683,URO913  ,A346,L4J,Large jet,True,Evening,2026-04-06 20:45:55,2026-04-06 00:00:00,2026
3283036864168700059,RYR38NG ,B38M,L2J,Large jet,True,Evening,2026-04-06 21:48:55,2026-04-06 00:00:00,2026
7451677794687680863,RYR12YU ,B38M,,Large jet,True,Night,2026-04-06 22:06:35,2026-04-06 00:00:00,2026
1312760432188977099,URO901  ,A346,L4J,Large jet,True,Day,2026-04-07 06:35:40,2026-04-07 00:00:00,2026
13381848098440383577,RYR80XD ,B38M,L2J,Large jet,True,Day,2026-04-07 08:08:25,2026-04-07 00:00:00,2026
6902553768304031451,RYR7099 ,B38M,L2J,Large jet,True,Day,2026-04-07 09:44:10,2026-04-07 00:00:00,2026
15721386113823663496,CRIMSON1,FA20,L2J,Business jet,False,Day,2026-04-07 11:06:00,2026-04-07 00:00:00,2026
11694682561473698281,CRIMSON2,FA20,L2J,Business jet,False,Day,2026-04-07 11:09:45,2026-04-07 00:00:00,2026
5264365981158469366,GXCID   ,SB91,L1P,GA / light,False,Day,2026-04-07 09:58:50,2026-04-07 00:00:00,2026
10972994716293887386,GPORK   ,AA5,L1P,GA / light,False,Day,2026-04-07 10:29:45,2026-04-07 00:00:00,2026
17381733131390905737,GCCBH   ,P28B,L1P,GA / light,False,Day,2026-04-07 10:17:05,2026-04-07 00:00:00,2026
16586704261016151353,EXS86KL ,B738,L2J,Large jet,True,Day,2026-04-07 11:53:00,2026-04-07 00:00:00,2026
16915956107142081906,TOM20H  ,B738,L2J,Large jet,True,Day,2026-04-07 11:48:30,2026-04-07 00:00:00,2026
14414348091856272250,GBJBW   ,P28A,L1P,GA / light,False,Day,2026-04-07 10:41:40,2026-04-07 00:00:00,2026
6671290114000617222,N302JG  ,TBM7,L1T,Turboprop,False,Day,2026-04-07 10:47:30,2026-04-07 00:00:00,2026
2642441593360351315,GBUFH   ,P28A,L1P,GA / light,False,Day,2026-04-07 11:31:30,2026-04-07 00:00:00,2026
12041325283979299263,RYR8947 ,B38M,,Large jet,True,Day,2026-04-07 13:37:40,2026-04-07 00:00:00,2026
5883248189793802792,GBGYH   ,P28A,L1P,GA / light,False,Day,2026-04-07 12:36:15,2026-04-07 00:00:00,2026
11395829661742537340,GBUFH   ,P28A,L1P,GA / light,False,Day,2026-04-07 12:18:50,2026-04-07 00:00:00,2026
15426625734667067572,GBOJW   ,P28A,L1P,GA / light,False,Day,2026-04-07 12:59:55,2026-04-07 00:00:00,2026
10684792184372985017,GBDZD   ,C172,L1P,GA / light,False,Day,2026-04-07 13:24:50,2026-04-07 00:00:00,2026
10405772153055161661,RYR2XN  ,B738,L2J,Large jet,True,Day,2026-04-07 14:22:20,2026-04-07 00:00:00,2026
15213291459360305019,GCLNO   ,ULAC,,Other,False,Day,2026-04-07 13:11:00,2026-04-07 00:00:00,2026
10183811921050876477,EXS73G  ,B738,L2J,Large jet,True,Day,2026-04-07 16:19:50,2026-04-07 00:00:00,2026
2557337191396296911,GBOHA   ,P28A,L1P,GA / light,False,Day,2026-04-07 13:54:25,2026-04-07 00:00:00,2026
9801494661805328317,GBUFH   ,P28A,L1P,GA / light,False,Day,2026-04-07 14:38:15,2026-04-07 00:00:00,2026
17920073164183287959,RYR117J ,B738,L2J,Large jet,True,Day,2026-04-07 15:36:20,2026-04-07 00:00:00,2026
1207474862251907356,RYR8PA  ,B38M,L2J,Large jet,True,Day,2026-04-07 15:19:35,2026-04-07 00:00:00,2026
10561164455160489140,SRD375  ,,,Other,False,Day,2026-04-07 15:26:50,2026-04-07 00:00:00,2026
15086221918185376915,GBEWR   ,C172,L1P,GA / light,False,Day,2026-04-07 16:14:35,2026-04-07 00:00:00,2026
9719462767202578396,RYR273  ,B38M,,Large jet,True,Evening,2026-04-07 19:18:45,2026-04-07 00:00:00,2026
6610247296335510961,GDBOD   ,C172,L1P,GA / light,False,Day,2026-04-07 16:20:15,2026-04-07 00:00:00,2026
4817799857119114330,RYR384B ,B38M,L2J,Large jet,True,Evening,2026-04-07 19:22:05,2026-04-07 00:00:00,2026
14819266653433658313,GBUFH   ,P28A,L1P,GA / light,False,Evening,2026-04-07 18:37:50,2026-04-07 00:00:00,2026
2662199960886751810,RUK1133 ,B738,,Large jet,True,Evening,2026-04-07 18:24:30,2026-04-07 00:00:00,2026
14002015830005426902,RYR12YU ,B738,L2J,Large jet,True,Evening,2026-04-07 19:33:35,2026-04-07 00:00:00,2026
2350497007790635688,RYR6504 ,B38M,,Large jet,True,Evening,2026-04-07 20:48:50,2026-04-07 00:00:00,2026
15681858127784553939,RYR363C ,B38M,L2J,Large jet,True,Evening,2026-04-07 21:18:30,2026-04-07 00:00:00,2026
5537535144753464476,EXS159E ,B738,L2J,Large jet,True,Evening,2026-04-07 21:35:50,2026-04-07 00:00:00,2026
9482233239947953337,TOM83T  ,B738,L2J,Large jet,True,Night,2026-04-07 22:06:15,2026-04-07 00:00:00,2026
13703656761006713773,HLE10   ,A169,H2T,Helicopter,False,Night,2026-04-07 23:21:25,2026-04-07 00:00:00,2026
12831618893199738324,RYR117J ,B738,L2J,Large jet,True,Day,2026-04-08 06:05:10,2026-04-08 00:00:00,2026
7793544191536244293,RYR7AB  ,B38M,L2J,Large jet,True,Day,2026-04-08 07:38:20,2026-04-08 00:00:00,2026
15380093347237477783,GBEWR   ,C172,L1P,GA / light,False,Day,2026-04-08 08:19:05,2026-04-08 00:00:00,2026
18210142118890275906,GCKYL   ,C42,L1P,GA / light,False,Day,2026-04-08 09:43:45,2026-04-08 00:00:00,2026
10698834172809511906,SFY3DB  ,DA42,L2P,GA / light,False,Day,2026-04-08 10:24:30,2026-04-08 00:00:00,2026
16454120570685098701,RYR363C ,B38M,,Large jet,True,Day,2026-04-08 11:11:45,2026-04-08 00:00:00,2026
350562874760122841,N28SN   ,S22T,L1P,GA / light,False,Day,2026-04-08 09:57:25,2026-04-08 00:00:00,2026
6037472145782715192,CRIMSON1,FA20,L2J,Business jet,False,Day,2026-04-08 11:31:50,2026-04-08 00:00:00,2026
10689380155375248747,GCIPG   ,NG5,L1P,GA / light,False,Day,2026-04-08 10:50:05,2026-04-08 00:00:00,2026
16833826690579832124,CRIMSON2,FA20,L2J,Business jet,False,Day,2026-04-08 11:15:05,2026-04-08 00:00:00,2026
8596591601790063824,GFLXY   ,P28A,L1P,GA / light,False,Day,2026-04-08 11:36:15,2026-04-08 00:00:00,2026
3333079649851644574,GBEWR   ,C172,L1P,GA / light,False,Day,2026-04-08 11:11:20,2026-04-08 00:00:00,2026
7431866628636314986,HLE10   ,A169,H2T,Helicopter,False,Day,2026-04-08 10:42:05,2026-04-08 00:00:00,2026
2532613507724095903,GCKDE   ,G109,L1P,GA / light,False,Day,2026-04-08 11:59:55,2026-04-08 00:00:00,2026
1423144010285744242,GTECS   ,SIRA,L1P,GA / light,False,Day,2026-04-08 11:12:40,2026-04-08 00:00:00,2026
12258805341628525365,GBZTN   ,EUPA,L1P,GA / light,False,Day,2026-04-08 10:45:40,2026-04-08 00:00:00,2026
13630983649320288761,GTWIS   ,TWST,L1P,GA / light,False,Day,2026-04-08 11:10:35,2026-04-08 00:00:00,2026
5664120120064683769,WHE02   ,,,Other,False,Day,2026-04-08 12:24:55,2026-04-08 00:00:00,2026
1103311714798408497,GDBOD   ,C172,L1P,GA / light,False,Day,2026-04-08 11:32:50,2026-04-08 00:00:00,2026
16469398833117581119,GNXOE   ,C172,L1P,GA / light,False,Day,2026-04-08 11:10:05,2026-04-08 00:00:00,2026
1585378011629556475,GCLEA   ,P28A,L1P,GA / light,False,Day,2026-04-08 11:56:40,2026-04-08 00:00:00,2026
310353219446567680,GFXBT   ,AP22,L1P,GA / light,False,Day,2026-04-08 11:07:05,2026-04-08 00:00:00,2026
1837366183012139495,GBGYH   ,P28A,L1P,GA / light,False,Day,2026-04-08 12:45:35,2026-04-08 00:00:00,2026
12012552405711634459,GCKYL   ,C42,L1P,GA / light,False,Day,2026-04-08 12:08:40,2026-04-08 00:00:00,2026
8964664141288122046,GAWEI   ,D6CR,L1P,GA / light,False,Day,2026-04-08 12:04:05,2026-04-08 00:00:00,2026
2456319211342318172,PIPE44  ,,,Other,False,Day,2026-04-08 13:40:05,2026-04-08 00:00:00,2026
14677107934447899793,GDIGA   ,R66,H1T,Helicopter,False,Day,2026-04-08 11:43:55,2026-04-08 00:00:00,2026
16489587152061136855,GBZTN   ,EUPA,L1P,GA / light,False,Day,2026-04-08 11:56:35,2026-04-08 00:00:00,2026
17451620800311045731,RYR80XD ,B738,L2J,Large jet,True,Day,2026-04-08 13:52:00,2026-04-08 00:00:00,2026
5375417801967874941,GCLKB   ,C172,L1P,GA / light,False,Day,2026-04-08 12:22:05,2026-04-08 00:00:00,2026
8338994098980262353,GBOJW   ,P28A,L1P,GA / light,False,Day,2026-04-08 13:50:30,2026-04-08 00:00:00,2026
13385536448440416600,RYR5RR  ,B38M,L2J,Large jet,True,Day,2026-04-08 14:04:15,2026-04-08 00:00:00,2026
9421249204970269240,GNCDC   ,NNJA,,Other,False,Day,2026-04-08 12:36:20,2026-04-08 00:00:00,2026
2821400608478844020,GTCNM   ,ECHO,L1P,GA / light,False,Day,2026-04-08 12:59:55,2026-04-08 00:00:00,2026
16508213975439824670,SFY3DB  ,DA42,L2P,GA / light,False,Day,2026-04-08 13:23:50,2026-04-08 00:00:00,2026
1607186771783671462,GOLAJ   ,R44,H1P,Helicopter,False,Day,2026-04-08 14:51:25,2026-04-08 00:00:00,2026
5820104126296867940,RYR6765 ,B38M,L2J,Large jet,True,Day,2026-04-08 15:10:45,2026-04-08 00:00:00,2026
8437332795491900218,GGCDB   ,SR20,L1P,GA / light,False,Day,2026-04-08 13:26:15,2026-04-08 00:00:00,2026
17698319792411383748,GBSOG   ,C172,L1P,GA / light,False,Day,2026-04-08 14:09:55,2026-04-08 00:00:00,2026
3268653774784381082,SFY1TM  ,DA42,L2P,GA / light,False,Day,2026-04-08 16:32:20,2026-04-08 00:00:00,2026
496051623482098948,MAMBR   ,GL5T,L2J,Business jet,False,Day,2026-04-08 16:59:05,2026-04-08 00:00:00,2026
5488771625059233287,GMA23   ,BE20,L2T,Turboprop,False,Day,2026-04-08 14:04:20,2026-04-08 00:00:00,2026
3793682834032606437,CRIMSON1,FA20,L2J,Business jet,False,Day,2026-04-08 15:39:35,2026-04-08 00:00:00,2026
5114031782691571187,CRIMSON2,,,Other,False,Day,2026-04-08 15:45:40,2026-04-08 00:00:00,2026
16325701637252598440,,C172,L1P,GA / light,False,Day,2026-04-08 14:21:40,2026-04-08 00:00:00,2026
15544687508427879952,GAFDO   ,J3,L1P,GA / light,False,Day,2026-04-08 14:54:25,2026-04-08 00:00:00,2026
18252779470317842718,GCLKB   ,C172,L1P,GA / light,False,Day,2026-04-08 14:43:50,2026-04-08 00:00:00,2026
8620783460830458899,,R44,H1P,Helicopter,False,Day,2026-04-08 14:26:25,2026-04-08 00:00:00,2026
8750314596076932369,EXS82F  ,B738,L2J,Large jet,True,Evening,2026-04-08 18:51:35,2026-04-08 00:00:00,2026
1755196898736280073,GOLGE   ,SR20,,Other,False,Day,2026-04-08 15:58:35,2026-04-08 00:00:00,2026
17774233151091307081,GBOJW   ,P28A,L1P,GA / light,False,Day,2026-04-08 15:55:00,2026-04-08 00:00:00,2026
15376637306051901101,GBHBT   ,MA5,L1P,GA / light,False,Day,2026-04-08 15:46:35,2026-04-08 00:00:00,2026
14641139219255924817,,DA42,L2P,GA / light,False,Day,2026-04-08 15:00:50,2026-04-08 00:00:00,2026
16668685434462205808,GAZZR   ,C150,L1P,GA / light,False,Day,2026-04-08 15:19:45,2026-04-08 00:00:00,2026
1333519888359562954,RYR3318 ,B38M,,Large jet,True,Day,2026-04-08 17:13:35,2026-04-08 00:00:00,2026
4675924648701870088,,SF25,L1P,GA / light,False,Day,2026-04-08 15:59:55,2026-04-08 00:00:00,2026
12674563664749854747,TOM7MH  ,B738,L2J,Large jet,True,Evening,2026-04-08 20:08:30,2026-04-08 00:00:00,2026
3979036420065621493,GBEWR   ,C172,L1P,GA / light,False,Day,2026-04-08 16:09:35,2026-04-08 00:00:00,2026
14530094443222295999,GCKRK   ,G2CA,H1P,Helicopter,False,Day,2026-04-08 16:43:40,2026-04-08 00:00:00,2026
16709426471823231339,GTWIS   ,TWST,L1P,GA / light,False,Day,2026-04-08 16:33:45,2026-04-08 00:00:00,2026
15715291103833988322,GBFBR   ,P28A,L1P,GA / light,False,Day,2026-04-08 16:59:55,2026-04-08 00:00:00,2026
8861883129604317031,NJE083K ,C68A,L2J,Business jet,False,Day,2026-04-08 16:30:25,2026-04-08 00:00:00,2026
13976046706241648083,GBGYH   ,P28A,L1P,GA / light,False,Day,2026-04-08 16:41:55,2026-04-08 00:00:00,2026
11208670105873719012,GATYS   ,P28A,L1P,GA / light,False,Day,2026-04-08 17:59:55,2026-04-08 00:00:00,2026
12340218326669654163,GBEWR   ,C172,L1P,GA / light,False,Day,2026-04-08 17:32:10,2026-04-08 00:00:00,2026
6398119450219798050,GCISE   ,PULS,L1P,GA / light,False,Day,2026-04-08 17:22:45,2026-04-08 00:00:00,2026
8543848739857675391,SFY1TM  ,DA42,L2P,GA / light,False,Evening,2026-04-08 18:43:45,2026-04-08 00:00:00,2026
17408631962372384610,GAWWO   ,DR10,L1P,GA / light,False,Evening,2026-04-08 18:38:55,2026-04-08 00:00:00,2026
8228615772747258138,URO913  ,A346,L4J,Large jet,True,Evening,2026-04-08 19:25:05,2026-04-08 00:00:00,2026
7826401563788769604,RYR12YU ,B38M,L2J,Large jet,True,Evening,2026-04-08 21:17:10,2026-04-08 00:00:00,2026
8644298268359679975,RYR7KY  ,B38M,,Large jet,True,Evening,2026-04-08 21:40:15,2026-04-08 00:00:00,2026
11964694292234433641,RYR2XN  ,B38M,,Large jet,True,Day,2026-04-09 07:45:55,2026-04-09 00:00:00,2026
1894702531791532828,VJT678  ,BE20,L2T,Turboprop,False,Day,2026-04-09 09:51:55,2026-04-09 00:00:00,2026
9376333146660304805,GCICG   ,C42,L1P,GA / light,False,Day,2026-04-09 10:25:50,2026-04-09 00:00:00,2026
6232680720078904278,SFY1TM  ,DA42,L2P,GA / light,False,Day,2026-04-09 09:45:05,2026-04-09 00:00:00,2026
2025535929285334223,RYR7KY  ,B38M,,Large jet,True,Day,2026-04-09 10:11:40,2026-04-09 00:00:00,2026
4595116967454059739,RYR3949 ,B38M,,Large jet,True,Day,2026-04-09 09:48:25,2026-04-09 00:00:00,2026
1127931562446079840,HELIOP  ,,,Other,False,Day,2026-04-09 10:18:10,2026-04-09 00:00:00,2026
4325394565664279286,GCMZB   ,,,Other,False,Day,2026-04-09 10:38:05,2026-04-09 00:00:00,2026
13658005010250767745,RYR5RR  ,B38M,L2J,Large jet,True,Day,2026-04-09 12:37:40,2026-04-09 00:00:00,2026
7190849450176177309,SFY1TM  ,DA42,L2P,GA / light,False,Day,2026-04-09 11:43:20,2026-04-09 00:00:00,2026
9112349376944519441,GSLNG   ,SLG4,L1P,GA / light,False,Day,2026-04-09 11:44:35,2026-04-09 00:00:00,2026
3174161178360445404,PNTHR76 ,H64,H2T,Helicopter,False,Day,2026-04-09 13:31:30,2026-04-09 00:00:00,2026
6281434587077995764,NJU2VY  ,C56X,L2J,Business jet,False,Day,2026-04-09 14:18:20,2026-04-09 00:00:00,2026
11926211087689975221,GFFMV   ,DA42,L2P,GA / light,False,Day,2026-04-09 14:05:05,2026-04-09 00:00:00,2026
1922788873258653395,TOM9HW  ,B738,L2J,Large jet,True,Day,2026-04-09 15:24:15,2026-04-09 00:00:00,2026
101805408919744168,SFY1TM  ,DA42,L2P,GA / light,False,Day,2026-04-09 14:20:30,2026-04-09 00:00:00,2026
5985043460611891776,N84VK   ,PA24,L1P,GA / light,False,Day,2026-04-09 14:57:50,2026-04-09 00:00:00,2026
18046894688747349350,N425RR  ,PAY3,L2T,Turboprop,False,Day,2026-04-09 15:38:50,2026-04-09 00:00:00,2026
17755325993314621873,GBGYH   ,P28A,L1P,GA / light,False,Day,2026-04-09 15:37:40,2026-04-09 00:00:00,2026
11378683172049983271,RYR12YU ,B38M,,Large jet,True,Day,2026-04-09 16:24:50,2026-04-09 00:00:00,2026
11965669983866712358,GBOJW   ,P28A,L1P,GA / light,False,Day,2026-04-09 15:30:20,2026-04-09 00:00:00,2026
17088427459290394459,FSF100A ,PC12,L1T,Turboprop,False,Day,2026-04-09 16:59:30,2026-04-09 00:00:00,2026
15504713928359820272,GMA23   ,BE20,L2T,Turboprop,False,Day,2026-04-09 16:45:00,2026-04-09 00:00:00,2026
14863877074341465114,EILIM   ,A139,H2T,Helicopter,False,Evening,2026-04-09 18:30:10,2026-04-09 00:00:00,2026
15179822856132957685,SFY1TM  ,DA42,L2P,GA / light,False,Day,2026-04-09 16:33:40,2026-04-09 00:00:00,2026
12164081463634283419,EXS68AT ,B738,L2J,Large jet,True,Evening,2026-04-09 18:04:40,2026-04-09 00:00:00,2026
10342217687026766718,BIO05   ,P68,,Other,False,Day,2026-04-09 17:07:45,2026-04-09 00:00:00,2026
13302974635694255713,EXS3623 ,B738,L2J,Large jet,True,Evening,2026-04-09 18:13:05,2026-04-09 00:00:00,2026
9474481710649842349,SFY1TM  ,DA42,L2P,GA / light,False,Evening,2026-04-09 18:19:25,2026-04-09 00:00:00,2026
11600768902087262470,RYR80XD ,,,Other,False,Evening,2026-04-09 19:38:00,2026-04-09 00:00:00,2026
12402415119829020328,N700CS  ,TBM7,L1T,Turboprop,False,Evening,2026-04-09 18:50:15,2026-04-09 00:00:00,2026
11370902051229825256,GMA23   ,BE20,L2T,Turboprop,False,Evening,2026-04-09 18:39:00,2026-04-09 00:00:00,2026
16742403968548558621,RYR117J ,B38M,L2J,Large jet,True,Evening,2026-04-09 21:41:35,2026-04-09 00:00:00,2026
3202776113756013833,RYR8PA  ,B38M,,Large jet,True,Evening,2026-04-09 21:50:25,2026-04-09 00:00:00,2026
11295485022319477509,RUK1133 ,B738,L2J,Large jet,True,Evening,2026-04-09 21:10:10,2026-04-09 00:00:00,2026
7313199992712618521,RYR117J ,B738,L2J,Large jet,True,Day,2026-04-10 06:30:50,2026-04-10 00:00:00,2026
16073817979063561136,SFY1TM  ,DA42,L2P,GA / light,False,Day,2026-04-10 09:14:00,2026-04-10 00:00:00,2026
9382506970792546879,GCBAN   ,BDOG,L1P,GA / light,False,Day,2026-04-10 08:46:50,2026-04-10 00:00:00,2026
17714112214719090621,GSLNG   ,SLG4,L1P,GA / light,False,Day,2026-04-10 10:40:20,2026-04-10 00:00:00,2026
17726555292733259596,RYR38NG ,B38M,,Large jet,True,Day,2026-04-10 10:59:15,2026-04-10 00:00:00,2026
5254498545133556027,EXS697J ,B738,L2J,Large jet,True,Day,2026-04-10 12:00:55,2026-04-10 00:00:00,2026
2807987945971135889,RYR384B ,B38M,L2J,Large jet,True,Day,2026-04-10 12:41:50,2026-04-10 00:00:00,2026
9925150624080288187,RYR12YU ,B738,L2J,Large jet,True,Day,2026-04-10 11:29:55,2026-04-10 00:00:00,2026
1934487502852166431,GOLAJ   ,R44,H1P,Helicopter,False,Day,2026-04-10 10:09:20,2026-04-10 00:00:00,2026
2881633624162932315,SFY1TM  ,DA42,L2P,GA / light,False,Day,2026-04-10 11:14:35,2026-04-10 00:00:00,2026
17413348014893834941,N575GM  ,TB20,L1P,GA / light,False,Day,2026-04-10 11:35:10,2026-04-10 00:00:00,2026
13274534708831895689,GCKYL   ,C42,L1P,GA / light,False,Day,2026-04-10 11:24:55,2026-04-10 00:00:00,2026
14920062162825569524,RYR80XD ,B738,L2J,Large jet,True,Day,2026-04-10 12:46:25,2026-04-10 00:00:00,2026
5736356351225340077,GCDOK   ,C42,L1P,GA / light,False,Day,2026-04-10 11:49:45,2026-04-10 00:00:00,2026
3650412563761636548,EXS61TQ ,B738,L2J,Large jet,True,Day,2026-04-10 12:39:10,2026-04-10 00:00:00,2026
16980814667658039599,,P28A,L1P,GA / light,False,Day,2026-04-10 11:03:55,2026-04-10 00:00:00,2026
14110753596700690195,GJIMZ   ,RV4,L1P,GA / light,False,Day,2026-04-10 11:53:55,2026-04-10 00:00:00,2026
16139851493611743336,GBUFH   ,P28A,L1P,GA / light,False,Day,2026-04-10 13:05:55,2026-04-10 00:00:00,2026
17752973680199685555,MABTE   ,,,Other,False,Day,2026-04-10 15:19:40,2026-04-10 00:00:00,2026
12991750306201486663,GDHAH   ,CH7A,L1P,GA / light,False,Day,2026-04-10 13:37:30,2026-04-10 00:00:00,2026
3827343510564898435,GBZTN   ,EUPA,L1P,GA / light,False,Day,2026-04-10 13:10:20,2026-04-10 00:00:00,2026
16072094667303204681,GCDOK   ,C42,L1P,GA / light,False,Day,2026-04-10 13:40:40,2026-04-10 00:00:00,2026
4466144715716468944,UPAVON  ,,,Other,False,Day,2026-04-10 13:16:55,2026-04-10 00:00:00,2026
415430332658442994,GMA23   ,BE20,L2T,Turboprop,False,Day,2026-04-10 14:09:45,2026-04-10 00:00:00,2026
14440325705520242934,GBGYH   ,P28A,L1P,GA / light,False,Day,2026-04-10 14:39:50,2026-04-10 00:00:00,2026
8344037368377271956,CFE28F  ,E190,L2J,Large jet,True,Day,2026-04-10 15:02:20,2026-04-10 00:00:00,2026
12743305468662342475,GBUFH   ,P28A,L1P,GA / light,False,Day,2026-04-10 15:18:25,2026-04-10 00:00:00,2026
3519179837202592343,GCDOK   ,C42,L1P,GA / light,False,Day,2026-04-10 15:59:50,2026-04-10 00:00:00,2026
5268401449309773668,RYR5RR  ,B38M,,Large jet,True,Day,2026-04-10 17:25:20,2026-04-10 00:00:00,2026
16830174618331827919,GARVV   ,P28A,L1P,GA / light,False,Day,2026-04-10 15:59:55,2026-04-10 00:00:00,2026
3671737373505339858,GNTSI   ,,,Other,False,Day,2026-04-10 16:13:30,2026-04-10 00:00:00,2026
6658788324525671281,GBUJP   ,P28A,L1P,GA / light,False,Day,2026-04-10 17:08:05,2026-04-10 00:00:00,2026
14280684418540759447,RYR9911 ,B738,L2J,Large jet,True,Day,2026-04-10 17:39:20,2026-04-10 00:00:00,2026
9082295829904033338,GBUFH   ,P28A,L1P,GA / light,False,Day,2026-04-10 17:20:55,2026-04-10 00:00:00,2026
7951843762498075494,TOM47Y  ,B738,L2J,Large jet,True,Evening,2026-04-10 18:39:55,2026-04-10 00:00:00,2026
17054226707812219537,,P28A,L1P,GA / light,False,Day,2026-04-10 17:00:20,2026-04-10 00:00:00,2026
5428692079335962456,EXS159E ,B738,L2J,Large jet,True,Evening,2026-04-10 21:48:10,2026-04-10 00:00:00,2026
14325452915139778193,RYR22ZK ,B38M,L2J,Large jet,True,Evening,2026-04-10 21:51:00,2026-04-10 00:00:00,2026
9855348175851271545,EXS34HS ,B738,L2J,Large jet,True,Night,2026-04-10 22:10:20,2026-04-10 00:00:00,2026
4563190457937542204,RUK1133 ,B738,,Large jet,True,Evening,2026-04-10 21:00:50,2026-04-10 00:00:00,2026
2534659714909617544,RYR384B ,B38M,L2J,Large jet,True,Day,2026-04-11 06:47:50,2026-04-11 00:00:00,2026
2966074425186516993,RYR117J ,B738,L2J,Large jet,True,Day,2026-04-11 06:08:00,2026-04-11 00:00:00,2026
7813733286469977063,RYR6504 ,B738,L2J,Large jet,True,Day,2026-04-11 06:38:05,2026-04-11 00:00:00,2026
3913002230014536949,RYR273  ,B38M,L2J,Large jet,True,Day,2026-04-11 08:37:15,2026-04-11 00:00:00,2026
7319748859184357581,RYR80XD ,B738,L2J,Large jet,True,Day,2026-04-11 08:46:30,2026-04-11 00:00:00,2026
670782603879743607,RYR7099 ,B38M,,Large jet,True,Day,2026-04-11 08:28:30,2026-04-11 00:00:00,2026
1962313201274829314,GMOSH   ,P28R,L1P,GA / light,False,Day,2026-04-11 09:58:35,2026-04-11 00:00:00,2026
18182328499236805994,SRD375  ,A139,,Other,False,Day,2026-04-11 09:59:55,2026-04-11 00:00:00,2026
278058656343023281,GOLGE   ,SR20,,Other,False,Day,2026-04-11 10:23:05,2026-04-11 00:00:00,2026
9651628990403595271,TOM2CD  ,B738,L2J,Large jet,True,Day,2026-04-11 11:58:35,2026-04-11 00:00:00,2026
15787497676551926543,EXS86KL ,B738,L2J,Large jet,True,Day,2026-04-11 12:17:30,2026-04-11 00:00:00,2026
1068408716695368956,EZS1531 ,A320,L2J,Large jet,True,Day,2026-04-11 12:00:05,2026-04-11 00:00:00,2026
12195243551730979414,SRD375  ,A139,,Other,False,Day,2026-04-11 10:59:35,2026-04-11 00:00:00,2026
398170202861712152,SFY1TM  ,DA42,L2P,GA / light,False,Day,2026-04-11 11:55:45,2026-04-11 00:00:00,2026
13059247987672910458,GOLAJ   ,R44,H1P,Helicopter,False,Day,2026-04-11 11:27:40,2026-04-11 00:00:00,2026
10458650901198053596,EXS52TY ,B738,L2J,Large jet,True,Day,2026-04-11 14:41:15,2026-04-11 00:00:00,2026
9951216531670918965,GSAPA   ,R66,H1T,Helicopter,False,Day,2026-04-11 12:15:00,2026-04-11 00:00:00,2026
6891822678138053546,GARVV   ,P28A,L1P,GA / light,False,Day,2026-04-11 12:40:00,2026-04-11 00:00:00,2026
7529767070989657720,GGCDB   ,SR20,L1P,GA / light,False,Day,2026-04-11 11:57:45,2026-04-11 00:00:00,2026
7220766996154689354,RYR8PA  ,B38M,L2J,Large jet,True,Day,2026-04-11 13:19:05,2026-04-11 00:00:00,2026
16151800379711000161,GOLAJ   ,R44,H1P,Helicopter,False,Day,2026-04-11 12:32:40,2026-04-11 00:00:00,2026
16584419740425593736,RYR12YU ,B38M,,Large jet,True,Day,2026-04-11 14:11:45,2026-04-11 00:00:00,2026
4983363717430274236,RYR5RR  ,B738,L2J,Large jet,True,Day,2026-04-11 14:36:50,2026-04-11 00:00:00,2026
14186418642903057817,RYR3318 ,B38M,L2J,Large jet,True,Day,2026-04-11 15:07:10,2026-04-11 00:00:00,2026
4321704928556417284,SFY1TM  ,DA42,L2P,GA / light,False,Day,2026-04-11 14:09:30,2026-04-11 00:00:00,2026
2496473052397177922,HLE10   ,A169,H2T,Helicopter,False,Day,2026-04-11 15:56:40,2026-04-11 00:00:00,2026
13429394018745849125,RYR2XN  ,B38M,L2J,Large jet,True,Evening,2026-04-11 19:03:45,2026-04-11 00:00:00,2026
307682599148976954,SRG375  ,A139,,Other,False,Evening,2026-04-11 18:59:55,2026-04-11 00:00:00,2026
15697685069513849471,RYR7AB  ,B38M,,Large jet,True,Evening,2026-04-11 20:32:25,2026-04-11 00:00:00,2026
3924897117549069340,EXS82F  ,B738,L2J,Large jet,True,Night,2026-04-11 23:01:20,2026-04-11 00:00:00,2026
17190994866104685054,RYR9911 ,B738,L2J,Large jet,True,Evening,2026-04-11 20:22:45,2026-04-11 00:00:00,2026
16040497845802518119,URO913  ,A346,L4J,Large jet,True,Evening,2026-04-11 20:11:00,2026-04-11 00:00:00,2026
4682805297531942901,URO901  ,A346,L4J,Large jet,True,Night,2026-04-11 22:29:05,2026-04-11 00:00:00,2026
15972286480831548015,EXS61TQ ,B738,L2J,Large jet,True,Night,2026-04-11 22:01:30,2026-04-11 00:00:00,2026
9877436661624500382,HLE10   ,A169,H2T,Helicopter,False,Night,2026-04-12 01:16:30,2026-04-12 00:00:00,2026
5665665803376775412,HLE10   ,A169,H2T,Helicopter,False,Night,2026-04-12 02:57:25,2026-04-12 00:00:00,2026
7718876616036379640,RYR73QT ,B738,L2J,Large jet,True,Day,2026-04-12 06:51:40,2026-04-12 00:00:00,2026
10289512989377934707,NJU720P ,,,Other,False,Day,2026-04-12 08:43:50,2026-04-12 00:00:00,2026
12282037092018074195,SFY1TM  ,DA42,L2P,GA / light,False,Day,2026-04-12 10:19:55,2026-04-12 00:00:00,2026
11357341063951005423,RYR363C ,B38M,L2J,Large jet,True,Day,2026-04-12 11:20:40,2026-04-12 00:00:00,2026
9445333898542661002,FCA1MB  ,E55P,,Business jet,False,Day,2026-04-12 11:46:05,2026-04-12 00:00:00,2026
3562553105113909184,RYR12YU ,B738,L2J,Large jet,True,Day,2026-04-12 11:55:45,2026-04-12 00:00:00,2026
11844963794355652717,GOLAJ   ,R44,H1P,Helicopter,False,Day,2026-04-12 11:15:30,2026-04-12 00:00:00,2026
8813995758237564146,NJE6NK  ,C68A,,Business jet,False,Day,2026-04-12 11:34:50,2026-04-12 00:00:00,2026
15839814883005419725,SLS8V   ,,,Other,False,Day,2026-04-12 11:25:35,2026-04-12 00:00:00,2026
2654255739332952161,GBUFH   ,P28A,L1P,GA / light,False,Day,2026-04-12 12:16:45,2026-04-12 00:00:00,2026
14982027705439771128,RYR2XN  ,B38M,,Large jet,True,Day,2026-04-12 13:04:10,2026-04-12 00:00:00,2026
62753024579949516,SFY1TM  ,DA42,L2P,GA / light,False,Day,2026-04-12 12:41:30,2026-04-12 00:00:00,2026
16641856275696016616,GNNJA   ,SKRA,L1P,GA / light,False,Day,2026-04-12 13:07:55,2026-04-12 00:00:00,2026
11925123753127767798,LJC6    ,B350,L2T,Turboprop,False,Day,2026-04-12 13:18:05,2026-04-12 00:00:00,2026
5440666366671056103,RYR117J ,B38M,L2J,Large jet,True,Day,2026-04-12 14:39:35,2026-04-12 00:00:00,2026
17155978328675761347,RYR8947 ,B38M,,Large jet,True,Day,2026-04-12 15:52:30,2026-04-12 00:00:00,2026
14406945385595944068,HLE22   ,B429,H2T,Helicopter,False,Day,2026-04-12 13:56:15,2026-04-12 00:00:00,2026
1522414420285835466,EXS68AT ,B738,L2J,Large jet,True,Day,2026-04-12 16:32:05,2026-04-12 00:00:00,2026
6118936311345083977,EXS71BS ,B738,L2J,Large jet,True,Day,2026-04-12 16:55:45,2026-04-12 00:00:00,2026
7871122238082021663,TOM6KM  ,B738,L2J,Large jet,True,Day,2026-04-12 17:02:30,2026-04-12 00:00:00,2026
10071309247727962374,SXN608  ,,,Other,False,Day,2026-04-12 15:38:00,2026-04-12 00:00:00,2026
15430276099490629163,NJU841R ,,,Other,False,Day,2026-04-12 15:27:35,2026-04-12 00:00:00,2026
13379396986099927396,GOLGE   ,SR20,,Other,False,Day,2026-04-12 17:41:55,2026-04-12 00:00:00,2026
5816880668324683668,RUK1133 ,B738,,Large jet,True,Day,2026-04-12 16:57:55,2026-04-12 00:00:00,2026
18289831884832294101,GMA23   ,BE20,L2T,Turboprop,False,Evening,2026-04-12 18:29:00,2026-04-12 00:00:00,2026
17996981890932207195,RYR80XD ,B38M,L2J,Large jet,True,Evening,2026-04-12 21:56:40,2026-04-12 00:00:00,2026
18185218012939816966,RYR8PA  ,B38M,,Large jet,True,Evening,2026-04-12 21:44:40,2026-04-12 00:00:00,2026
16926275595473790845,HLE10   ,A169,H2T,Helicopter,False,Night,2026-04-12 22:27:55,2026-04-12 00:00:00,2026
12307257694155008342,HLE10   ,A169,H2T,Helicopter,False,Night,2026-04-13 00:30:25,2026-04-13 00:00:00,2026
16429638130179151992,HLE10   ,A169,H2T,Helicopter,False,Night,2026-04-13 01:50:35,2026-04-13 00:00:00,2026
6714327334952957849,NJE757Q ,E55P,L2J,Business jet,False,Day,2026-04-13 08:03:35,2026-04-13 00:00:00,2026
2912974598248300854,GOLAJ   ,R44,H1P,Helicopter,False,Day,2026-04-13 09:21:55,2026-04-13 00:00:00,2026
7826666705964766734,RYR2XN  ,B38M,,Large jet,True,Day,2026-04-13 11:17:30,2026-04-13 00:00:00,2026
18068667903356171556,EXS697J ,B738,L2J,Large jet,True,Day,2026-04-13 11:59:10,2026-04-13 00:00:00,2026
18387884699425375885,GAYYO   ,DR10,L1P,GA / light,False,Day,2026-04-13 10:31:55,2026-04-13 00:00:00,2026
1730936427756598757,GOLGE   ,SR20,,Other,False,Day,2026-04-13 10:59:55,2026-04-13 00:00:00,2026
8097546050845668000,URO100P ,A346,L4J,Large jet,True,Day,2026-04-13 10:35:30,2026-04-13 00:00:00,2026
7976606577186968968,GBUFH   ,P28A,L1P,GA / light,False,Day,2026-04-13 10:50:25,2026-04-13 00:00:00,2026
5073347472903171849,,EC35,H2T,Helicopter,False,Day,2026-04-13 10:10:10,2026-04-13 00:00:00,2026
6924234016800859587,GOLAJ   ,R44,H1P,Helicopter,False,Day,2026-04-13 11:29:10,2026-04-13 00:00:00,2026
11463215756205971659,GMA23   ,BE20,L2T,Turboprop,False,Day,2026-04-13 11:38:15,2026-04-13 00:00:00,2026
7029367469176408067,RYR7624 ,B38M,L2J,Large jet,True,Day,2026-04-13 13:56:15,2026-04-13 00:00:00,2026
17438490627870092375,URO101P ,A346,L4J,Large jet,True,Day,2026-04-13 12:21:35,2026-04-13 00:00:00,2026
8747124465856184533,RYR117J ,B738,L2J,Large jet,True,Day,2026-04-13 14:42:40,2026-04-13 00:00:00,2026
12611719500169107933,HELIOP  ,,,Other,False,Day,2026-04-13 13:07:40,2026-04-13 00:00:00,2026
8557619665428467568,GBUFH   ,P28A,L1P,GA / light,False,Day,2026-04-13 13:53:20,2026-04-13 00:00:00,2026
5079451622170456037,GNTSI   ,,,Other,False,Day,2026-04-13 13:20:35,2026-04-13 00:00:00,2026
1329443311746214113,SFY1TM  ,DA42,L2P,GA / light,False,Day,2026-04-13 13:18:55,2026-04-13 00:00:00,2026
4692803766943130415,NJU120G ,C56X,L2J,Business jet,False,Day,2026-04-13 14:39:10,2026-04-13 00:00:00,2026
4049125310603589983,GBGYH   ,P28A,L1P,GA / light,False,Day,2026-04-13 14:22:05,2026-04-13 00:00:00,2026
8053655104075408377,GCCZL   ,C42,L1P,GA / light,False,Day,2026-04-13 14:35:55,2026-04-13 00:00:00,2026
15645388049458343164,HLE10   ,A169,H2T,Helicopter,False,Day,2026-04-13 14:06:40,2026-04-13 00:00:00,2026
12093205040610545182,EXS34HS ,B738,L2J,Large jet,True,Day,2026-04-13 16:28:40,2026-04-13 00:00:00,2026
17166158335163439648,GNXOE   ,C172,L1P,GA / light,False,Day,2026-04-13 14:40:40,2026-04-13 00:00:00,2026
5622899665483393884,RYR22ZK ,B38M,L2J,Large jet,True,Day,2026-04-13 16:32:50,2026-04-13 00:00:00,2026
12446754540783777626,TOM4EG  ,B738,L2J,Large jet,True,Day,2026-04-13 16:37:10,2026-04-13 00:00:00,2026
12979664359736070585,GNTSI   ,,,Other,False,Day,2026-04-13 15:07:50,2026-04-13 00:00:00,2026
8237377702599663872,CRIMSON2,FA20,L2J,Business jet,False,Day,2026-04-13 16:23:35,2026-04-13 00:00:00,2026
2615845233925006281,RYR7KY  ,B38M,,Large jet,True,Day,2026-04-13 16:02:10,2026-04-13 00:00:00,2026
7003383809109482102,GBUFH   ,P28A,L1P,GA / light,False,Day,2026-04-13 16:30:50,2026-04-13 00:00:00,2026
14918358563713335592,RYR80XD ,B738,L2J,Large jet,True,Evening,2026-04-13 18:40:00,2026-04-13 00:00:00,2026
13974164382304408031,EXS61TQ ,B738,L2J,Large jet,True,Evening,2026-04-13 18:13:40,2026-04-13 00:00:00,2026
6203087207605572922,SFY1TM  ,DA42,L2P,GA / light,False,Day,2026-04-13 17:21:35,2026-04-13 00:00:00,2026
8044651858621148691,URO901  ,A346,L4J,Large jet,True,Evening,2026-04-13 19:08:50,2026-04-13 00:00:00,2026
16318904507218271514,GBUFH   ,P28A,L1P,GA / light,False,Evening,2026-04-13 18:36:55,2026-04-13 00:00:00,2026
16410076569786596448,,P28A,L1P,GA / light,False,Evening,2026-04-13 18:16:10,2026-04-13 00:00:00,2026
9949061524006466839,HLE10   ,A169,H2T,Helicopter,False,Evening,2026-04-13 19:15:00,2026-04-13 00:00:00,2026
5543450417784170554,RYR12YU ,B38M,L2J,Large jet,True,Evening,2026-04-13 21:49:35,2026-04-13 00:00:00,2026
16339917340115401229,HLE10   ,A169,H2T,Helicopter,False,Evening,2026-04-13 20:13:25,2026-04-13 00:00:00,2026
4955468126404029659,RYR38NG ,,,Other,False,Night,2026-04-13 22:08:20,2026-04-13 00:00:00,2026
331930122010671823,HLE10   ,A169,H2T,Helicopter,False,Evening,2026-04-13 21:12:20,2026-04-13 00:00:00,2026
10675666367576131448,HLE10   ,A169,H2T,Helicopter,False,Night,2026-04-13 22:57:40,2026-04-13 00:00:00,2026
8413274859319081958,HLE10   ,A169,H2T,Helicopter,False,Night,2026-04-14 00:56:35,2026-04-14 00:00:00,2026
9857278199540719717,N302JG  ,TBM7,L1T,Turboprop,False,Day,2026-04-14 06:20:35,2026-04-14 00:00:00,2026
5280524286891196164,RYR80XD ,B738,L2J,Large jet,True,Day,2026-04-14 08:25:10,2026-04-14 00:00:00,2026
9256742976563731673,N986JT  ,S22T,L1P,GA / light,False,Day,2026-04-14 09:19:35,2026-04-14 00:00:00,2026
11637229930238857876,RYR7099 ,B38M,L2J,Large jet,True,Day,2026-04-14 09:48:30,2026-04-14 00:00:00,2026
3725724670654072139,N936CT  ,S22T,L1P,GA / light,False,Day,2026-04-14 09:41:15,2026-04-14 00:00:00,2026
9211622246124513033,2SNOW   ,P46T,L1T,Turboprop,False,Day,2026-04-14 09:57:55,2026-04-14 00:00:00,2026
11827534738857316820,CRIMSON1,,,Other,False,Day,2026-04-14 11:11:20,2026-04-14 00:00:00,2026
16279887407341590147,CRIMSON2,FA20,L2J,Business jet,False,Day,2026-04-14 11:21:00,2026-04-14 00:00:00,2026
15842679681550896971,EXS86KL ,B738,L2J,Large jet,True,Day,2026-04-14 12:07:40,2026-04-14 00:00:00,2026
15013052437824405256,TOM20H  ,B738,L2J,Large jet,True,Day,2026-04-14 12:43:20,2026-04-14 00:00:00,2026
17151686988816126031,SAH48P  ,BE40,L2J,Business jet,False,Day,2026-04-14 12:26:15,2026-04-14 00:00:00,2026
8387261921181298040,GBGYH   ,P28A,L1P,GA / light,False,Day,2026-04-14 10:59:55,2026-04-14 00:00:00,2026
16494760586034715786,GNTSI   ,,,Other,False,Day,2026-04-14 10:59:05,2026-04-14 00:00:00,2026
16625804412678119431,NJE6DU  ,,,Other,False,Day,2026-04-14 13:27:55,2026-04-14 00:00:00,2026
10360748695653424888,HLY72   ,P46T,L1T,Turboprop,False,Day,2026-04-14 12:16:50,2026-04-14 00:00:00,2026
13912817007118552393,RYR8947 ,,,Other,False,Day,2026-04-14 14:05:15,2026-04-14 00:00:00,2026
14080810443105187578,GBWPO   ,BN2T,L2T,Turboprop,False,Day,2026-04-14 12:36:15,2026-04-14 00:00:00,2026
14267730737711294942,SRD224B ,B350,,Turboprop,False,Day,2026-04-14 15:37:40,2026-04-14 00:00:00,2026
13861308998623936883,RYR2XN  ,B738,L2J,Large jet,True,Day,2026-04-14 14:46:25,2026-04-14 00:00:00,2026
16798026229312577056,EXS73G  ,B738,L2J,Large jet,True,Day,2026-04-14 16:22:05,2026-04-14 00:00:00,2026
5798390842142563163,NJE109G ,E55P,,Business jet,False,Day,2026-04-14 15:05:15,2026-04-14 00:00:00,2026
11041127635070837463,RYR117J ,B738,L2J,Large jet,True,Day,2026-04-14 15:49:05,2026-04-14 00:00:00,2026
3019778160764229333,RYR8PA  ,B38M,L2J,Large jet,True,Day,2026-04-14 15:30:30,2026-04-14 00:00:00,2026
17583038392012348118,SFY1TM  ,DA42,L2P,GA / light,False,Day,2026-04-14 15:50:45,2026-04-14 00:00:00,2026
17671824307977452865,GMA19   ,BE20,L2T,Turboprop,False,Day,2026-04-14 15:35:50,2026-04-14 00:00:00,2026
3721817730157775126,RUK1133 ,B738,,Large jet,True,Day,2026-04-14 16:26:30,2026-04-14 00:00:00,2026
3162259740948875777,RYR384B ,B38M,,Large jet,True,Evening,2026-04-14 19:53:50,2026-04-14 00:00:00,2026
17857411620279786912,RYR12YU ,,,Other,False,Evening,2026-04-14 19:13:40,2026-04-14 00:00:00,2026
10938582328553495597,RYR273  ,B38M,L2J,Large jet,True,Evening,2026-04-14 19:20:00,2026-04-14 00:00:00,2026
12857477386792526659,GMA23   ,BE20,L2T,Turboprop,False,Evening,2026-04-14 18:08:55,2026-04-14 00:00:00,2026
2294739540534031497,RYR6504 ,,,Other,False,Evening,2026-04-14 21:07:45,2026-04-14 00:00:00,2026
2053773009566662705,RYR363C ,B38M,L2J,Large jet,True,Evening,2026-04-14 21:39:55,2026-04-14 00:00:00,2026
1236965531668583585,EXS159E ,B738,L2J,Large jet,True,Night,2026-04-14 22:00:55,2026-04-14 00:00:00,2026
345834013509217636,TOM83T  ,B738,L2J,Large jet,True,Night,2026-04-14 22:34:55,2026-04-14 00:00:00,2026
938257977049825194,RYR117J ,B738,L2J,Large jet,True,Day,2026-04-15 05:59:55,2026-04-15 00:00:00,2026
16813576893892068364,RYR7AB  ,,,Other,False,Day,2026-04-15 07:43:05,2026-04-15 00:00:00,2026
1225669465010707872,CRIMSON1,FA20,L2J,Business jet,False,Day,2026-04-15 09:30:25,2026-04-15 00:00:00,2026
12668876598647394577,CRIMSON2,FA20,L2J,Business jet,False,Day,2026-04-15 09:40:55,2026-04-15 00:00:00,2026
2830876504574670486,LXJ659  ,GLF6,,Business jet,False,Day,2026-04-15 09:58:10,2026-04-15 00:00:00,2026
4139283121665827623,N363KC  ,S22T,L1P,GA / light,False,Day,2026-04-15 11:14:30,2026-04-15 00:00:00,2026
7455325439562096805,RYR363C ,,,Other,False,Day,2026-04-15 11:21:25,2026-04-15 00:00:00,2026
14877091207981264067,BAH700  ,,,Other,False,Day,2026-04-15 11:44:40,2026-04-15 00:00:00,2026
5944513014430756432,CGJZJ   ,CRJ2,L2J,Large jet,True,Day,2026-04-15 14:17:50,2026-04-15 00:00:00,2026
5899267826142544900,RYR5RR  ,,,Other,False,Day,2026-04-15 14:10:20,2026-04-15 00:00:00,2026
1481138782449571421,RYR80XD ,B738,,Large jet,True,Day,2026-04-15 14:14:05,2026-04-15 00:00:00,2026
4748807406986934996,CRIMSON1,FA20,L2J,Business jet,False,Day,2026-04-15 14:06:00,2026-04-15 00:00:00,2026
8994278644959980635,CRIMSON2,FA20,L2J,Business jet,False,Day,2026-04-15 13:39:20,2026-04-15 00:00:00,2026
2613940068772287059,RYR6765 ,B38M,L2J,Large jet,True,Day,2026-04-15 15:05:25,2026-04-15 00:00:00,2026
17793934625069651779,URO901  ,A346,L4J,Large jet,True,Day,2026-04-15 16:39:50,2026-04-15 00:00:00,2026
4976406947425470264,EDC980E ,C68A,L2J,Business jet,False,Day,2026-04-15 15:19:40,2026-04-15 00:00:00,2026
13118875452636661350,EXS82F  ,B738,L2J,Large jet,True,Evening,2026-04-15 18:40:40,2026-04-15 00:00:00,2026
6896817353972777517,GMA19   ,BE20,L2T,Turboprop,False,Day,2026-04-15 14:59:15,2026-04-15 00:00:00,2026
15457600265808905132,RYR3318 ,,,Other,False,Day,2026-04-15 16:56:45,2026-04-15 00:00:00,2026
17305956815356991591,TOM7MH  ,B738,L2J,Large jet,True,Evening,2026-04-15 20:11:00,2026-04-15 00:00:00,2026
12021332849551703157,N55FB   ,,,Other,False,Day,2026-04-15 16:29:45,2026-04-15 00:00:00,2026
9282563678707818689,HLY27   ,P46T,L1T,Turboprop,False,Evening,2026-04-15 18:44:00,2026-04-15 00:00:00,2026
7350483978718001931,RYR12YU ,B38M,L2J,Large jet,True,Evening,2026-04-15 21:09:35,2026-04-15 00:00:00,2026
4954079267036869651,RYR7KY  ,,,Other,False,Evening,2026-04-15 21:24:10,2026-04-15 00:00:00,2026
12615967911150692448,RYR2XN  ,,,Other,False,Day,2026-04-16 06:55:20,2026-04-16 00:00:00,2026
12459224602707890945,RYR7KY  ,,,Other,False,Day,2026-04-16 10:02:05,2026-04-16 00:00:00,2026
12468721901657625969,GAC984D ,C510,L2J,Business jet,False,Day,2026-04-16 11:17:00,2026-04-16 00:00:00,2026
4239553253112029199,GCDOK   ,C42,L1P,GA / light,False,Day,2026-04-16 10:18:00,2026-04-16 00:00:00,2026
15962740826441797602,GBHUG   ,C172,L1P,GA / light,False,Day,2026-04-16 09:59:55,2026-04-16 00:00:00,2026
1802007630097233826,CRIMSON1,,,Other,False,Day,2026-04-16 11:23:00,2026-04-16 00:00:00,2026
10022787397636377261,CRIMSON2,FA20,L2J,Business jet,False,Day,2026-04-16 11:12:00,2026-04-16 00:00:00,2026
4048197525096587948,MOVIE   ,GLF6,L2J,Business jet,False,Day,2026-04-16 10:24:30,2026-04-16 00:00:00,2026
15489483173591465970,RYR5RR  ,B38M,L2J,Large jet,True,Day,2026-04-16 12:18:50,2026-04-16 00:00:00,2026
12879827686569934234,BTNIA17 ,G115,L1P,GA / light,False,Day,2026-04-16 11:11:40,2026-04-16 00:00:00,2026
17240370470211856828,GOLGE   ,SR20,,Other,False,Day,2026-04-16 12:29:05,2026-04-16 00:00:00,2026
5253476839862098349,BWY40   ,FA20,L2J,Business jet,False,Day,2026-04-16 13:26:35,2026-04-16 00:00:00,2026
1999222916565184897,GNESW   ,PA34,L2P,GA / light,False,Day,2026-04-16 11:42:45,2026-04-16 00:00:00,2026
10347249545227285234,GCDOK   ,C42,L1P,GA / light,False,Day,2026-04-16 11:37:30,2026-04-16 00:00:00,2026
13468861948209560798,N28SN   ,S22T,L1P,GA / light,False,Day,2026-04-16 12:07:10,2026-04-16 00:00:00,2026
16557498327976533186,N35SN   ,BE35,L1P,GA / light,False,Day,2026-04-16 12:37:25,2026-04-16 00:00:00,2026
12364098737599578919,TOM9HW  ,B738,L2J,Large jet,True,Day,2026-04-16 15:02:15,2026-04-16 00:00:00,2026
7396072586909144756,,DA42,L2P,GA / light,False,Day,2026-04-16 13:02:10,2026-04-16 00:00:00,2026
11091720962599924602,ETP66   ,AS50,H1T,Helicopter,False,Day,2026-04-16 14:36:20,2026-04-16 00:00:00,2026
2896077605589969610,BTNIA14 ,G115,L1P,GA / light,False,Day,2026-04-16 14:28:25,2026-04-16 00:00:00,2026
9540887005796762850,GBUFH   ,P28A,L1P,GA / light,False,Day,2026-04-16 14:36:05,2026-04-16 00:00:00,2026
12467929502005349294,RYR12YU ,,,Other,False,Day,2026-04-16 15:48:55,2026-04-16 00:00:00,2026
6941652443717713205,EXS3624 ,B738,L2J,Large jet,True,Day,2026-04-16 16:11:05,2026-04-16 00:00:00,2026
7476619445352846944,BTNIA17 ,G115,L1P,GA / light,False,Day,2026-04-16 15:26:10,2026-04-16 00:00:00,2026
8284217274503619233,CRIMSON1,FA20,L2J,Business jet,False,Day,2026-04-16 16:32:00,2026-04-16 00:00:00,2026
6274635500947478912,CRIMSON2,,,Other,False,Day,2026-04-16 16:25:20,2026-04-16 00:00:00,2026
4246007120320675130,SFY1TM  ,DA42,L2P,GA / light,False,Day,2026-04-16 15:59:05,2026-04-16 00:00:00,2026
17149935892413084747,GOLAJ   ,R44,H1P,Helicopter,False,Day,2026-04-16 15:19:20,2026-04-16 00:00:00,2026
920125766763522025,RYR80XD ,B38M,,Large jet,True,Evening,2026-04-16 18:59:55,2026-04-16 00:00:00,2026
11354002556866078240,RYR117J ,B38M,L2J,Large jet,True,Evening,2026-04-16 21:30:30,2026-04-16 00:00:00,2026
11556543224499421077,HLE10   ,A169,H2T,Helicopter,False,Evening,2026-04-16 20:51:15,2026-04-16 00:00:00,2026
16075446342351897620,RUK1133 ,B738,L2J,Large jet,True,Evening,2026-04-16 21:12:55,2026-04-16 00:00:00,2026
3638260971746390339,RYR8PA  ,,,Other,False,Night,2026-04-16 22:52:55,2026-04-16 00:00:00,2026
4229677124283328529,EXS68AT ,B738,L2J,Large jet,True,Night,2026-04-16 23:45:45,2026-04-16 00:00:00,2026
18419835161352583768,RYR117J ,B738,L2J,Large jet,True,Day,2026-04-17 06:39:10,2026-04-17 00:00:00,2026
12299244519227029259,FSF201B ,,,Other,False,Day,2026-04-17 10:07:15,2026-04-17 00:00:00,2026
6459439685774555932,,GA8,L1P,GA / light,False,Day,2026-04-17 08:30:00,2026-04-17 00:00:00,2026
14492848281814161714,BWY40   ,FA20,L2J,Business jet,False,Day,2026-04-17 11:09:30,2026-04-17 00:00:00,2026
13740235339281199228,RYR38NG ,B38M,L2J,Large jet,True,Day,2026-04-17 10:43:15,2026-04-17 00:00:00,2026
9274221575443384730,,GA8,L1P,GA / light,False,Day,2026-04-17 09:16:10,2026-04-17 00:00:00,2026
16849168085039564924,GPURR   ,AA5,L1P,GA / light,False,Day,2026-04-17 10:27:15,2026-04-17 00:00:00,2026
5097517853489862022,RYR12YU ,B738,L2J,Large jet,True,Day,2026-04-17 11:23:00,2026-04-17 00:00:00,2026
473130388739434470,RYR384B ,,,Other,False,Day,2026-04-17 12:31:10,2026-04-17 00:00:00,2026
5332033891634604498,EXS697J ,B738,L2J,Large jet,True,Day,2026-04-17 11:59:10,2026-04-17 00:00:00,2026
13037286001202885572,NJU5QJ  ,,,Other,False,Day,2026-04-17 10:25:40,2026-04-17 00:00:00,2026
10843363087718383523,SFY1TM  ,DA42,L2P,GA / light,False,Day,2026-04-17 11:22:45,2026-04-17 00:00:00,2026
12711663984740969477,EXS61TQ ,B738,L2J,Large jet,True,Day,2026-04-17 12:35:50,2026-04-17 00:00:00,2026
13400243333827143857,URO901  ,A346,L4J,Large jet,True,Day,2026-04-17 13:34:25,2026-04-17 00:00:00,2026
14913969728304513323,GOLAJ   ,R44,H1P,Helicopter,False,Day,2026-04-17 11:36:25,2026-04-17 00:00:00,2026
1650602167963948539,VSB10   ,BE20,L2T,Turboprop,False,Day,2026-04-17 12:12:55,2026-04-17 00:00:00,2026
2921537803440059690,EXS028C ,B733,L2J,Large jet,True,Day,2026-04-17 12:04:25,2026-04-17 00:00:00,2026
16009390120272456685,RYR80XD ,B738,L2J,Large jet,True,Day,2026-04-17 13:25:50,2026-04-17 00:00:00,2026
18333653217260544313,GNTSI   ,,,Other,False,Day,2026-04-17 12:18:35,2026-04-17 00:00:00,2026
15530818892389434652,GJAYD   ,EUPA,L1P,GA / light,False,Day,2026-04-17 11:59:55,2026-04-17 00:00:00,2026
1097091461967804088,LJC6    ,B350,L2T,Turboprop,False,Day,2026-04-17 14:54:30,2026-04-17 00:00:00,2026
7439822200977636474,SFY1TM  ,DA42,L2P,GA / light,False,Day,2026-04-17 13:48:30,2026-04-17 00:00:00,2026
392010342257614493,GOLGE   ,SR20,,Other,False,Day,2026-04-17 13:12:55,2026-04-17 00:00:00,2026
16363612851365108752,GCGCE   ,MM16,G1P,GA / light,False,Day,2026-04-17 13:55:40,2026-04-17 00:00:00,2026
3545062904376482840,HLE10   ,A169,H2T,Helicopter,False,Day,2026-04-17 13:50:50,2026-04-17 00:00:00,2026
7116766008072680482,GINDC   ,C303,L2P,GA / light,False,Day,2026-04-17 13:58:40,2026-04-17 00:00:00,2026
11143689040892879411,TOM47Y  ,B738,L2J,Large jet,True,Day,2026-04-17 17:05:20,2026-04-17 00:00:00,2026
10085933520954558536,GCLKB   ,C172,L1P,GA / light,False,Day,2026-04-17 14:09:30,2026-04-17 00:00:00,2026
2999325816109619317,,AP32,L1P,GA / light,False,Day,2026-04-17 14:41:35,2026-04-17 00:00:00,2026
6233173956668512203,HLE10   ,A169,H2T,Helicopter,False,Day,2026-04-17 15:19:55,2026-04-17 00:00:00,2026
15861415072648637299,RYR5RR  ,B38M,L2J,Large jet,True,Day,2026-04-17 17:25:20,2026-04-17 00:00:00,2026
11199010031338831399,FRA84   ,FA20,L2J,Business jet,False,Day,2026-04-17 16:18:15,2026-04-17 00:00:00,2026
7726837354205299069,GMOSH   ,P28R,L1P,GA / light,False,Day,2026-04-17 16:45:05,2026-04-17 00:00:00,2026
7348755192741986686,HLE10   ,A169,H2T,Helicopter,False,Day,2026-04-17 16:16:50,2026-04-17 00:00:00,2026
1434645040609550914,RYR9911 ,B738,L2J,Large jet,True,Day,2026-04-17 17:45:45,2026-04-17 00:00:00,2026
14786341836976706640,RYR22ZK ,,,Other,False,Evening,2026-04-17 21:15:25,2026-04-17 00:00:00,2026
16016337000999900116,EXS159E ,B738,L2J,Large jet,True,Evening,2026-04-17 21:44:35,2026-04-17 00:00:00,2026
10117293484330140439,RUK1133 ,B738,,Large jet,True,Evening,2026-04-17 21:05:15,2026-04-17 00:00:00,2026
16933029252556362067,EXS34HS ,B738,L2J,Large jet,True,Night,2026-04-17 22:42:00,2026-04-17 00:00:00,2026
7749170808174476811,RYR384B ,B38M,L2J,Large jet,True,Day,2026-04-18 07:08:05,2026-04-18 00:00:00,2026
7220163344808923005,RYR6504 ,B738,L2J,Large jet,True,Day,2026-04-18 06:32:15,2026-04-18 00:00:00,2026
17268347330077688650,RYR117J ,B738,L2J,Large jet,True,Day,2026-04-18 06:23:35,2026-04-18 00:00:00,2026
15391054401027880727,RYR273  ,B38M,L2J,Large jet,True,Day,2026-04-18 08:21:50,2026-04-18 00:00:00,2026
13905417999875483403,RYR80XD ,B738,L2J,Large jet,True,Day,2026-04-18 08:55:15,2026-04-18 00:00:00,2026
9687195497954427602,RYR7099 ,,,Other,False,Day,2026-04-18 08:24:25,2026-04-18 00:00:00,2026
1103120913131024864,N4T     ,MD60,H1T,Helicopter,False,Day,2026-04-18 09:55:35,2026-04-18 00:00:00,2026
13333895409739059764,IRL288  ,,,Other,False,Day,2026-04-18 11:19:50,2026-04-18 00:00:00,2026
11813142292292453151,NJU651A ,C56X,L2J,Business jet,False,Day,2026-04-18 09:45:50,2026-04-18 00:00:00,2026
13735682913654014713,ECA3NT  ,C25B,L2J,Business jet,False,Day,2026-04-18 09:57:00,2026-04-18 00:00:00,2026
17511212801897046956,GIIBB   ,B505,H1T,Helicopter,False,Day,2026-04-18 10:50:15,2026-04-18 00:00:00,2026
17991947701805688872,GOLAJ   ,R44,H1P,Helicopter,False,Day,2026-04-18 10:18:30,2026-04-18 00:00:00,2026
6521979663076578809,N20TB   ,TB20,L1P,GA / light,False,Day,2026-04-18 10:51:50,2026-04-18 00:00:00,2026
15593062404142152015,GINDC   ,C303,L2P,GA / light,False,Day,2026-04-18 10:32:00,2026-04-18 00:00:00,2026
17184605340473677104,TOM2CD  ,B738,L2J,Large jet,True,Day,2026-04-18 11:58:55,2026-04-18 00:00:00,2026
15057042225264814510,GLHER   ,CRUZ,L1P,GA / light,False,Day,2026-04-18 10:36:25,2026-04-18 00:00:00,2026
16806527405626341136,GBUFH   ,P28A,L1P,GA / light,False,Day,2026-04-18 11:10:00,2026-04-18 00:00:00,2026
1161910806346258273,GCNDC   ,,,Other,False,Day,2026-04-18 10:54:40,2026-04-18 00:00:00,2026
8929811517808315956,EXS86KL ,B738,L2J,Large jet,True,Day,2026-04-18 12:15:20,2026-04-18 00:00:00,2026
5179395648289767518,GSWOW   ,,,Other,False,Day,2026-04-18 12:13:05,2026-04-18 00:00:00,2026
10672800018750355814,GBOJW   ,P28A,L1P,GA / light,False,Day,2026-04-18 11:17:30,2026-04-18 00:00:00,2026
110521149576550998,RYR8PA  ,B38M,L2J,Large jet,True,Day,2026-04-18 13:04:00,2026-04-18 00:00:00,2026
1864162461964248102,GOLAJ   ,R44,H1P,Helicopter,False,Day,2026-04-18 11:57:20,2026-04-18 00:00:00,2026
8789848607858362524,GINDC   ,C303,L2P,GA / light,False,Day,2026-04-18 12:38:15,2026-04-18 00:00:00,2026
12080406487627392827,GCDAB   ,UNDEFINED,,Other,False,Day,2026-04-18 11:47:40,2026-04-18 00:00:00,2026
13583250401275480122,MANTA   ,GA6C,L2J,Business jet,False,Day,2026-04-18 12:58:45,2026-04-18 00:00:00,2026
10464451980213433428,GIDID   ,BDOG,L1P,GA / light,False,Day,2026-04-18 12:35:55,2026-04-18 00:00:00,2026
5710617657862952107,GBZTN   ,EUPA,L1P,GA / light,False,Day,2026-04-18 12:13:35,2026-04-18 00:00:00,2026
2937403537426499355,GCBCL   ,GLST,L1P,GA / light,False,Day,2026-04-18 12:19:15,2026-04-18 00:00:00,2026
18372093871274473937,RYR5RR  ,B738,L2J,Large jet,True,Day,2026-04-18 14:13:35,2026-04-18 00:00:00,2026
8453884525511264823,RYR12YU ,,,Other,False,Day,2026-04-18 14:00:20,2026-04-18 00:00:00,2026
6813431366224138549,PARA8356,,,Other,False,Day,2026-04-18 13:41:45,2026-04-18 00:00:00,2026
2135753798062205387,GBUTZ   ,P28A,L1P,GA / light,False,Day,2026-04-18 13:11:00,2026-04-18 00:00:00,2026
2759940497559053141,GOLAJ   ,R44,H1P,Helicopter,False,Day,2026-04-18 12:55:20,2026-04-18 00:00:00,2026
53002495261836591,EXS52TY ,B738,L2J,Large jet,True,Day,2026-04-18 14:53:30,2026-04-18 00:00:00,2026
15045134729394093434,RYR3318 ,B38M,L2J,Large jet,True,Day,2026-04-18 14:50:00,2026-04-18 00:00:00,2026
797075541909994623,GBGYH   ,P28A,L1P,GA / light,False,Day,2026-04-18 13:12:40,2026-04-18 00:00:00,2026
1479921430273320502,,,,Other,False,Day,2026-04-18 13:03:35,2026-04-18 00:00:00,2026
12491912793437778521,EZS1531 ,A320,L2J,Large jet,True,Day,2026-04-18 14:32:15,2026-04-18 00:00:00,2026
17189088532473728785,GBUFH   ,P28A,L1P,GA / light,False,Day,2026-04-18 13:48:00,2026-04-18 00:00:00,2026
17893514915726208387,GOLGE   ,SR20,,Other,False,Day,2026-04-18 14:35:35,2026-04-18 00:00:00,2026
2127939151014049957,GOLAJ   ,R44,H1P,Helicopter,False,Day,2026-04-18 14:23:20,2026-04-18 00:00:00,2026
15501834585988346813,,,,Other,False,Day,2026-04-18 13:56:55,2026-04-18 00:00:00,2026
17544393581839900142,GBOJW   ,P28A,L1P,GA / light,False,Day,2026-04-18 14:42:35,2026-04-18 00:00:00,2026
8207437983919924332,GNNJA   ,SKRA,L1P,GA / light,False,Day,2026-04-18 15:16:40,2026-04-18 00:00:00,2026
9820713533935331191,GBUFH   ,P28A,L1P,GA / light,False,Day,2026-04-18 14:41:05,2026-04-18 00:00:00,2026
18301716713220138524,N35SN   ,BE35,L1P,GA / light,False,Day,2026-04-18 15:42:10,2026-04-18 00:00:00,2026
5811876439168808777,GBUJP   ,P28A,L1P,GA / light,False,Day,2026-04-18 15:41:45,2026-04-18 00:00:00,2026
8040756687349175028,GBUFH   ,P28A,L1P,GA / light,False,Day,2026-04-18 15:39:40,2026-04-18 00:00:00,2026
13594303085478192275,FRA81   ,FA20,L2J,Business jet,False,Day,2026-04-18 17:03:50,2026-04-18 00:00:00,2026
11528234280147028844,,BE35,L1P,GA / light,False,Day,2026-04-18 15:29:25,2026-04-18 00:00:00,2026
6445667623945792125,SFY1TM  ,DA42,L2P,GA / light,False,Day,2026-04-18 16:46:20,2026-04-18 00:00:00,2026
16386241071194444495,GMA23   ,BE20,L2T,Turboprop,False,Day,2026-04-18 17:07:25,2026-04-18 00:00:00,2026
8875445380405929339,RYR2XN  ,B38M,L2J,Large jet,True,Evening,2026-04-18 19:22:55,2026-04-18 00:00:00,2026
3609007522529502545,HLE22   ,B429,H2T,Helicopter,False,Evening,2026-04-18 18:11:10,2026-04-18 00:00:00,2026
15598790015211872438,HLE10   ,A169,H2T,Helicopter,False,Day,2026-04-18 17:57:30,2026-04-18 00:00:00,2026
15148790569965521946,RYR7AB  ,,,Other,False,Evening,2026-04-18 20:15:40,2026-04-18 00:00:00,2026
17175733196497615335,EXS6012 ,B733,L2J,Large jet,True,Evening,2026-04-18 19:15:25,2026-04-18 00:00:00,2026
2525580505222900501,EXS82F  ,B738,L2J,Large jet,True,Night,2026-04-18 22:38:00,2026-04-18 00:00:00,2026
1088336700295058698,RYR9911 ,B738,L2J,Large jet,True,Evening,2026-04-18 20:37:15,2026-04-18 00:00:00,2026
11794190992039387654,EXS61TQ ,B738,L2J,Large jet,True,Evening,2026-04-18 21:41:20,2026-04-18 00:00:00,2026
1315566823198872995,GDKDK   ,C25M,L2J,Business jet,False,Day,2026-04-19 09:02:35,2026-04-19 00:00:00,2026
6591507059093958770,GBUFH   ,P28A,L1P,GA / light,False,Day,2026-04-19 08:13:30,2026-04-19 00:00:00,2026
16222695730614545012,GCLUI   ,NG5,L1P,GA / light,False,Day,2026-04-19 09:40:00,2026-04-19 00:00:00,2026
8180952260490329393,RYR363C ,,,Other,False,Day,2026-04-19 11:20:00,2026-04-19 00:00:00,2026
15353494003716598602,GCDOK   ,C42,L1P,GA / light,False,Day,2026-04-19 09:59:55,2026-04-19 00:00:00,2026
4528021702224504736,GCBIY   ,EV97,L1P,GA / light,False,Day,2026-04-19 10:12:55,2026-04-19 00:00:00,2026
6637020994231462113,GBUFH   ,P28A,L1P,GA / light,False,Day,2026-04-19 09:59:55,2026-04-19 00:00:00,2026
16119317677090163176,,P28A,L1P,GA / light,False,Day,2026-04-19 10:01:10,2026-04-19 00:00:00,2026
4818895044147007174,GBYHJ   ,P28R,L1P,GA / light,False,Day,2026-04-19 10:24:00,2026-04-19 00:00:00,2026
7197438322406989243,GCIBH   ,RV8,L1P,GA / light,False,Day,2026-04-19 10:34:00,2026-04-19 00:00:00,2026
1610221980859798673,RYR12YU ,B738,L2J,Large jet,True,Day,2026-04-19 11:50:45,2026-04-19 00:00:00,2026
15027415119747324940,GOLAJ   ,R44,H1P,Helicopter,False,Day,2026-04-19 10:57:55,2026-04-19 00:00:00,2026
11220674393255513367,URO901  ,A346,L4J,Large jet,True,Day,2026-04-19 13:10:35,2026-04-19 00:00:00,2026
7586135245212486618,GBUFH   ,P28A,L1P,GA / light,False,Day,2026-04-19 10:45:25,2026-04-19 00:00:00,2026
9302470203468065122,GRVZZ   ,RV7,L1P,GA / light,False,Day,2026-04-19 10:59:55,2026-04-19 00:00:00,2026
3730225103535628345,GNFLY   ,SIRA,L1P,GA / light,False,Day,2026-04-19 11:35:05,2026-04-19 00:00:00,2026
11493303726779937525,GCLUI   ,NG5,L1P,GA / light,False,Day,2026-04-19 11:23:20,2026-04-19 00:00:00,2026
12545767526437665202,GSLGG   ,,,Other,False,Day,2026-04-19 11:52:35,2026-04-19 00:00:00,2026
4660227722280200663,GFLEA   ,TOBA,L1P,GA / light,False,Day,2026-04-19 11:36:45,2026-04-19 00:00:00,2026
16494944226984978574,GCMYU   ,,,Other,False,Day,2026-04-19 12:01:10,2026-04-19 00:00:00,2026
3891574485193408397,GEPEE   ,,,Other,False,Day,2026-04-19 11:31:45,2026-04-19 00:00:00,2026
9650220145184331222,GIMPT   ,EFOX,L1P,GA / light,False,Day,2026-04-19 11:54:55,2026-04-19 00:00:00,2026
2283136346823830545,,AP22,L1P,GA / light,False,Day,2026-04-19 11:23:40,2026-04-19 00:00:00,2026
7203762999651718199,GCGLP   ,CRUZ,L1P,GA / light,False,Day,2026-04-19 13:59:55,2026-04-19 00:00:00,2026
1356795867580883762,GZAVI   ,C42,L1P,GA / light,False,Day,2026-04-19 13:10:45,2026-04-19 00:00:00,2026
3367884817833898952,JFA95N  ,PC12,L1T,Turboprop,False,Day,2026-04-19 11:33:00,2026-04-19 00:00:00,2026
11743314382717461882,GOLAJ   ,R44,H1P,Helicopter,False,Day,2026-04-19 12:58:10,2026-04-19 00:00:00,2026
7307506427280806426,GHBBH   ,C42,L1P,GA / light,False,Day,2026-04-19 11:58:00,2026-04-19 00:00:00,2026
2486808838558358599,RYR2XN  ,B38M,,Large jet,True,Day,2026-04-19 13:40:45,2026-04-19 00:00:00,2026
13824847171366918215,GLUSI   ,L8,L1P,GA / light,False,Day,2026-04-19 13:17:20,2026-04-19 00:00:00,2026
9681880586699276574,GOJVL   ,RV6,L1P,GA / light,False,Day,2026-04-19 13:09:45,2026-04-19 00:00:00,2026
15629673107181961243,RYR117J ,B38M,,Large jet,True,Day,2026-04-19 14:44:40,2026-04-19 00:00:00,2026
12038472433889137655,GCGWH   ,CRUZ,L1P,GA / light,False,Day,2026-04-19 13:22:50,2026-04-19 00:00:00,2026
8391531991086480531,,RV8,L1P,GA / light,False,Day,2026-04-19 13:03:40,2026-04-19 00:00:00,2026
11640048365184982532,GFLEA   ,TOBA,L1P,GA / light,False,Day,2026-04-19 13:43:50,2026-04-19 00:00:00,2026
2097493236208558853,NJE9QL  ,E55P,L2J,Business jet,False,Day,2026-04-19 13:43:45,2026-04-19 00:00:00,2026
12656356351965171944,RYR8947 ,B38M,L2J,Large jet,True,Day,2026-04-19 15:37:45,2026-04-19 00:00:00,2026
5280113342748857318,GCDOK   ,C42,L1P,GA / light,False,Day,2026-04-19 13:50:40,2026-04-19 00:00:00,2026
3397810861006864987,GOLAJ   ,R44,H1P,Helicopter,False,Day,2026-04-19 14:09:25,2026-04-19 00:00:00,2026
11657191194684530008,EXS68AT ,B738,L2J,Large jet,True,Day,2026-04-19 16:22:25,2026-04-19 00:00:00,2026
12849886420925669706,SRG375  ,A139,,Other,False,Day,2026-04-19 15:45:55,2026-04-19 00:00:00,2026
11836739953465267350,GRVZZ   ,RV7,L1P,GA / light,False,Day,2026-04-19 14:35:35,2026-04-19 00:00:00,2026
16305506658778394798,2ANJA   ,,,Other,False,Day,2026-04-19 14:36:30,2026-04-19 00:00:00,2026
4999484068018452461,GBUFH   ,P28A,L1P,GA / light,False,Day,2026-04-19 14:40:40,2026-04-19 00:00:00,2026
9023886932124391030,GZAVI   ,C42,L1P,GA / light,False,Day,2026-04-19 15:31:30,2026-04-19 00:00:00,2026
17805154042133413906,EXS71BS ,B738,L2J,Large jet,True,Day,2026-04-19 16:55:10,2026-04-19 00:00:00,2026
3488643966983186015,TOM6KM  ,B738,L2J,Large jet,True,Day,2026-04-19 17:03:15,2026-04-19 00:00:00,2026
3682248001685174539,GBOJW   ,P28A,L1P,GA / light,False,Day,2026-04-19 15:13:55,2026-04-19 00:00:00,2026
14050753897567697783,GMA23   ,BE20,L2T,Turboprop,False,Day,2026-04-19 15:08:05,2026-04-19 00:00:00,2026
4757267777701204459,NJE3NX  ,E55P,L2J,Business jet,False,Day,2026-04-19 16:00:55,2026-04-19 00:00:00,2026
6915067474585279559,GFXBT   ,AP22,L1P,GA / light,False,Day,2026-04-19 15:59:55,2026-04-19 00:00:00,2026
15332085672979854385,GPLPM   ,EUPA,L1P,GA / light,False,Day,2026-04-19 16:40:15,2026-04-19 00:00:00,2026
15385981446521751887,GOLGE   ,SR20,,Other,False,Day,2026-04-19 17:06:55,2026-04-19 00:00:00,2026
11401161305293474316,RUK1133 ,B738,,Large jet,True,Evening,2026-04-19 18:01:25,2026-04-19 00:00:00,2026
5562187731072011381,GLIFB   ,AP32,L1P,GA / light,False,Evening,2026-04-19 19:26:50,2026-04-19 00:00:00,2026
1027631131680011360,HLE10   ,A169,H2T,Helicopter,False,Evening,2026-04-19 19:06:25,2026-04-19 00:00:00,2026
1123661519298141252,RYR80XD ,B38M,,Large jet,True,Evening,2026-04-19 21:48:00,2026-04-19 00:00:00,2026
7397868532357036337,RYR8PA  ,B38M,L2J,Large jet,True,Evening,2026-04-19 21:50:50,2026-04-19 00:00:00,2026
2058461430853933940,HLE10   ,A169,H2T,Helicopter,False,Evening,2026-04-19 20:33:25,2026-04-19 00:00:00,2026
1949105844929395579,HLE10   ,A169,H2T,Helicopter,False,Day,2026-04-20 07:48:20,2026-04-20 00:00:00,2026
9981307057478563431,AAB41R  ,C25C,L2J,Business jet,False,Day,2026-04-20 08:18:15,2026-04-20 00:00:00,2026
10782621493652413049,CRX8B   ,,,Other,False,Day,2026-04-20 08:55:00,2026-04-20 00:00:00,2026
8749763435329699130,SNAKE49 ,B350,L2T,Turboprop,False,Day,2026-04-20 12:35:15,2026-04-20 00:00:00,2026
18182166630202205847,GOLGE   ,SR20,,Other,False,Day,2026-04-20 10:53:15,2026-04-20 00:00:00,2026
11430060632318471659,RYR2XN  ,B38M,,Large jet,True,Day,2026-04-20 11:03:05,2026-04-20 00:00:00,2026
6623346953592667757,BWY21   ,FA20,L2J,Business jet,False,Day,2026-04-20 09:34:15,2026-04-20 00:00:00,2026
16996088942644689924,EXS697J ,B738,L2J,Large jet,True,Day,2026-04-20 11:45:15,2026-04-20 00:00:00,2026
3691138815512052735,PNTHR76 ,H64,,Other,False,Day,2026-04-20 11:21:15,2026-04-20 00:00:00,2026
15769872185076945858,GRVJG   ,RV7,L1P,GA / light,False,Day,2026-04-20 10:55:20,2026-04-20 00:00:00,2026
9902873872137929948,SFY1TM  ,DA42,L2P,GA / light,False,Day,2026-04-20 11:11:00,2026-04-20 00:00:00,2026
10704109895416470394,SXN560  ,,,Other,False,Day,2026-04-20 11:29:15,2026-04-20 00:00:00,2026
10681759947345971869,GFXBT   ,AP22,L1P,GA / light,False,Day,2026-04-20 12:17:15,2026-04-20 00:00:00,2026
7951930219472495103,GTWIS   ,TWST,L1P,GA / light,False,Day,2026-04-20 12:05:00,2026-04-20 00:00:00,2026
8097182490614095245,GARKM   ,PA22,L1P,GA / light,False,Day,2026-04-20 11:59:30,2026-04-20 00:00:00,2026
6701939174244656880,NJE6EQ  ,C68A,L2J,Business jet,False,Day,2026-04-20 12:03:35,2026-04-20 00:00:00,2026
6684606219041915233,RYR117J ,B738,L2J,Large jet,True,Day,2026-04-20 14:39:45,2026-04-20 00:00:00,2026
9976810994714522421,SFY1TM  ,DA42,L2P,GA / light,False,Day,2026-04-20 14:38:55,2026-04-20 00:00:00,2026
17750326822028589772,GBGYH   ,P28A,L1P,GA / light,False,Day,2026-04-20 13:40:55,2026-04-20 00:00:00,2026
9845802755998996002,,P28A,L1P,GA / light,False,Day,2026-04-20 13:01:20,2026-04-20 00:00:00,2026
1221927398690993868,TOM4EG  ,B738,L2J,Large jet,True,Day,2026-04-20 16:10:50,2026-04-20 00:00:00,2026
3699234046337208352,RYR7624 ,B38M,,Large jet,True,Day,2026-04-20 15:21:25,2026-04-20 00:00:00,2026
5823807761450504160,RYR22ZK ,B38M,L2J,Large jet,True,Day,2026-04-20 16:17:50,2026-04-20 00:00:00,2026
13621787779168166282,GOLGE   ,SR20,,Other,False,Day,2026-04-20 14:30:25,2026-04-20 00:00:00,2026
11662496725449557066,GBOJW   ,P28A,L1P,GA / light,False,Day,2026-04-20 14:20:50,2026-04-20 00:00:00,2026
8645136397276158594,GBVGY   ,L8,L1P,GA / light,False,Day,2026-04-20 14:48:50,2026-04-20 00:00:00,2026
5872034870624109560,GFXBT   ,AP22,L1P,GA / light,False,Day,2026-04-20 13:59:55,2026-04-20 00:00:00,2026
11932194863781450232,GBXDI   ,DHC1,L1P,GA / light,False,Day,2026-04-20 14:41:55,2026-04-20 00:00:00,2026
11308354231174111658,CRIMSON1,FA20,L2J,Business jet,False,Day,2026-04-20 15:55:15,2026-04-20 00:00:00,2026
8375988968176982571,CRIMSON2,FA20,L2J,Business jet,False,Day,2026-04-20 15:52:40,2026-04-20 00:00:00,2026
15261952434129651060,EXS34HS ,B738,L2J,Large jet,True,Day,2026-04-20 16:14:40,2026-04-20 00:00:00,2026
13176281633558024824,NJE747A ,E55P,L2J,Business jet,False,Day,2026-04-20 15:57:35,2026-04-20 00:00:00,2026
13023117849020454446,RYR7KY  ,B38M,,Large jet,True,Day,2026-04-20 15:46:55,2026-04-20 00:00:00,2026
15289166712575098959,GDFUN   ,RV6,L1P,GA / light,False,Day,2026-04-20 14:43:35,2026-04-20 00:00:00,2026
999811090420740538,GMA23   ,BE20,L2T,Turboprop,False,Day,2026-04-20 14:56:20,2026-04-20 00:00:00,2026
2995451997767507984,FCA1MA  ,E55P,,Business jet,False,Day,2026-04-20 15:17:05,2026-04-20 00:00:00,2026
1570002838572537392,EXS61TQ ,B738,L2J,Large jet,True,Evening,2026-04-20 18:04:45,2026-04-20 00:00:00,2026
482514606230907600,RYR80XD ,B738,L2J,Large jet,True,Evening,2026-04-20 18:24:30,2026-04-20 00:00:00,2026
4320005697307702642,MANTA   ,GA6C,L2J,Business jet,False,Day,2026-04-20 17:15:55,2026-04-20 00:00:00,2026
12601160548826914470,GCMDW   ,EFOX,L1P,GA / light,False,Day,2026-04-20 17:31:10,2026-04-20 00:00:00,2026
8585094011767877403,HLE10   ,A169,H2T,Helicopter,False,Day,2026-04-20 16:59:55,2026-04-20 00:00:00,2026
3526417192158781525,SFY1TM  ,DA42,L2P,GA / light,False,Day,2026-04-20 17:35:20,2026-04-20 00:00:00,2026
2210662426243024218,HLE10   ,A169,H2T,Helicopter,False,Evening,2026-04-20 18:52:40,2026-04-20 00:00:00,2026
6988063549824196455,RYR38NG ,B38M,,Large jet,True,Evening,2026-04-20 21:53:10,2026-04-20 00:00:00,2026
12595163479612032925,RYR12YU ,B38M,,Large jet,True,Evening,2026-04-20 21:43:35,2026-04-20 00:00:00,2026
5187346277198792088,HELIOP  ,,,Other,False,Evening,2026-04-20 20:59:35,2026-04-20 00:00:00,2026
14487735379617444905,RYR80XD ,B738,L2J,Large jet,True,Day,2026-04-21 08:13:15,2026-04-21 00:00:00,2026
10807580676638349336,N101DW  ,P32R,L1P,GA / light,False,Day,2026-04-21 08:18:55,2026-04-21 00:00:00,2026
14582252262764791005,CRIMSON1,FA20,L2J,Business jet,False,Day,2026-04-21 09:26:45,2026-04-21 00:00:00,2026
9113230612080947582,CRIMSON2,FA20,L2J,Business jet,False,Day,2026-04-21 09:31:05,2026-04-21 00:00:00,2026
9975300582132949933,RYR7099 ,B38M,,Large jet,True,Day,2026-04-21 09:40:55,2026-04-21 00:00:00,2026
9913869252434386063,SFY1TM  ,DA42,L2P,GA / light,False,Day,2026-04-21 09:18:30,2026-04-21 00:00:00,2026
14681240270607760538,EXS86KL ,B738,L2J,Large jet,True,Day,2026-04-21 11:53:40,2026-04-21 00:00:00,2026
12740417441462053404,TOM20H  ,B738,L2J,Large jet,True,Day,2026-04-21 11:57:00,2026-04-21 00:00:00,2026
3231915199690843550,GIROX   ,MM24,G1P,GA / light,False,Day,2026-04-21 10:59:55,2026-04-21 00:00:00,2026
15874212122054381560,GBZTN   ,EUPA,L1P,GA / light,False,Day,2026-04-21 10:55:25,2026-04-21 00:00:00,2026
14208195894560578790,SFY1TM  ,DA42,L2P,GA / light,False,Day,2026-04-21 11:50:00,2026-04-21 00:00:00,2026
5814848483700147996,FRA47   ,,,Other,False,Day,2026-04-21 13:16:00,2026-04-21 00:00:00,2026
15803239587573660236,SLS7A   ,PC12,L1T,Turboprop,False,Day,2026-04-21 14:25:30,2026-04-21 00:00:00,2026
13829131848871619843,GBOHA   ,P28A,L1P,GA / light,False,Day,2026-04-21 11:29:15,2026-04-21 00:00:00,2026
8980967684295204106,RYR8947 ,B38M,,Large jet,True,Day,2026-04-21 13:34:55,2026-04-21 00:00:00,2026
11536202340419972365,,DA42,L2P,GA / light,False,Day,2026-04-21 11:37:45,2026-04-21 00:00:00,2026
3879975345370014641,GATVF   ,DHC1,L1P,GA / light,False,Day,2026-04-21 12:16:25,2026-04-21 00:00:00,2026
14760072491911502387,GBFBR   ,P28A,L1P,GA / light,False,Day,2026-04-21 12:40:50,2026-04-21 00:00:00,2026
15774930607599159377,RYR2XN  ,B738,L2J,Large jet,True,Day,2026-04-21 14:29:40,2026-04-21 00:00:00,2026
9488435848330008678,GBOJW   ,P28A,L1P,GA / light,False,Day,2026-04-21 12:55:10,2026-04-21 00:00:00,2026
12597664199879008017,GBGYH   ,P28A,L1P,GA / light,False,Day,2026-04-21 12:56:00,2026-04-21 00:00:00,2026
16640002016859275984,,AC11,L1P,GA / light,False,Day,2026-04-21 12:40:35,2026-04-21 00:00:00,2026
7433704663681034404,EXS73G  ,B738,L2J,Large jet,True,Day,2026-04-21 16:36:40,2026-04-21 00:00:00,2026
8366383686271592747,N6039X  ,AC11,L1P,GA / light,False,Day,2026-04-21 12:49:10,2026-04-21 00:00:00,2026
6315952006561318182,CRIMSON1,FA20,L2J,Business jet,False,Day,2026-04-21 14:23:15,2026-04-21 00:00:00,2026
4310441692527238913,RYR117J ,B738,L2J,Large jet,True,Day,2026-04-21 15:21:55,2026-04-21 00:00:00,2026
6946975430676193900,RYR8PA  ,B38M,,Large jet,True,Day,2026-04-21 15:16:10,2026-04-21 00:00:00,2026
3052129573959127755,SRD375  ,A139,,Other,False,Day,2026-04-21 14:10:20,2026-04-21 00:00:00,2026
12650269551726102294,PIPE65  ,,,Other,False,Day,2026-04-21 15:34:15,2026-04-21 00:00:00,2026
1834848391095064649,,A139,,Other,False,Day,2026-04-21 14:01:05,2026-04-21 00:00:00,2026
4064826019848305653,NJE950V ,E55P,L2J,Business jet,False,Day,2026-04-21 15:41:05,2026-04-21 00:00:00,2026
4137136831082926499,SFY1TM  ,DA42,L2P,GA / light,False,Day,2026-04-21 14:59:55,2026-04-21 00:00:00,2026
8548434405887250629,GBEWR   ,C172,L1P,GA / light,False,Day,2026-04-21 15:35:45,2026-04-21 00:00:00,2026
8385516769107675742,RUK1133 ,B738,L2J,Large jet,True,Day,2026-04-21 16:23:30,2026-04-21 00:00:00,2026
3584227460083916264,GOLAJ   ,R44,H1P,Helicopter,False,Day,2026-04-21 15:59:55,2026-04-21 00:00:00,2026
17764081368574105023,GBIVA   ,R200,L1P,GA / light,False,Day,2026-04-21 16:13:55,2026-04-21 00:00:00,2026
5159405545410503746,RYR273  ,B38M,L2J,Large jet,True,Evening,2026-04-21 19:17:30,2026-04-21 00:00:00,2026
435759117851021275,RYR384B ,B38M,,Large jet,True,Evening,2026-04-21 20:15:05,2026-04-21 00:00:00,2026
12270293983075083515,RYR12YU ,B738,L2J,Large jet,True,Evening,2026-04-21 19:03:00,2026-04-21 00:00:00,2026
2664748455721904484,BRO084A ,B737,L2J,Large jet,True,Day,2026-04-21 17:56:50,2026-04-21 00:00:00,2026
8902077308561036197,ECA2WR  ,C25A,L2J,Business jet,False,Evening,2026-04-21 18:30:40,2026-04-21 00:00:00,2026
12530796927183895289,RYR6504 ,B38M,,Large jet,True,Evening,2026-04-21 20:49:35,2026-04-21 00:00:00,2026
13109419738192179488,TOM83T  ,B738,L2J,Large jet,True,Night,2026-04-21 22:11:00,2026-04-21 00:00:00,2026
2566099604951405521,EXS159E ,B738,L2J,Large jet,True,Night,2026-04-21 22:28:30,2026-04-21 00:00:00,2026
14082394117254104209,RYR363C ,B38M,,Large jet,True,Evening,2026-04-21 21:28:45,2026-04-21 00:00:00,2026
17003452141270729974,HLE10   ,A169,H2T,Helicopter,False,Evening,2026-04-21 20:31:30,2026-04-21 00:00:00,2026
4223856738064523808,RYR117J ,B38M,L2J,Large jet,True,Day,2026-04-22 05:59:55,2026-04-22 00:00:00,2026
8244316766542912021,RYR7AB  ,,,Other,False,Day,2026-04-22 07:33:25,2026-04-22 00:00:00,2026
3231930218755062418,PTN68L  ,,,Other,False,Day,2026-04-22 09:44:40,2026-04-22 00:00:00,2026
9006763971310062200,AMBER1  ,FA20,L2J,Business jet,False,Day,2026-04-22 09:29:15,2026-04-22 00:00:00,2026
8531745839088206196,AMBER2  ,FA20,L2J,Business jet,False,Day,2026-04-22 09:33:15,2026-04-22 00:00:00,2026
16282797683301962178,SFY3DB  ,DA42,L2P,GA / light,False,Day,2026-04-22 09:21:10,2026-04-22 00:00:00,2026
4810015338929591813,SFS80   ,PC12,L1T,Turboprop,False,Day,2026-04-22 11:30:15,2026-04-22 00:00:00,2026
18281146542531049901,HLE10   ,A169,H2T,Helicopter,False,Day,2026-04-22 08:15:10,2026-04-22 00:00:00,2026
2118278646183678357,SFY1TM  ,DA42,L2P,GA / light,False,Day,2026-04-22 09:24:15,2026-04-22 00:00:00,2026
4717808743409283811,RYR363C ,B38M,,Large jet,True,Day,2026-04-22 11:31:15,2026-04-22 00:00:00,2026
8683298223008943638,JFA11R  ,,,Other,False,Day,2026-04-22 10:18:15,2026-04-22 00:00:00,2026
16371813106912862552,GBEWR   ,C172,L1P,GA / light,False,Day,2026-04-22 11:14:40,2026-04-22 00:00:00,2026
7823874998231759127,AJO878  ,P180,L2T,Turboprop,False,Day,2026-04-22 11:44:55,2026-04-22 00:00:00,2026
11254029805112579329,SFY1TM  ,DA42,L2P,GA / light,False,Day,2026-04-22 11:20:20,2026-04-22 00:00:00,2026
9451083103515349051,NJE520R ,C56X,L2J,Business jet,False,Day,2026-04-22 11:54:25,2026-04-22 00:00:00,2026
2754101411703909006,GVNAM   ,O1,L1P,GA / light,False,Day,2026-04-22 11:23:05,2026-04-22 00:00:00,2026
11583473103587752915,RYR5RR  ,B738,L2J,Large jet,True,Day,2026-04-22 13:48:40,2026-04-22 00:00:00,2026
9828606080021932217,RYR80XD ,B738,L2J,Large jet,True,Day,2026-04-22 14:00:50,2026-04-22 00:00:00,2026
9211213942114971089,CRIMSON1,FA20,L2J,Business jet,False,Day,2026-04-22 14:05:05,2026-04-22 00:00:00,2026
5677456073886371870,CRIMSON2,FA20,L2J,Business jet,False,Day,2026-04-22 14:08:45,2026-04-22 00:00:00,2026
1283798563032800888,RYR6765 ,B38M,,Large jet,True,Day,2026-04-22 15:05:20,2026-04-22 00:00:00,2026
17334583035667243087,GBEWR   ,C172,L1P,GA / light,False,Day,2026-04-22 14:16:25,2026-04-22 00:00:00,2026
11298446770322170233,SFY3DB  ,DA42,L2P,GA / light,False,Day,2026-04-22 12:32:55,2026-04-22 00:00:00,2026
8306226061473572208,GMA19   ,BE20,L2T,Turboprop,False,Day,2026-04-22 12:47:35,2026-04-22 00:00:00,2026
7631455434023608979,2ANJA   ,,,Other,False,Day,2026-04-22 13:19:20,2026-04-22 00:00:00,2026
10792971287712244153,GSPRK   ,RV4,L1P,GA / light,False,Day,2026-04-22 13:59:15,2026-04-22 00:00:00,2026
6694302138362084480,GBGYH   ,P28A,L1P,GA / light,False,Day,2026-04-22 14:18:00,2026-04-22 00:00:00,2026
16532833523971631404,SFS81   ,PC12,L1T,Turboprop,False,Day,2026-04-22 16:28:05,2026-04-22 00:00:00,2026
9146052180872909695,SFY1TM  ,DA42,L2P,GA / light,False,Day,2026-04-22 14:16:20,2026-04-22 00:00:00,2026
10146855498230484072,EXS82F  ,B738,L2J,Large jet,True,Evening,2026-04-22 18:22:40,2026-04-22 00:00:00,2026
18052983959625721854,BIO05   ,P68,,Other,False,Day,2026-04-22 16:09:50,2026-04-22 00:00:00,2026
16655934069454605883,ETP09   ,A139,H2T,Helicopter,False,Day,2026-04-22 15:59:55,2026-04-22 00:00:00,2026
3473440981446919166,RYR3318 ,B38M,,Large jet,True,Day,2026-04-22 16:58:50,2026-04-22 00:00:00,2026
16650877480067205612,TOM7MH  ,B738,L2J,Large jet,True,Evening,2026-04-22 20:06:35,2026-04-22 00:00:00,2026
12889379835849339703,HLE10   ,A169,H2T,Helicopter,False,Day,2026-04-22 17:06:35,2026-04-22 00:00:00,2026
13485844143324168964,GOLGE   ,SR20,,Other,False,Evening,2026-04-22 18:18:35,2026-04-22 00:00:00,2026
3363728232425586300,HLE10   ,A169,H2T,Helicopter,False,Evening,2026-04-22 18:15:35,2026-04-22 00:00:00,2026
5343746762078076512,RYR12YU ,B38M,,Large jet,True,Evening,2026-04-22 21:23:35,2026-04-22 00:00:00,2026
12921830717079848989,HLE10   ,A169,H2T,Helicopter,False,Evening,2026-04-22 19:54:15,2026-04-22 00:00:00,2026
2700079769796368041,RYR7KY  ,B38M,,Large jet,True,Evening,2026-04-22 21:35:40,2026-04-22 00:00:00,2026
8962082899528348501,CRNGE02 ,H64,H2T,Helicopter,False,Evening,2026-04-22 21:59:55,2026-04-22 00:00:00,2026
4838892979386473425,HLE10   ,A169,H2T,Helicopter,False,Evening,2026-04-22 21:08:35,2026-04-22 00:00:00,2026
2999817690716862618,RYR2XN  ,B38M,,Large jet,True,Day,2026-04-23 07:02:50,2026-04-23 00:00:00,2026
10723185932394189569,SFS80   ,PC12,L1T,Turboprop,False,Day,2026-04-23 12:40:30,2026-04-23 00:00:00,2026
9140104095701539874,HLE10   ,A169,H2T,Helicopter,False,Day,2026-04-23 08:24:10,2026-04-23 00:00:00,2026
2342913711008027056,FYL82YG ,C25B,,Business jet,False,Day,2026-04-23 10:29:00,2026-04-23 00:00:00,2026
4982697562866248411,N28SN   ,S22T,L1P,GA / light,False,Day,2026-04-23 09:13:20,2026-04-23 00:00:00,2026
3742215729201676130,RYR7KY  ,B38M,,Large jet,True,Day,2026-04-23 10:10:35,2026-04-23 00:00:00,2026
7344593223076714352,BTNIA17 ,G115,L1P,GA / light,False,Day,2026-04-23 09:30:05,2026-04-23 00:00:00,2026
12415709264099789352,GEIMS   ,B505,H1T,Helicopter,False,Day,2026-04-23 08:59:25,2026-04-23 00:00:00,2026
1276397391674617229,GCKDE   ,G109,L1P,GA / light,False,Day,2026-04-23 09:34:45,2026-04-23 00:00:00,2026
13698819885959750432,HLE10   ,A169,H2T,Helicopter,False,Day,2026-04-23 09:15:10,2026-04-23 00:00:00,2026
11086959716734458266,N625    ,,,Other,False,Day,2026-04-23 10:49:50,2026-04-23 00:00:00,2026
8529408934571009848,GBEWR   ,C172,L1P,GA / light,False,Day,2026-04-23 09:59:55,2026-04-23 00:00:00,2026
6713721496797257161,SFY3DB  ,DA42,L2P,GA / light,False,Day,2026-04-23 10:09:45,2026-04-23 00:00:00,2026
7523461767100588850,GBTLB   ,WA50,L1P,GA / light,False,Day,2026-04-23 10:13:00,2026-04-23 00:00:00,2026
5453413109775797016,GLDSA   ,SLG4,L1P,GA / light,False,Day,2026-04-23 10:44:20,2026-04-23 00:00:00,2026
11818074440412401010,RYR5RR  ,B38M,,Large jet,True,Day,2026-04-23 12:09:00,2026-04-23 00:00:00,2026
5944210812396084353,GBUFH   ,P28A,L1P,GA / light,False,Day,2026-04-23 10:38:40,2026-04-23 00:00:00,2026
12231221531426041560,GBHJS   ,P68,L2P,GA / light,False,Day,2026-04-23 10:41:05,2026-04-23 00:00:00,2026
16616514595089287270,SFY1TM  ,DA42,L2P,GA / light,False,Day,2026-04-23 10:59:05,2026-04-23 00:00:00,2026
13596918901649459848,HLE10   ,A169,H2T,Helicopter,False,Day,2026-04-23 10:58:40,2026-04-23 00:00:00,2026
8588095272179100070,JFA63W  ,GL7T,L2J,Business jet,False,Day,2026-04-23 12:25:20,2026-04-23 00:00:00,2026
88382564047858088,HLE10   ,A169,H2T,Helicopter,False,Day,2026-04-23 12:08:20,2026-04-23 00:00:00,2026
6237835414915140814,GBGYH   ,P28A,L1P,GA / light,False,Day,2026-04-23 12:40:50,2026-04-23 00:00:00,2026
10310485347981607401,GBXRT   ,DR40,L1P,GA / light,False,Day,2026-04-23 13:13:35,2026-04-23 00:00:00,2026
6214799242130869280,GOLGE   ,SR20,,Other,False,Day,2026-04-23 13:56:40,2026-04-23 00:00:00,2026
13123713000554942382,TYW758  ,ASTR,L2J,Business jet,False,Day,2026-04-23 14:52:15,2026-04-23 00:00:00,2026
5833628345801948200,GBEWR   ,C172,L1P,GA / light,False,Day,2026-04-23 14:11:30,2026-04-23 00:00:00,2026
6844034758299991180,TOM9HW  ,B738,L2J,Large jet,True,Day,2026-04-23 15:22:30,2026-04-23 00:00:00,2026
13271346030745010486,GBHJS   ,P68,L2P,GA / light,False,Day,2026-04-23 13:47:45,2026-04-23 00:00:00,2026
16800583164239594184,GNNJA   ,SKRA,L1P,GA / light,False,Day,2026-04-23 13:54:25,2026-04-23 00:00:00,2026
12739803127545980673,BFY637P ,GLEX,L2J,Business jet,False,Day,2026-04-23 14:37:15,2026-04-23 00:00:00,2026
1646716686614839214,EXS3624 ,B738,L2J,Large jet,True,Day,2026-04-23 16:14:15,2026-04-23 00:00:00,2026
18033348238453109804,GWAFI   ,RV12,L1P,GA / light,False,Day,2026-04-23 13:59:55,2026-04-23 00:00:00,2026
12935850884231976567,GEYOR   ,RV6,L1P,GA / light,False,Day,2026-04-23 13:56:00,2026-04-23 00:00:00,2026
660556175497078617,RYR12YU ,B38M,,Large jet,True,Day,2026-04-23 15:49:45,2026-04-23 00:00:00,2026
5557573058021753496,,R44,H1P,Helicopter,False,Day,2026-04-23 14:10:15,2026-04-23 00:00:00,2026
7389051047983163035,SFY3DB  ,DA42,L2P,GA / light,False,Day,2026-04-23 15:09:50,2026-04-23 00:00:00,2026
11060761547730598498,GXAVI   ,P28A,L1P,GA / light,False,Day,2026-04-23 15:10:15,2026-04-23 00:00:00,2026
7859802453708254859,MAMBA   ,GA6C,L2J,Business jet,False,Day,2026-04-23 16:09:25,2026-04-23 00:00:00,2026
7452602643707805163,GOLGE   ,SR20,,Other,False,Day,2026-04-23 15:25:45,2026-04-23 00:00:00,2026
15306589354678479451,BTNIA18 ,G115,L1P,GA / light,False,Day,2026-04-23 15:27:45,2026-04-23 00:00:00,2026
8287365921269997546,UKP153  ,P68,L2P,GA / light,False,Evening,2026-04-23 18:36:20,2026-04-23 00:00:00,2026
15139045587119465093,GBEWR   ,C172,L1P,GA / light,False,Day,2026-04-23 16:44:25,2026-04-23 00:00:00,2026
14371164759216029896,EXS68AT ,B738,L2J,Large jet,True,Evening,2026-04-23 18:12:45,2026-04-23 00:00:00,2026
6350457138339410775,RYR80XD ,,,Other,False,Evening,2026-04-23 19:01:05,2026-04-23 00:00:00,2026
15082200947367483326,FRA75   ,FA20,L2J,Business jet,False,Evening,2026-04-23 18:04:40,2026-04-23 00:00:00,2026
17277371134455267889,RYR117J ,B38M,,Large jet,True,Evening,2026-04-23 21:36:35,2026-04-23 00:00:00,2026
11162489627304238090,RYR8PA  ,B38M,,Large jet,True,Evening,2026-04-23 21:42:05,2026-04-23 00:00:00,2026
4518808767502142063,RUK1133 ,B738,L2J,Large jet,True,Evening,2026-04-23 21:10:40,2026-04-23 00:00:00,2026
8461365874992162452,HLE10   ,A169,H2T,Helicopter,False,Night,2026-04-23 22:00:30,2026-04-23 00:00:00,2026
5737411918860751088,HLE10   ,A169,H2T,Helicopter,False,Night,2026-04-24 00:58:05,2026-04-24 00:00:00,2026
5096329523457753412,VPCNR   ,GLF6,L2J,Business jet,False,Day,2026-04-24 08:08:25,2026-04-24 00:00:00,2026
10134631935794611726,SFY3DB  ,DA42,L2P,GA / light,False,Day,2026-04-24 08:59:55,2026-04-24 00:00:00,2026
11055820672899761093,SFS40   ,BE20,L2T,Turboprop,False,Day,2026-04-24 12:56:20,2026-04-24 00:00:00,2026
4784154080687431216,GCFTO   ,C42,L1P,GA / light,False,Day,2026-04-24 09:20:55,2026-04-24 00:00:00,2026
998591195837215586,BFY678R ,A20N,L2J,Large jet,True,Day,2026-04-24 09:34:35,2026-04-24 00:00:00,2026
7122461797263216936,RYR38NG ,B38M,,Large jet,True,Day,2026-04-24 10:37:00,2026-04-24 00:00:00,2026
344387573791695690,FRA31   ,BN2T,,Other,False,Day,2026-04-24 11:29:45,2026-04-24 00:00:00,2026
8736513975200578865,GWFWA   ,P28A,L1P,GA / light,False,Day,2026-04-24 10:48:55,2026-04-24 00:00:00,2026
12440524212792011910,EXS697J ,B738,L2J,Large jet,True,Day,2026-04-24 11:19:30,2026-04-24 00:00:00,2026
18009036466419463393,BIO05   ,P68,,Other,False,Day,2026-04-24 14:42:30,2026-04-24 00:00:00,2026
397202962540968629,RYR384B ,B38M,,Large jet,True,Day,2026-04-24 12:16:20,2026-04-24 00:00:00,2026
6602005574435529418,VQBIJ   ,F2TH,L2J,Business jet,False,Day,2026-04-24 09:42:40,2026-04-24 00:00:00,2026
14005272631271191223,GBRGW   ,UNDEFINED,,Other,False,Day,2026-04-24 09:38:55,2026-04-24 00:00:00,2026
10377540274632264872,RYR12YU ,B738,L2J,Large jet,True,Day,2026-04-24 11:32:50,2026-04-24 00:00:00,2026
6628464862480586958,GBEWR   ,C172,L1P,GA / light,False,Day,2026-04-24 10:21:30,2026-04-24 00:00:00,2026
9081771859321848545,GBUFH   ,P28A,L1P,GA / light,False,Day,2026-04-24 10:53:00,2026-04-24 00:00:00,2026
5776918239573609465,,P28A,L1P,GA / light,False,Day,2026-04-24 10:41:50,2026-04-24 00:00:00,2026
16615307215741628960,RYR80XD ,B738,L2J,Large jet,True,Day,2026-04-24 12:43:55,2026-04-24 00:00:00,2026
4844829253669305162,,DA42,L2P,GA / light,False,Day,2026-04-24 10:50:05,2026-04-24 00:00:00,2026
11471038754309606696,EXS61TQ ,B738,L2J,Large jet,True,Day,2026-04-24 13:02:50,2026-04-24 00:00:00,2026
5263838845972972457,GBUFH   ,P28A,L1P,GA / light,False,Day,2026-04-24 11:22:10,2026-04-24 00:00:00,2026
5774559582841008134,GCPSS   ,C208,L1T,Turboprop,False,Day,2026-04-24 11:35:20,2026-04-24 00:00:00,2026
5908741600383076304,FRA91   ,FA20,L2J,Business jet,False,Day,2026-04-24 13:20:35,2026-04-24 00:00:00,2026
13299827327227521760,GCPSS   ,C208,L1T,Turboprop,False,Day,2026-04-24 12:59:55,2026-04-24 00:00:00,2026
3034543667864794639,GCKYL   ,C42,L1P,GA / light,False,Day,2026-04-24 12:59:55,2026-04-24 00:00:00,2026
178593844039872989,VJH365  ,C56X,L2J,Business jet,False,Day,2026-04-24 14:45:20,2026-04-24 00:00:00,2026
14434211226264588869,GCISE   ,PULS,L1P,GA / light,False,Day,2026-04-24 13:51:50,2026-04-24 00:00:00,2026
9209318477322072689,TOM47Y  ,B738,L2J,Large jet,True,Day,2026-04-24 17:14:05,2026-04-24 00:00:00,2026
5289435174091160854,GDRGL   ,PA18,L1P,GA / light,False,Day,2026-04-24 14:59:55,2026-04-24 00:00:00,2026
8887028249739853549,SFS41   ,BE20,L2T,Turboprop,False,Day,2026-04-24 16:16:40,2026-04-24 00:00:00,2026
9097505920065115182,SRG375  ,A139,,Other,False,Day,2026-04-24 15:13:00,2026-04-24 00:00:00,2026
2777045745318424198,GCDOK   ,C42,L1P,GA / light,False,Day,2026-04-24 15:37:35,2026-04-24 00:00:00,2026
6855274745599252798,GOLAJ   ,R44,H1P,Helicopter,False,Day,2026-04-24 15:21:50,2026-04-24 00:00:00,2026
13163684701428428879,GDSJT   ,C182,L1P,GA / light,False,Day,2026-04-24 16:21:30,2026-04-24 00:00:00,2026
4487881799626546296,GMODE   ,EC20,H1T,Helicopter,False,Day,2026-04-24 15:21:40,2026-04-24 00:00:00,2026
5013012910212285829,RYR5RR  ,B38M,,Large jet,True,Day,2026-04-24 17:19:50,2026-04-24 00:00:00,2026
12423330205931170513,GBUFH   ,P28A,L1P,GA / light,False,Day,2026-04-24 16:46:20,2026-04-24 00:00:00,2026
564389203538433079,GSHBA   ,C152,L1P,GA / light,False,Day,2026-04-24 17:01:25,2026-04-24 00:00:00,2026
12081510083798623010,RYR9911 ,B738,L2J,Large jet,True,Day,2026-04-24 17:36:30,2026-04-24 00:00:00,2026
7088665430250530806,GASIL   ,P28A,L1P,GA / light,False,Day,2026-04-24 17:14:40,2026-04-24 00:00:00,2026
9268995649240979369,,P28A,L1P,GA / light,False,Day,2026-04-24 16:36:55,2026-04-24 00:00:00,2026
13742827164108738119,EXS159E ,B738,L2J,Large jet,True,Evening,2026-04-24 21:33:50,2026-04-24 00:00:00,2026
692488353858212341,GCPSS   ,C208,L1T,Turboprop,False,Evening,2026-04-24 18:46:45,2026-04-24 00:00:00,2026
9987004334236296321,RYR22ZK ,B38M,,Large jet,True,Evening,2026-04-24 21:23:55,2026-04-24 00:00:00,2026
7414527284447650922,EXS34HS ,B738,L2J,Large jet,True,Night,2026-04-24 22:08:45,2026-04-24 00:00:00,2026
3091076128711640878,RUK1133 ,B738,L2J,Large jet,True,Evening,2026-04-24 21:19:40,2026-04-24 00:00:00,2026
16686879869442592659,HLE10   ,A169,H2T,Helicopter,False,Evening,2026-04-24 21:17:15,2026-04-24 00:00:00,2026
14990554674268098228,HLE10   ,A169,H2T,Helicopter,False,Night,2026-04-25 01:04:35,2026-04-25 00:00:00,2026
1111625955275895277,RYR384B ,B38M,L2J,Large jet,True,Day,2026-04-25 06:50:20,2026-04-25 00:00:00,2026
2432752088013800091,RYR117J ,B738,L2J,Large jet,True,Day,2026-04-25 06:14:20,2026-04-25 00:00:00,2026
732040196113081372,RYR6504 ,B738,L2J,Large jet,True,Day,2026-04-25 06:38:15,2026-04-25 00:00:00,2026
9633870215200630193,RYR273  ,B38M,,Large jet,True,Day,2026-04-25 08:30:25,2026-04-25 00:00:00,2026
5207337411030496996,RYR7099 ,B38M,,Large jet,True,Day,2026-04-25 08:20:10,2026-04-25 00:00:00,2026
8329942970274248869,RYR80XD ,B738,L2J,Large jet,True,Day,2026-04-25 09:54:15,2026-04-25 00:00:00,2026
4465055153015708260,GCFAT   ,ULAC,,Other,False,Day,2026-04-25 09:16:50,2026-04-25 00:00:00,2026
10911357763579210380,GBFBR   ,P28A,L1P,GA / light,False,Day,2026-04-25 08:59:55,2026-04-25 00:00:00,2026
3690907360496707995,SFY2JM  ,DA42,L2P,GA / light,False,Day,2026-04-25 10:20:20,2026-04-25 00:00:00,2026
1592714408239959094,GBUFH   ,P28A,L1P,GA / light,False,Day,2026-04-25 08:59:55,2026-04-25 00:00:00,2026
15403883155343520263,,ULAC,,Other,False,Day,2026-04-25 08:58:35,2026-04-25 00:00:00,2026
6985338586626671376,SFY3DB  ,DA42,L2P,GA / light,False,Day,2026-04-25 09:32:40,2026-04-25 00:00:00,2026
4562210251886872481,GCBIY   ,EV97,L1P,GA / light,False,Day,2026-04-25 09:32:55,2026-04-25 00:00:00,2026
15038895738119507048,GBDZD   ,C172,L1P,GA / light,False,Day,2026-04-25 09:51:05,2026-04-25 00:00:00,2026
11683208797133962071,FJHKD   ,WT9,L1P,GA / light,False,Day,2026-04-25 10:13:20,2026-04-25 00:00:00,2026
5815695860807738947,GBTCJ   ,L8,L1P,GA / light,False,Day,2026-04-25 09:58:40,2026-04-25 00:00:00,2026
12884086603344695652,GBUFH   ,P28A,L1P,GA / light,False,Day,2026-04-25 09:53:15,2026-04-25 00:00:00,2026
8205534541577914041,GRILA   ,FDCT,L1P,GA / light,False,Day,2026-04-25 10:25:30,2026-04-25 00:00:00,2026
9361312908846381543,GCESA   ,UNDEFINED,,Other,False,Day,2026-04-25 10:48:45,2026-04-25 00:00:00,2026
2422923676331777714,FFC011  ,P28A,L1P,GA / light,False,Day,2026-04-25 10:37:15,2026-04-25 00:00:00,2026
9824580679700194983,GOLAJ   ,R44,H1P,Helicopter,False,Day,2026-04-25 09:59:55,2026-04-25 00:00:00,2026
4932053777418357739,GCPMW   ,P32R,L1P,GA / light,False,Day,2026-04-25 10:51:35,2026-04-25 00:00:00,2026
6572806465245862642,GJPMA   ,ULAC,,Other,False,Day,2026-04-25 10:44:00,2026-04-25 00:00:00,2026
15204493496088917828,GCGPL   ,SONX,L1P,GA / light,False,Day,2026-04-25 10:47:55,2026-04-25 00:00:00,2026
5927005649484722107,N322CW  ,,,Other,False,Day,2026-04-25 11:17:55,2026-04-25 00:00:00,2026
13024906053872925720,GCEAT   ,CH60,L1P,GA / light,False,Day,2026-04-25 10:46:50,2026-04-25 00:00:00,2026
6251922535976704189,GCDAB   ,UNDEFINED,,Other,False,Day,2026-04-25 10:10:45,2026-04-25 00:00:00,2026
15904750147572049948,GOKEV   ,EUPA,L1P,GA / light,False,Day,2026-04-25 11:34:15,2026-04-25 00:00:00,2026
6257946147132641084,EXS86KL ,B738,L2J,Large jet,True,Day,2026-04-25 12:18:40,2026-04-25 00:00:00,2026
14072687164907366784,SFU71   ,C42,L1P,GA / light,False,Day,2026-04-25 11:26:55,2026-04-25 00:00:00,2026
323547136503679342,TOM2CD  ,B738,L2J,Large jet,True,Day,2026-04-25 12:35:25,2026-04-25 00:00:00,2026
320833657872730910,GCJHT   ,UNDEFINED,,Other,False,Day,2026-04-25 11:29:25,2026-04-25 00:00:00,2026
517715664685326706,GCKYL   ,C42,L1P,GA / light,False,Day,2026-04-25 10:55:05,2026-04-25 00:00:00,2026
13835694251069073146,GCBCL   ,GLST,L1P,GA / light,False,Day,2026-04-25 11:33:20,2026-04-25 00:00:00,2026
3372211330417493447,GZAVI   ,C42,L1P,GA / light,False,Day,2026-04-25 11:42:15,2026-04-25 00:00:00,2026
15895466853496329173,GCWAW   ,,,Other,False,Day,2026-04-25 12:24:20,2026-04-25 00:00:00,2026
17765030863378965000,GDSJT   ,C182,L1P,GA / light,False,Day,2026-04-25 13:46:00,2026-04-25 00:00:00,2026
7061123006684007371,EXS52TY ,B738,L2J,Large jet,True,Day,2026-04-25 14:33:40,2026-04-25 00:00:00,2026
15770790974473590254,GBSAW   ,P28A,L1P,GA / light,False,Day,2026-04-25 11:58:20,2026-04-25 00:00:00,2026
7206416006779357538,GCKYL   ,C42,L1P,GA / light,False,Day,2026-04-25 11:41:25,2026-04-25 00:00:00,2026
16407139880529356333,RYR8PA  ,B38M,,Large jet,True,Day,2026-04-25 13:24:40,2026-04-25 00:00:00,2026
12004012278016414444,GBEWR   ,C172,L1P,GA / light,False,Day,2026-04-25 12:17:40,2026-04-25 00:00:00,2026
18262607278078129485,RYR5RR  ,B738,L2J,Large jet,True,Day,2026-04-25 14:06:30,2026-04-25 00:00:00,2026
16139661901963083507,N35SN   ,BE35,L1P,GA / light,False,Day,2026-04-25 12:55:40,2026-04-25 00:00:00,2026
14978581483627834516,GBZTN   ,EUPA,L1P,GA / light,False,Day,2026-04-25 12:35:25,2026-04-25 00:00:00,2026
18074699710538806960,RYR12YU ,B38M,,Large jet,True,Day,2026-04-25 14:03:10,2026-04-25 00:00:00,2026
3571606899625372510,GNNJA   ,SKRA,L1P,GA / light,False,Day,2026-04-25 13:33:45,2026-04-25 00:00:00,2026
5129326613802740045,SFY2JM  ,DA42,L2P,GA / light,False,Day,2026-04-25 13:15:55,2026-04-25 00:00:00,2026
9701430035884863884,GOLAJ   ,R44,H1P,Helicopter,False,Day,2026-04-25 13:21:30,2026-04-25 00:00:00,2026
3767885119221476212,GEYOR   ,RV6,L1P,GA / light,False,Day,2026-04-25 13:13:50,2026-04-25 00:00:00,2026
1848490909153603814,RYR3318 ,,,Other,False,Day,2026-04-25 14:43:20,2026-04-25 00:00:00,2026
3403315982266447824,GOLGE   ,SR20,,Other,False,Day,2026-04-25 13:22:55,2026-04-25 00:00:00,2026
15103632072129025478,GCGPL   ,SONX,L1P,GA / light,False,Day,2026-04-25 13:45:25,2026-04-25 00:00:00,2026
250401607535375481,GCEAT   ,CH60,L1P,GA / light,False,Day,2026-04-25 13:45:35,2026-04-25 00:00:00,2026
2052661757307531955,GCMDW   ,EFOX,L1P,GA / light,False,Day,2026-04-25 14:07:40,2026-04-25 00:00:00,2026
16633596231428194014,GBEWR   ,C172,L1P,GA / light,False,Day,2026-04-25 13:57:15,2026-04-25 00:00:00,2026
8363952403565144707,HLE10   ,A169,H2T,Helicopter,False,Day,2026-04-25 13:36:00,2026-04-25 00:00:00,2026
18224521258032465288,GBHWZ   ,P28A,L1P,GA / light,False,Day,2026-04-25 14:42:50,2026-04-25 00:00:00,2026
14070067902178530566,GCCZL   ,C42,L1P,GA / light,False,Day,2026-04-25 15:33:00,2026-04-25 00:00:00,2026
7075577430736204719,SFS41   ,BE20,L2T,Turboprop,False,Day,2026-04-25 16:20:15,2026-04-25 00:00:00,2026
2924465792096394125,A3      ,GLID,,Other,False,Day,2026-04-25 15:07:05,2026-04-25 00:00:00,2026
6436127280738839906,NJE9RZ  ,C68A,L2J,Business jet,False,Day,2026-04-25 15:10:25,2026-04-25 00:00:00,2026
773028989835822901,GCKYL   ,C42,L1P,GA / light,False,Day,2026-04-25 15:26:00,2026-04-25 00:00:00,2026
4379297608776386592,GBUFH   ,P28A,L1P,GA / light,False,Day,2026-04-25 15:57:05,2026-04-25 00:00:00,2026
9390384426676391897,MAMBA   ,GA6C,L2J,Business jet,False,Day,2026-04-25 16:33:25,2026-04-25 00:00:00,2026
2805529680384434485,RYR3939 ,B738,L2J,Large jet,True,Day,2026-04-25 17:30:25,2026-04-25 00:00:00,2026
4917212595587833095,RYR2XN  ,B38M,,Large jet,True,Evening,2026-04-25 19:34:10,2026-04-25 00:00:00,2026
4306770832365985726,GBOJW   ,P28A,L1P,GA / light,False,Evening,2026-04-25 19:15:40,2026-04-25 00:00:00,2026
7709224604421160295,RYR7AB  ,B38M,,Large jet,True,Evening,2026-04-25 20:12:10,2026-04-25 00:00:00,2026
11868290443658234047,EXS82F  ,B738,L2J,Large jet,True,Night,2026-04-25 22:36:45,2026-04-25 00:00:00,2026
6037490345665174743,HLE10   ,A169,H2T,Helicopter,False,Evening,2026-04-25 18:47:15,2026-04-25 00:00:00,2026
18063853676785158098,RYR9911 ,B38M,L2J,Large jet,True,Evening,2026-04-25 21:08:40,2026-04-25 00:00:00,2026
18445258520338327005,EXS61TQ ,B738,L2J,Large jet,True,Evening,2026-04-25 21:46:40,2026-04-25 00:00:00,2026
7169797671515121592,SFY2JM  ,DA42,L2P,GA / light,False,Day,2026-04-26 08:31:55,2026-04-26 00:00:00,2026
9375874445458295013,RYR363C ,B38M,,Large jet,True,Day,2026-04-26 11:11:50,2026-04-26 00:00:00,2026
4089598515747363426,GCMFF   ,P28A,L1P,GA / light,False,Day,2026-04-26 10:12:00,2026-04-26 00:00:00,2026
11832376226798386689,GBPAF   ,P28A,L1P,GA / light,False,Day,2026-04-26 10:02:50,2026-04-26 00:00:00,2026
12633285605400687314,FRA49   ,BN2T,L2T,Turboprop,False,Day,2026-04-26 12:19:15,2026-04-26 00:00:00,2026
8830597869682615911,GCCAV   ,P28A,L1P,GA / light,False,Day,2026-04-26 11:11:30,2026-04-26 00:00:00,2026
3669458983803408067,GZAVI   ,C42,L1P,GA / light,False,Day,2026-04-26 10:47:35,2026-04-26 00:00:00,2026
9131834291730013775,RYR12YU ,B738,L2J,Large jet,True,Day,2026-04-26 11:58:20,2026-04-26 00:00:00,2026
6250798476892921015,GBUFH   ,P28A,L1P,GA / light,False,Day,2026-04-26 11:22:05,2026-04-26 00:00:00,2026
7126543644589749867,GBWOH   ,P28A,L1P,GA / light,False,Day,2026-04-26 11:00:15,2026-04-26 00:00:00,2026
363680701281060013,GDENC   ,C150,L1P,GA / light,False,Day,2026-04-26 10:47:55,2026-04-26 00:00:00,2026
3403315413746254401,GTECS   ,SIRA,L1P,GA / light,False,Day,2026-04-26 11:14:05,2026-04-26 00:00:00,2026
11465770128873131098,GCFAT   ,ULAC,,Other,False,Day,2026-04-26 10:56:00,2026-04-26 00:00:00,2026
13081023313079779111,GINDC   ,C303,L2P,GA / light,False,Day,2026-04-26 10:42:20,2026-04-26 00:00:00,2026
970339937167672756,GCLKB   ,C172,L1P,GA / light,False,Day,2026-04-26 10:48:35,2026-04-26 00:00:00,2026
5616848569288509294,GAJIT   ,J1,L1P,GA / light,False,Day,2026-04-26 11:06:55,2026-04-26 00:00:00,2026
326689714497189680,RYR2XN  ,B38M,L2J,Large jet,True,Day,2026-04-26 12:58:25,2026-04-26 00:00:00,2026
6011723646309043130,GBPAF   ,P28A,L1P,GA / light,False,Day,2026-04-26 11:49:20,2026-04-26 00:00:00,2026
11889597560059662146,GDSJT   ,C182,L1P,GA / light,False,Day,2026-04-26 12:21:50,2026-04-26 00:00:00,2026
3685099416292614934,GULAS   ,DHC1,L1P,GA / light,False,Day,2026-04-26 11:32:15,2026-04-26 00:00:00,2026
3904626306704616013,GBOJW   ,P28A,L1P,GA / light,False,Day,2026-04-26 11:59:55,2026-04-26 00:00:00,2026
3231523665115474428,N10CD   ,S22T,L1P,GA / light,False,Day,2026-04-26 11:44:45,2026-04-26 00:00:00,2026
14342664607054338366,SXN560  ,,,Other,False,Day,2026-04-26 11:46:35,2026-04-26 00:00:00,2026
13138069571380054565,SFY2JM  ,DA42,L2P,GA / light,False,Day,2026-04-26 11:46:10,2026-04-26 00:00:00,2026
17229842255727703210,GRGAH   ,,,Other,False,Day,2026-04-26 13:54:15,2026-04-26 00:00:00,2026
14904016694384595430,GBWPS   ,ULAC,,Other,False,Day,2026-04-26 13:14:10,2026-04-26 00:00:00,2026
10247678305121706469,RYR117J ,B38M,,Large jet,True,Day,2026-04-26 14:28:15,2026-04-26 00:00:00,2026
11666727954574069537,GHAYZ   ,AS50,H1T,Helicopter,False,Day,2026-04-26 12:30:50,2026-04-26 00:00:00,2026
16064141521781744943,GBOJW   ,P28A,L1P,GA / light,False,Day,2026-04-26 13:39:20,2026-04-26 00:00:00,2026
9815579592660658905,RYR8947 ,B38M,,Large jet,True,Day,2026-04-26 15:29:55,2026-04-26 00:00:00,2026
14156425140275763595,GULAS   ,DHC1,L1P,GA / light,False,Day,2026-04-26 14:01:00,2026-04-26 00:00:00,2026
11776006413473159910,GCEFK   ,EV97,L1P,GA / light,False,Day,2026-04-26 14:13:15,2026-04-26 00:00:00,2026
5334072843415827492,EXS68AT ,B738,L2J,Large jet,True,Day,2026-04-26 16:18:45,2026-04-26 00:00:00,2026
17253489175060553980,GBMGB   ,P28R,L1P,GA / light,False,Day,2026-04-26 14:29:35,2026-04-26 00:00:00,2026
6445306583444045095,GCISE   ,PULS,L1P,GA / light,False,Day,2026-04-26 14:54:15,2026-04-26 00:00:00,2026
787308465096797796,EXS71BS ,B738,L2J,Large jet,True,Day,2026-04-26 16:41:30,2026-04-26 00:00:00,2026
11663864540023057485,TOM6KM  ,B738,L2J,Large jet,True,Day,2026-04-26 16:55:05,2026-04-26 00:00:00,2026
11050569760311937412,GBSAW   ,P28A,L1P,GA / light,False,Day,2026-04-26 16:16:00,2026-04-26 00:00:00,2026
16575118605925056530,GZHKF   ,ESCP,L1P,GA / light,False,Day,2026-04-26 15:40:55,2026-04-26 00:00:00,2026
10333942157925312098,GDBOD   ,C172,L1P,GA / light,False,Day,2026-04-26 15:59:55,2026-04-26 00:00:00,2026
14417881850772983152,,ULAC,,Other,False,Day,2026-04-26 15:39:10,2026-04-26 00:00:00,2026
18150169214524856062,RUK1133 ,B738,L2J,Large jet,True,Day,2026-04-26 16:50:15,2026-04-26 00:00:00,2026
6298787663557920792,,P28A,L1P,GA / light,False,Day,2026-04-26 16:15:30,2026-04-26 00:00:00,2026
10980778775825260460,FJO647  ,GL5T,L2J,Business jet,False,Day,2026-04-26 17:16:00,2026-04-26 00:00:00,2026
8272257226363869174,GBUFH   ,P28A,L1P,GA / light,False,Evening,2026-04-26 18:09:30,2026-04-26 00:00:00,2026
6941024876241505361,LJC6    ,B350,L2T,Turboprop,False,Evening,2026-04-26 18:08:00,2026-04-26 00:00:00,2026
1065840400147687349,RYR80XD ,B38M,,Large jet,True,Evening,2026-04-26 21:43:45,2026-04-26 00:00:00,2026
4582479428256617559,RYR8PA  ,B38M,,Large jet,True,Evening,2026-04-26 21:40:25,2026-04-26 00:00:00,2026
212273442970756958,FSF143S ,PC12,,Turboprop,False,Day,2026-04-27 07:17:35,2026-04-27 00:00:00,2026
10377194522244634547,DMTEW   ,ALSL,L1P,GA / light,False,Day,2026-04-27 10:28:10,2026-04-27 00:00:00,2026
10686156123429624651,SFS70   ,BE20,L2T,Turboprop,False,Day,2026-04-27 12:10:50,2026-04-27 00:00:00,2026
8635857887328668921,SFY2JM  ,DA42,L2P,GA / light,False,Day,2026-04-27 08:59:55,2026-04-27 00:00:00,2026
14388037178818328238,GLHER   ,CRUZ,L1P,GA / light,False,Day,2026-04-27 09:32:35,2026-04-27 00:00:00,2026
9610090992162184776,RYR2XN  ,B38M,,Large jet,True,Day,2026-04-27 11:00:20,2026-04-27 00:00:00,2026
3287883656630422931,GBEWR   ,C172,L1P,GA / light,False,Day,2026-04-27 09:59:55,2026-04-27 00:00:00,2026
12295579549754900146,GEIMS   ,B505,H1T,Helicopter,False,Day,2026-04-27 09:35:15,2026-04-27 00:00:00,2026
8968070904661516117,EXS697J ,B738,L2J,Large jet,True,Day,2026-04-27 11:33:00,2026-04-27 00:00:00,2026
5917115593332278966,PHBAR   ,TWEN,L1P,GA / light,False,Day,2026-04-27 10:16:00,2026-04-27 00:00:00,2026
6888847743742476174,PHBAT   ,,,Other,False,Day,2026-04-27 10:39:15,2026-04-27 00:00:00,2026
5564359315775144215,SFY2JM  ,DA42,L2P,GA / light,False,Day,2026-04-27 10:50:20,2026-04-27 00:00:00,2026
7450836323855225533,PHBAC   ,A210,L1P,GA / light,False,Day,2026-04-27 10:49:20,2026-04-27 00:00:00,2026
3078603346288648027,GOLGE   ,SR20,,Other,False,Day,2026-04-27 11:37:20,2026-04-27 00:00:00,2026
13121261428728860270,GBUFH   ,P28A,L1P,GA / light,False,Day,2026-04-27 10:59:55,2026-04-27 00:00:00,2026
8583426021780620125,BWY41   ,FA20,L2J,Business jet,False,Day,2026-04-27 12:06:35,2026-04-27 00:00:00,2026
4563769524370583081,GBGYH   ,P28A,L1P,GA / light,False,Day,2026-04-27 12:22:25,2026-04-27 00:00:00,2026
158267945139835699, GHBBH  ,C42,L1P,GA / light,False,Day,2026-04-27 11:48:00,2026-04-27 00:00:00,2026
4618328503089399402,JFU03A  ,PC12,L1T,Turboprop,False,Day,2026-04-27 11:09:30,2026-04-27 00:00:00,2026
12509428735972937342,FRA82   ,,,Other,False,Day,2026-04-27 13:03:20,2026-04-27 00:00:00,2026
17054291147195567624,GBKKP   ,C182,L1P,GA / light,False,Day,2026-04-27 12:02:40,2026-04-27 00:00:00,2026
8394381588877332848,RYR7624 ,B38M,,Large jet,True,Day,2026-04-27 13:47:45,2026-04-27 00:00:00,2026
10094465948153057033,BTNIA32 ,G115,L1P,GA / light,False,Day,2026-04-27 12:59:55,2026-04-27 00:00:00,2026
3051434240685557654,GARKM   ,PA22,L1P,GA / light,False,Day,2026-04-27 12:40:25,2026-04-27 00:00:00,2026
9534395652739290879,,P28A,L1P,GA / light,False,Day,2026-04-27 12:05:25,2026-04-27 00:00:00,2026
10796568302129690629,RYR117J ,B738,L2J,Large jet,True,Day,2026-04-27 14:24:40,2026-04-27 00:00:00,2026
13226390754054932659,GBUFH   ,P28A,L1P,GA / light,False,Day,2026-04-27 13:45:00,2026-04-27 00:00:00,2026
5220148708324611955,GOLGE   ,SR20,,Other,False,Day,2026-04-27 13:15:00,2026-04-27 00:00:00,2026
16576510588244683891,N856FA  ,PC6T,L1T,Turboprop,False,Day,2026-04-27 14:20:20,2026-04-27 00:00:00,2026
15459957539253373233,GBHJS   ,P68,L2P,GA / light,False,Day,2026-04-27 15:13:05,2026-04-27 00:00:00,2026
9565493607271932896,SFY2JM  ,DA42,L2P,GA / light,False,Day,2026-04-27 13:46:05,2026-04-27 00:00:00,2026
13201271819268844226,GLHER   ,CRUZ,L1P,GA / light,False,Day,2026-04-27 13:59:55,2026-04-27 00:00:00,2026
17369746537323798408,BTNIA16 ,G115,L1P,GA / light,False,Day,2026-04-27 14:34:30,2026-04-27 00:00:00,2026
13000578592890422834,GDRGL   ,PA18,L1P,GA / light,False,Day,2026-04-27 14:21:40,2026-04-27 00:00:00,2026
10243092527787509683,BOH412  ,,,Other,False,Day,2026-04-27 15:29:15,2026-04-27 00:00:00,2026
13326389925359431144,EXS34HS ,B738,L2J,Large jet,True,Day,2026-04-27 16:06:20,2026-04-27 00:00:00,2026
16584156494065567243,BWY42   ,FA20,L2J,Business jet,False,Day,2026-04-27 16:15:15,2026-04-27 00:00:00,2026
16809205899252755693,GCBLY   ,G109,L1P,GA / light,False,Day,2026-04-27 14:05:35,2026-04-27 00:00:00,2026
4538846343030625642,TOM4EG  ,B738,L2J,Large jet,True,Day,2026-04-27 16:10:15,2026-04-27 00:00:00,2026
16613309871822995902,RYR22ZK ,,,Other,False,Day,2026-04-27 16:25:45,2026-04-27 00:00:00,2026
3026674072753363909,GOLAJ   ,R44,H1P,Helicopter,False,Day,2026-04-27 14:25:10,2026-04-27 00:00:00,2026
10917390775571501287,RYR7KY  ,B38M,,Large jet,True,Day,2026-04-27 15:32:50,2026-04-27 00:00:00,2026
4834766126013690283,REV1XB  ,BE20,L2T,Turboprop,False,Day,2026-04-27 15:22:55,2026-04-27 00:00:00,2026
14625798006986336183,GBEWR   ,C172,L1P,GA / light,False,Day,2026-04-27 16:17:55,2026-04-27 00:00:00,2026
8647962609850020232,N986JT  ,S22T,L1P,GA / light,False,Day,2026-04-27 16:42:50,2026-04-27 00:00:00,2026
7575547349053743812,GCGLF   ,MM16,G1P,GA / light,False,Day,2026-04-27 17:29:15,2026-04-27 00:00:00,2026
6322673347198394778,SFY2JM  ,DA42,L2P,GA / light,False,Day,2026-04-27 16:40:40,2026-04-27 00:00:00,2026
1739638869038976623,,R44,H1P,Helicopter,False,Day,2026-04-27 15:52:40,2026-04-27 00:00:00,2026
12253731710854204856,GOLAJ   ,R44,H1P,Helicopter,False,Day,2026-04-27 15:59:55,2026-04-27 00:00:00,2026
1168585777552081818,GBUFH   ,P28A,L1P,GA / light,False,Day,2026-04-27 16:58:40,2026-04-27 00:00:00,2026
15179483435942203720,EXS61TQ ,B738,L2J,Large jet,True,Day,2026-04-27 17:57:35,2026-04-27 00:00:00,2026
3860110561803402142,,DA42,L2P,GA / light,False,Day,2026-04-27 16:11:35,2026-04-27 00:00:00,2026
6923684454816120160,RYR80XD ,B38M,L2J,Large jet,True,Evening,2026-04-27 18:22:35,2026-04-27 00:00:00,2026
17688842159098954887,GBUFH   ,P28A,L1P,GA / light,False,Day,2026-04-27 17:41:30,2026-04-27 00:00:00,2026
16253610392161155354,URO101P ,A346,L4J,Large jet,True,Evening,2026-04-27 19:52:30,2026-04-27 00:00:00,2026
16777781790584449394,RYR38NG ,B38M,,Large jet,True,Evening,2026-04-27 21:43:35,2026-04-27 00:00:00,2026
2158157322971817729,RYR12YU ,B38M,,Large jet,True,Evening,2026-04-27 21:47:10,2026-04-27 00:00:00,2026
13217612260416602000,RYR80XD ,B738,L2J,Large jet,True,Day,2026-04-28 08:09:30,2026-04-28 00:00:00,2026
5689620318368390162,BWY20   ,FA20,L2J,Business jet,False,Day,2026-04-28 10:01:05,2026-04-28 00:00:00,2026
10696605362005141646,RYR7099 ,B38M,,Large jet,True,Day,2026-04-28 09:38:50,2026-04-28 00:00:00,2026
13658607817658901665,GEIMS   ,B505,H1T,Helicopter,False,Day,2026-04-28 08:58:35,2026-04-28 00:00:00,2026
11927581535270776443,GBXKL   ,B06,H1T,Helicopter,False,Day,2026-04-28 09:49:10,2026-04-28 00:00:00,2026
1473628730141040949,N363KC  ,S22T,L1P,GA / light,False,Day,2026-04-28 10:36:10,2026-04-28 00:00:00,2026
9338204348321297373,SFY2JM  ,DA42,L2P,GA / light,False,Day,2026-04-28 09:33:05,2026-04-28 00:00:00,2026
9253261986411356875,EXS86KL ,B738,L2J,Large jet,True,Day,2026-04-28 11:46:45,2026-04-28 00:00:00,2026
2642549832600004906,TOM20H  ,B738,L2J,Large jet,True,Day,2026-04-28 11:59:55,2026-04-28 00:00:00,2026
5177488494467289342,RYR8947 ,B38M,,Large jet,True,Day,2026-04-28 13:32:00,2026-04-28 00:00:00,2026
13124826252708802551,SFY2JM  ,DA42,L2P,GA / light,False,Day,2026-04-28 11:12:50,2026-04-28 00:00:00,2026
16060152875129210485,GWPDB   ,EC35,H2T,Helicopter,False,Day,2026-04-28 10:51:55,2026-04-28 00:00:00,2026
4976975357458316790,CMT57   ,G12T,L1T,Turboprop,False,Day,2026-04-28 11:40:55,2026-04-28 00:00:00,2026
11029176773796961752,GETPD   ,G12T,L1T,Turboprop,False,Day,2026-04-28 11:21:00,2026-04-28 00:00:00,2026
7281178312863847045,GBFBR   ,P28A,L1P,GA / light,False,Day,2026-04-28 12:57:55,2026-04-28 00:00:00,2026
3463699345744168835,RYR2XN  ,B738,L2J,Large jet,True,Day,2026-04-28 14:24:30,2026-04-28 00:00:00,2026
16257907367204336213,EXS73G  ,B738,L2J,Large jet,True,Day,2026-04-28 16:21:30,2026-04-28 00:00:00,2026
165629954530025602,AMBER2  ,FA20,L2J,Business jet,False,Day,2026-04-28 15:19:30,2026-04-28 00:00:00,2026
18164542534219906065,RYR117J ,B738,L2J,Large jet,True,Day,2026-04-28 15:16:05,2026-04-28 00:00:00,2026
15937263621483289801,GBGYH   ,P28A,L1P,GA / light,False,Day,2026-04-28 14:21:00,2026-04-28 00:00:00,2026
17408966163641521994,GAZDJ   ,PA32,L1P,GA / light,False,Day,2026-04-28 14:11:15,2026-04-28 00:00:00,2026
9090477246489203634,RYR8PA  ,B38M,,Large jet,True,Day,2026-04-28 15:33:00,2026-04-28 00:00:00,2026
6711896714148546656,RUK1133 ,B738,,Large jet,True,Day,2026-04-28 16:03:30,2026-04-28 00:00:00,2026
8766829042225616070,GGCDB   ,SR20,L1P,GA / light,False,Day,2026-04-28 15:46:55,2026-04-28 00:00:00,2026
14651607141297063380,RYR273  ,B38M,L2J,Large jet,True,Evening,2026-04-28 19:19:25,2026-04-28 00:00:00,2026
11414790542655053877,SFY2JM  ,DA42,L2P,GA / light,False,Day,2026-04-28 16:18:15,2026-04-28 00:00:00,2026
2942806749750220274,AMBER1  ,FA20,L2J,Business jet,False,Day,2026-04-28 16:32:25,2026-04-28 00:00:00,2026
9421889508046568904,GLSCW   ,GLF5,L2J,Business jet,False,Evening,2026-04-28 19:20:05,2026-04-28 00:00:00,2026
15786444364610328561,HLE10   ,A169,H2T,Helicopter,False,Day,2026-04-28 16:45:25,2026-04-28 00:00:00,2026
12319573976042718014,GBOJW   ,P28A,L1P,GA / light,False,Day,2026-04-28 17:16:35,2026-04-28 00:00:00,2026
15386858101892504983,GTCHI   ,SPIT,L1P,GA / light,False,Day,2026-04-28 17:11:55,2026-04-28 00:00:00,2026
3105641597054879225,RYR384B ,B38M,,Large jet,True,Evening,2026-04-28 19:41:05,2026-04-28 00:00:00,2026
14723917748843966521,HLE80   ,A169,H2T,Helicopter,False,Evening,2026-04-28 19:50:55,2026-04-28 00:00:00,2026
7334541878672456866,RYR12YU ,B738,L2J,Large jet,True,Evening,2026-04-28 19:16:25,2026-04-28 00:00:00,2026
12330707267525023131,RYR6504 ,B38M,,Large jet,True,Evening,2026-04-28 20:48:15,2026-04-28 00:00:00,2026
13045725742817038310,TOM83T  ,B738,L2J,Large jet,True,Night,2026-04-28 22:19:50,2026-04-28 00:00:00,2026
10328941989847448268,EXS159E ,B738,L2J,Large jet,True,Evening,2026-04-28 21:50:00,2026-04-28 00:00:00,2026
7796100205834904148,RYR363C ,B38M,,Large jet,True,Evening,2026-04-28 21:32:25,2026-04-28 00:00:00,2026
8726168976065320679,HLE10   ,A169,H2T,Helicopter,False,Evening,2026-04-28 20:48:55,2026-04-28 00:00:00,2026
10734901146068233681,RYR117J ,B738,L2J,Large jet,True,Day,2026-04-29 05:49:10,2026-04-29 00:00:00,2026
4336124751326212602,RYR7AB  ,B38M,L2J,Large jet,True,Day,2026-04-29 07:41:50,2026-04-29 00:00:00,2026
9634453239520054279,HLE10   ,A169,H2T,Helicopter,False,Day,2026-04-29 07:24:00,2026-04-29 00:00:00,2026
4735566993922756137,SAH51P  ,BE40,L2J,Business jet,False,Day,2026-04-29 08:17:10,2026-04-29 00:00:00,2026
11227809230344612555,GEIMS   ,B505,H1T,Helicopter,False,Day,2026-04-29 09:30:45,2026-04-29 00:00:00,2026
7111707697151896735,CRIMSON1,FA20,L2J,Business jet,False,Day,2026-04-29 11:19:15,2026-04-29 00:00:00,2026
4833539966695837646,RYR363C ,B38M,,Large jet,True,Day,2026-04-29 11:24:45,2026-04-29 00:00:00,2026
2933518640144501446,CRIMSON2,,,Other,False,Day,2026-04-29 11:21:25,2026-04-29 00:00:00,2026
403871988540821899,BLUE1   ,FA20,L2J,Business jet,False,Day,2026-04-29 11:29:05,2026-04-29 00:00:00,2026
8112779048645133771,QGA01A  ,C56X,L2J,Business jet,False,Day,2026-04-29 09:50:45,2026-04-29 00:00:00,2026
3535211687453715841,GORWS   ,RV14,L1P,GA / light,False,Day,2026-04-29 12:36:55,2026-04-29 00:00:00,2026
9838325995652868596,GOLGE   ,SR20,,Other,False,Day,2026-04-29 12:11:10,2026-04-29 00:00:00,2026
10677984059926215031,GMA19   ,BE20,L2T,Turboprop,False,Day,2026-04-29 11:50:55,2026-04-29 00:00:00,2026
4493754506193266700,RYR5RR  ,B738,L2J,Large jet,True,Day,2026-04-29 13:41:00,2026-04-29 00:00:00,2026
3370250161599650255,RYR80XD ,B738,L2J,Large jet,True,Day,2026-04-29 14:08:05,2026-04-29 00:00:00,2026
15686282263985092783,SFY2JM  ,DA42,L2P,GA / light,False,Day,2026-04-29 14:23:45,2026-04-29 00:00:00,2026
2336149153747357999,SYG01   ,P28A,L1P,GA / light,False,Day,2026-04-29 12:45:05,2026-04-29 00:00:00,2026
5122488221035527439,RYR6765 ,B38M,,Large jet,True,Day,2026-04-29 14:53:30,2026-04-29 00:00:00,2026
4697847731017113175,GBEWR   ,C172,L1P,GA / light,False,Day,2026-04-29 14:23:15,2026-04-29 00:00:00,2026
3921500972085694145,SRD375  ,,,Other,False,Day,2026-04-29 15:44:00,2026-04-29 00:00:00,2026
6746640032388608353,CRIMSON2,FA20,L2J,Business jet,False,Day,2026-04-29 15:30:35,2026-04-29 00:00:00,2026
10731789368751217676,EXS82F  ,B738,L2J,Large jet,True,Evening,2026-04-29 18:49:50,2026-04-29 00:00:00,2026
8707816703293840151,GEIMS   ,B505,H1T,Helicopter,False,Day,2026-04-29 15:45:55,2026-04-29 00:00:00,2026
14392575450173865174,RYR3318 ,B38M,,Large jet,True,Day,2026-04-29 17:08:30,2026-04-29 00:00:00,2026
14070795762967735020,FRA83   ,FA20,L2J,Business jet,False,Day,2026-04-29 16:46:50,2026-04-29 00:00:00,2026
4162360769792164652,SFY2JM  ,DA42,L2P,GA / light,False,Day,2026-04-29 17:16:00,2026-04-29 00:00:00,2026
15246525707189221756,TOM7MH  ,B738,L2J,Large jet,True,Evening,2026-04-29 20:20:40,2026-04-29 00:00:00,2026
16969553060219877496,NJE865A ,E55P,L2J,Business jet,False,Day,2026-04-29 16:16:55,2026-04-29 00:00:00,2026
10761216182366317067,SRG375  ,,,Other,False,Evening,2026-04-29 19:26:50,2026-04-29 00:00:00,2026
5100262995867064328,GMA23   ,BE20,L2T,Turboprop,False,Evening,2026-04-29 18:37:20,2026-04-29 00:00:00,2026
16236336489904877260,RYR12YU ,B38M,,Large jet,True,Evening,2026-04-29 21:14:45,2026-04-29 00:00:00,2026
15200228502621759800,RYR7KY  ,B38M,,Large jet,True,Evening,2026-04-29 21:37:05,2026-04-29 00:00:00,2026
18093450301276381011,RYR2XN  ,B38M,,Large jet,True,Day,2026-04-30 06:50:55,2026-04-30 00:00:00,2026
6874313906827093074,VJT741  ,GLEX,L2J,Business jet,False,Day,2026-04-30 07:20:30,2026-04-30 00:00:00,2026
13276167934167997761,LJC6    ,B350,L2T,Turboprop,False,Day,2026-04-30 07:52:35,2026-04-30 00:00:00,2026
12566444661715302469,GOLGE   ,SR20,,Other,False,Day,2026-04-30 09:42:05,2026-04-30 00:00:00,2026
16526657698446219096,N28SN   ,S22T,L1P,GA / light,False,Day,2026-04-30 09:35:25,2026-04-30 00:00:00,2026
8482413805671176451,RYR7KY  ,B38M,,Large jet,True,Day,2026-04-30 10:33:15,2026-04-30 00:00:00,2026
4283172451486370150,GBUFH   ,P28A,L1P,GA / light,False,Day,2026-04-30 10:15:20,2026-04-30 00:00:00,2026
12271757852602310734,AMBER1  ,FA20,L2J,Business jet,False,Day,2026-04-30 11:24:15,2026-04-30 00:00:00,2026
17066590586993984355,AMBER2  ,FA20,L2J,Business jet,False,Day,2026-04-30 11:21:35,2026-04-30 00:00:00,2026
9039768170838395471,,DA42,L2P,GA / light,False,Day,2026-04-30 09:55:35,2026-04-30 00:00:00,2026
6294127842563443266,SFY2JM  ,DA42,L2P,GA / light,False,Day,2026-04-30 10:11:10,2026-04-30 00:00:00,2026
1689946487015915842,VCG2EZ  ,C25M,L2J,Business jet,False,Day,2026-04-30 10:45:15,2026-04-30 00:00:00,2026
1846586346928508115,RYR5RR  ,B38M,,Large jet,True,Day,2026-04-30 12:17:00,2026-04-30 00:00:00,2026
10262565306893182160,EXS93HQ ,B738,L2J,Large jet,True,Day,2026-04-30 14:29:40,2026-04-30 00:00:00,2026
995873486418364795,URO901  ,A346,L4J,Large jet,True,Day,2026-04-30 13:39:30,2026-04-30 00:00:00,2026
17414763098282671978,BOO500T ,,,Other,False,Day,2026-04-30 11:40:10,2026-04-30 00:00:00,2026
11315637217301084407,GBUFH   ,P28A,L1P,GA / light,False,Day,2026-04-30 12:16:40,2026-04-30 00:00:00,2026
2630675098680804994,GOLAJ   ,R44,H1P,Helicopter,False,Day,2026-04-30 11:53:00,2026-04-30 00:00:00,2026
18424350373228306879,GDSJT   ,C182,L1P,GA / light,False,Day,2026-04-30 15:48:25,2026-04-30 00:00:00,2026
11737615128692407512,SFY2JM  ,DA42,L2P,GA / light,False,Day,2026-04-30 12:28:20,2026-04-30 00:00:00,2026
6679546289119377402,GOLGE   ,SR20,,Other,False,Day,2026-04-30 16:49:10,2026-04-30 00:00:00,2026
15749458530125586114,TOM9HW  ,B738,L2J,Large jet,True,Day,2026-04-30 15:20:10,2026-04-30 00:00:00,2026
13380721154950048532,GARVV   ,P28A,L1P,GA / light,False,Day,2026-04-30 15:42:40,2026-04-30 00:00:00,2026
4024150172941462858,LJC6    ,B350,L2T,Turboprop,False,Day,2026-04-30 16:06:20,2026-04-30 00:00:00,2026
15712461244958784380,CRIMSON2,,,Other,False,Day,2026-04-30 15:16:10,2026-04-30 00:00:00,2026
16501105528319682056,CRIMSON1,FA20,L2J,Business jet,False,Day,2026-04-30 15:05:40,2026-04-30 00:00:00,2026
3891045355269393260,GBUFH   ,P28A,L1P,GA / light,False,Day,2026-04-30 15:28:05,2026-04-30 00:00:00,2026
11142243720063514503,PNTHR86 ,H64,,Other,False,Day,2026-04-30 15:58:40,2026-04-30 00:00:00,2026
7090807670614924303,RYR12YU ,B38M,,Large jet,True,Day,2026-04-30 16:17:45,2026-04-30 00:00:00,2026
16904495197463839438,AMBER2  ,FA20,L2J,Business jet,False,Day,2026-04-30 16:33:00,2026-04-30 00:00:00,2026
12782922735600498531,GOLAJ   ,R44,H1P,Helicopter,False,Day,2026-04-30 14:59:55,2026-04-30 00:00:00,2026
8649582445459962926,HLE10   ,A169,H2T,Helicopter,False,Day,2026-04-30 15:06:30,2026-04-30 00:00:00,2026
7479230425082317079,SFY2JM  ,DA42,L2P,GA / light,False,Day,2026-04-30 17:18:40,2026-04-30 00:00:00,2026
10990843492859922550,HLE10   ,A169,H2T,Helicopter,False,Day,2026-04-30 15:56:45,2026-04-30 00:00:00,2026
3599100922360664505,GCKVV   ,P28A,L1P,GA / light,False,Day,2026-04-30 17:21:40,2026-04-30 00:00:00,2026
5073207483824543585,HLE10   ,A169,H2T,Helicopter,False,Day,2026-04-30 16:57:05,2026-04-30 00:00:00,2026
7799075685194605853,RYR80XD ,B38M,,Large jet,True,Evening,2026-04-30 18:51:00,2026-04-30 00:00:00,2026
17552295644095368262,,DA42,L2P,GA / light,False,Day,2026-04-30 17:09:00,2026-04-30 00:00:00,2026
14523514641809109333,EXS37EJ ,B738,L2J,Large jet,True,Evening,2026-04-30 20:54:40,2026-04-30 00:00:00,2026
1816310406130008661,RYR117J ,B38M,,Large jet,True,Evening,2026-04-30 21:28:35,2026-04-30 00:00:00,2026
2066539196324648287,EXS3624 ,B738,L2J,Large jet,True,Evening,2026-04-30 21:58:35,2026-04-30 00:00:00,2026
3064496129089729373,RUK1133 ,B738,L2J,Large jet,True,Evening,2026-04-30 21:12:00,2026-04-30 00:00:00,2026
7042006404764393108,RYR8PA  ,B38M,,Large jet,True,Night,2026-04-30 23:39:25,2026-04-30 00:00:00,2026
6411280900555737321,SFY2JM  ,DA42,L2P,GA / light,False,Day,2026-05-01 08:46:50,2026-05-01 00:00:00,2026
14669942228785690595,BFY720P ,A20N,L2J,Large jet,True,Day,2026-05-01 09:19:25,2026-05-01 00:00:00,2026
14453502877653375068,FRA88   ,FA20,L2J,Business jet,False,Day,2026-05-01 08:22:35,2026-05-01 00:00:00,2026
9183763559023801643,MOG81M  ,E145,L2J,Large jet,True,Day,2026-05-01 08:36:30,2026-05-01 00:00:00,2026
11908538666537842453,AMBER1  ,,,Other,False,Day,2026-05-01 09:38:55,2026-05-01 00:00:00,2026
11769115896985786582,AMBER2  ,FA20,L2J,Business jet,False,Day,2026-05-01 09:31:50,2026-05-01 00:00:00,2026
10483388741396030299,GARKM   ,PA22,L1P,GA / light,False,Day,2026-05-01 09:09:50,2026-05-01 00:00:00,2026
5452209167513100853,RYR38NG ,B38M,,Large jet,True,Day,2026-05-01 10:56:10,2026-05-01 00:00:00,2026
9864147371343178022,GBFBR   ,P28A,L1P,GA / light,False,Day,2026-05-01 10:05:10,2026-05-01 00:00:00,2026
15789201009618535583,GBGYH   ,P28A,L1P,GA / light,False,Day,2026-05-01 10:39:50,2026-05-01 00:00:00,2026
9035212070684227891,GBEWR   ,C172,L1P,GA / light,False,Day,2026-05-01 09:49:00,2026-05-01 00:00:00,2026
12827058942782291436,NJE550E ,E55P,L2J,Business jet,False,Day,2026-05-01 10:37:10,2026-05-01 00:00:00,2026
1047108478826892528,RYR384B ,B38M,,Large jet,True,Day,2026-05-01 12:22:20,2026-05-01 00:00:00,2026
9350914680297812186,SFY2JM  ,DA42,L2P,GA / light,False,Day,2026-05-01 10:58:50,2026-05-01 00:00:00,2026
6502413493425008177,RYR12YU ,B738,,Large jet,True,Day,2026-05-01 11:37:10,2026-05-01 00:00:00,2026
2065150671782611983,EXS697J ,B738,L2J,Large jet,True,Day,2026-05-01 12:02:10,2026-05-01 00:00:00,2026
1336823264333508068,VSB10   ,BE20,L2T,Turboprop,False,Day,2026-05-01 11:06:45,2026-05-01 00:00:00,2026
11151153883739147300,GCDOK   ,C42,L1P,GA / light,False,Day,2026-05-01 11:11:55,2026-05-01 00:00:00,2026
1992395237958805727,FRA65   ,CL60,L2J,Business jet,False,Day,2026-05-01 11:14:45,2026-05-01 00:00:00,2026
9208832436760244805,GSTUM   ,DA50,,Other,False,Day,2026-05-01 11:46:20,2026-05-01 00:00:00,2026
352770444981850653,GSRCB   ,RV12,L1P,GA / light,False,Day,2026-05-01 11:27:50,2026-05-01 00:00:00,2026
15342054466476500461,GARVV   ,P28A,L1P,GA / light,False,Day,2026-05-01 11:36:50,2026-05-01 00:00:00,2026
597289631362328612,TOM6CV  ,B738,L2J,Large jet,True,Day,2026-05-01 13:34:45,2026-05-01 00:00:00,2026
2100814693751625737,GBFUD   ,SF25,L1P,GA / light,False,Day,2026-05-01 11:15:50,2026-05-01 00:00:00,2026
5057813400471919828,EXS61TQ ,B738,L2J,Large jet,True,Day,2026-05-01 12:46:35,2026-05-01 00:00:00,2026
7934599920608202324,RYR80XD ,B738,L2J,Large jet,True,Day,2026-05-01 13:04:10,2026-05-01 00:00:00,2026
7540645942508863304,GOLGE   ,SR20,,Other,False,Day,2026-05-01 13:12:35,2026-05-01 00:00:00,2026
308483888080734734,GBUUI   ,RF6,L1P,GA / light,False,Day,2026-05-01 12:18:10,2026-05-01 00:00:00,2026
7041961019943973427,GCMPF   ,C42,,Other,False,Day,2026-05-01 12:13:00,2026-05-01 00:00:00,2026
3252407122587576016,GCDOK   ,C42,L1P,GA / light,False,Day,2026-05-01 12:37:40,2026-05-01 00:00:00,2026
8212700518804541544,SFY2JM  ,DA42,L2P,GA / light,False,Day,2026-05-01 13:51:35,2026-05-01 00:00:00,2026
13497775521075081347,GBUJP   ,P28A,L1P,GA / light,False,Day,2026-05-01 13:11:15,2026-05-01 00:00:00,2026
15456909470898116993,RYR2XN  ,B38M,L2J,Large jet,True,Day,2026-05-01 14:35:45,2026-05-01 00:00:00,2026
6891897001693019178,GBIZO   ,P28R,L1P,GA / light,False,Day,2026-05-01 13:18:45,2026-05-01 00:00:00,2026
7466573135706299953,GOLAJ   ,R44,H1P,Helicopter,False,Day,2026-05-01 13:42:35,2026-05-01 00:00:00,2026
6543659630699212511,GSPRK   ,RV4,L1P,GA / light,False,Day,2026-05-01 13:20:40,2026-05-01 00:00:00,2026
6753858239581029553,BWY20   ,FA20,L2J,Business jet,False,Day,2026-05-01 15:24:00,2026-05-01 00:00:00,2026
9321875775497999892,GZAVI   ,C42,L1P,GA / light,False,Day,2026-05-01 13:59:05,2026-05-01 00:00:00,2026
18347220917233868603,GXIVA   ,RV14,L1P,GA / light,False,Day,2026-05-01 13:52:20,2026-05-01 00:00:00,2026
8337172109683100059,GBUJP   ,P28A,L1P,GA / light,False,Day,2026-05-01 14:44:40,2026-05-01 00:00:00,2026
767794902853660120,SFU51   ,C42,L1P,GA / light,False,Day,2026-05-01 15:42:15,2026-05-01 00:00:00,2026
7340271070014821189,,EFOX,L1P,GA / light,False,Day,2026-05-01 14:24:00,2026-05-01 00:00:00,2026
635649384509067308,GBUFH   ,P28A,L1P,GA / light,False,Day,2026-05-01 15:06:55,2026-05-01 00:00:00,2026
8118650897490238274,GOLAJ   ,R44,H1P,Helicopter,False,Day,2026-05-01 14:59:55,2026-05-01 00:00:00,2026
2167920368209560154,GSPRK   ,RV4,L1P,GA / light,False,Day,2026-05-01 14:34:55,2026-05-01 00:00:00,2026
4106342718669517505,GBGYH   ,P28A,L1P,GA / light,False,Day,2026-05-01 15:17:40,2026-05-01 00:00:00,2026
8725704125925337938,SFY2JM  ,DA42,L2P,GA / light,False,Day,2026-05-01 15:59:55,2026-05-01 00:00:00,2026
16244287073940204564,RYR5RR  ,B38M,,Large jet,True,Day,2026-05-01 17:21:25,2026-05-01 00:00:00,2026
2130139124904239731,GBZFT   ,RBEL,L1P,GA / light,False,Day,2026-05-01 15:49:25,2026-05-01 00:00:00,2026
11313688010100651664,GDKLD   ,,,Other,False,Day,2026-05-01 16:53:40,2026-05-01 00:00:00,2026
3373205644578341170,GBUFH   ,P28A,L1P,GA / light,False,Day,2026-05-01 17:49:15,2026-05-01 00:00:00,2026
1532815267862268734,RYR9911 ,B738,L2J,Large jet,True,Evening,2026-05-01 18:37:15,2026-05-01 00:00:00,2026
13496586554260857334,RYR22ZK ,B38M,,Large jet,True,Evening,2026-05-01 21:30:25,2026-05-01 00:00:00,2026
1601364566796673682,EXS159E ,B738,L2J,Large jet,True,Night,2026-05-01 22:21:25,2026-05-01 00:00:00,2026
12100093754459876636,EXS34HS ,B738,L2J,Large jet,True,Night,2026-05-01 22:10:10,2026-05-01 00:00:00,2026
6275452237706959443,RUK1133 ,B738,L2J,Large jet,True,Evening,2026-05-01 20:56:15,2026-05-01 00:00:00,2026
556381505959570261,RYR384B ,B38M,L2J,Large jet,True,Day,2026-05-02 06:56:45,2026-05-02 00:00:00,2026
13303057075406691686,RYR6504 ,B738,L2J,Large jet,True,Day,2026-05-02 06:15:40,2026-05-02 00:00:00,2026
11659635547372031550,RYR117J ,B38M,L2J,Large jet,True,Day,2026-05-02 06:19:30,2026-05-02 00:00:00,2026
12054090753186016937,VPC002  ,LJ60,,Business jet,False,Day,2026-05-02 07:31:30,2026-05-02 00:00:00,2026
6989698539548087320,RYR273  ,B38M,L2J,Large jet,True,Day,2026-05-02 08:32:20,2026-05-02 00:00:00,2026
5243622687520703969,TOM903P ,B738,L2J,Large jet,True,Day,2026-05-02 06:39:25,2026-05-02 00:00:00,2026
13562531726377160124,RYR80XD ,B738,L2J,Large jet,True,Day,2026-05-02 09:14:40,2026-05-02 00:00:00,2026
11680979300904872995,RYR7099 ,B38M,,Large jet,True,Day,2026-05-02 08:29:00,2026-05-02 00:00:00,2026
153013445613599400,SRD224B ,B350,,Turboprop,False,Day,2026-05-02 11:28:35,2026-05-02 00:00:00,2026
14979745384689370860,SFY2JM  ,DA42,L2P,GA / light,False,Day,2026-05-02 09:45:45,2026-05-02 00:00:00,2026
3072157985569793988,URO901  ,A346,L4J,Large jet,True,Day,2026-05-02 12:32:25,2026-05-02 00:00:00,2026
7374092439044545834,EXS86KL ,B738,L2J,Large jet,True,Day,2026-05-02 12:28:50,2026-05-02 00:00:00,2026
5066716897369009055,NJE431M ,E55P,L2J,Business jet,False,Day,2026-05-02 12:22:10,2026-05-02 00:00:00,2026
3814415830843971182,RYR8PA  ,B38M,,Large jet,True,Day,2026-05-02 13:17:50,2026-05-02 00:00:00,2026
7679889878007196989,GMOSH   ,P28R,L1P,GA / light,False,Day,2026-05-02 12:47:05,2026-05-02 00:00:00,2026
11454194394520551007,GCFAT   ,ULAC,,Other,False,Day,2026-05-02 12:15:15,2026-05-02 00:00:00,2026
7434045670797818564,TOM2CD  ,B738,L2J,Large jet,True,Day,2026-05-02 13:38:05,2026-05-02 00:00:00,2026
15688258472761638879,EXS52TY ,B738,L2J,Large jet,True,Day,2026-05-02 15:06:05,2026-05-02 00:00:00,2026
10893606955153475994,GBEWR   ,C172,L1P,GA / light,False,Day,2026-05-02 12:09:15,2026-05-02 00:00:00,2026
17843167018419443770,RYR5RR  ,B738,L2J,Large jet,True,Day,2026-05-02 14:27:55,2026-05-02 00:00:00,2026
7554163327501715423,RYR3318 ,B738,L2J,Large jet,True,Day,2026-05-02 14:48:45,2026-05-02 00:00:00,2026
16191084400608125465,RYR12YU ,,,Other,False,Day,2026-05-02 14:30:20,2026-05-02 00:00:00,2026
7317559872775572372,GZHKF   ,ESCP,L1P,GA / light,False,Day,2026-05-02 13:10:50,2026-05-02 00:00:00,2026
13170728713880395724,HLE10   ,A169,H2T,Helicopter,False,Day,2026-05-02 13:58:05,2026-05-02 00:00:00,2026
8132057407157252273,GMA23   ,BE20,L2T,Turboprop,False,Day,2026-05-02 15:39:30,2026-05-02 00:00:00,2026
15567139718722367340,HLE10   ,A169,H2T,Helicopter,False,Day,2026-05-02 16:45:25,2026-05-02 00:00:00,2026
3042696932476626802,HLE10   ,A169,H2T,Helicopter,False,Day,2026-05-02 17:39:15,2026-05-02 00:00:00,2026
3941711817404095237,BAH700  ,,,Other,False,Night,2026-05-02 23:03:00,2026-05-02 00:00:00,2026
17226447302840538272,RYR7AB  ,,,Other,False,Evening,2026-05-02 20:52:55,2026-05-02 00:00:00,2026
6243740890012351710,RYR2XN  ,B38M,,Large jet,True,Evening,2026-05-02 20:40:45,2026-05-02 00:00:00,2026
5947028614908782265,EXS82F  ,B738,L2J,Large jet,True,Night,2026-05-02 23:24:10,2026-05-02 00:00:00,2026
17267045819748169242,RYR9911 ,B738,L2J,Large jet,True,Evening,2026-05-02 21:03:25,2026-05-02 00:00:00,2026
7552658088836535030,TOM14X  ,B738,L2J,Large jet,True,Night,2026-05-02 23:56:25,2026-05-02 00:00:00,2026
14821427656194929281,EXS61TQ ,B738,L2J,Large jet,True,Evening,2026-05-02 21:46:50,2026-05-02 00:00:00,2026
9711690283326533052,RYR5724 ,,,Other,False,Day,2026-05-03 06:27:45,2026-05-03 00:00:00,2026
9682706363916463818,NJE6KY  ,E55P,L2J,Business jet,False,Day,2026-05-03 08:11:05,2026-05-03 00:00:00,2026
2397868023305761806,LJC6    ,B350,L2T,Turboprop,False,Day,2026-05-03 10:42:40,2026-05-03 00:00:00,2026
5550028149248240148,RYR363C ,,,Other,False,Day,2026-05-03 11:11:25,2026-05-03 00:00:00,2026
10576441500932420301,EXS34JU ,B738,L2J,Large jet,True,Day,2026-05-03 12:15:05,2026-05-03 00:00:00,2026
15178255118703378388,TOM9HB  ,B738,L2J,Large jet,True,Day,2026-05-03 12:10:35,2026-05-03 00:00:00,2026
1131409228750938851,RYR12YU ,B738,L2J,Large jet,True,Day,2026-05-03 13:10:40,2026-05-03 00:00:00,2026
17162630513170367406,HLE22   ,B429,H2T,Helicopter,False,Day,2026-05-03 11:49:50,2026-05-03 00:00:00,2026
14473795558166795223,GLIFB   ,AP32,L1P,GA / light,False,Day,2026-05-03 12:52:45,2026-05-03 00:00:00,2026
6777375709445219847,RYR2XN  ,B38M,,Large jet,True,Day,2026-05-03 13:43:55,2026-05-03 00:00:00,2026
6185444022781578823,RYR117J ,B38M,L2J,Large jet,True,Day,2026-05-03 14:13:30,2026-05-03 00:00:00,2026
17309673642121951910,,PA32,,Other,False,Day,2026-05-03 12:29:00,2026-05-03 00:00:00,2026
11656144706732469153,EXS68AT ,B738,L2J,Large jet,True,Day,2026-05-03 14:39:45,2026-05-03 00:00:00,2026
9925848847374391924,GWPDB   ,EC35,H2T,Helicopter,False,Day,2026-05-03 13:13:40,2026-05-03 00:00:00,2026
7322306789888996628,,R100,L1P,GA / light,False,Day,2026-05-03 12:55:10,2026-05-03 00:00:00,2026
10950122208063876228,GGDER   ,R100,L1P,GA / light,False,Day,2026-05-03 12:56:55,2026-05-03 00:00:00,2026
14612205989074677464,RYR8947 ,B38M,,Large jet,True,Day,2026-05-03 15:34:45,2026-05-03 00:00:00,2026
1543708733511004682,NJU263K ,C56X,L2J,Business jet,False,Day,2026-05-03 14:24:00,2026-05-03 00:00:00,2026
12511492605983199570,TOM6KM  ,B38M,L2J,Large jet,True,Day,2026-05-03 16:04:50,2026-05-03 00:00:00,2026
10798825679672246620,RYR9356 ,,,Other,False,Day,2026-05-03 15:37:40,2026-05-03 00:00:00,2026
4183982886481953185,SFY2JM  ,DA42,L2P,GA / light,False,Day,2026-05-03 16:59:55,2026-05-03 00:00:00,2026
9961360914861687639,RUK1133 ,B738,L2J,Large jet,True,Day,2026-05-03 16:59:55,2026-05-03 00:00:00,2026
9683326036825821416,GMA23   ,BE20,L2T,Turboprop,False,Evening,2026-05-03 18:27:35,2026-05-03 00:00:00,2026
602561973888172925,TOM4BN  ,B738,L2J,Large jet,True,Night,2026-05-03 22:25:00,2026-05-03 00:00:00,2026
9830139253613406924,EXS37EJ ,B738,L2J,Large jet,True,Evening,2026-05-03 20:55:15,2026-05-03 00:00:00,2026
1534697508983466935,EXS71BS ,B738,L2J,Large jet,True,Evening,2026-05-03 21:46:05,2026-05-03 00:00:00,2026
1255572615491575205,HLE56   ,EC35,H2T,Helicopter,False,Evening,2026-05-03 19:55:35,2026-05-03 00:00:00,2026
4019750617138565693,RYR80XD ,,,Other,False,Evening,2026-05-03 21:58:00,2026-05-03 00:00:00,2026
8082468591325666145,RYR8PA  ,B38M,,Large jet,True,Evening,2026-05-03 21:54:25,2026-05-03 00:00:00,2026
2599248727902476505,SFY1TM  ,DA42,L2P,GA / light,False,Day,2026-05-04 09:40:25,2026-05-04 00:00:00,2026
14306524411148253019,SFY2JM  ,DA42,L2P,GA / light,False,Day,2026-05-04 09:58:05,2026-05-04 00:00:00,2026
10802325070108269645,ECA2JP  ,C25A,L2J,Business jet,False,Day,2026-05-04 10:51:40,2026-05-04 00:00:00,2026
6027982855869436073,,DA42,L2P,GA / light,False,Day,2026-05-04 08:59:45,2026-05-04 00:00:00,2026
15431958145899137736,EXS697J ,B738,L2J,Large jet,True,Day,2026-05-04 11:40:25,2026-05-04 00:00:00,2026
10371190465381284935,SRD375  ,A139,,Other,False,Day,2026-05-04 11:14:45,2026-05-04 00:00:00,2026
13222926617820547427,GBUFH   ,P28A,L1P,GA / light,False,Day,2026-05-04 10:23:15,2026-05-04 00:00:00,2026
16480373174132183169,RYR2XN  ,,,Other,False,Day,2026-05-04 11:50:30,2026-05-04 00:00:00,2026
18303371603379858314,EXS61TQ ,B738,L2J,Large jet,True,Day,2026-05-04 12:55:30,2026-05-04 00:00:00,2026
18428241463950341881,GIMPT   ,EFOX,L1P,GA / light,False,Day,2026-05-04 13:28:50,2026-05-04 00:00:00,2026
2329111664508255937,RYR7624 ,B738,L2J,Large jet,True,Day,2026-05-04 14:06:25,2026-05-04 00:00:00,2026
14816175320158548194,RYR117J ,B738,L2J,Large jet,True,Day,2026-05-04 14:19:05,2026-05-04 00:00:00,2026
1878493109693736296,TOM62H  ,B738,L2J,Large jet,True,Day,2026-05-04 15:27:25,2026-05-04 00:00:00,2026
7798832470519534183,GBUFH   ,P28A,L1P,GA / light,False,Day,2026-05-04 13:10:25,2026-05-04 00:00:00,2026
4394612998757484299,SFY1TM  ,DA42,L2P,GA / light,False,Day,2026-05-04 14:56:20,2026-05-04 00:00:00,2026
2633193453342462935,GCISE   ,PULS,L1P,GA / light,False,Day,2026-05-04 14:51:45,2026-05-04 00:00:00,2026
14270048724806213952,RYR22ZK ,B38M,,Large jet,True,Day,2026-05-04 16:16:10,2026-05-04 00:00:00,2026
18066659083947432096,,PULS,L1P,GA / light,False,Day,2026-05-04 14:05:05,2026-05-04 00:00:00,2026
4650902197209131452,GBUFH   ,P28A,L1P,GA / light,False,Day,2026-05-04 14:54:50,2026-05-04 00:00:00,2026
10238530398083498905,GBGYH   ,P28A,L1P,GA / light,False,Day,2026-05-04 15:08:45,2026-05-04 00:00:00,2026
5911126280581216520,GBDZD   ,C172,L1P,GA / light,False,Day,2026-05-04 16:57:40,2026-05-04 00:00:00,2026
12576121653575510266,GBUFH   ,P28A,L1P,GA / light,False,Day,2026-05-04 15:48:30,2026-05-04 00:00:00,2026
14391491308272684805,RYR7KY  ,,,Other,False,Day,2026-05-04 16:50:45,2026-05-04 00:00:00,2026
6481256225796462284,N55FB   ,,,Other,False,Day,2026-05-04 17:31:35,2026-05-04 00:00:00,2026
1052391468794899146,RYR80XD ,B738,L2J,Large jet,True,Evening,2026-05-04 18:22:05,2026-05-04 00:00:00,2026
2828896711120184595,GBGYH   ,P28A,L1P,GA / light,False,Day,2026-05-04 17:20:10,2026-05-04 00:00:00,2026
906478619064253416,GOLGE   ,SR20,,Other,False,Evening,2026-05-04 18:36:05,2026-05-04 00:00:00,2026
15046820932425031394,TOM677F ,B738,L2J,Large jet,True,Evening,2026-05-04 21:07:05,2026-05-04 00:00:00,2026
5454012852047289996,,AP32,L1P,GA / light,False,Evening,2026-05-04 18:59:55,2026-05-04 00:00:00,2026
6238825611974636195,EXS47W  ,B738,L2J,Large jet,True,Night,2026-05-04 23:01:35,2026-05-04 00:00:00,2026
13211093789597607919,GLIFB   ,AP32,L1P,GA / light,False,Evening,2026-05-04 19:38:35,2026-05-04 00:00:00,2026
16917006574225714256,EXS34HS ,B738,L2J,Large jet,True,Night,2026-05-04 22:13:05,2026-05-04 00:00:00,2026
1731846903840022787,RYR12YU ,B38M,L2J,Large jet,True,Evening,2026-05-04 21:56:20,2026-05-04 00:00:00,2026
17738217968750555993,RYR38NG ,,,Other,False,Night,2026-05-04 22:29:30,2026-05-04 00:00:00,2026
8118803439282818159,RYR80XD ,B738,L2J,Large jet,True,Day,2026-05-05 08:04:20,2026-05-05 00:00:00,2026
8939953182193338114,URO100P ,A346,L4J,Large jet,True,Day,2026-05-05 08:36:30,2026-05-05 00:00:00,2026
10346024541806353591,RONIN30 ,A400,,Other,False,Day,2026-05-05 07:22:20,2026-05-05 00:00:00,2026
80364965450250382,GBUFH   ,P28A,L1P,GA / light,False,Day,2026-05-05 08:11:55,2026-05-05 00:00:00,2026
8189938269177261306,BWY40   ,FA20,L2J,Business jet,False,Day,2026-05-05 09:41:45,2026-05-05 00:00:00,2026
7438384958558983500,N936CT  ,S22T,L1P,GA / light,False,Day,2026-05-05 09:08:10,2026-05-05 00:00:00,2026
5111495666002154441,RYR7099 ,B38M,L2J,Large jet,True,Day,2026-05-05 09:38:35,2026-05-05 00:00:00,2026
1586352099521440586,GCPSS   ,C208,L1T,Turboprop,False,Day,2026-05-05 09:12:40,2026-05-05 00:00:00,2026
6597279952763905827,CRIMSON1,FA20,L2J,Business jet,False,Day,2026-05-05 10:18:55,2026-05-05 00:00:00,2026
15113500942960455949,PYN04   ,BE20,L2T,Turboprop,False,Day,2026-05-05 09:32:00,2026-05-05 00:00:00,2026
14608875683064744548,CRIMSON2,,,Other,False,Day,2026-05-05 10:33:00,2026-05-05 00:00:00,2026
1939145300607815197,RONIN30 ,A400,,Other,False,Day,2026-05-05 11:41:55,2026-05-05 00:00:00,2026
16333456214873861530,GBUJP   ,P28A,L1P,GA / light,False,Day,2026-05-05 10:22:45,2026-05-05 00:00:00,2026
3276057950930599550,GBEWR   ,C172,L1P,GA / light,False,Day,2026-05-05 10:56:25,2026-05-05 00:00:00,2026
7873269040191252223,EXS86KL ,B738,L2J,Large jet,True,Day,2026-05-05 11:37:50,2026-05-05 00:00:00,2026
11210189104777955505,GBBRC   ,SUBA,L1P,GA / light,False,Day,2026-05-05 10:51:25,2026-05-05 00:00:00,2026
4524833826451365731,GBDZD   ,C172,L1P,GA / light,False,Day,2026-05-05 10:59:55,2026-05-05 00:00:00,2026
16893590234113680132,GBUFH   ,P28A,L1P,GA / light,False,Day,2026-05-05 10:34:10,2026-05-05 00:00:00,2026
9947086379917065441,GBGYH   ,P28A,L1P,GA / light,False,Day,2026-05-05 10:27:25,2026-05-05 00:00:00,2026
7079776155214961735,FRA65   ,CL60,L2J,Business jet,False,Day,2026-05-05 12:46:30,2026-05-05 00:00:00,2026
18207475991802115186,RYR8947 ,,,Other,False,Day,2026-05-05 13:29:20,2026-05-05 00:00:00,2026
18217342800263150543,SFU71   ,C42,L1P,GA / light,False,Day,2026-05-05 11:10:40,2026-05-05 00:00:00,2026
13380092046663956626,GLIFB   ,AP32,L1P,GA / light,False,Day,2026-05-05 10:59:55,2026-05-05 00:00:00,2026
6934104858028117726,TOM20H  ,B738,L2J,Large jet,True,Day,2026-05-05 12:27:35,2026-05-05 00:00:00,2026
15808978137590620164,FJO647  ,GL5T,L2J,Business jet,False,Day,2026-05-05 13:45:50,2026-05-05 00:00:00,2026
7472589914248693402,SFY1TM  ,DA42,L2P,GA / light,False,Day,2026-05-05 13:29:20,2026-05-05 00:00:00,2026
2059128799112691809,,SR20,L1P,GA / light,False,Day,2026-05-05 11:33:20,2026-05-05 00:00:00,2026
7926218110694483860,GGCDB   ,SR20,L1P,GA / light,False,Day,2026-05-05 11:44:10,2026-05-05 00:00:00,2026
4793117579715180806,PARA8356,,,Other,False,Day,2026-05-05 13:22:50,2026-05-05 00:00:00,2026
3440703268462022750,GBUFH   ,P28A,L1P,GA / light,False,Day,2026-05-05 12:45:10,2026-05-05 00:00:00,2026
8252595419499702304,RYR2XN  ,B38M,L2J,Large jet,True,Day,2026-05-05 14:18:10,2026-05-05 00:00:00,2026
10987786272218652381,EXS73G  ,B738,L2J,Large jet,True,Day,2026-05-05 16:22:00,2026-05-05 00:00:00,2026
10689437076038728212,GBEWR   ,C172,L1P,GA / light,False,Day,2026-05-05 13:28:50,2026-05-05 00:00:00,2026
1923359549699849531,MDUBS   ,,,Other,False,Day,2026-05-05 13:10:35,2026-05-05 00:00:00,2026
15216573408706734496,AMBER1  ,FA20,L2J,Business jet,False,Day,2026-05-05 14:48:50,2026-05-05 00:00:00,2026
1859040236150245069,AMBER4  ,,,Other,False,Day,2026-05-05 14:52:40,2026-05-05 00:00:00,2026
9453939761876572972,,P28A,L1P,GA / light,False,Day,2026-05-05 13:07:15,2026-05-05 00:00:00,2026
7927546772598995325,RYR117J ,,,Other,False,Day,2026-05-05 15:34:40,2026-05-05 00:00:00,2026
3270121780026224140,AMBER2  ,FA20,L2J,Business jet,False,Day,2026-05-05 15:23:40,2026-05-05 00:00:00,2026
563707007479675632,AMBER3  ,FA20,L2J,Business jet,False,Day,2026-05-05 15:30:45,2026-05-05 00:00:00,2026
6899967098722153278,HLE10   ,A169,H2T,Helicopter,False,Day,2026-05-05 16:01:15,2026-05-05 00:00:00,2026
18399043979288392204,RYR8PA  ,B38M,L2J,Large jet,True,Day,2026-05-05 15:37:50,2026-05-05 00:00:00,2026
5902858183512534783,GCLZV   ,CLON,G1P,GA / light,False,Day,2026-05-05 14:59:55,2026-05-05 00:00:00,2026
6320615893513957374,GBEWR   ,C172,L1P,GA / light,False,Day,2026-05-05 15:38:30,2026-05-05 00:00:00,2026
10364701314880583001,,DA42,L2P,GA / light,False,Day,2026-05-05 15:09:40,2026-05-05 00:00:00,2026
7249257531721770397,URO970P ,A346,L4J,Large jet,True,Day,2026-05-05 16:25:15,2026-05-05 00:00:00,2026
4471309463686523031,RYR273  ,B38M,,Large jet,True,Evening,2026-05-05 19:08:40,2026-05-05 00:00:00,2026
120229710756910550,GBGYH   ,P28A,L1P,GA / light,False,Day,2026-05-05 16:34:55,2026-05-05 00:00:00,2026
7213140329999308598,RUK1133 ,B738,L2J,Large jet,True,Day,2026-05-05 17:44:25,2026-05-05 00:00:00,2026
9003605065474267377,RYR384B ,B38M,L2J,Large jet,True,Evening,2026-05-05 19:58:40,2026-05-05 00:00:00,2026
524413368167361463,RYR12YU ,B38M,L2J,Large jet,True,Evening,2026-05-05 19:19:30,2026-05-05 00:00:00,2026
8376071102129096959,EXS159E ,B738,L2J,Large jet,True,Evening,2026-05-05 21:50:15,2026-05-05 00:00:00,2026
2253568679669964816,RYR6504 ,,,Other,False,Evening,2026-05-05 20:48:40,2026-05-05 00:00:00,2026
8189180582453296555,RYR363C ,B38M,L2J,Large jet,True,Evening,2026-05-05 21:23:35,2026-05-05 00:00:00,2026
5885306341794030356,RYR117J ,B738,L2J,Large jet,True,Day,2026-05-06 05:48:45,2026-05-06 00:00:00,2026
8737880931012721813,RYR7AB  ,B38M,L2J,Large jet,True,Day,2026-05-06 07:35:55,2026-05-06 00:00:00,2026
15858055636024830745,RYR2XN  ,B38M,L2J,Large jet,True,Day,2026-05-06 07:17:50,2026-05-06 00:00:00,2026
15103473137258269830,NJE4DQ  ,C68A,L2J,Business jet,False,Day,2026-05-06 07:41:40,2026-05-06 00:00:00,2026
724360142957635470,AMBER3  ,,,Other,False,Day,2026-05-06 09:52:55,2026-05-06 00:00:00,2026
15056362346677061923,AMBER1  ,FA20,L2J,Business jet,False,Day,2026-05-06 09:45:05,2026-05-06 00:00:00,2026
1989589543329734720,AMBER2  ,FA20,L2J,Business jet,False,Day,2026-05-06 09:58:50,2026-05-06 00:00:00,2026
1747683066273404115,GEIMS   ,B505,H1T,Helicopter,False,Day,2026-05-06 09:07:45,2026-05-06 00:00:00,2026
2264804918950797659,TOM6FL  ,B738,L2J,Large jet,True,Day,2026-05-06 10:59:15,2026-05-06 00:00:00,2026
13125841527585357677,GBEWR   ,C172,L1P,GA / light,False,Day,2026-05-06 10:27:45,2026-05-06 00:00:00,2026
7298145828408609429,RYR363C ,,,Other,False,Day,2026-05-06 11:28:25,2026-05-06 00:00:00,2026
14166830965739289179,GBUFH   ,P28A,L1P,GA / light,False,Day,2026-05-06 10:19:30,2026-05-06 00:00:00,2026
3351900019868362203,EXS61TQ ,B738,L2J,Large jet,True,Day,2026-05-06 11:32:50,2026-05-06 00:00:00,2026
14465016742215702948,N28SN   ,S22T,L1P,GA / light,False,Day,2026-05-06 10:31:25,2026-05-06 00:00:00,2026
1360887250113546087,EXS3612 ,B738,L2J,Large jet,True,Day,2026-05-06 12:43:55,2026-05-06 00:00:00,2026
4729956787448392528,DKSTR01 ,H64,H2T,Helicopter,False,Day,2026-05-06 11:59:55,2026-05-06 00:00:00,2026
8515559531124758904,SFU55   ,C42,L1P,GA / light,False,Day,2026-05-06 11:09:00,2026-05-06 00:00:00,2026
8270867147329803469,GCDNA   ,G109,L1P,GA / light,False,Day,2026-05-06 11:13:15,2026-05-06 00:00:00,2026
1169395600231573838,RYR5RR  ,B38M,L2J,Large jet,True,Day,2026-05-06 13:31:55,2026-05-06 00:00:00,2026
13073685542751193975,GBUFH   ,P28A,L1P,GA / light,False,Day,2026-05-06 11:53:50,2026-05-06 00:00:00,2026
10379157053035792112,GTWIS   ,TWST,L1P,GA / light,False,Day,2026-05-06 12:13:25,2026-05-06 00:00:00,2026
8747305371173156094,RYR80XD ,B738,L2J,Large jet,True,Day,2026-05-06 13:53:15,2026-05-06 00:00:00,2026
18128223519359193824,PARA8356,,,Other,False,Day,2026-05-06 13:10:55,2026-05-06 00:00:00,2026
8415089640089148788,FRA65   ,CL60,L2J,Business jet,False,Day,2026-05-06 12:52:20,2026-05-06 00:00:00,2026
4275321674408216175,A12     ,GLID,,Other,False,Day,2026-05-06 12:11:25,2026-05-06 00:00:00,2026
4541551354563425035,ADRIANPG,,,Other,False,Day,2026-05-06 14:31:25,2026-05-06 00:00:00,2026
16444718854523781455,CRIMSON1,FA20,L2J,Business jet,False,Day,2026-05-06 14:11:05,2026-05-06 00:00:00,2026
13387527425741652333,CRIMSON2,,,Other,False,Day,2026-05-06 14:06:45,2026-05-06 00:00:00,2026
3033776347921449815,GBEWR   ,C172,L1P,GA / light,False,Day,2026-05-06 13:55:00,2026-05-06 00:00:00,2026
9219555342954187370,RYR6765 ,B38M,L2J,Large jet,True,Day,2026-05-06 15:02:55,2026-05-06 00:00:00,2026
17606677891032223130,LJC6    ,B350,L2T,Turboprop,False,Day,2026-05-06 15:47:30,2026-05-06 00:00:00,2026
7042797188207522440,GLIFB   ,AP32,L1P,GA / light,False,Day,2026-05-06 13:57:25,2026-05-06 00:00:00,2026
18128912400937092535,GOLGE   ,SR20,,Other,False,Day,2026-05-06 14:24:25,2026-05-06 00:00:00,2026
13040324703173296522,GGCDB   ,SR20,L1P,GA / light,False,Day,2026-05-06 14:11:55,2026-05-06 00:00:00,2026
1740176177986103546,GBGYH   ,P28A,L1P,GA / light,False,Day,2026-05-06 14:24:45,2026-05-06 00:00:00,2026
16728425278299602886,SFY1TM  ,DA42,L2P,GA / light,False,Day,2026-05-06 14:59:55,2026-05-06 00:00:00,2026
1929738488538383938,GCISE   ,PULS,L1P,GA / light,False,Day,2026-05-06 15:11:00,2026-05-06 00:00:00,2026
935400639592294181,GOLAJ   ,R44,H1P,Helicopter,False,Day,2026-05-06 15:33:55,2026-05-06 00:00:00,2026
2682327922063267637,GCMPF   ,C42,,Other,False,Day,2026-05-06 14:59:55,2026-05-06 00:00:00,2026
11100135179331000274,GBUFH   ,P28A,L1P,GA / light,False,Day,2026-05-06 15:32:40,2026-05-06 00:00:00,2026
9159405474696725416,RYR3318 ,,,Other,False,Day,2026-05-06 17:00:45,2026-05-06 00:00:00,2026
6938535716075320216,N363KC  ,S22T,L1P,GA / light,False,Day,2026-05-06 15:53:40,2026-05-06 00:00:00,2026
11222312739343756940,GBEWR   ,C172,L1P,GA / light,False,Day,2026-05-06 16:24:50,2026-05-06 00:00:00,2026
10370356238220015075,GCDOK   ,C42,L1P,GA / light,False,Day,2026-05-06 17:07:00,2026-05-06 00:00:00,2026
6818754135848553431,2CLRK   ,EA50,L2J,Business jet,False,Day,2026-05-06 17:15:05,2026-05-06 00:00:00,2026
16339096426915188580,GCMPF   ,C42,,Other,False,Day,2026-05-06 17:06:30,2026-05-06 00:00:00,2026
9968669159064591133,GOLAJ   ,R44,H1P,Helicopter,False,Day,2026-05-06 16:37:15,2026-05-06 00:00:00,2026
2256705218746069017,SFY1TM  ,DA42,L2P,GA / light,False,Day,2026-05-06 17:58:05,2026-05-06 00:00:00,2026
13497716238935530882,GCPSS   ,C208,L1T,Turboprop,False,Day,2026-05-06 17:51:10,2026-05-06 00:00:00,2026
3444339946729984288,EXS82F  ,B738,L2J,Large jet,True,Night,2026-05-06 22:19:55,2026-05-06 00:00:00,2026
13691669209011454899,GMA23   ,BE20,L2T,Turboprop,False,Evening,2026-05-06 19:49:35,2026-05-06 00:00:00,2026
17863083056629859598,TOM7MH  ,B738,L2J,Large jet,True,Night,2026-05-06 22:57:00,2026-05-06 00:00:00,2026
16927415270194012485,GCISE   ,PULS,L1P,GA / light,False,Evening,2026-05-06 18:46:20,2026-05-06 00:00:00,2026
8337631225621342711,EXS81AW ,B738,L2J,Large jet,True,Night,2026-05-06 22:32:50,2026-05-06 00:00:00,2026
1029944167401494955,UGLY21  ,,,Other,False,Evening,2026-05-06 20:59:55,2026-05-06 00:00:00,2026
12412759461754522293,RYR12YU ,B38M,L2J,Large jet,True,Evening,2026-05-06 21:28:20,2026-05-06 00:00:00,2026
4397723345824095513,RYR7KY  ,,,Other,False,Evening,2026-05-06 21:26:15,2026-05-06 00:00:00,2026
5290311121905371895,RYR2XN  ,B38M,,Large jet,True,Day,2026-05-07 06:49:10,2026-05-07 00:00:00,2026
18431264143890534722,RONIN32 ,A400,,Other,False,Day,2026-05-07 07:48:05,2026-05-07 00:00:00,2026
8374229275317241748,RYR9356 ,,,Other,False,Day,2026-05-07 10:20:10,2026-05-07 00:00:00,2026
5366600408356766652,GBPAF   ,P28A,L1P,GA / light,False,Day,2026-05-07 09:25:25,2026-05-07 00:00:00,2026
3359686626498566943,TOM2BJ  ,B738,L2J,Large jet,True,Day,2026-05-07 11:34:35,2026-05-07 00:00:00,2026
14347127049355909464,GCKYL   ,C42,L1P,GA / light,False,Day,2026-05-07 09:59:45,2026-05-07 00:00:00,2026
5975843517725626760,EXS26Q  ,B738,L2J,Large jet,True,Day,2026-05-07 13:31:00,2026-05-07 00:00:00,2026
3056866483890487625,GKY514  ,GL5T,L2J,Business jet,False,Day,2026-05-07 10:39:15,2026-05-07 00:00:00,2026
13170750286763514032,HLE10   ,A169,H2T,Helicopter,False,Day,2026-05-07 10:50:55,2026-05-07 00:00:00,2026
2915283213516540318,GBEWR   ,C172,L1P,GA / light,False,Day,2026-05-07 11:18:35,2026-05-07 00:00:00,2026
2273929285213103678,NJE663P ,C68A,L2J,Business jet,False,Day,2026-05-07 13:26:20,2026-05-07 00:00:00,2026
10758387577945866957,EXS93HQ ,B738,L2J,Large jet,True,Day,2026-05-07 14:50:25,2026-05-07 00:00:00,2026
14702418611314774678,AMBER1  ,FA20,L2J,Business jet,False,Day,2026-05-07 12:58:25,2026-05-07 00:00:00,2026
4844967203282158757,,C172,L1P,GA / light,False,Day,2026-05-07 11:01:15,2026-05-07 00:00:00,2026
17348605307763574899,AMBER3  ,,,Other,False,Day,2026-05-07 13:02:15,2026-05-07 00:00:00,2026
15033941010352990348,,R44,H1P,Helicopter,False,Day,2026-05-07 11:10:15,2026-05-07 00:00:00,2026
8903455066060411481,AMBER2  ,FA20,L2J,Business jet,False,Day,2026-05-07 13:07:45,2026-05-07 00:00:00,2026
10444133635422522649,CFARA   ,SC7,L2T,Turboprop,False,Day,2026-05-07 12:31:40,2026-05-07 00:00:00,2026
14329553020504266273,BTNIA11 ,G115,L1P,GA / light,False,Day,2026-05-07 12:37:45,2026-05-07 00:00:00,2026
11857004419475556444,URO901  ,A346,L4J,Large jet,True,Day,2026-05-07 14:53:25,2026-05-07 00:00:00,2026
17382362632482218422,GARVV   ,P28A,L1P,GA / light,False,Day,2026-05-07 15:09:05,2026-05-07 00:00:00,2026
8098027329750822059,GYULL   ,P28A,L1P,GA / light,False,Day,2026-05-07 12:58:25,2026-05-07 00:00:00,2026
6744737510241513271,RYR5RR  ,B38M,L2J,Large jet,True,Day,2026-05-07 14:35:40,2026-05-07 00:00:00,2026
3872739694786666408,SFY1TM  ,DA42,L2P,GA / light,False,Day,2026-05-07 13:14:55,2026-05-07 00:00:00,2026
2242430114484444013,GBRJV   ,P28A,L1P,GA / light,False,Day,2026-05-07 13:56:05,2026-05-07 00:00:00,2026
14072685490946492664,GCISE   ,PULS,L1P,GA / light,False,Day,2026-05-07 13:47:30,2026-05-07 00:00:00,2026
9066703118619212008,GOLAJ   ,R44,H1P,Helicopter,False,Day,2026-05-07 14:13:10,2026-05-07 00:00:00,2026
10333237360181186040,GULAS   ,DHC1,L1P,GA / light,False,Day,2026-05-07 14:39:05,2026-05-07 00:00:00,2026
16720791741089058938,GMA19   ,BE20,L2T,Turboprop,False,Day,2026-05-07 14:41:35,2026-05-07 00:00:00,2026
18106822760733827150,RYR12YU ,,,Other,False,Day,2026-05-07 15:58:40,2026-05-07 00:00:00,2026
8173715272768170613,BTNIA19 ,G115,L1P,GA / light,False,Day,2026-05-07 15:21:30,2026-05-07 00:00:00,2026
12283240614498568938,GBUFH   ,P28A,L1P,GA / light,False,Day,2026-05-07 15:22:45,2026-05-07 00:00:00,2026
15460493344325594064,GBEWR   ,C172,L1P,GA / light,False,Day,2026-05-07 15:48:55,2026-05-07 00:00:00,2026
7632556090682593828,HLE10   ,A169,H2T,Helicopter,False,Day,2026-05-07 15:09:20,2026-05-07 00:00:00,2026
12213511321941357235,GWLGC   ,P28A,L1P,GA / light,False,Day,2026-05-07 15:22:10,2026-05-07 00:00:00,2026
13333856159983834084,,P28A,L1P,GA / light,False,Day,2026-05-07 15:17:00,2026-05-07 00:00:00,2026
13158276144018345773,GBGYH   ,P28A,L1P,GA / light,False,Day,2026-05-07 15:27:25,2026-05-07 00:00:00,2026
12638448777699622659,GSFLA   ,C42,L1P,GA / light,False,Day,2026-05-07 16:29:40,2026-05-07 00:00:00,2026
8773097964571944828,SRD375  ,A139,,Other,False,Evening,2026-05-07 18:20:40,2026-05-07 00:00:00,2026
12274978757452317228,GFXBT   ,AP22,L1P,GA / light,False,Day,2026-05-07 17:58:35,2026-05-07 00:00:00,2026
5413703717585518860,GCISE   ,PULS,L1P,GA / light,False,Day,2026-05-07 17:39:25,2026-05-07 00:00:00,2026
7539913448892991058,RYR80XD ,B38M,L2J,Large jet,True,Evening,2026-05-07 19:40:40,2026-05-07 00:00:00,2026
18356042081570595704,EXS37EJ ,B738,L2J,Large jet,True,Evening,2026-05-07 21:10:50,2026-05-07 00:00:00,2026
11339140742225468086,RYR117J ,B38M,L2J,Large jet,True,Evening,2026-05-07 21:26:55,2026-05-07 00:00:00,2026
11631600013089995646,EXS3624 ,B738,L2J,Large jet,True,Night,2026-05-07 22:12:00,2026-05-07 00:00:00,2026
1500834130420379486,RYR8PA  ,,,Other,False,Night,2026-05-07 22:00:35,2026-05-07 00:00:00,2026
2601086092232797506,RUK1133 ,B738,L2J,Large jet,True,Evening,2026-05-07 21:21:45,2026-05-07 00:00:00,2026
14498869206715968800,HLE10   ,A169,H2T,Helicopter,False,Night,2026-05-08 02:09:20,2026-05-08 00:00:00,2026
7769363549827983432,FJO649  ,GLF6,L2J,Business jet,False,Day,2026-05-08 09:01:35,2026-05-08 00:00:00,2026
4810775758442359883,FRA97   ,FA20,L2J,Business jet,False,Day,2026-05-08 10:41:30,2026-05-08 00:00:00,2026
17953168504120774278,SFY1TM  ,DA42,L2P,GA / light,False,Day,2026-05-08 09:20:55,2026-05-08 00:00:00,2026
15770248064490276373,RYR38NG ,B38M,L2J,Large jet,True,Day,2026-05-08 10:55:35,2026-05-08 00:00:00,2026
9861009872000590999,GCPSS   ,C208,L1T,Turboprop,False,Day,2026-05-08 09:19:15,2026-05-08 00:00:00,2026
10314364518635024033,RYR384B ,,,Other,False,Day,2026-05-08 12:28:05,2026-05-08 00:00:00,2026
12144689649528855522,GBUFH   ,P28A,L1P,GA / light,False,Day,2026-05-08 09:59:55,2026-05-08 00:00:00,2026
16456657733964462094,EXS697J ,B738,,Large jet,True,Day,2026-05-08 11:47:55,2026-05-08 00:00:00,2026
8524728049902601323,RYR12YU ,B738,L2J,Large jet,True,Day,2026-05-08 11:28:05,2026-05-08 00:00:00,2026
2142407324055759446,N257SA  ,PA32,L1P,GA / light,False,Day,2026-05-08 10:10:30,2026-05-08 00:00:00,2026
16667450574261030850,GGCDB   ,SR20,L1P,GA / light,False,Day,2026-05-08 10:06:55,2026-05-08 00:00:00,2026
14691926787705891666,N93MD   ,AS65,H2T,Helicopter,False,Day,2026-05-08 10:43:10,2026-05-08 00:00:00,2026
7782722560892209505,URO901  ,A346,L4J,Large jet,True,Day,2026-05-08 13:11:55,2026-05-08 00:00:00,2026
4133715220034283678,GBEWR   ,C172,L1P,GA / light,False,Day,2026-05-08 10:56:55,2026-05-08 00:00:00,2026
6726920084181919846,RYR80XD ,B738,L2J,Large jet,True,Day,2026-05-08 12:53:55,2026-05-08 00:00:00,2026
12098809487943817228,EXS61TQ ,B738,L2J,Large jet,True,Day,2026-05-08 12:47:30,2026-05-08 00:00:00,2026
13079973831771813393,TOM6CV  ,B738,L2J,Large jet,True,Day,2026-05-08 13:54:15,2026-05-08 00:00:00,2026
16255165064363645328,N93MD   ,AS65,H2T,Helicopter,False,Day,2026-05-08 11:26:30,2026-05-08 00:00:00,2026
6367709877895321156,SFY1TM  ,DA42,L2P,GA / light,False,Day,2026-05-08 11:58:15,2026-05-08 00:00:00,2026
12695153560282792449,2CLRK   ,EA50,L2J,Business jet,False,Day,2026-05-08 12:57:05,2026-05-08 00:00:00,2026
1905548458530476755,GAWUZ   ,C172,L1P,GA / light,False,Day,2026-05-08 11:53:00,2026-05-08 00:00:00,2026
3776879967705746907,RYR2XN  ,B738,L2J,Large jet,True,Day,2026-05-08 13:39:20,2026-05-08 00:00:00,2026
2160871911348562443,GMOSH   ,P28R,L1P,GA / light,False,Day,2026-05-08 12:46:50,2026-05-08 00:00:00,2026
6017649539387508687,OHDEN   ,PC12,L1T,Turboprop,False,Day,2026-05-08 14:12:45,2026-05-08 00:00:00,2026
2999058571957624118,GOLGE   ,SR20,,Other,False,Day,2026-05-08 12:43:30,2026-05-08 00:00:00,2026
1802767139082756743,GOLAJ   ,R44,H1P,Helicopter,False,Day,2026-05-08 13:12:15,2026-05-08 00:00:00,2026
9040805074702929813,GBUFH   ,P28A,L1P,GA / light,False,Day,2026-05-08 12:57:00,2026-05-08 00:00:00,2026
16342999363650875877,GMA19   ,BE20,L2T,Turboprop,False,Day,2026-05-08 14:15:40,2026-05-08 00:00:00,2026
6894719480158633001,GBGYH   ,P28A,L1P,GA / light,False,Day,2026-05-08 13:59:55,2026-05-08 00:00:00,2026
455622617354550906,SFY1TM  ,DA42,L2P,GA / light,False,Day,2026-05-08 14:23:50,2026-05-08 00:00:00,2026
8914080499507178327,NJE828Y ,E55P,L2J,Business jet,False,Day,2026-05-08 17:14:30,2026-05-08 00:00:00,2026
9241285958331768593,2CLRK   ,EA50,L2J,Business jet,False,Day,2026-05-08 15:40:50,2026-05-08 00:00:00,2026
8683361110639553744,GBEWR   ,C172,L1P,GA / light,False,Day,2026-05-08 14:51:35,2026-05-08 00:00:00,2026
14406163091407119847,GNTSI   ,,,Other,False,Day,2026-05-08 14:52:55,2026-05-08 00:00:00,2026
4094871016859723409,RYR5RR  ,B38M,L2J,Large jet,True,Day,2026-05-08 17:08:50,2026-05-08 00:00:00,2026
4120691666782690345,EIX59E  ,,,Other,False,Day,2026-05-08 15:51:05,2026-05-08 00:00:00,2026
1983696368055005896,GBUFH   ,P28A,L1P,GA / light,False,Day,2026-05-08 16:14:35,2026-05-08 00:00:00,2026
453914925712232468,GBEWR   ,C172,L1P,GA / light,False,Day,2026-05-08 16:07:40,2026-05-08 00:00:00,2026
12391574427721090501,RYR9911 ,B738,L2J,Large jet,True,Day,2026-05-08 17:35:30,2026-05-08 00:00:00,2026
1518732250314730754,GOLGE   ,SR20,,Other,False,Day,2026-05-08 16:46:55,2026-05-08 00:00:00,2026
424342535013412855,GCPSS   ,C208,L1T,Turboprop,False,Day,2026-05-08 17:23:40,2026-05-08 00:00:00,2026
13498512652877320110,SFY1TM  ,DA42,L2P,GA / light,False,Day,2026-05-08 17:57:05,2026-05-08 00:00:00,2026
9159989952060267165,BIO05   ,P68,,Other,False,Evening,2026-05-08 18:27:45,2026-05-08 00:00:00,2026
3755959458682546398,GCPSS   ,C208,L1T,Turboprop,False,Evening,2026-05-08 18:33:15,2026-05-08 00:00:00,2026
15510226978944450478,RYR22ZK ,,,Other,False,Evening,2026-05-08 21:22:10,2026-05-08 00:00:00,2026
3425515707255561044,APX824  ,C525,L2J,Business jet,False,Evening,2026-05-08 19:44:50,2026-05-08 00:00:00,2026
979859709173242924,EXS159E ,B738,,Large jet,True,Evening,2026-05-08 21:48:10,2026-05-08 00:00:00,2026
10558649794592675582,RUK1133 ,B738,L2J,Large jet,True,Evening,2026-05-08 21:03:50,2026-05-08 00:00:00,2026
13034701026783923230,EXS34HS ,B738,L2J,Large jet,True,Night,2026-05-08 22:07:30,2026-05-08 00:00:00,2026
12533130716082848979,TOM299  ,B738,L2J,Large jet,True,Night,2026-05-09 00:10:45,2026-05-08 00:00:00,2026
3723699545121665200,GMA23   ,BE20,L2T,Turboprop,False,Night,2026-05-08 22:02:10,2026-05-08 00:00:00,2026
438393358303337085,HLE10   ,A169,H2T,Helicopter,False,Night,2026-05-08 22:53:25,2026-05-08 00:00:00,2026
10902317848176554045,RYR384B ,B38M,L2J,Large jet,True,Day,2026-05-09 07:06:55,2026-05-09 00:00:00,2026
17336873010635685050,RYR6504 ,B738,L2J,Large jet,True,Day,2026-05-09 06:24:35,2026-05-09 00:00:00,2026
2865385262843889808,RYR117J ,B38M,L2J,Large jet,True,Day,2026-05-09 06:05:15,2026-05-09 00:00:00,2026
1072290108522051536,RYR273  ,,,Other,False,Day,2026-05-09 08:50:20,2026-05-09 00:00:00,2026
17593928015686599400,RYR80XD ,B738,L2J,Large jet,True,Day,2026-05-09 09:12:10,2026-05-09 00:00:00,2026
993766183343620487,RYR7099 ,,,Other,False,Day,2026-05-09 08:24:00,2026-05-09 00:00:00,2026
7724184345980635043,BIO05   ,P68,,Other,False,Day,2026-05-09 12:54:25,2026-05-09 00:00:00,2026
11575488003556653291,GEPEE   ,,,Other,False,Day,2026-05-09 08:52:00,2026-05-09 00:00:00,2026
10135545367102533043,GBBXW   ,P28A,L1P,GA / light,False,Day,2026-05-09 10:29:50,2026-05-09 00:00:00,2026
10482148880391517348,ABLE06  ,,,Other,False,Day,2026-05-09 09:18:35,2026-05-09 00:00:00,2026
10686788222469069555,GCKYL   ,C42,L1P,GA / light,False,Day,2026-05-09 10:21:20,2026-05-09 00:00:00,2026
9467155359154666966,GASIL   ,P28A,L1P,GA / light,False,Day,2026-05-09 10:12:30,2026-05-09 00:00:00,2026
1784434370991808779,GHAMD   ,EFOX,L1P,GA / light,False,Day,2026-05-09 11:27:40,2026-05-09 00:00:00,2026
5376542284877592220,GDLOM   ,TB20,L1P,GA / light,False,Day,2026-05-09 11:06:55,2026-05-09 00:00:00,2026
14797394834388530907,GLHER   ,CRUZ,L1P,GA / light,False,Day,2026-05-09 11:06:55,2026-05-09 00:00:00,2026
12124416828353066762,GCDOK   ,C42,L1P,GA / light,False,Day,2026-05-09 11:27:55,2026-05-09 00:00:00,2026
8813627350465284572,SFY1TM  ,DA42,L2P,GA / light,False,Day,2026-05-09 10:22:55,2026-05-09 00:00:00,2026
17055889601882666444,,P28A,L1P,GA / light,False,Day,2026-05-09 10:20:50,2026-05-09 00:00:00,2026
5465701487520701849,GBUFH   ,P28A,L1P,GA / light,False,Day,2026-05-09 10:37:10,2026-05-09 00:00:00,2026
11091021293412015214,TOM2CD  ,B738,L2J,Large jet,True,Day,2026-05-09 12:28:30,2026-05-09 00:00:00,2026
9169686596148819128,HLE10   ,A169,H2T,Helicopter,False,Day,2026-05-09 10:53:10,2026-05-09 00:00:00,2026
16797849182761158880,GCLRW   ,P28R,L1P,GA / light,False,Day,2026-05-09 11:12:45,2026-05-09 00:00:00,2026
10825226907376142461,ADRIANPG,,,Other,False,Day,2026-05-09 11:26:55,2026-05-09 00:00:00,2026
10727186951942201160,GFJTH   ,AP22,L1P,GA / light,False,Day,2026-05-09 11:29:45,2026-05-09 00:00:00,2026
13868096600342647496,GSPRK   ,RV4,L1P,GA / light,False,Day,2026-05-09 11:10:00,2026-05-09 00:00:00,2026
11792118603349733992,SFY1TM  ,DA42,L2P,GA / light,False,Day,2026-05-09 11:59:55,2026-05-09 00:00:00,2026
3477466792226460171,EXS52TY ,B738,L2J,Large jet,True,Day,2026-05-09 14:53:50,2026-05-09 00:00:00,2026
12437477062417036398,GOLAJ   ,R44,H1P,Helicopter,False,Day,2026-05-09 12:08:55,2026-05-09 00:00:00,2026
6842722105089160817,GBUFH   ,P28A,L1P,GA / light,False,Day,2026-05-09 12:39:30,2026-05-09 00:00:00,2026
4900331793071540296,SRG375  ,A139,,Other,False,Day,2026-05-09 12:44:30,2026-05-09 00:00:00,2026
15187601246807686675,RYR5RR  ,B738,L2J,Large jet,True,Day,2026-05-09 14:06:10,2026-05-09 00:00:00,2026
14195486189020341241,GCDAB   ,UNDEFINED,,Other,False,Day,2026-05-09 12:25:05,2026-05-09 00:00:00,2026
14360321662593067312,RYR8PA  ,B38M,L2J,Large jet,True,Day,2026-05-09 13:52:20,2026-05-09 00:00:00,2026
6899136134270456260,GCBCL   ,GLST,L1P,GA / light,False,Day,2026-05-09 12:41:05,2026-05-09 00:00:00,2026
8680996055487943936,GARKM   ,PA22,L1P,GA / light,False,Day,2026-05-09 12:59:55,2026-05-09 00:00:00,2026
3362029236489554417,GGCDB   ,SR20,L1P,GA / light,False,Day,2026-05-09 12:29:25,2026-05-09 00:00:00,2026
16339826430569225681,GBGYH   ,P28A,L1P,GA / light,False,Day,2026-05-09 13:06:00,2026-05-09 00:00:00,2026
9455452072458876679,GBZTN   ,EUPA,L1P,GA / light,False,Day,2026-05-09 13:26:40,2026-05-09 00:00:00,2026
7452180862025490951,EXS86KL ,B738,,Large jet,True,Day,2026-05-09 14:37:55,2026-05-09 00:00:00,2026
11689095574889337193,RYR3318 ,B38M,L2J,Large jet,True,Day,2026-05-09 14:46:50,2026-05-09 00:00:00,2026
14847334672808048689,RYR12YU ,,,Other,False,Day,2026-05-09 14:32:10,2026-05-09 00:00:00,2026
5863548705672490485,GORRG   ,DR40,L1P,GA / light,False,Day,2026-05-09 13:15:15,2026-05-09 00:00:00,2026
13116450077198317124,HLE10   ,A169,H2T,Helicopter,False,Day,2026-05-09 13:07:05,2026-05-09 00:00:00,2026
3502354393307035913,GASIL   ,P28A,L1P,GA / light,False,Day,2026-05-09 13:38:05,2026-05-09 00:00:00,2026
9139949999464427690,GXIVA   ,RV14,L1P,GA / light,False,Day,2026-05-09 14:03:20,2026-05-09 00:00:00,2026
13874296578974044680,GFLOE   ,R66,H1T,Helicopter,False,Day,2026-05-09 14:22:15,2026-05-09 00:00:00,2026
706638704914314008,GOLAJ   ,R44,H1P,Helicopter,False,Day,2026-05-09 14:51:10,2026-05-09 00:00:00,2026
6400543149130071167,GBWOH   ,P28A,L1P,GA / light,False,Day,2026-05-09 14:49:10,2026-05-09 00:00:00,2026
14694191248848691363,GBEWR   ,C172,L1P,GA / light,False,Day,2026-05-09 15:17:05,2026-05-09 00:00:00,2026
11777836676176590200,,DR40,L1P,GA / light,False,Day,2026-05-09 14:16:20,2026-05-09 00:00:00,2026
2711332477763976660,UPAVON  ,,,Other,False,Day,2026-05-09 15:32:10,2026-05-09 00:00:00,2026
4646771849697227667,GCDOK   ,C42,L1P,GA / light,False,Day,2026-05-09 16:10:20,2026-05-09 00:00:00,2026
15511331678726372266,EIX59E  ,,,Other,False,Day,2026-05-09 16:10:30,2026-05-09 00:00:00,2026
11286867251621304979,SFY1TM  ,DA42,L2P,GA / light,False,Day,2026-05-09 17:08:40,2026-05-09 00:00:00,2026
201209570965998278,GMA19   ,BE20,L2T,Turboprop,False,Day,2026-05-09 17:26:35,2026-05-09 00:00:00,2026
14379270481066347239,RYR7AB  ,,,Other,False,Evening,2026-05-09 20:44:10,2026-05-09 00:00:00,2026
3658420432610152416,RYR2XN  ,B38M,L2J,Large jet,True,Evening,2026-05-09 20:45:55,2026-05-09 00:00:00,2026
13351564464285596438,TOM14X  ,B738,L2J,Large jet,True,Night,2026-05-09 23:18:40,2026-05-09 00:00:00,2026
2600020648632345799,EXS61TQ ,B738,L2J,Large jet,True,Evening,2026-05-09 21:40:05,2026-05-09 00:00:00,2026
15230014425466142053,RYR9911 ,B738,L2J,Large jet,True,Evening,2026-05-09 21:26:35,2026-05-09 00:00:00,2026
11246947536593385465,EXS82F  ,B738,,Large jet,True,Night,2026-05-10 01:08:05,2026-05-09 00:00:00,2026
6298888939151753348,HLE10   ,A169,H2T,Helicopter,False,Night,2026-05-09 22:58:40,2026-05-09 00:00:00,2026
17033581020757474882,RYR5724 ,,,Other,False,Day,2026-05-10 06:34:40,2026-05-10 00:00:00,2026
16934396829726227803,T7VRF   ,HDJT,,Other,False,Day,2026-05-10 08:46:40,2026-05-10 00:00:00,2026
17111220038338827824,HLE10   ,A169,H2T,Helicopter,False,Day,2026-05-10 08:52:25,2026-05-10 00:00:00,2026
6510208193614406066,2CLRK   ,EA50,L2J,Business jet,False,Day,2026-05-10 09:59:55,2026-05-10 00:00:00,2026
1276678877816530441,SFY1TM  ,DA42,L2P,GA / light,False,Day,2026-05-10 09:37:05,2026-05-10 00:00:00,2026
18423082210822672682,RYR363C ,,,Other,False,Day,2026-05-10 11:06:00,2026-05-10 00:00:00,2026
14461068093257301272,GDSJT   ,C182,L1P,GA / light,False,Day,2026-05-10 12:14:10,2026-05-10 00:00:00,2026
18324530184743481928,URO901  ,A346,L4J,Large jet,True,Day,2026-05-10 12:56:20,2026-05-10 00:00:00,2026
10171077362811421292,TOM9HB  ,B738,L2J,Large jet,True,Day,2026-05-10 11:41:30,2026-05-10 00:00:00,2026
1067160386996468101,RYR12YU ,B38M,,Large jet,True,Day,2026-05-10 12:09:10,2026-05-10 00:00:00,2026
16603853998280492510,GMA23   ,BE20,L2T,Turboprop,False,Day,2026-05-10 11:10:45,2026-05-10 00:00:00,2026
5692562332721064210,EXS34JU ,B738,,Large jet,True,Day,2026-05-10 12:24:55,2026-05-10 00:00:00,2026
1397392264646996524,GBUFH   ,P28A,L1P,GA / light,False,Day,2026-05-10 11:30:20,2026-05-10 00:00:00,2026
7351920603362158408,EXS68AT ,B738,L2J,Large jet,True,Day,2026-05-10 14:31:25,2026-05-10 00:00:00,2026
2391068145408531361,SFY1TM  ,DA42,L2P,GA / light,False,Day,2026-05-10 12:07:05,2026-05-10 00:00:00,2026
8506733686219111447,RYR2XN  ,B38M,L2J,Large jet,True,Day,2026-05-10 14:03:15,2026-05-10 00:00:00,2026
7859621913358219348,RYR117J ,B38M,L2J,Large jet,True,Day,2026-05-10 14:32:50,2026-05-10 00:00:00,2026
188103313679489640,RYR8947 ,B38M,L2J,Large jet,True,Day,2026-05-10 15:34:00,2026-05-10 00:00:00,2026
16577753636381312973,HLE10   ,A169,H2T,Helicopter,False,Day,2026-05-10 14:09:40,2026-05-10 00:00:00,2026
14611440210526711751,HLE80   ,A169,H2T,Helicopter,False,Day,2026-05-10 16:10:25,2026-05-10 00:00:00,2026
13759589982549724217,RYR9356 ,,,Other,False,Day,2026-05-10 16:01:25,2026-05-10 00:00:00,2026
10034441839437713089,HLE10   ,A169,H2T,Helicopter,False,Day,2026-05-10 15:33:40,2026-05-10 00:00:00,2026
15783836784450155995,RUK1133 ,B738,L2J,Large jet,True,Day,2026-05-10 16:49:50,2026-05-10 00:00:00,2026
3428610704612752019,GOLGE   ,SR20,,Other,False,Day,2026-05-10 16:24:25,2026-05-10 00:00:00,2026
13892771644002351780,GMA19   ,BE20,L2T,Turboprop,False,Evening,2026-05-10 18:32:35,2026-05-10 00:00:00,2026
16507009085392414334,RYR7788 ,B738,L2J,Large jet,True,Evening,2026-05-10 18:47:25,2026-05-10 00:00:00,2026
7747827846056959711,TOM4BN  ,B738,L2J,Large jet,True,Night,2026-05-10 22:12:35,2026-05-10 00:00:00,2026
3489279689614605615,EXS71BS ,B738,,Large jet,True,Night,2026-05-10 22:06:10,2026-05-10 00:00:00,2026
15309401649568703222,EXS37EJ ,B738,L2J,Large jet,True,Evening,2026-05-10 21:02:50,2026-05-10 00:00:00,2026
14377120687386657651,MASBA   ,,,Other,False,Evening,2026-05-10 19:42:30,2026-05-10 00:00:00,2026
5423209643890530324,RYR80XD ,,,Other,False,Evening,2026-05-10 21:58:45,2026-05-10 00:00:00,2026
16325149735383426912,RYR8PA  ,B738,L2J,Large jet,True,Night,2026-05-10 22:30:35,2026-05-10 00:00:00,2026
11513221019552625811,HLE10   ,A169,H2T,Helicopter,False,Evening,2026-05-10 21:57:25,2026-05-10 00:00:00,2026
16816432700301600358,GMA23   ,BE20,L2T,Turboprop,False,Night,2026-05-10 23:45:10,2026-05-10 00:00:00,2026
1209461766173859256,GIPPS   ,GA8,L1P,GA / light,False,Day,2026-05-11 07:11:45,2026-05-11 00:00:00,2026
14392832574728769572,GMA516  ,C25M,L2J,Business jet,False,Day,2026-05-11 07:28:30,2026-05-11 00:00:00,2026
11945760066212361872,GILDA   ,SPIT,L1P,GA / light,False,Day,2026-05-11 07:59:55,2026-05-11 00:00:00,2026
2705199527465505553,GILDA   ,SPIT,L1P,GA / light,False,Day,2026-05-11 09:06:10,2026-05-11 00:00:00,2026
11080538721141243860,BLUE1   ,FA20,L2J,Business jet,False,Day,2026-05-11 10:45:35,2026-05-11 00:00:00,2026
18248965283542602427,SFY1TM  ,DA42,L2P,GA / light,False,Day,2026-05-11 09:37:10,2026-05-11 00:00:00,2026
16614052555202743110,AMBER1  ,FA20,L2J,Business jet,False,Day,2026-05-11 10:53:15,2026-05-11 00:00:00,2026
4103326632938166788,DICMD   ,C25A,L2J,Business jet,False,Day,2026-05-11 10:09:40,2026-05-11 00:00:00,2026
18058377073240397124,SRD375  ,A139,,Other,False,Day,2026-05-11 10:24:00,2026-05-11 00:00:00,2026
633430608625180601,RYR2XN  ,,,Other,False,Day,2026-05-11 11:19:55,2026-05-11 00:00:00,2026
91843586622678614,CLB411  ,BE20,L2T,Turboprop,False,Day,2026-05-11 10:24:35,2026-05-11 00:00:00,2026
12661171163908605090,GATYS   ,P28A,L1P,GA / light,False,Day,2026-05-11 10:19:55,2026-05-11 00:00:00,2026
5974509021917353170,GCPSS   ,C208,L1T,Turboprop,False,Day,2026-05-11 09:53:00,2026-05-11 00:00:00,2026
14603646874533628958,EXS697J ,B738,L2J,Large jet,True,Day,2026-05-11 11:45:20,2026-05-11 00:00:00,2026
2249283354914430381,PNTHR86 ,,,Other,False,Day,2026-05-11 11:28:35,2026-05-11 00:00:00,2026
15092706986569322565,2SALE   ,WT9,L1P,GA / light,False,Day,2026-05-11 11:33:05,2026-05-11 00:00:00,2026
6661569644010713605,GBUFH   ,P28A,L1P,GA / light,False,Day,2026-05-11 10:41:40,2026-05-11 00:00:00,2026
2270412605703231674,GCSLL   ,P28R,,Other,False,Day,2026-05-11 10:48:05,2026-05-11 00:00:00,2026
3672384602273189460,TOM62H  ,B738,L2J,Large jet,True,Day,2026-05-11 13:36:55,2026-05-11 00:00:00,2026
15770055512380070143,GILDA   ,SPIT,L1P,GA / light,False,Day,2026-05-11 10:59:55,2026-05-11 00:00:00,2026
10662900378067106562,GOLGE   ,SR20,,Other,False,Day,2026-05-11 11:05:45,2026-05-11 00:00:00,2026
11556561843644170500,SFY1TM  ,DA42,L2P,GA / light,False,Day,2026-05-11 12:40:30,2026-05-11 00:00:00,2026
16472416105952245260,NJE024C ,C68A,L2J,Business jet,False,Day,2026-05-11 12:59:50,2026-05-11 00:00:00,2026
7901084956306149609,GBEWR   ,C172,L1P,GA / light,False,Day,2026-05-11 11:52:40,2026-05-11 00:00:00,2026
2821666432606114067,EXS61TQ ,B738,,Large jet,True,Day,2026-05-11 12:56:25,2026-05-11 00:00:00,2026
16005232979301581969,RYR7624 ,B38M,L2J,Large jet,True,Day,2026-05-11 13:33:05,2026-05-11 00:00:00,2026
12992512246396367846,RONIN30 ,A400,L4T,Turboprop,False,Day,2026-05-11 12:13:50,2026-05-11 00:00:00,2026
10666486011455717211,GBUFH   ,P28A,L1P,GA / light,False,Day,2026-05-11 12:35:00,2026-05-11 00:00:00,2026
2263402863459715173,GILDA   ,SPIT,L1P,GA / light,False,Day,2026-05-11 13:15:10,2026-05-11 00:00:00,2026
9056892390722230348,GNJOY   ,P28A,L1P,GA / light,False,Day,2026-05-11 13:56:55,2026-05-11 00:00:00,2026
6772863483339405792,RYR117J ,B738,L2J,Large jet,True,Day,2026-05-11 14:28:10,2026-05-11 00:00:00,2026
5433906340929661361,GMA19   ,BE20,L2T,Turboprop,False,Day,2026-05-11 12:54:40,2026-05-11 00:00:00,2026
2332007231517477201,GBGYH   ,P28A,L1P,GA / light,False,Day,2026-05-11 13:27:55,2026-05-11 00:00:00,2026
10731118666631297596,,P28A,L1P,GA / light,False,Day,2026-05-11 13:13:35,2026-05-11 00:00:00,2026
5619460747838504530,RYR22ZK ,B38M,L2J,Large jet,True,Day,2026-05-11 16:23:50,2026-05-11 00:00:00,2026
11344032704136424806,BTNIA12 ,G115,L1P,GA / light,False,Day,2026-05-11 14:39:55,2026-05-11 00:00:00,2026
16341051077290995998,GOLGE   ,SR20,,Other,False,Day,2026-05-11 14:16:45,2026-05-11 00:00:00,2026
6712755338331702516,CRIMSON2,,,Other,False,Day,2026-05-11 15:37:30,2026-05-11 00:00:00,2026
14573358307436483630,CRIMSON1,FA20,L2J,Business jet,False,Day,2026-05-11 15:40:30,2026-05-11 00:00:00,2026
15545531914075562689,BLUE1   ,FA20,L2J,Business jet,False,Day,2026-05-11 15:50:15,2026-05-11 00:00:00,2026
5374128280347842925,BTNIA11 ,G115,L1P,GA / light,False,Day,2026-05-11 15:25:25,2026-05-11 00:00:00,2026
3701406620593318152,RYR7KY  ,,,Other,False,Day,2026-05-11 16:09:35,2026-05-11 00:00:00,2026
15302755837741331388,HLE10   ,A169,H2T,Helicopter,False,Day,2026-05-11 15:18:15,2026-05-11 00:00:00,2026
293684135042080813,NJE8RJ  ,C68A,L2J,Business jet,False,Day,2026-05-11 17:26:30,2026-05-11 00:00:00,2026
9262614908742072497,GILDA   ,SPIT,L1P,GA / light,False,Day,2026-05-11 16:35:00,2026-05-11 00:00:00,2026
1771284654827014406,LNX97RS ,C56X,L2J,Business jet,False,Day,2026-05-11 16:15:55,2026-05-11 00:00:00,2026
5844871270207567220,GBDZD   ,C172,L1P,GA / light,False,Day,2026-05-11 17:38:10,2026-05-11 00:00:00,2026
12370987067768415174,RYR80XD ,B738,L2J,Large jet,True,Evening,2026-05-11 18:26:10,2026-05-11 00:00:00,2026
18292985338098927456,GOLGE   ,SR20,,Other,False,Day,2026-05-11 17:41:55,2026-05-11 00:00:00,2026
13365739571934682139,EXS34HS ,B738,L2J,Large jet,True,Night,2026-05-11 22:11:50,2026-05-11 00:00:00,2026
6317316543224771200,EXS47W  ,B738,,Large jet,True,Night,2026-05-11 23:24:35,2026-05-11 00:00:00,2026
11031353263594926146,GMA23   ,BE20,L2T,Turboprop,False,Evening,2026-05-11 20:43:55,2026-05-11 00:00:00,2026
7596938124867660912,TOM6LM  ,B738,L2J,Large jet,True,Night,2026-05-12 00:20:50,2026-05-11 00:00:00,2026
4510874174528954668,RYR12YU ,,,Other,False,Night,2026-05-11 22:17:20,2026-05-11 00:00:00,2026
16378357615208926665,RYR38NG ,B38M,L2J,Large jet,True,Night,2026-05-11 22:35:35,2026-05-11 00:00:00,2026
11449152459063003909,RYR80XD ,B738,L2J,Large jet,True,Day,2026-05-12 08:18:45,2026-05-12 00:00:00,2026
15556523746886070184,GBEWR   ,C172,L1P,GA / light,False,Day,2026-05-12 08:16:25,2026-05-12 00:00:00,2026
12140057166580749500,RYR7099 ,,,Other,False,Day,2026-05-12 09:37:00,2026-05-12 00:00:00,2026
694209515762846647,GCKYL   ,C42,L1P,GA / light,False,Day,2026-05-12 09:53:25,2026-05-12 00:00:00,2026
17867084029602158073,GBZOZ   ,RV6,L1P,GA / light,False,Day,2026-05-12 10:16:55,2026-05-12 00:00:00,2026
10685847581027619479,GNTSI   ,,,Other,False,Day,2026-05-12 10:22:15,2026-05-12 00:00:00,2026
7842916243487938564,EXS86KL ,B738,,Large jet,True,Day,2026-05-12 11:59:20,2026-05-12 00:00:00,2026
9618391208248304039,GBEWR   ,C172,L1P,GA / light,False,Day,2026-05-12 10:45:20,2026-05-12 00:00:00,2026
17861011373105172590,,AP22,L1P,GA / light,False,Day,2026-05-12 10:14:50,2026-05-12 00:00:00,2026
3292291703094442673,RYR8947 ,B38M,L2J,Large jet,True,Day,2026-05-12 13:26:25,2026-05-12 00:00:00,2026
17614284001418697456,GBUFH   ,P28A,L1P,GA / light,False,Day,2026-05-12 11:15:20,2026-05-12 00:00:00,2026
2028195464654296517,TOM20H  ,B738,L2J,Large jet,True,Day,2026-05-12 12:36:25,2026-05-12 00:00:00,2026
5114020541372031306,GMICI   ,C182,L1P,GA / light,False,Day,2026-05-12 12:59:55,2026-05-12 00:00:00,2026
4000038271363261844,GOLGE   ,SR20,,Other,False,Day,2026-05-12 11:59:55,2026-05-12 00:00:00,2026
6586674314828459358,GBUFH   ,P28A,L1P,GA / light,False,Day,2026-05-12 12:48:15,2026-05-12 00:00:00,2026
4475527779524268194,EXS73G  ,B738,L2J,Large jet,True,Day,2026-05-12 16:34:10,2026-05-12 00:00:00,2026
2881140120704921675,RYR2XN  ,B38M,L2J,Large jet,True,Day,2026-05-12 14:34:30,2026-05-12 00:00:00,2026
12793562067190077433,AMBER2  ,,,Other,False,Day,2026-05-12 14:32:05,2026-05-12 00:00:00,2026
17237046152978860141,GGCDB   ,SR20,L1P,GA / light,False,Day,2026-05-12 13:36:00,2026-05-12 00:00:00,2026
17252351982027629551,GCKWO   ,EFOX,L1P,GA / light,False,Day,2026-05-12 13:45:40,2026-05-12 00:00:00,2026
16911284992320750614,RYR117J ,,,Other,False,Day,2026-05-12 15:29:35,2026-05-12 00:00:00,2026
18110544190451787540,AMBER3  ,FA20,L2J,Business jet,False,Day,2026-05-12 15:23:15,2026-05-12 00:00:00,2026
6627335892111464886,GOLGE   ,SR20,,Other,False,Day,2026-05-12 14:38:35,2026-05-12 00:00:00,2026
2787142761450267128,RYR8PA  ,,,Other,False,Day,2026-05-12 15:48:15,2026-05-12 00:00:00,2026
9729666330155461303,SFY2JM  ,DA42,L2P,GA / light,False,Day,2026-05-12 16:26:35,2026-05-12 00:00:00,2026
6566863316567487788,RUK1133 ,B738,L2J,Large jet,True,Day,2026-05-12 16:01:10,2026-05-12 00:00:00,2026
9194991193639356416,GBUFH   ,P28A,L1P,GA / light,False,Day,2026-05-12 15:40:10,2026-05-12 00:00:00,2026
4763575962446111569,RYR273  ,B38M,,Large jet,True,Evening,2026-05-12 19:12:10,2026-05-12 00:00:00,2026
3024632368134827552,RYR384B ,B38M,L2J,Large jet,True,Evening,2026-05-12 19:26:25,2026-05-12 00:00:00,2026
16857572971633344645,RONIN31 ,A400,,Other,False,Day,2026-05-12 17:07:05,2026-05-12 00:00:00,2026
11644175841650122074,RYR12YU ,B38M,L2J,Large jet,True,Evening,2026-05-12 19:23:15,2026-05-12 00:00:00,2026
13139546601805556584,GMA23   ,BE20,L2T,Turboprop,False,Evening,2026-05-12 18:51:20,2026-05-12 00:00:00,2026
14003144015585646008,EXS159E ,B738,,Large jet,True,Evening,2026-05-12 21:46:35,2026-05-12 00:00:00,2026
17705822832184816944,RYR6504 ,B38M,L2J,Large jet,True,Evening,2026-05-12 21:03:10,2026-05-12 00:00:00,2026
12432821572747102799,RYR363C ,,,Other,False,Evening,2026-05-12 21:51:05,2026-05-12 00:00:00,2026
11409155849927578226,TOM985P ,B738,L2J,Large jet,True,Evening,2026-05-12 21:06:10,2026-05-12 00:00:00,2026
4701289938650742623,RYR117J ,B38M,L2J,Large jet,True,Day,2026-05-13 06:03:15,2026-05-13 00:00:00,2026
7654429058819374534,RYR7AB  ,B38M,L2J,Large jet,True,Day,2026-05-13 07:39:55,2026-05-13 00:00:00,2026
17139117979527810633,RYR2XN  ,B38M,L2J,Large jet,True,Day,2026-05-13 07:44:50,2026-05-13 00:00:00,2026
14451706566004580797,SFY2JM  ,DA42,L2P,GA / light,False,Day,2026-05-13 09:39:15,2026-05-13 00:00:00,2026
13343622665367906573,HLE10   ,A169,H2T,Helicopter,False,Day,2026-05-13 09:47:55,2026-05-13 00:00:00,2026
3782579945445781895,RYR363C ,,,Other,False,Day,2026-05-13 11:19:35,2026-05-13 00:00:00,2026
7618497005070270752,SAH51P  ,BE40,L2J,Business jet,False,Day,2026-05-13 11:33:55,2026-05-13 00:00:00,2026
5992193215753226027,CRIMSON1,FA20,L2J,Business jet,False,Day,2026-05-13 11:41:25,2026-05-13 00:00:00,2026
2261999280874937143,CRIMSON2,,,Other,False,Day,2026-05-13 11:44:30,2026-05-13 00:00:00,2026
5719311647844525536,EXS61TQ ,B738,,Large jet,True,Day,2026-05-13 11:29:55,2026-05-13 00:00:00,2026
8582404085463659185,TOM6FL  ,B738,L2J,Large jet,True,Day,2026-05-13 11:47:00,2026-05-13 00:00:00,2026
13842595019058251813,EXS3612 ,B738,L2J,Large jet,True,Day,2026-05-13 12:45:15,2026-05-13 00:00:00,2026
5590696566971705359,SFY2JM  ,DA42,L2P,GA / light,False,Day,2026-05-13 11:31:10,2026-05-13 00:00:00,2026
9736281426915419062,RYR5RR  ,B38M,,Large jet,True,Day,2026-05-13 13:46:10,2026-05-13 00:00:00,2026
6614519033427229466,RYR80XD ,B738,L2J,Large jet,True,Day,2026-05-13 13:50:55,2026-05-13 00:00:00,2026
8107012587746963133,RYR6765 ,B38M,L2J,Large jet,True,Day,2026-05-13 15:05:50,2026-05-13 00:00:00,2026
6192419481343773328,AMBER1  ,FA20,L2J,Business jet,False,Day,2026-05-13 14:47:50,2026-05-13 00:00:00,2026
4604493719534232931,GBGYH   ,P28A,L1P,GA / light,False,Day,2026-05-13 13:14:30,2026-05-13 00:00:00,2026
17996550747084361372,AMBER2  ,,,Other,False,Day,2026-05-13 14:50:35,2026-05-13 00:00:00,2026
2747584835595300640,SFY2JM  ,DA42,L2P,GA / light,False,Day,2026-05-13 14:58:55,2026-05-13 00:00:00,2026
13334968370538951592,N211GS  ,LJ55,L2J,Business jet,False,Day,2026-05-13 15:09:10,2026-05-13 00:00:00,2026
4858885886678736676,RYR3318 ,,,Other,False,Day,2026-05-13 17:06:05,2026-05-13 00:00:00,2026
7611310404019579510,HLE10   ,A169,H2T,Helicopter,False,Day,2026-05-13 17:39:30,2026-05-13 00:00:00,2026
13622936543901045958,EXS82F  ,B738,,Large jet,True,Night,2026-05-13 22:08:55,2026-05-13 00:00:00,2026
16727768359509630728,TOM7MH  ,B738,L2J,Large jet,True,Night,2026-05-13 23:17:35,2026-05-13 00:00:00,2026
14370378400136658436,EXS81AW ,B738,L2J,Large jet,True,Night,2026-05-13 22:44:50,2026-05-13 00:00:00,2026
11976847114680294265,RYR12YU ,B38M,L2J,Large jet,True,Evening,2026-05-13 21:35:10,2026-05-13 00:00:00,2026
11134236605078160906,RYR7KY  ,,,Other,False,Evening,2026-05-13 21:42:15,2026-05-13 00:00:00,2026
7532536583434174613,URO901  ,A346,L4J,Large jet,True,Day,2026-05-14 07:53:50,2026-05-14 00:00:00,2026
1428527846044772776,RYR2XN  ,B38M,,Large jet,True,Day,2026-05-14 06:54:00,2026-05-14 00:00:00,2026
12005412180160880521,AMBER3  ,,,Other,False,Day,2026-05-14 09:25:10,2026-05-14 00:00:00,2026
6193964247715632159,AMBER1  ,FA20,L2J,Business jet,False,Day,2026-05-14 09:36:35,2026-05-14 00:00:00,2026
3789254657732341831,RYR9356 ,,,Other,False,Day,2026-05-14 10:09:10,2026-05-14 00:00:00,2026
11266361734431561347,RONIN33 ,A400,L4T,Turboprop,False,Day,2026-05-14 09:28:05,2026-05-14 00:00:00,2026
16591446932151441737,URO901A ,A346,L4J,Large jet,True,Day,2026-05-14 12:37:50,2026-05-14 00:00:00,2026
1003562096833644836,GYROC   ,MT,G1P,GA / light,False,Day,2026-05-14 10:58:10,2026-05-14 00:00:00,2026
6044030619202845509,TOM2BJ  ,B738,L2J,Large jet,True,Day,2026-05-14 12:12:45,2026-05-14 00:00:00,2026
17634056685494677692,EXS26Q  ,B738,L2J,Large jet,True,Day,2026-05-14 13:37:30,2026-05-14 00:00:00,2026
6374375412041870620,EXS93HQ ,B738,,Large jet,True,Day,2026-05-14 14:20:20,2026-05-14 00:00:00,2026
8885306079843868956,AMBER1  ,FA20,L2J,Business jet,False,Day,2026-05-14 12:58:35,2026-05-14 00:00:00,2026
17928897038461840045,AMBER3  ,,,Other,False,Day,2026-05-14 13:02:00,2026-05-14 00:00:00,2026
4259751399241934447,SLS7V   ,PC12,L1T,Turboprop,False,Day,2026-05-14 11:39:05,2026-05-14 00:00:00,2026
17386853395144685291,A8      ,GLID,,Other,False,Day,2026-05-14 13:36:25,2026-05-14 00:00:00,2026
15415558396268400269,RYR5RR  ,B38M,L2J,Large jet,True,Day,2026-05-14 14:56:50,2026-05-14 00:00:00,2026
8756204715084006129,A3      ,GLID,,Other,False,Day,2026-05-14 13:37:15,2026-05-14 00:00:00,2026
335108370975046027,NEM64   ,,,Other,False,Day,2026-05-14 14:56:45,2026-05-14 00:00:00,2026
3066838788708277636,RYR12YU ,,,Other,False,Day,2026-05-14 15:44:45,2026-05-14 00:00:00,2026
15145665091721357015,DICMD   ,C25A,L2J,Business jet,False,Day,2026-05-14 14:41:55,2026-05-14 00:00:00,2026
16340667018984738426,RYR80XD ,B38M,,Large jet,True,Evening,2026-05-14 19:21:35,2026-05-14 00:00:00,2026
13705792271828231187,GMA23   ,BE20,L2T,Turboprop,False,Day,2026-05-14 17:57:45,2026-05-14 00:00:00,2026
9791536817639466035,GCMPF   ,C42,,Other,False,Evening,2026-05-14 18:59:10,2026-05-14 00:00:00,2026
1478506487699163158,EXS3624 ,B738,L2J,Large jet,True,Night,2026-05-14 22:15:20,2026-05-14 00:00:00,2026
4904349333583470279,EXS37EJ ,B738,,Large jet,True,Evening,2026-05-14 21:00:10,2026-05-14 00:00:00,2026
13605670310086409943,RYR117J ,B38M,L2J,Large jet,True,Evening,2026-05-14 21:38:40,2026-05-14 00:00:00,2026
12969144605427673441,NJE810T ,,,Other,False,Evening,2026-05-14 20:12:30,2026-05-14 00:00:00,2026
8847315021178042896,RUK1133 ,B738,L2J,Large jet,True,Evening,2026-05-14 21:09:35,2026-05-14 00:00:00,2026
6763623728117396989,RYR8PA  ,,,Other,False,Night,2026-05-14 22:06:55,2026-05-14 00:00:00,2026
186526045876380329,HLE10   ,A169,H2T,Helicopter,False,Night,2026-05-15 00:55:10,2026-05-15 00:00:00,2026
6222003869138304115,CRIMSON1,FA20,L2J,Business jet,False,Day,2026-05-15 09:31:40,2026-05-15 00:00:00,2026
17765622103781563847,CRIMSON2,,,Other,False,Day,2026-05-15 09:41:30,2026-05-15 00:00:00,2026
6953041645494033143,BLUE1   ,FA20,L2J,Business jet,False,Day,2026-05-15 09:38:40,2026-05-15 00:00:00,2026
11340189194537786147,GSFLA   ,C42,L1P,GA / light,False,Day,2026-05-15 09:51:20,2026-05-15 00:00:00,2026
11562391180682604359,N750SF  ,,,Other,False,Day,2026-05-15 08:51:00,2026-05-15 00:00:00,2026
2738783574125496672,GCKYL   ,C42,L1P,GA / light,False,Day,2026-05-15 09:38:10,2026-05-15 00:00:00,2026
14985796939075938080,RYR38NG ,B38M,L2J,Large jet,True,Day,2026-05-15 10:59:40,2026-05-15 00:00:00,2026
12493404635246139821,RYR384B ,,,Other,False,Day,2026-05-15 12:31:15,2026-05-15 00:00:00,2026
13399828258176173374,EXS697J ,B738,L2J,Large jet,True,Day,2026-05-15 12:12:45,2026-05-15 00:00:00,2026
2383631539959021137,RYR12YU ,B738,L2J,Large jet,True,Day,2026-05-15 11:42:45,2026-05-15 00:00:00,2026
10915942423812250246,RYR80XD ,B738,L2J,Large jet,True,Day,2026-05-15 12:59:30,2026-05-15 00:00:00,2026
14101871702839366588,GZAVI   ,C42,L1P,GA / light,False,Day,2026-05-15 11:09:30,2026-05-15 00:00:00,2026
10100988078891477551,DICMD   ,C25A,L2J,Business jet,False,Day,2026-05-15 11:55:20,2026-05-15 00:00:00,2026
12865906741870594254,EXS61TQ ,B738,,Large jet,True,Day,2026-05-15 12:49:30,2026-05-15 00:00:00,2026
11510330146563618362,CGJZJ   ,CRJ2,L2J,Large jet,True,Day,2026-05-15 14:10:30,2026-05-15 00:00:00,2026
13781519709503617391,TOM6CV  ,B738,L2J,Large jet,True,Day,2026-05-15 14:01:35,2026-05-15 00:00:00,2026
6223219895513135880,GBAWG   ,P28R,L1P,GA / light,False,Day,2026-05-15 11:59:55,2026-05-15 00:00:00,2026
6529189536150099242,RYR2XN  ,B738,L2J,Large jet,True,Day,2026-05-15 13:38:00,2026-05-15 00:00:00,2026
1071281474974086800,OHJFM   ,PC12,L1T,Turboprop,False,Day,2026-05-15 13:21:25,2026-05-15 00:00:00,2026
12930009442292542914,SFY2JM  ,DA42,L2P,GA / light,False,Day,2026-05-15 15:09:00,2026-05-15 00:00:00,2026
12821910756820221790,WDK45   ,EC45,H2T,Helicopter,False,Day,2026-05-15 14:39:40,2026-05-15 00:00:00,2026
4152550079390457307,GBFBR   ,P28A,L1P,GA / light,False,Day,2026-05-15 13:38:25,2026-05-15 00:00:00,2026
1607392416060281324,MAJOR   ,EC45,H2T,Helicopter,False,Day,2026-05-15 15:37:10,2026-05-15 00:00:00,2026
5618456239718098948,GBUFH   ,P28A,L1P,GA / light,False,Day,2026-05-15 13:59:55,2026-05-15 00:00:00,2026
384006444250312567,GBGYH   ,P28A,L1P,GA / light,False,Day,2026-05-15 14:55:20,2026-05-15 00:00:00,2026
6278296457158554763,URO901  ,A346,L4J,Large jet,True,Evening,2026-05-15 18:03:50,2026-05-15 00:00:00,2026
5062772916127084427,LNX06AR ,C56X,L2J,Business jet,False,Day,2026-05-15 15:41:00,2026-05-15 00:00:00,2026
7224421110308880174,GBUFH   ,P28A,L1P,GA / light,False,Day,2026-05-15 15:58:35,2026-05-15 00:00:00,2026
9071962255490496158,RYR5RR  ,B38M,L2J,Large jet,True,Evening,2026-05-15 18:00:05,2026-05-15 00:00:00,2026
9379335617233854291,SFY2JM  ,DA42,L2P,GA / light,False,Day,2026-05-15 17:34:20,2026-05-15 00:00:00,2026
6807716544785641330,RYR9911 ,B738,L2J,Large jet,True,Day,2026-05-15 17:57:45,2026-05-15 00:00:00,2026
4771835565973970431,EXS159E ,B738,L2J,Large jet,True,Night,2026-05-15 22:01:55,2026-05-15 00:00:00,2026
7370368828403284977,RYR22ZK ,,,Other,False,Evening,2026-05-15 21:29:05,2026-05-15 00:00:00,2026
3321520234316751466,TOM299  ,B738,L2J,Large jet,True,Night,2026-05-15 23:18:55,2026-05-15 00:00:00,2026
16018763054526387994,EXS34HS ,B738,,Large jet,True,Night,2026-05-15 22:15:00,2026-05-15 00:00:00,2026
12914012002882219870,RUK1133 ,B738,L2J,Large jet,True,Evening,2026-05-15 20:47:50,2026-05-15 00:00:00,2026
1546650433346748990,HLE10   ,A169,H2T,Helicopter,False,Evening,2026-05-15 21:06:40,2026-05-15 00:00:00,2026
17138852714438367210,GMA23   ,BE20,L2T,Turboprop,False,Night,2026-05-15 22:21:00,2026-05-15 00:00:00,2026
1198442180093885297,RYR6504 ,B738,L2J,Large jet,True,Day,2026-05-16 06:18:30,2026-05-16 00:00:00,2026
14700005137322996340,RYR384B ,,,Other,False,Day,2026-05-16 07:08:05,2026-05-16 00:00:00,2026
13052662948227500766,RYR117J ,B38M,,Large jet,True,Day,2026-05-16 06:22:55,2026-05-16 00:00:00,2026
16993369868350919082,RYR273  ,B38M,,Large jet,True,Day,2026-05-16 08:37:05,2026-05-16 00:00:00,2026
9977213958831895792,RYR80XD ,B738,L2J,Large jet,True,Day,2026-05-16 09:22:45,2026-05-16 00:00:00,2026
5413533747139349645,RYR7099 ,,,Other,False,Day,2026-05-16 08:25:45,2026-05-16 00:00:00,2026
11457019440891270548,SFY2JM  ,DA42,L2P,GA / light,False,Day,2026-05-16 08:58:10,2026-05-16 00:00:00,2026
6262630712113765078,GCGPL   ,SONX,L1P,GA / light,False,Day,2026-05-16 09:29:30,2026-05-16 00:00:00,2026
4156567466472239953,WDK45   ,EC45,H2T,Helicopter,False,Day,2026-05-16 09:03:05,2026-05-16 00:00:00,2026
2977611877829982194,T736A   ,BE36,L1P,GA / light,False,Day,2026-05-16 10:52:15,2026-05-16 00:00:00,2026
12698493534178834600,GZAVI   ,C42,L1P,GA / light,False,Day,2026-05-16 09:54:55,2026-05-16 00:00:00,2026
8102095976571229318,GBUFH   ,P28A,L1P,GA / light,False,Day,2026-05-16 10:49:10,2026-05-16 00:00:00,2026
14607925097556375504,RRR4126 ,A400,L4T,Turboprop,False,Day,2026-05-16 10:17:25,2026-05-16 00:00:00,2026
15644029133076404940,EXS86KL ,B738,L2J,Large jet,True,Day,2026-05-16 12:10:45,2026-05-16 00:00:00,2026
11559503196535648795,GOJVL   ,RV6,L1P,GA / light,False,Day,2026-05-16 10:53:10,2026-05-16 00:00:00,2026
5655531024659946139,HLE10   ,A169,H2T,Helicopter,False,Day,2026-05-16 10:44:00,2026-05-16 00:00:00,2026
10428840377780711548,GMOSH   ,P28R,L1P,GA / light,False,Day,2026-05-16 11:59:55,2026-05-16 00:00:00,2026
15973322766103341452,TOM2CD  ,B738,L2J,Large jet,True,Day,2026-05-16 12:55:50,2026-05-16 00:00:00,2026
3981098946178899069,SFY5LW  ,,,Other,False,Day,2026-05-16 11:24:15,2026-05-16 00:00:00,2026
5468348998674619253,GBHJS   ,P68,L2P,GA / light,False,Day,2026-05-16 13:00:40,2026-05-16 00:00:00,2026
11490960348875508494,EXS52TY ,B738,,Large jet,True,Day,2026-05-16 14:43:10,2026-05-16 00:00:00,2026
7132486004141015413,RYR8PA  ,B38M,L2J,Large jet,True,Day,2026-05-16 13:17:45,2026-05-16 00:00:00,2026
17091355222587952576,2CLRK   ,EA50,L2J,Business jet,False,Day,2026-05-16 12:07:25,2026-05-16 00:00:00,2026
17656959921821091707,GBUFH   ,P28A,L1P,GA / light,False,Day,2026-05-16 12:46:15,2026-05-16 00:00:00,2026
6189582384273385597,GCBCL   ,GLST,L1P,GA / light,False,Day,2026-05-16 12:19:05,2026-05-16 00:00:00,2026
6514226460920693664,GBZTN   ,EUPA,L1P,GA / light,False,Day,2026-05-16 12:25:55,2026-05-16 00:00:00,2026
1065746394144912281,GCICK   ,SPIT,L1P,GA / light,False,Day,2026-05-16 12:36:20,2026-05-16 00:00:00,2026
17090472557925865007,GLOOC   ,C172,L1P,GA / light,False,Day,2026-05-16 12:44:00,2026-05-16 00:00:00,2026
12069671689992550729,RYR5RR  ,B738,,Large jet,True,Day,2026-05-16 14:24:25,2026-05-16 00:00:00,2026
5147751931775624340,RYR12YU ,,,Other,False,Day,2026-05-16 14:16:50,2026-05-16 00:00:00,2026
15963898351946361120,GGCDB   ,SR20,L1P,GA / light,False,Day,2026-05-16 13:17:10,2026-05-16 00:00:00,2026
18002211675129542608,RYR3318 ,,,Other,False,Day,2026-05-16 14:38:30,2026-05-16 00:00:00,2026
5284129817958694866,,SR20,L1P,GA / light,False,Day,2026-05-16 13:07:00,2026-05-16 00:00:00,2026
11004041281256027511,GCICK   ,SPIT,L1P,GA / light,False,Day,2026-05-16 13:31:25,2026-05-16 00:00:00,2026
14981612431101844257,SFY5LW  ,,,Other,False,Day,2026-05-16 15:11:05,2026-05-16 00:00:00,2026
7693401566356486563,HLE10   ,A169,H2T,Helicopter,False,Day,2026-05-16 14:38:05,2026-05-16 00:00:00,2026
5585209743679188727,SXN608  ,,,Other,False,Day,2026-05-16 15:37:15,2026-05-16 00:00:00,2026
3850606884859362878,HLE10   ,A169,H2T,Helicopter,False,Day,2026-05-16 15:54:50,2026-05-16 00:00:00,2026
8519551956016318777,GMA23   ,BE20,L2T,Turboprop,False,Day,2026-05-16 16:18:35,2026-05-16 00:00:00,2026
10629204192198056046,SFY5LW  ,,,Other,False,Evening,2026-05-16 18:14:30,2026-05-16 00:00:00,2026
10557383579808605059,RYR2XN  ,B38M,L2J,Large jet,True,Evening,2026-05-16 19:07:15,2026-05-16 00:00:00,2026
837552547578969716,RYR7AB  ,,,Other,False,Evening,2026-05-16 20:36:15,2026-05-16 00:00:00,2026
18250704410590199871,EXS82F  ,B738,L2J,Large jet,True,Night,2026-05-16 23:03:50,2026-05-16 00:00:00,2026
2186698290533471143,TOM14X  ,B738,L2J,Large jet,True,Night,2026-05-16 23:08:35,2026-05-16 00:00:00,2026
10024899261600514334,RYR9911 ,B738,L2J,Large jet,True,Evening,2026-05-16 20:33:35,2026-05-16 00:00:00,2026
11225455804948423779,EXS61TQ ,B738,,Large jet,True,Evening,2026-05-16 21:50:20,2026-05-16 00:00:00,2026
2155851912291299080,RYR5724 ,B38M,L2J,Large jet,True,Day,2026-05-17 06:27:35,2026-05-17 00:00:00,2026
5760731587641555812,SFY5LW  ,,,Other,False,Day,2026-05-17 09:56:50,2026-05-17 00:00:00,2026
6492978720918839934,GBUFH   ,P28A,L1P,GA / light,False,Day,2026-05-17 10:36:00,2026-05-17 00:00:00,2026
13601383994989276445,GCICK   ,SPIT,L1P,GA / light,False,Day,2026-05-17 10:20:30,2026-05-17 00:00:00,2026
13869562495761124332,GBEWR   ,C172,L1P,GA / light,False,Day,2026-05-17 11:13:35,2026-05-17 00:00:00,2026
6075466092518916880,TOM9HB  ,B738,L2J,Large jet,True,Day,2026-05-17 11:59:55,2026-05-17 00:00:00,2026
10359278892216393026,RYR363C ,B38M,L2J,Large jet,True,Day,2026-05-17 12:13:20,2026-05-17 00:00:00,2026
10121872546177947938,EXS34JU ,B738,,Large jet,True,Day,2026-05-17 12:17:40,2026-05-17 00:00:00,2026
15766815609446367122,GULAS   ,DHC1,L1P,GA / light,False,Day,2026-05-17 11:36:05,2026-05-17 00:00:00,2026
7877735616464220281,SFY5LW  ,,,Other,False,Day,2026-05-17 11:52:55,2026-05-17 00:00:00,2026
16187892364325983320,EXS68AT ,B738,L2J,Large jet,True,Day,2026-05-17 14:25:45,2026-05-17 00:00:00,2026
13619680552891494059,RYR2XN  ,B38M,L2J,Large jet,True,Day,2026-05-17 13:03:15,2026-05-17 00:00:00,2026
4229598100595745504,GLEGD   ,SPIT,L1P,GA / light,False,Day,2026-05-17 11:21:35,2026-05-17 00:00:00,2026
5274261269161569264,FRA96   ,FA20,L2J,Business jet,False,Day,2026-05-17 12:34:35,2026-05-17 00:00:00,2026
14041656547260099862,JSD516  ,C650,L2J,Business jet,False,Day,2026-05-17 14:09:35,2026-05-17 00:00:00,2026
18259675383188232457,GBUFH   ,P28A,L1P,GA / light,False,Day,2026-05-17 12:41:35,2026-05-17 00:00:00,2026
16844989016591299110,RYR12YU ,B738,L2J,Large jet,True,Day,2026-05-17 13:48:00,2026-05-17 00:00:00,2026
12618746219049052610,,P28A,L1P,GA / light,False,Day,2026-05-17 12:25:25,2026-05-17 00:00:00,2026
12126231643417818279,RYR117J ,B38M,,Large jet,True,Day,2026-05-17 14:48:05,2026-05-17 00:00:00,2026
3318313004899136251,GCICK   ,SPIT,L1P,GA / light,False,Day,2026-05-17 13:07:10,2026-05-17 00:00:00,2026
10789130618601743664,GLEGD   ,SPIT,L1P,GA / light,False,Day,2026-05-17 13:00:30,2026-05-17 00:00:00,2026
72666795794421548,SFY5LW  ,,,Other,False,Day,2026-05-17 13:59:55,2026-05-17 00:00:00,2026
3910020783529629692,RYR8947 ,,,Other,False,Day,2026-05-17 16:30:25,2026-05-17 00:00:00,2026
11049180712816729668,GBUFH   ,P28A,L1P,GA / light,False,Day,2026-05-17 14:45:50,2026-05-17 00:00:00,2026
5964927121601718780,RYR9356 ,B38M,L2J,Large jet,True,Day,2026-05-17 16:59:55,2026-05-17 00:00:00,2026
1585973035289767953,RUK1133 ,B738,L2J,Large jet,True,Day,2026-05-17 17:53:10,2026-05-17 00:00:00,2026
9503259423493267286,NJE537V ,C56X,L2J,Business jet,False,Evening,2026-05-17 18:35:45,2026-05-17 00:00:00,2026
13135926755322827413,HLE10   ,A169,H2T,Helicopter,False,Evening,2026-05-17 18:52:15,2026-05-17 00:00:00,2026
4962884792101446318,TOM4BN  ,B738,L2J,Large jet,True,Night,2026-05-17 22:26:10,2026-05-17 00:00:00,2026
6288274127323543488,EXS37EJ ,B738,L2J,Large jet,True,Evening,2026-05-17 20:59:40,2026-05-17 00:00:00,2026
3513411480569499444,EXS71BS ,B738,,Large jet,True,Night,2026-05-17 22:11:00,2026-05-17 00:00:00,2026
14091522558942028809,RYR8PA  ,,,Other,False,Night,2026-05-17 22:00:10,2026-05-17 00:00:00,2026
12965728701887218858,RYR80XD ,B38M,L2J,Large jet,True,Night,2026-05-17 22:45:45,2026-05-17 00:00:00,2026
16111133548621664118,URO901  ,A346,L4J,Large jet,True,Day,2026-05-18 06:36:00,2026-05-18 00:00:00,2026
14226382007701015180,RYR2XN  ,,,Other,False,Day,2026-05-18 11:17:45,2026-05-18 00:00:00,2026
17346431378414063056,OHSSS   ,PC12,L1T,Turboprop,False,Day,2026-05-18 11:13:10,2026-05-18 00:00:00,2026
5592643990512257714,EXS697J ,B738,,Large jet,True,Day,2026-05-18 11:52:10,2026-05-18 00:00:00,2026
5792165455129987130,AMBER1  ,,,Other,False,Day,2026-05-18 11:32:15,2026-05-18 00:00:00,2026
7592644341024518667,AMBER2  ,FA20,L2J,Business jet,False,Day,2026-05-18 11:42:15,2026-05-18 00:00:00,2026
8551261870203588852,GCMPF   ,C42,,Other,False,Day,2026-05-18 10:12:55,2026-05-18 00:00:00,2026
18315508543872071881,NJE117U ,C56X,L2J,Business jet,False,Day,2026-05-18 10:37:10,2026-05-18 00:00:00,2026
17128159198743338573,2CLRK   ,EA50,L2J,Business jet,False,Day,2026-05-18 10:38:45,2026-05-18 00:00:00,2026
8030428068406845812,TOM62H  ,B738,L2J,Large jet,True,Day,2026-05-18 13:22:05,2026-05-18 00:00:00,2026
12898124816492679914,NJE432K ,C68A,L2J,Business jet,False,Day,2026-05-18 11:47:15,2026-05-18 00:00:00,2026
4663030104969824741,EXS61TQ ,B738,L2J,Large jet,True,Day,2026-05-18 13:00:20,2026-05-18 00:00:00,2026
10940178446070259313,SFY5LW  ,,,Other,False,Day,2026-05-18 11:31:10,2026-05-18 00:00:00,2026
17851812927332701971,RYR7624 ,B38M,L2J,Large jet,True,Day,2026-05-18 13:41:35,2026-05-18 00:00:00,2026
7150002227094323444,BTNIA18 ,G115,L1P,GA / light,False,Day,2026-05-18 12:52:05,2026-05-18 00:00:00,2026
5470715854860399584,HLE56   ,EC35,H2T,Helicopter,False,Day,2026-05-18 11:45:40,2026-05-18 00:00:00,2026
13741714032758643986,GCNCV   ,,,Other,False,Day,2026-05-18 14:00:25,2026-05-18 00:00:00,2026
11796828674820893620,HLE56   ,EC35,H2T,Helicopter,False,Day,2026-05-18 12:29:00,2026-05-18 00:00:00,2026
18121595742395061170,2CLRK   ,EA50,L2J,Business jet,False,Day,2026-05-18 13:37:40,2026-05-18 00:00:00,2026
15167446036687889861,RYR117J ,B738,L2J,Large jet,True,Day,2026-05-18 14:37:55,2026-05-18 00:00:00,2026
13880300318100480411,PAV683  ,C25A,L2J,Business jet,False,Day,2026-05-18 13:28:50,2026-05-18 00:00:00,2026
4850115378903488540,AMBER1  ,FA20,L2J,Business jet,False,Day,2026-05-18 14:22:15,2026-05-18 00:00:00,2026
10766324207520421445,SFY5LW  ,,,Other,False,Day,2026-05-18 14:46:00,2026-05-18 00:00:00,2026
11006902308081272749,RYR22ZK ,,,Other,False,Day,2026-05-18 16:09:20,2026-05-18 00:00:00,2026
185637965218411838,AMBER2  ,FA20,L2J,Business jet,False,Day,2026-05-18 15:26:55,2026-05-18 00:00:00,2026
5362562363823166548,BRO09   ,,,Other,False,Day,2026-05-18 14:47:55,2026-05-18 00:00:00,2026
18360614075655731747,RYR7KY  ,,,Other,False,Day,2026-05-18 16:18:05,2026-05-18 00:00:00,2026
1160258862068248969,SRD375  ,A139,,Other,False,Day,2026-05-18 16:08:55,2026-05-18 00:00:00,2026
8907830303117709998,GMA23   ,BE20,L2T,Turboprop,False,Day,2026-05-18 15:43:05,2026-05-18 00:00:00,2026
6876300756680554160,HLE10   ,A169,H2T,Helicopter,False,Day,2026-05-18 15:37:50,2026-05-18 00:00:00,2026
16211037461481368150,GBEWR   ,C172,L1P,GA / light,False,Day,2026-05-18 17:08:35,2026-05-18 00:00:00,2026
12751640213495817205,RYR80XD ,B738,L2J,Large jet,True,Evening,2026-05-18 18:24:25,2026-05-18 00:00:00,2026
16553979050921274324,HLE10   ,A169,H2T,Helicopter,False,Day,2026-05-18 16:57:05,2026-05-18 00:00:00,2026
16325148182780537510,SFY5LW  ,,,Other,False,Day,2026-05-18 17:10:35,2026-05-18 00:00:00,2026
6549844917825819665,GBEWR   ,C172,L1P,GA / light,False,Evening,2026-05-18 18:08:35,2026-05-18 00:00:00,2026
7824142377934437503,,C172,L1P,GA / light,False,Day,2026-05-18 17:58:15,2026-05-18 00:00:00,2026
4704926969998339286,EXS47W  ,B738,,Large jet,True,Night,2026-05-18 23:18:10,2026-05-18 00:00:00,2026
10714953245406818085,TOM6LM  ,B738,L2J,Large jet,True,Night,2026-05-18 23:56:10,2026-05-18 00:00:00,2026
6282463310156582201,RYR38NG ,B38M,L2J,Large jet,True,Evening,2026-05-18 21:46:35,2026-05-18 00:00:00,2026
15355614391211378285,RYR12YU ,,,Other,False,Evening,2026-05-18 21:58:00,2026-05-18 00:00:00,2026
18260517337026047275,EXS34HS ,B738,L2J,Large jet,True,Night,2026-05-18 22:40:05,2026-05-18 00:00:00,2026
13993620841450408603,RYR80XD ,B738,L2J,Large jet,True,Day,2026-05-19 08:09:25,2026-05-19 00:00:00,2026
5515483564352992446,SRD203E ,BE20,L2T,Turboprop,False,Day,2026-05-19 08:00:50,2026-05-19 00:00:00,2026
12882761825175848965,AMBER1  ,FA20,L2J,Business jet,False,Day,2026-05-19 09:24:30,2026-05-19 00:00:00,2026
4353473119172166683,AMBER2  ,FA20,L2J,Business jet,False,Day,2026-05-19 09:45:00,2026-05-19 00:00:00,2026
5909721000493947254,AMBER3  ,FA20,L2J,Business jet,False,Day,2026-05-19 09:50:40,2026-05-19 00:00:00,2026
14878230494631711463,N101DW  ,P32R,L1P,GA / light,False,Day,2026-05-19 09:40:05,2026-05-19 00:00:00,2026
17830945915143963721,BRO077Y ,B737,L2J,Large jet,True,Day,2026-05-19 10:13:05,2026-05-19 00:00:00,2026
10157487053297304587,EXS86KL ,B738,L2J,Large jet,True,Day,2026-05-19 11:47:25,2026-05-19 00:00:00,2026
13772114730435175039,TOM20H  ,B738,L2J,Large jet,True,Day,2026-05-19 11:57:00,2026-05-19 00:00:00,2026
16114039679909508871,GEIMS   ,B505,H1T,Helicopter,False,Day,2026-05-19 10:26:40,2026-05-19 00:00:00,2026
4241678992696121085,RYR970  ,,,Other,False,Day,2026-05-19 12:37:30,2026-05-19 00:00:00,2026
18057522087388034406,GEDWA   ,A109,,Other,False,Day,2026-05-19 10:45:45,2026-05-19 00:00:00,2026
10193306162945760772,RYR8947 ,,,Other,False,Day,2026-05-19 13:44:45,2026-05-19 00:00:00,2026
15646114312516923766,LJC2    ,,,Other,False,Day,2026-05-19 12:03:55,2026-05-19 00:00:00,2026
3695508314779298656,HLE10   ,A169,H2T,Helicopter,False,Day,2026-05-19 12:18:20,2026-05-19 00:00:00,2026
1062759998759220010,RYR7099 ,B738,L2J,Large jet,True,Day,2026-05-19 13:10:40,2026-05-19 00:00:00,2026
10174610143110618507,RYR2XN  ,B738,L2J,Large jet,True,Day,2026-05-19 14:28:40,2026-05-19 00:00:00,2026
2748734381947222886,EXS73G  ,B738,,Large jet,True,Day,2026-05-19 16:24:35,2026-05-19 00:00:00,2026
6695585485447035327,BWY40   ,FA20,L2J,Business jet,False,Day,2026-05-19 15:26:05,2026-05-19 00:00:00,2026
2821541575099474906,HLE10   ,A169,H2T,Helicopter,False,Day,2026-05-19 13:44:05,2026-05-19 00:00:00,2026
14789294271515139570,RYR117J ,,,Other,False,Day,2026-05-19 15:49:45,2026-05-19 00:00:00,2026
3449642662549392803,TASMAN81,,,Other,False,Day,2026-05-19 16:32:30,2026-05-19 00:00:00,2026
3170284811765211161,N666GA  ,AA5,L1P,GA / light,False,Day,2026-05-19 14:43:50,2026-05-19 00:00:00,2026
8770470199545799780,HLE10   ,A169,H2T,Helicopter,False,Day,2026-05-19 14:33:10,2026-05-19 00:00:00,2026
84200684799513475,GBFBR   ,P28A,L1P,GA / light,False,Day,2026-05-19 15:15:55,2026-05-19 00:00:00,2026
4599149352631799295,RYR273  ,B38M,,Large jet,True,Evening,2026-05-19 19:22:05,2026-05-19 00:00:00,2026
18295534869888694846,GODNM   ,H500,H1T,Helicopter,False,Day,2026-05-19 16:59:55,2026-05-19 00:00:00,2026
18027493786105043105,RUK1133 ,B738,L2J,Large jet,True,Day,2026-05-19 17:01:10,2026-05-19 00:00:00,2026
4065776437464608679,BALNCE89,H64,H2T,Helicopter,False,Day,2026-05-19 17:09:30,2026-05-19 00:00:00,2026
17431209538733349655,RYR384B ,,,Other,False,Evening,2026-05-19 19:36:20,2026-05-19 00:00:00,2026
7681925799469825975,RYR8PA  ,,,Other,False,Evening,2026-05-19 18:42:00,2026-05-19 00:00:00,2026
3914117898291085803,EIX90V  ,,,Other,False,Day,2026-05-19 17:22:10,2026-05-19 00:00:00,2026
11652930948952563939,RYR12YU ,B38M,L2J,Large jet,True,Evening,2026-05-19 19:51:10,2026-05-19 00:00:00,2026
15730356344902640604,URO100P ,A346,L4J,Large jet,True,Evening,2026-05-19 19:11:50,2026-05-19 00:00:00,2026
17812159486997239701,RYR6504 ,,,Other,False,Evening,2026-05-19 21:10:45,2026-05-19 00:00:00,2026
4767336636446512803,EXS159E ,B738,L2J,Large jet,True,Evening,2026-05-19 21:55:45,2026-05-19 00:00:00,2026
12632385680651591801,RYR363C ,B38M,L2J,Large jet,True,Evening,2026-05-19 21:48:15,2026-05-19 00:00:00,2026
13517234817062921443,AWC515Y ,A320,L2J,Large jet,True,Evening,2026-05-19 20:43:35,2026-05-19 00:00:00,2026
8927836400228294632,RYR117J ,B38M,,Large jet,True,Day,2026-05-20 06:09:00,2026-05-20 00:00:00,2026
7542027728716730370,RYR7AB  ,B38M,L2J,Large jet,True,Day,2026-05-20 07:38:40,2026-05-20 00:00:00,2026
2580947414536713693,RYR2XN  ,B38M,L2J,Large jet,True,Day,2026-05-20 07:47:25,2026-05-20 00:00:00,2026
8796294146730824357,CRMSON1 ,FA20,L2J,Business jet,False,Day,2026-05-20 09:26:50,2026-05-20 00:00:00,2026
12048748201356698163,BLUE1   ,FA20,L2J,Business jet,False,Day,2026-05-20 09:31:35,2026-05-20 00:00:00,2026
10408382197473276798,CRIMSON2,,,Other,False,Day,2026-05-20 09:29:15,2026-05-20 00:00:00,2026
2550873790928262892,RYR363C ,B38M,L2J,Large jet,True,Day,2026-05-20 11:44:50,2026-05-20 00:00:00,2026
13764794667475027710,FRA83   ,FA20,L2J,Business jet,False,Day,2026-05-20 09:57:50,2026-05-20 00:00:00,2026
14511138049379271784,TOM6FL  ,B738,L2J,Large jet,True,Day,2026-05-20 11:40:25,2026-05-20 00:00:00,2026
11224328098678992723,EXS61TQ ,B738,L2J,Large jet,True,Day,2026-05-20 11:36:20,2026-05-20 00:00:00,2026
8706567469554254812,CLB413  ,BE20,L2T,Turboprop,False,Day,2026-05-20 11:25:50,2026-05-20 00:00:00,2026
17394299439024769855,BWY40   ,FA20,L2J,Business jet,False,Day,2026-05-20 12:31:30,2026-05-20 00:00:00,2026
7346083266880170943,SFY5LW  ,,,Other,False,Day,2026-05-20 11:56:35,2026-05-20 00:00:00,2026
112742985896513234,EXS3612 ,B738,,Large jet,True,Day,2026-05-20 13:15:45,2026-05-20 00:00:00,2026
17095370400137404567,GOLGE   ,SR20,,Other,False,Day,2026-05-20 10:39:45,2026-05-20 00:00:00,2026
4743385108585497289,GBOHA   ,P28A,L1P,GA / light,False,Day,2026-05-20 12:33:10,2026-05-20 00:00:00,2026
11193718403637108819,RYR5RR  ,,,Other,False,Day,2026-05-20 13:37:50,2026-05-20 00:00:00,2026
9457455081227749380,RYR80XD ,B738,L2J,Large jet,True,Day,2026-05-20 13:45:20,2026-05-20 00:00:00,2026
306981997794065766,RYR6765 ,,,Other,False,Day,2026-05-20 15:15:50,2026-05-20 00:00:00,2026
3763549662540225459,CRIMSON2,,,Other,False,Day,2026-05-20 14:03:30,2026-05-20 00:00:00,2026
6207398118305846878,BLUE1   ,FA20,L2J,Business jet,False,Day,2026-05-20 14:00:15,2026-05-20 00:00:00,2026
10629475831381500560,SFY2JM  ,DA42,L2P,GA / light,False,Day,2026-05-20 13:55:40,2026-05-20 00:00:00,2026
8817276061861241204,SRD224B ,B350,,Turboprop,False,Day,2026-05-20 15:01:40,2026-05-20 00:00:00,2026
2133903868145420352,GGCDB   ,SR20,L1P,GA / light,False,Day,2026-05-20 12:56:05,2026-05-20 00:00:00,2026
7089421166186995718,HLE10   ,A169,H2T,Helicopter,False,Day,2026-05-20 13:59:55,2026-05-20 00:00:00,2026
15262735456955003254,GSCOL   ,GA8,L1P,GA / light,False,Day,2026-05-20 14:20:45,2026-05-20 00:00:00,2026
4767540547581666307,CLB413  ,BE20,L2T,Turboprop,False,Day,2026-05-20 17:21:35,2026-05-20 00:00:00,2026
4525150408484154407,BWY41   ,FA20,L2J,Business jet,False,Day,2026-05-20 14:34:20,2026-05-20 00:00:00,2026
17140432382304499115,GSCOL   ,GA8,L1P,GA / light,False,Day,2026-05-20 14:50:40,2026-05-20 00:00:00,2026
9035537632762300007,GMA23   ,BE20,L2T,Turboprop,False,Day,2026-05-20 15:44:25,2026-05-20 00:00:00,2026
14359206376727831312,RYR3318 ,B38M,L2J,Large jet,True,Day,2026-05-20 17:16:25,2026-05-20 00:00:00,2026
3753169080915166581,HLE10   ,A169,H2T,Helicopter,False,Day,2026-05-20 15:50:15,2026-05-20 00:00:00,2026
595172397772613962,GBEWR   ,C172,L1P,GA / light,False,Day,2026-05-20 16:29:20,2026-05-20 00:00:00,2026
742908661097126605,GBGYH   ,P28A,L1P,GA / light,False,Day,2026-05-20 16:56:40,2026-05-20 00:00:00,2026
10499294627229459703,CLY285  ,HDJT,L2J,Business jet,False,Day,2026-05-20 17:49:35,2026-05-20 00:00:00,2026
6684740716084139314,GBEWR   ,C172,L1P,GA / light,False,Day,2026-05-20 17:54:00,2026-05-20 00:00:00,2026
16982524203435055884,,C172,L1P,GA / light,False,Day,2026-05-20 17:42:10,2026-05-20 00:00:00,2026
9135076396748820413,EXS82F  ,B738,L2J,Large jet,True,Night,2026-05-20 22:27:00,2026-05-20 00:00:00,2026
377237849191553021,GSPRK   ,RV4,L1P,GA / light,False,Evening,2026-05-20 19:15:05,2026-05-20 00:00:00,2026
636988707335537621,TOM7MH  ,B738,L2J,Large jet,True,Night,2026-05-20 23:01:45,2026-05-20 00:00:00,2026
11545608682879075991,EXS81AW ,B738,,Large jet,True,Night,2026-05-20 22:48:10,2026-05-20 00:00:00,2026
5454139633360220267,RYR12YU ,,,Other,False,Evening,2026-05-20 21:21:35,2026-05-20 00:00:00,2026
7052113888711416093,RYR7KY  ,B38M,L2J,Large jet,True,Evening,2026-05-20 21:59:05,2026-05-20 00:00:00,2026
15653772402017775275,SRG387  ,,,Other,False,Day,2026-05-22 05:41:50,2026-05-22 00:00:00,2026
9714169673414011418,RYR6504 ,B738,L2J,Large jet,True,Day,2026-05-23 06:19:25,2026-05-23 00:00:00,2026
15625741990216709863,RYR384B ,,,Other,False,Day,2026-05-23 07:13:35,2026-05-23 00:00:00,2026
5697037488323365647,RYR117J ,B38M,L2J,Large jet,True,Day,2026-05-23 06:16:35,2026-05-23 00:00:00,2026
5334553096295347366,RYR273  ,B38M,L2J,Large jet,True,Day,2026-05-23 08:51:45,2026-05-23 00:00:00,2026
17042804030644457391,WKT88   ,BE9L,L2T,Turboprop,False,Day,2026-05-23 12:05:05,2026-05-23 00:00:00,2026
10747665588488745787,RYR80XD ,B738,L2J,Large jet,True,Day,2026-05-23 09:13:25,2026-05-23 00:00:00,2026
6743244782034967825,GCMTD   ,,,Other,False,Day,2026-05-23 08:10:05,2026-05-23 00:00:00,2026
6268417719564651995,GZAVI   ,C42,L1P,GA / light,False,Day,2026-05-23 08:19:45,2026-05-23 00:00:00,2026
13627261253506289272,RYR7099 ,,,Other,False,Day,2026-05-23 08:28:05,2026-05-23 00:00:00,2026
9951128066864420475,AAN181  ,,,Other,False,Day,2026-05-23 08:48:20,2026-05-23 00:00:00,2026
3675748419693049370,GMAIN   ,ULAC,,Other,False,Day,2026-05-23 09:46:35,2026-05-23 00:00:00,2026
9307003052041200953,VJH334  ,C56X,L2J,Business jet,False,Day,2026-05-23 12:54:00,2026-05-23 00:00:00,2026
10287017658174078821,VCG1EZ  ,C25M,L2J,Business jet,False,Day,2026-05-23 08:41:35,2026-05-23 00:00:00,2026
314700074460626250,GGFIG   ,C152,L1P,GA / light,False,Day,2026-05-23 09:33:25,2026-05-23 00:00:00,2026
14269787847548498530,TOM2KT  ,B738,L2J,Large jet,True,Day,2026-05-23 11:21:00,2026-05-23 00:00:00,2026
3570506770347995374,GYROG   ,MM24,G1P,GA / light,False,Day,2026-05-23 10:39:30,2026-05-23 00:00:00,2026
5755334908883405278,GIMPT   ,EFOX,L1P,GA / light,False,Day,2026-05-23 10:45:35,2026-05-23 00:00:00,2026
4955121553868336231,GBUFH   ,P28A,L1P,GA / light,False,Day,2026-05-23 10:08:55,2026-05-23 00:00:00,2026
14842987661091887702,N936CT  ,S22T,L1P,GA / light,False,Day,2026-05-23 10:30:15,2026-05-23 00:00:00,2026
502799213793742782,,C172,L1P,GA / light,False,Day,2026-05-23 09:54:30,2026-05-23 00:00:00,2026
17490497800788230265,SFY2JM  ,DA42,L2P,GA / light,False,Day,2026-05-23 12:24:05,2026-05-23 00:00:00,2026
1989550905879692149,TOM2CD  ,B738,L2J,Large jet,True,Day,2026-05-23 12:14:45,2026-05-23 00:00:00,2026
16749837779323565909,GCGTD   ,EV97,L1P,GA / light,False,Day,2026-05-23 12:08:40,2026-05-23 00:00:00,2026
1767190156216016729,EXS86KL ,B738,L2J,Large jet,True,Day,2026-05-23 12:28:35,2026-05-23 00:00:00,2026
17666735870265200682,LOG872P ,AT76,,Turboprop,False,Day,2026-05-23 12:23:30,2026-05-23 00:00:00,2026
10471652969557670559,GCMKJ   ,P28A,,Other,False,Day,2026-05-23 11:18:10,2026-05-23 00:00:00,2026
15332871851667332814,,P28A,L1P,GA / light,False,Day,2026-05-23 10:46:20,2026-05-23 00:00:00,2026
1528680965905187577,,ULAC,,Other,False,Day,2026-05-23 11:06:00,2026-05-23 00:00:00,2026
16674551940668090074,GAWUZ   ,C172,L1P,GA / light,False,Day,2026-05-23 11:50:45,2026-05-23 00:00:00,2026
7536581156692256002,GIROX   ,MM24,G1P,GA / light,False,Day,2026-05-23 11:44:45,2026-05-23 00:00:00,2026
15780315562932250644,GCKYL   ,C42,L1P,GA / light,False,Day,2026-05-23 12:06:00,2026-05-23 00:00:00,2026
6570945236550718346,GBUFH   ,P28A,L1P,GA / light,False,Day,2026-05-23 12:11:25,2026-05-23 00:00:00,2026
2351756999227968745,GBPIZ   ,AA5,L1P,GA / light,False,Day,2026-05-23 12:27:40,2026-05-23 00:00:00,2026
11374450218266716622,RYR8PA  ,B38M,L2J,Large jet,True,Day,2026-05-23 13:47:35,2026-05-23 00:00:00,2026
13111604516974580545,GCDAB   ,UNDEFINED,,Other,False,Day,2026-05-23 12:36:00,2026-05-23 00:00:00,2026
18130491901512495051,RYR5RR  ,B738,L2J,Large jet,True,Day,2026-05-23 14:04:35,2026-05-23 00:00:00,2026
805226514081797962,GBZTN   ,EUPA,L1P,GA / light,False,Day,2026-05-23 12:51:40,2026-05-23 00:00:00,2026
12261720753971190413,GGCDB   ,SR20,L1P,GA / light,False,Day,2026-05-23 12:39:30,2026-05-23 00:00:00,2026
16538208337054848028,GCBCL   ,GLST,L1P,GA / light,False,Day,2026-05-23 12:56:45,2026-05-23 00:00:00,2026
8010958795292766934,GOJEH   ,P28A,L1P,GA / light,False,Day,2026-05-23 12:43:30,2026-05-23 00:00:00,2026
1504024282150417672,EXS52TY ,B738,,Large jet,True,Day,2026-05-23 14:53:25,2026-05-23 00:00:00,2026
14888626707820082080,GMUZI   ,,,Other,False,Day,2026-05-23 13:54:50,2026-05-23 00:00:00,2026
13356632895384103000,,SR20,L1P,GA / light,False,Day,2026-05-23 12:46:30,2026-05-23 00:00:00,2026
801390636691210538,RYR12YU ,,,Other,False,Day,2026-05-23 14:28:40,2026-05-23 00:00:00,2026
2238323862164356009,GCEEC   ,ULAC,,Other,False,Day,2026-05-23 14:16:20,2026-05-23 00:00:00,2026
10576467426246474655,N363KC  ,S22T,L1P,GA / light,False,Day,2026-05-23 13:23:40,2026-05-23 00:00:00,2026
10718211356880559458,GCMPF   ,C42,,Other,False,Day,2026-05-23 13:36:55,2026-05-23 00:00:00,2026
12813437142841912039,RYR3318 ,B38M,L2J,Large jet,True,Day,2026-05-23 15:02:25,2026-05-23 00:00:00,2026
11145581550631358988,GBGYH   ,P28A,L1P,GA / light,False,Day,2026-05-23 14:07:40,2026-05-23 00:00:00,2026
5667038224012340362,GBUFH   ,P28A,L1P,GA / light,False,Day,2026-05-23 13:57:30,2026-05-23 00:00:00,2026
5841301533664646186,GDKLD   ,,,Other,False,Day,2026-05-23 14:17:45,2026-05-23 00:00:00,2026
10007907428897115601,GLEGD   ,SPIT,L1P,GA / light,False,Day,2026-05-23 13:50:30,2026-05-23 00:00:00,2026
9914830518541139342,GAXGS   ,D6CR,L1P,GA / light,False,Day,2026-05-23 13:57:45,2026-05-23 00:00:00,2026
9366845907344813732,GCKYL   ,C42,L1P,GA / light,False,Day,2026-05-23 14:47:45,2026-05-23 00:00:00,2026
4757982193664834783,VCG3LE  ,C25M,L2J,Business jet,False,Day,2026-05-23 14:42:30,2026-05-23 00:00:00,2026
9384199515840823028,GBOHA   ,P28A,L1P,GA / light,False,Day,2026-05-23 15:37:05,2026-05-23 00:00:00,2026
2538315588086091044,GSFLB   ,C42,L1P,GA / light,False,Day,2026-05-23 15:45:35,2026-05-23 00:00:00,2026
2871657793552570235,GAXTA   ,P28A,L1P,GA / light,False,Day,2026-05-23 14:59:55,2026-05-23 00:00:00,2026
10192599895971417322,GPHTG   ,TOBA,L1P,GA / light,False,Day,2026-05-23 16:16:45,2026-05-23 00:00:00,2026
4819395520751667306,LJC9    ,,,Other,False,Day,2026-05-23 17:25:35,2026-05-23 00:00:00,2026
11851983212976895381,GBUFH   ,P28A,L1P,GA / light,False,Evening,2026-05-23 18:13:00,2026-05-23 00:00:00,2026
1615892184107439126,RYR2XN  ,B38M,L2J,Large jet,True,Evening,2026-05-23 19:56:35,2026-05-23 00:00:00,2026
14160229731722305250,RYR7AB  ,,,Other,False,Evening,2026-05-23 20:25:05,2026-05-23 00:00:00,2026
1520006599705805767,TOM8KL  ,B738,L2J,Large jet,True,Night,2026-05-23 22:54:30,2026-05-23 00:00:00,2026
14577104355952040253,EXS82F  ,B738,L2J,Large jet,True,Night,2026-05-23 23:10:10,2026-05-23 00:00:00,2026
6839945432887335152,RYR9911 ,B738,L2J,Large jet,True,Evening,2026-05-23 21:13:20,2026-05-23 00:00:00,2026
756138867356337149,EXS61TQ ,B738,,Large jet,True,Evening,2026-05-23 21:55:35,2026-05-23 00:00:00,2026
378591579198510120,RYR5724 ,B38M,L2J,Large jet,True,Day,2026-05-24 06:30:10,2026-05-24 00:00:00,2026
6219401239728044907,TOM946P ,B738,L2J,Large jet,True,Day,2026-05-24 05:56:20,2026-05-24 00:00:00,2026
4296129749090092561,GNILT   ,EV97,L1P,GA / light,False,Day,2026-05-24 07:59:55,2026-05-24 00:00:00,2026
7909214487359269702,GBBGI   ,SUBA,L1P,GA / light,False,Day,2026-05-24 09:59:55,2026-05-24 00:00:00,2026
7049243881264487906,,P28R,L1P,GA / light,False,Day,2026-05-24 09:09:20,2026-05-24 00:00:00,2026
6181634901149391824,RYR363C ,,,Other,False,Day,2026-05-24 11:07:30,2026-05-24 00:00:00,2026
17433820467254578302,GBDZD   ,C172,L1P,GA / light,False,Day,2026-05-24 10:35:20,2026-05-24 00:00:00,2026
2056468062949132845,TOM9HB  ,B738,L2J,Large jet,True,Day,2026-05-24 11:27:45,2026-05-24 00:00:00,2026
10403580121549847210,GBXCW   ,FOX,L1P,GA / light,False,Day,2026-05-24 10:30:20,2026-05-24 00:00:00,2026
8982756902924506958,GBMGB   ,P28R,L1P,GA / light,False,Day,2026-05-24 10:40:35,2026-05-24 00:00:00,2026
2949760192405536007,GBHUG   ,C172,L1P,GA / light,False,Day,2026-05-24 10:34:55,2026-05-24 00:00:00,2026
9813874757128492671,TOM8GB  ,B738,L2J,Large jet,True,Day,2026-05-24 11:50:45,2026-05-24 00:00:00,2026
2828261124759611771,JON10   ,C56X,L2J,Business jet,False,Day,2026-05-24 12:24:35,2026-05-24 00:00:00,2026
7318383484839176237,GCMZB   ,,,Other,False,Day,2026-05-24 10:59:55,2026-05-24 00:00:00,2026
9897234176711217066,GRVBK   ,,,Other,False,Day,2026-05-24 10:57:40,2026-05-24 00:00:00,2026
13247543756931819305,RYR12YU ,B738,L2J,Large jet,True,Day,2026-05-24 12:00:05,2026-05-24 00:00:00,2026
11857032142512842606,EXS34JU ,B738,,Large jet,True,Day,2026-05-24 12:16:10,2026-05-24 00:00:00,2026
18380022500579148285,GCKYL   ,C42,L1P,GA / light,False,Day,2026-05-24 11:50:25,2026-05-24 00:00:00,2026
5331167614779276840,EXS68AT ,B738,L2J,Large jet,True,Day,2026-05-24 14:20:00,2026-05-24 00:00:00,2026
2701117942702008785,GAYII   ,P28R,L1P,GA / light,False,Day,2026-05-24 11:29:35,2026-05-24 00:00:00,2026
1800155618931399443,RYR2XN  ,,,Other,False,Day,2026-05-24 12:50:55,2026-05-24 00:00:00,2026
15240246643103055884,PUP163  ,PUP,L1P,GA / light,False,Day,2026-05-24 11:44:30,2026-05-24 00:00:00,2026
3331769467622117065,GCMCZ   ,P28A,L1P,GA / light,False,Day,2026-05-24 11:38:05,2026-05-24 00:00:00,2026
1219015352878087137,GCJHT   ,UNDEFINED,,Other,False,Day,2026-05-24 12:22:55,2026-05-24 00:00:00,2026
11198433792036441279,GPHTG   ,TOBA,L1P,GA / light,False,Day,2026-05-24 12:09:40,2026-05-24 00:00:00,2026
2597381088379897323,NJE520F ,C68A,L2J,Business jet,False,Day,2026-05-24 12:38:15,2026-05-24 00:00:00,2026
7114081116519846673,GBUFH   ,P28A,L1P,GA / light,False,Day,2026-05-24 12:40:45,2026-05-24 00:00:00,2026
1822919409406435966,SFY2JM  ,DA42,L2P,GA / light,False,Day,2026-05-24 13:10:25,2026-05-24 00:00:00,2026
14217425145831718899,,P28A,L1P,GA / light,False,Day,2026-05-24 12:29:55,2026-05-24 00:00:00,2026
15217759127449806277,GBTMK   ,C172,L1P,GA / light,False,Day,2026-05-24 12:59:55,2026-05-24 00:00:00,2026
2777164774422890221,RYR8947 ,B38M,L2J,Large jet,True,Day,2026-05-24 15:59:55,2026-05-24 00:00:00,2026
5295149046391540504,RYR117J ,B38M,L2J,Large jet,True,Day,2026-05-24 14:39:25,2026-05-24 00:00:00,2026
14127431732458691547,GMA19   ,BE20,L2T,Turboprop,False,Day,2026-05-24 13:13:50,2026-05-24 00:00:00,2026
5468251381119486673,GCFTO   ,C42,L1P,GA / light,False,Day,2026-05-24 15:46:50,2026-05-24 00:00:00,2026
3001433333223038880,N4334Y  ,DHC2,L1P,GA / light,False,Day,2026-05-24 13:56:40,2026-05-24 00:00:00,2026
1625493647651915682,GBUFH   ,P28A,L1P,GA / light,False,Day,2026-05-24 13:59:55,2026-05-24 00:00:00,2026
12173774414352445611,NJE257A ,C56X,L2J,Business jet,False,Day,2026-05-24 15:55:15,2026-05-24 00:00:00,2026
11812508467352944202,GBEWR   ,C172,L1P,GA / light,False,Day,2026-05-24 14:59:55,2026-05-24 00:00:00,2026
11244182369987870666,SFY2JM  ,DA42,L2P,GA / light,False,Day,2026-05-24 16:34:10,2026-05-24 00:00:00,2026
2055543987339161167,RYR9356 ,,,Other,False,Day,2026-05-24 15:52:25,2026-05-24 00:00:00,2026
1011485481169310366,GBSAW   ,P28A,L1P,GA / light,False,Day,2026-05-24 15:05:30,2026-05-24 00:00:00,2026
12475984664877487905,GCICK   ,SPIT,L1P,GA / light,False,Day,2026-05-24 15:13:25,2026-05-24 00:00:00,2026
4279078839328685230,HLE10   ,A169,H2T,Helicopter,False,Day,2026-05-24 15:47:10,2026-05-24 00:00:00,2026
1006950602869756158,GOLAJ   ,R44,H1P,Helicopter,False,Day,2026-05-24 17:31:15,2026-05-24 00:00:00,2026
16745890991948137652,RUK1133 ,B738,L2J,Large jet,True,Day,2026-05-24 17:06:50,2026-05-24 00:00:00,2026
2551655443554154209,GBFGD   ,C172,L1P,GA / light,False,Day,2026-05-24 17:14:50,2026-05-24 00:00:00,2026
10748489610854939129,HLE10   ,A169,H2T,Helicopter,False,Day,2026-05-24 16:33:20,2026-05-24 00:00:00,2026
18189960870112717367,GBUFH   ,P28A,L1P,GA / light,False,Day,2026-05-24 17:17:40,2026-05-24 00:00:00,2026
14907591285622456388,GCMPF   ,C42,,Other,False,Day,2026-05-24 17:59:55,2026-05-24 00:00:00,2026
1187386917695072781,TOM6AT  ,B738,L2J,Large jet,True,Evening,2026-05-24 20:52:25,2026-05-24 00:00:00,2026
16439002048569783194,GORCA   ,RV4,L1P,GA / light,False,Evening,2026-05-24 19:09:00,2026-05-24 00:00:00,2026
15160600866195673025,EXS37EJ ,B738,L2J,Large jet,True,Evening,2026-05-24 21:07:55,2026-05-24 00:00:00,2026
6538729491066545082,LOG828  ,AT76,,Turboprop,False,Evening,2026-05-24 20:12:55,2026-05-24 00:00:00,2026
16795812503761625699,RYR80XD ,,,Other,False,Evening,2026-05-24 21:59:55,2026-05-24 00:00:00,2026
6811472226314678691,RYR8PA  ,B38M,L2J,Large jet,True,Evening,2026-05-24 21:57:00,2026-05-24 00:00:00,2026
16518776908531714446,OHRJD   ,PC12,L1T,Turboprop,False,Day,2026-05-25 09:23:00,2026-05-25 00:00:00,2026
110354326459177674,GDKLD   ,,,Other,False,Day,2026-05-25 09:51:10,2026-05-25 00:00:00,2026
17702582754698096634,,G109,L1P,GA / light,False,Day,2026-05-25 08:53:50,2026-05-25 00:00:00,2026
10156952082028627969,GBEWR   ,C172,L1P,GA / light,False,Day,2026-05-25 10:08:10,2026-05-25 00:00:00,2026
14340667547001314577,EXS697J ,B738,L2J,Large jet,True,Day,2026-05-25 11:34:30,2026-05-25 00:00:00,2026
10618145293286221944,RYR2XN  ,,,Other,False,Day,2026-05-25 11:37:00,2026-05-25 00:00:00,2026
13102562743500779352,GPDSI   ,C172,L1P,GA / light,False,Day,2026-05-25 10:33:50,2026-05-25 00:00:00,2026
6587108625494970142,TOM62H  ,B738,L2J,Large jet,True,Day,2026-05-25 12:37:35,2026-05-25 00:00:00,2026
7546706364783291330,TOM4MC  ,B738,L2J,Large jet,True,Day,2026-05-25 13:07:45,2026-05-25 00:00:00,2026
17594342549534915000,SFY2JM  ,DA42,L2P,GA / light,False,Day,2026-05-25 10:16:35,2026-05-25 00:00:00,2026
17760640539235288524,GREVE   ,RV6,L1P,GA / light,False,Day,2026-05-25 11:15:55,2026-05-25 00:00:00,2026
18325991367240735435,SRD226B ,B350,,Turboprop,False,Day,2026-05-25 13:36:40,2026-05-25 00:00:00,2026
12360426929031485196,EXS61TQ ,B738,,Large jet,True,Day,2026-05-25 12:53:05,2026-05-25 00:00:00,2026
7805722295279682380,GYULL   ,P28A,L1P,GA / light,False,Day,2026-05-25 11:49:15,2026-05-25 00:00:00,2026
15946531025993713930,GAFDO   ,J3,L1P,GA / light,False,Day,2026-05-25 12:14:30,2026-05-25 00:00:00,2026
2104991263473085735,RYR7624 ,B38M,L2J,Large jet,True,Day,2026-05-25 13:47:50,2026-05-25 00:00:00,2026
13145385896040652985,GBUFH   ,P28A,L1P,GA / light,False,Day,2026-05-25 12:24:20,2026-05-25 00:00:00,2026
17089359890980434460,,P28A,L1P,GA / light,False,Day,2026-05-25 12:36:25,2026-05-25 00:00:00,2026
2933963209313933247,RYR117J ,B738,L2J,Large jet,True,Day,2026-05-25 14:25:25,2026-05-25 00:00:00,2026
4383583327511672513,GOLAJ   ,R44,H1P,Helicopter,False,Day,2026-05-25 12:59:55,2026-05-25 00:00:00,2026
13279426631461932120,GBVEP   ,L8,L1P,GA / light,False,Day,2026-05-25 13:19:20,2026-05-25 00:00:00,2026
5344130314877824606,RYR22ZK ,B38M,L2J,Large jet,True,Day,2026-05-25 16:04:05,2026-05-25 00:00:00,2026
4872516522083319449,GWYVN   ,DG1T,L1P,GA / light,False,Day,2026-05-25 15:27:45,2026-05-25 00:00:00,2026
2672676356725334821,GOLAJ   ,R44,H1P,Helicopter,False,Day,2026-05-25 15:19:40,2026-05-25 00:00:00,2026
16695946152721379806,SXN45G  ,LJ45,L2J,Business jet,False,Day,2026-05-25 16:07:55,2026-05-25 00:00:00,2026
5574428038763783961,GBOJW   ,P28A,L1P,GA / light,False,Day,2026-05-25 15:48:55,2026-05-25 00:00:00,2026
16477362007999359325,RYR7KY  ,,,Other,False,Day,2026-05-25 16:31:40,2026-05-25 00:00:00,2026
11407137412183473869,GREVE   ,RV6,L1P,GA / light,False,Day,2026-05-25 15:55:05,2026-05-25 00:00:00,2026
9321063062357703510,GBUFH   ,P28A,L1P,GA / light,False,Day,2026-05-25 16:42:40,2026-05-25 00:00:00,2026
3828496681501406695,FYL22IN ,HA4T,L2J,Business jet,False,Evening,2026-05-25 18:15:50,2026-05-25 00:00:00,2026
4781217894381732084,RYR80XD ,B738,L2J,Large jet,True,Evening,2026-05-25 18:36:30,2026-05-25 00:00:00,2026
18320088358818835936,GMA23   ,BE20,L2T,Turboprop,False,Evening,2026-05-25 18:31:10,2026-05-25 00:00:00,2026
12765009194671011809,GCHIP   ,P28A,L1P,GA / light,False,Evening,2026-05-25 18:31:45,2026-05-25 00:00:00,2026
11124359678351300991,SFY2JM  ,DA42,L2P,GA / light,False,Day,2026-05-25 17:59:55,2026-05-25 00:00:00,2026
2030717965946598034,EXS47W  ,B738,L2J,Large jet,True,Night,2026-05-25 23:13:10,2026-05-25 00:00:00,2026
13160252024207963266,EXS34HS ,B738,,Large jet,True,Night,2026-05-25 22:42:05,2026-05-25 00:00:00,2026
9226824308281165213,TOM6LM  ,B738,L2J,Large jet,True,Night,2026-05-25 23:45:45,2026-05-25 00:00:00,2026
15442672379764575107,TOM793  ,B738,L2J,Large jet,True,Night,2026-05-25 22:47:20,2026-05-25 00:00:00,2026
17831837904576719929,RYR12YU ,,,Other,False,Night,2026-05-25 22:13:05,2026-05-25 00:00:00,2026
4819553324659536190,RYR80XD ,B738,L2J,Large jet,True,Day,2026-05-26 08:15:15,2026-05-26 00:00:00,2026
6800960042715795940,GEGBJ   ,P28A,L1P,GA / light,False,Day,2026-05-26 08:48:00,2026-05-26 00:00:00,2026
2171217717023790186,N391CC  ,P46T,L1T,Turboprop,False,Day,2026-05-26 09:08:25,2026-05-26 00:00:00,2026
9313286522478429683,REV938P ,BE20,L2T,Turboprop,False,Day,2026-05-26 08:01:20,2026-05-26 00:00:00,2026
13611127896216234282,FLJ61H  ,E550,L2J,Business jet,False,Day,2026-05-26 10:29:15,2026-05-26 00:00:00,2026
3403626419278686339,GBUFH   ,P28A,L1P,GA / light,False,Day,2026-05-26 08:07:40,2026-05-26 00:00:00,2026
11905622889670915644,HLE10   ,A169,H2T,Helicopter,False,Day,2026-05-26 08:09:15,2026-05-26 00:00:00,2026
12845113444874624769,GCLDA   ,ULAC,,Other,False,Day,2026-05-26 09:46:45,2026-05-26 00:00:00,2026
14828723208058723182, GHBBH  ,C42,L1P,GA / light,False,Day,2026-05-26 08:57:30,2026-05-26 00:00:00,2026
14059409021976642967,HLE10   ,A169,H2T,Helicopter,False,Day,2026-05-26 09:03:15,2026-05-26 00:00:00,2026
2237696844474399948,RYR7099 ,B38M,L2J,Large jet,True,Day,2026-05-26 09:51:35,2026-05-26 00:00:00,2026
17631893598763369912,AMBER1  ,FA20,L2J,Business jet,False,Day,2026-05-26 10:17:10,2026-05-26 00:00:00,2026
9632394193916928109,BTNIA18 ,G115,L1P,GA / light,False,Day,2026-05-26 10:34:35,2026-05-26 00:00:00,2026
5372032689044813447,SFU71   ,C42,L1P,GA / light,False,Day,2026-05-26 09:41:55,2026-05-26 00:00:00,2026
14553218083354126582,OHDBM   ,PC12,L1T,Turboprop,False,Day,2026-05-26 10:47:55,2026-05-26 00:00:00,2026
5114076849238157819,GSLGG   ,,,Other,False,Day,2026-05-26 11:33:35,2026-05-26 00:00:00,2026
1531694680150792234,EXS86KL ,B738,,Large jet,True,Day,2026-05-26 12:01:50,2026-05-26 00:00:00,2026
5424562240496401492,GNTSI   ,,,Other,False,Day,2026-05-26 10:38:45,2026-05-26 00:00:00,2026
8034823578113005384,GBUFH   ,P28A,L1P,GA / light,False,Day,2026-05-26 10:40:50,2026-05-26 00:00:00,2026
9965769071864873696,GBGYH   ,P28A,L1P,GA / light,False,Day,2026-05-26 11:43:00,2026-05-26 00:00:00,2026
1641834573993675370,GCHIP   ,P28A,L1P,GA / light,False,Day,2026-05-26 11:52:20,2026-05-26 00:00:00,2026
7321311303248703332,SFY2JM  ,DA42,L2P,GA / light,False,Day,2026-05-26 11:16:50,2026-05-26 00:00:00,2026
6198427474111072433,GOLAJ   ,R44,H1P,Helicopter,False,Day,2026-05-26 11:31:50,2026-05-26 00:00:00,2026
12504062694084124303,RYR8947 ,,,Other,False,Day,2026-05-26 13:37:25,2026-05-26 00:00:00,2026
2254912212805646363,NJE687P ,C56X,L2J,Business jet,False,Day,2026-05-26 12:56:45,2026-05-26 00:00:00,2026
14486124419334676796,JFU63Q  ,PC12,L1T,Turboprop,False,Day,2026-05-26 12:33:10,2026-05-26 00:00:00,2026
12961608181971172891,,P28A,L1P,GA / light,False,Day,2026-05-26 12:23:05,2026-05-26 00:00:00,2026
6186164350445721853,GBUFH   ,P28A,L1P,GA / light,False,Day,2026-05-26 12:33:50,2026-05-26 00:00:00,2026
2085360169163647673,RYR2XN  ,B738,L2J,Large jet,True,Day,2026-05-26 14:30:00,2026-05-26 00:00:00,2026
16038409243630927878,GCEVC   ,RV4,L1P,GA / light,False,Day,2026-05-26 13:37:55,2026-05-26 00:00:00,2026
7781544820142212064,EXS73G  ,B738,L2J,Large jet,True,Day,2026-05-26 16:22:35,2026-05-26 00:00:00,2026
7390690225957407801,RYR117J ,B38M,,Large jet,True,Day,2026-05-26 15:35:25,2026-05-26 00:00:00,2026
6795200242408035861,GBGYH   ,P28A,L1P,GA / light,False,Day,2026-05-26 14:26:10,2026-05-26 00:00:00,2026
9177792613143543499,RYR8PA  ,B38M,L2J,Large jet,True,Day,2026-05-26 15:53:30,2026-05-26 00:00:00,2026
11996786801889954717,LUA930S ,,,Other,False,Day,2026-05-26 15:23:30,2026-05-26 00:00:00,2026
17480081794990016021,RUK1133 ,B738,L2J,Large jet,True,Day,2026-05-26 16:04:20,2026-05-26 00:00:00,2026
11144678321021824961,TOM956P ,B738,L2J,Large jet,True,Day,2026-05-26 15:27:30,2026-05-26 00:00:00,2026
9631574473788922848,NJU2VY  ,C56X,L2J,Business jet,False,Day,2026-05-26 17:11:25,2026-05-26 00:00:00,2026
7573159362715021302,RYR384B ,,,Other,False,Evening,2026-05-26 19:27:15,2026-05-26 00:00:00,2026
2901768296573961071,SFY2JM  ,DA42,L2P,GA / light,False,Day,2026-05-26 16:58:25,2026-05-26 00:00:00,2026
5980857785067244372,,P28A,L1P,GA / light,False,Day,2026-05-26 17:33:40,2026-05-26 00:00:00,2026
470455863171998115,GMA23   ,BE20,L2T,Turboprop,False,Evening,2026-05-26 18:40:05,2026-05-26 00:00:00,2026
3227541441663409242,GBUFH   ,P28A,L1P,GA / light,False,Evening,2026-05-26 18:14:00,2026-05-26 00:00:00,2026
58292134444837509,RYR12YU ,B38M,L2J,Large jet,True,Evening,2026-05-26 19:09:25,2026-05-26 00:00:00,2026
10366768444045914892,RYR273  ,,,Other,False,Evening,2026-05-26 20:02:05,2026-05-26 00:00:00,2026
12089925461390185946,TOM20H  ,B738,L2J,Large jet,True,Evening,2026-05-26 20:20:35,2026-05-26 00:00:00,2026
11753846187688032470,EXS159E ,B738,,Large jet,True,Night,2026-05-26 22:13:55,2026-05-26 00:00:00,2026
2201707100928910069,RYR6504 ,,,Other,False,Evening,2026-05-26 21:00:40,2026-05-26 00:00:00,2026
10071949949986584536,RYR363C ,B38M,L2J,Large jet,True,Evening,2026-05-26 21:52:55,2026-05-26 00:00:00,2026
13072200983562488211,RYR117J ,B738,L2J,Large jet,True,Day,2026-05-27 05:59:10,2026-05-27 00:00:00,2026
13156248231209052651,RYR7AB  ,B38M,L2J,Large jet,True,Day,2026-05-27 07:44:10,2026-05-27 00:00:00,2026
11159854763147070029,RYR2XN  ,B38M,,Large jet,True,Day,2026-05-27 07:30:25,2026-05-27 00:00:00,2026
13220042343861658609,GVMOZ   ,RV8,L1P,GA / light,False,Day,2026-05-27 07:42:50,2026-05-27 00:00:00,2026
15575755718408551361,CRIMSON1,FA20,L2J,Business jet,False,Day,2026-05-27 09:20:55,2026-05-27 00:00:00,2026
989095344373429438,PTN84G  ,,,Other,False,Day,2026-05-27 09:27:10,2026-05-27 00:00:00,2026
12329855357278523974,CRIMSON2,FA20,L2J,Business jet,False,Day,2026-05-27 09:24:15,2026-05-27 00:00:00,2026
10133026040076257294,BLUE1   ,FA20,L2J,Business jet,False,Day,2026-05-27 09:18:15,2026-05-27 00:00:00,2026
2931250851387820258,GZAVI   ,C42,L1P,GA / light,False,Day,2026-05-27 10:19:55,2026-05-27 00:00:00,2026
17672504237675262834,FRA88   ,FA20,L2J,Business jet,False,Day,2026-05-27 09:40:55,2026-05-27 00:00:00,2026
3761391691498214318,TOM6FL  ,B738,L2J,Large jet,True,Day,2026-05-27 10:58:30,2026-05-27 00:00:00,2026
4587892406099923269,GBUFH   ,P28A,L1P,GA / light,False,Day,2026-05-27 09:58:05,2026-05-27 00:00:00,2026
9836093470794982053,GBASJ   ,P28A,L1P,GA / light,False,Day,2026-05-27 09:43:10,2026-05-27 00:00:00,2026
5799879499969407150,TOM6EK  ,B738,L2J,Large jet,True,Day,2026-05-27 11:02:20,2026-05-27 00:00:00,2026
235548641182411058,GGZDO   ,C172,L1P,GA / light,False,Day,2026-05-27 09:22:25,2026-05-27 00:00:00,2026
4313432454806103500,N177FH  ,C77R,L1P,GA / light,False,Day,2026-05-27 10:14:50,2026-05-27 00:00:00,2026
15529309488117209372,GCRSR   ,CRUZ,L1P,GA / light,False,Day,2026-05-27 11:50:20,2026-05-27 00:00:00,2026
7386740851802329482,RYR363C ,B38M,L2J,Large jet,True,Day,2026-05-27 11:14:30,2026-05-27 00:00:00,2026
2412272478657958878,GBEWR   ,C172,L1P,GA / light,False,Day,2026-05-27 10:28:30,2026-05-27 00:00:00,2026
11246133383139696231,GBOHA   ,P28A,L1P,GA / light,False,Day,2026-05-27 10:34:25,2026-05-27 00:00:00,2026
8053666750813480430,GCDOK   ,C42,L1P,GA / light,False,Day,2026-05-27 10:17:55,2026-05-27 00:00:00,2026
2397467239227454774,SFY2JM  ,DA42,L2P,GA / light,False,Day,2026-05-27 11:53:30,2026-05-27 00:00:00,2026
4733677435264339806,GXFTF   ,NG5,L1P,GA / light,False,Day,2026-05-27 10:31:15,2026-05-27 00:00:00,2026
2110780202888853608,NJU324F ,,,Other,False,Day,2026-05-27 10:36:55,2026-05-27 00:00:00,2026
6947796654550787423,EXS61TQ ,B738,L2J,Large jet,True,Day,2026-05-27 12:24:55,2026-05-27 00:00:00,2026
1190405743495721110,GTTEA   ,SR20,L1P,GA / light,False,Day,2026-05-27 13:46:30,2026-05-27 00:00:00,2026
3510274331062815462,EXS3612 ,B738,,Large jet,True,Day,2026-05-27 13:56:55,2026-05-27 00:00:00,2026
14377504907561970806,,P28A,L1P,GA / light,False,Day,2026-05-27 11:24:50,2026-05-27 00:00:00,2026
9484823353131364314,RYR5RR  ,B38M,,Large jet,True,Day,2026-05-27 13:42:00,2026-05-27 00:00:00,2026
16671819051418573135,GBEWR   ,C172,L1P,GA / light,False,Day,2026-05-27 13:07:35,2026-05-27 00:00:00,2026
1344621592924272800,RYR80XD ,B738,L2J,Large jet,True,Day,2026-05-27 14:03:45,2026-05-27 00:00:00,2026
7185721702326599890,NJE951G ,C56X,L2J,Business jet,False,Day,2026-05-27 13:54:40,2026-05-27 00:00:00,2026
3538104334835002889,SRG375  ,,,Other,False,Day,2026-05-27 14:31:45,2026-05-27 00:00:00,2026
9166900054424547605,RYR6765 ,,,Other,False,Day,2026-05-27 15:09:00,2026-05-27 00:00:00,2026
2426665351699139926,CRIMSON2,FA20,L2J,Business jet,False,Day,2026-05-27 14:55:45,2026-05-27 00:00:00,2026
2711628108203616563,BLUE1   ,FA20,L2J,Business jet,False,Day,2026-05-27 14:53:05,2026-05-27 00:00:00,2026
17613788699962322510,GBPVI   ,P32R,L1P,GA / light,False,Day,2026-05-27 14:08:05,2026-05-27 00:00:00,2026
6519651755675942972,GBUFH   ,P28A,L1P,GA / light,False,Day,2026-05-27 13:36:20,2026-05-27 00:00:00,2026
4533994826681661935,GULAS   ,DHC1,L1P,GA / light,False,Day,2026-05-27 14:06:30,2026-05-27 00:00:00,2026
2655813725860920082,GBEWR   ,C172,L1P,GA / light,False,Day,2026-05-27 14:59:55,2026-05-27 00:00:00,2026
8973007567783591846,GSFLA   ,C42,L1P,GA / light,False,Day,2026-05-27 15:43:00,2026-05-27 00:00:00,2026
11582877777363709193,RYR3318 ,B38M,L2J,Large jet,True,Day,2026-05-27 17:09:55,2026-05-27 00:00:00,2026
15972903169269250660,GBUFH   ,P28A,L1P,GA / light,False,Day,2026-05-27 16:17:00,2026-05-27 00:00:00,2026
13310402289816396197,HLE10   ,,,Other,False,Day,2026-05-27 15:46:20,2026-05-27 00:00:00,2026
11106661333688637004,GCPSS   ,C208,L1T,Turboprop,False,Day,2026-05-27 16:18:30,2026-05-27 00:00:00,2026
17342316717034842613,FRA80   ,FA20,L2J,Business jet,False,Day,2026-05-27 17:21:40,2026-05-27 00:00:00,2026
16544032517819783038,SFY2JM  ,DA42,L2P,GA / light,False,Day,2026-05-27 17:47:50,2026-05-27 00:00:00,2026
16978719060857808450,HLE10   ,,,Other,False,Day,2026-05-27 17:24:10,2026-05-27 00:00:00,2026
13939024017007818463,SRG375  ,,,Other,False,Day,2026-05-27 17:53:30,2026-05-27 00:00:00,2026
17546830043215780873,TOM1XT  ,B738,L2J,Large jet,True,Evening,2026-05-27 21:35:20,2026-05-27 00:00:00,2026
1919710443420987024,TOM7MH  ,B738,L2J,Large jet,True,Night,2026-05-27 23:28:40,2026-05-27 00:00:00,2026
662360044699966129,EXS82F  ,B738,L2J,Large jet,True,Night,2026-05-27 23:46:25,2026-05-27 00:00:00,2026
17693007743699783275,RYR12YU ,,,Other,False,Evening,2026-05-27 21:19:30,2026-05-27 00:00:00,2026
13960544803240289367,RYR7KY  ,B38M,L2J,Large jet,True,Evening,2026-05-27 21:39:00,2026-05-27 00:00:00,2026
16463696261848207750,EXS81AW ,B738,,Large jet,True,Night,2026-05-27 23:53:55,2026-05-27 00:00:00,2026
1839945924284616871,HLE10   ,,,Other,False,Evening,2026-05-27 21:30:25,2026-05-27 00:00:00,2026
1673916312676201299,HLE10   ,,,Other,False,Night,2026-05-27 22:40:45,2026-05-27 00:00:00,2026
5596519304122915271,RYR2XN  ,B38M,L2J,Large jet,True,Day,2026-05-28 06:54:25,2026-05-28 00:00:00,2026
5181257245717098813,N101DW  ,P32R,L1P,GA / light,False,Day,2026-05-28 10:03:40,2026-05-28 00:00:00,2026
3617395772906715867,N302JG  ,TBM7,L1T,Turboprop,False,Day,2026-05-28 07:25:45,2026-05-28 00:00:00,2026
801477395211615260,GKKTG   ,C182,L1P,GA / light,False,Day,2026-05-28 08:16:55,2026-05-28 00:00:00,2026
6560441839947895686,PYN01   ,BE20,L2T,Turboprop,False,Day,2026-05-28 09:37:10,2026-05-28 00:00:00,2026
4681024323387670017,GCCXH   ,SKRA,L1P,GA / light,False,Day,2026-05-28 08:46:10,2026-05-28 00:00:00,2026
533291383596967012,GEIMS   ,B505,H1T,Helicopter,False,Day,2026-05-28 09:07:55,2026-05-28 00:00:00,2026
7372821152722166312,FRA83   ,FA20,L2J,Business jet,False,Day,2026-05-28 10:30:05,2026-05-28 00:00:00,2026
6317051937196628188,GSRRA   ,SIRA,L1P,GA / light,False,Day,2026-05-28 08:59:55,2026-05-28 00:00:00,2026
10038284025229754065,GTACC   ,TB20,L1P,GA / light,False,Day,2026-05-28 10:13:40,2026-05-28 00:00:00,2026
7503824342157934830,SFY2JM  ,DA42,L2P,GA / light,False,Day,2026-05-28 09:59:20,2026-05-28 00:00:00,2026
3077794000470450394,TOM2BJ  ,B738,L2J,Large jet,True,Day,2026-05-28 11:33:20,2026-05-28 00:00:00,2026
15830542835508734033,RYR9356 ,B38M,L2J,Large jet,True,Day,2026-05-28 11:04:25,2026-05-28 00:00:00,2026
11031574569286552268,GBUFH   ,P28A,L1P,GA / light,False,Day,2026-05-28 10:20:30,2026-05-28 00:00:00,2026
1443487231408681319,GPORK   ,AA5,L1P,GA / light,False,Day,2026-05-28 10:46:10,2026-05-28 00:00:00,2026
16222997809889459056,GAYII   ,P28R,L1P,GA / light,False,Day,2026-05-28 10:44:20,2026-05-28 00:00:00,2026
9219449090608252183,TOM3TK  ,B738,L2J,Large jet,True,Day,2026-05-28 13:55:25,2026-05-28 00:00:00,2026
12814629055470648114,EXS93HQ ,B738,,Large jet,True,Day,2026-05-28 14:47:15,2026-05-28 00:00:00,2026
10839911239202846259,NJE019P ,E55P,,Business jet,False,Day,2026-05-28 13:09:45,2026-05-28 00:00:00,2026
183880249228787907,WRTHOG82,FA20,L2J,Business jet,False,Day,2026-05-28 12:40:50,2026-05-28 00:00:00,2026
2313225294011195207,WRTHG83 ,FA20,L2J,Business jet,False,Day,2026-05-28 12:33:45,2026-05-28 00:00:00,2026
6490910377133695657,GGCDB   ,SR20,L1P,GA / light,False,Day,2026-05-28 11:11:45,2026-05-28 00:00:00,2026
8923266229059188263,WRTHOG84,FA20,L2J,Business jet,False,Day,2026-05-28 12:36:00,2026-05-28 00:00:00,2026
7976382249899759184,EXS26Q  ,B738,L2J,Large jet,True,Day,2026-05-28 14:19:15,2026-05-28 00:00:00,2026
8394898891811073790,GNTPS   ,NG5,L1P,GA / light,False,Day,2026-05-28 11:56:35,2026-05-28 00:00:00,2026
3040346091135144489,GDUDI   ,MT,G1P,GA / light,False,Day,2026-05-28 12:54:30,2026-05-28 00:00:00,2026
13354861428649084446,GBUJP   ,P28A,L1P,GA / light,False,Day,2026-05-28 13:53:50,2026-05-28 00:00:00,2026
2162351941352699549,GBUFH   ,P28A,L1P,GA / light,False,Day,2026-05-28 13:11:20,2026-05-28 00:00:00,2026
10702034376791702865,GOLAJ   ,R44,H1P,Helicopter,False,Day,2026-05-28 13:12:50,2026-05-28 00:00:00,2026
3015544824911751588,RYR5RR  ,,,Other,False,Day,2026-05-28 15:00:05,2026-05-28 00:00:00,2026
12728168967420931342,,P28A,L1P,GA / light,False,Day,2026-05-28 13:01:35,2026-05-28 00:00:00,2026
15686196137974817366,HLE22   ,B429,H2T,Helicopter,False,Day,2026-05-28 13:31:30,2026-05-28 00:00:00,2026
18014788706009608286,GETPC   ,G12T,L1T,Turboprop,False,Day,2026-05-28 13:52:55,2026-05-28 00:00:00,2026
13625072904585930639,GPORK   ,AA5,L1P,GA / light,False,Day,2026-05-28 14:08:45,2026-05-28 00:00:00,2026
5082138136578742200,GDSJT   ,C182,L1P,GA / light,False,Day,2026-05-28 14:40:50,2026-05-28 00:00:00,2026
216004331114732103,GLHER   ,CRUZ,L1P,GA / light,False,Day,2026-05-28 13:45:20,2026-05-28 00:00:00,2026
722532734885071959,SFY2JM  ,DA42,L2P,GA / light,False,Day,2026-05-28 14:39:25,2026-05-28 00:00:00,2026
14578395870869478238,HLE22   ,B429,H2T,Helicopter,False,Day,2026-05-28 14:13:10,2026-05-28 00:00:00,2026
12413340518074894521,,DA42,L2P,GA / light,False,Day,2026-05-28 14:20:55,2026-05-28 00:00:00,2026
11727230909595529690,2JEFF   ,,,Other,False,Day,2026-05-28 15:34:15,2026-05-28 00:00:00,2026
59369838686359018,GBEWR   ,C172,L1P,GA / light,False,Day,2026-05-28 16:10:25,2026-05-28 00:00:00,2026
15187963523165406826,RYR12YU ,B38M,L2J,Large jet,True,Day,2026-05-28 17:45:35,2026-05-28 00:00:00,2026
10365019179962761164,GKKTG   ,C182,L1P,GA / light,False,Day,2026-05-28 16:23:30,2026-05-28 00:00:00,2026
17823887587904624572,DEOCC   ,C172,L1P,GA / light,False,Day,2026-05-28 16:52:05,2026-05-28 00:00:00,2026
11153363626346307991,RYR80XD ,,,Other,False,Evening,2026-05-28 18:53:05,2026-05-28 00:00:00,2026
961998681966470732,TOM90K  ,B738,L2J,Large jet,True,Evening,2026-05-28 21:45:15,2026-05-28 00:00:00,2026
14101821266178455338,EXS37EJ ,B738,,Large jet,True,Evening,2026-05-28 20:56:00,2026-05-28 00:00:00,2026
3986322584806189192,,P28A,L1P,GA / light,False,Evening,2026-05-28 19:29:20,2026-05-28 00:00:00,2026
4537000350785849744,GBGYH   ,P28A,L1P,GA / light,False,Evening,2026-05-28 19:43:45,2026-05-28 00:00:00,2026
7634148722601741376,HLE56   ,EC35,H2T,Helicopter,False,Evening,2026-05-28 19:43:55,2026-05-28 00:00:00,2026
15345898579168048879,RYR117J ,,,Other,False,Night,2026-05-28 22:07:45,2026-05-28 00:00:00,2026
7454052404356237882,RUK1133 ,B738,,Large jet,True,Evening,2026-05-28 21:14:20,2026-05-28 00:00:00,2026
5150035484549790369,EXS3624 ,B738,L2J,Large jet,True,Night,2026-05-28 23:07:15,2026-05-28 00:00:00,2026
9582627164281746557,RYR8PA  ,B38M,L2J,Large jet,True,Night,2026-05-28 22:58:35,2026-05-28 00:00:00,2026
7520438150358920324,GTECC   ,CH7A,L1P,GA / light,False,Day,2026-05-29 08:45:50,2026-05-29 00:00:00,2026
9951716075275300875,N971RJ  ,PA39,,Other,False,Day,2026-05-29 08:59:55,2026-05-29 00:00:00,2026
7697913515414596711,GKIGL   ,,,Other,False,Day,2026-05-29 08:30:15,2026-05-29 00:00:00,2026
1324238197755033337,CRIMSON1,FA20,L2J,Business jet,False,Day,2026-05-29 09:47:05,2026-05-29 00:00:00,2026
3950647667093880784,CRIMSON2,FA20,L2J,Business jet,False,Day,2026-05-29 09:49:30,2026-05-29 00:00:00,2026
1374100171507030458,BLUE1   ,FA20,L2J,Business jet,False,Day,2026-05-29 09:37:35,2026-05-29 00:00:00,2026
3041399665922961870,BTNIA18 ,G115,L1P,GA / light,False,Day,2026-05-29 09:32:55,2026-05-29 00:00:00,2026
4540963856755954662,GBUFH   ,P28A,L1P,GA / light,False,Day,2026-05-29 08:59:55,2026-05-29 00:00:00,2026
9095655320545114632,RYR38NG ,B38M,L2J,Large jet,True,Day,2026-05-29 10:48:55,2026-05-29 00:00:00,2026
13008504318230250663,MINKE   ,GA6C,,Other,False,Day,2026-05-29 10:45:45,2026-05-29 00:00:00,2026
10822069803813024805,RYR384B ,,,Other,False,Day,2026-05-29 12:23:50,2026-05-29 00:00:00,2026
10970458619152736052,GLOOC   ,C172,L1P,GA / light,False,Day,2026-05-29 09:56:25,2026-05-29 00:00:00,2026
14959482577343788237,EXS697J ,B738,L2J,Large jet,True,Day,2026-05-29 11:50:55,2026-05-29 00:00:00,2026
15032344490551225057,GBZDP   ,BDOG,L1P,GA / light,False,Day,2026-05-29 10:54:00,2026-05-29 00:00:00,2026
935788736165690889,RYR12YU ,B738,L2J,Large jet,True,Day,2026-05-29 11:47:25,2026-05-29 00:00:00,2026
8580920202915030669,GBUFH   ,P28A,L1P,GA / light,False,Day,2026-05-29 10:31:10,2026-05-29 00:00:00,2026
15865928289452429310,VSB10   ,BE20,L2T,Turboprop,False,Day,2026-05-29 10:59:45,2026-05-29 00:00:00,2026
7059094759303583184,TOM3EM  ,B738,L2J,Large jet,True,Day,2026-05-29 12:14:55,2026-05-29 00:00:00,2026
15015544445131478778,RYR80XD ,B738,L2J,Large jet,True,Day,2026-05-29 12:53:30,2026-05-29 00:00:00,2026
15281122883427196204,SFU51   ,C42,L1P,GA / light,False,Day,2026-05-29 11:38:05,2026-05-29 00:00:00,2026
12319420886387020312,SFY2JM  ,DA42,L2P,GA / light,False,Day,2026-05-29 11:06:25,2026-05-29 00:00:00,2026
1620073284559947758,GBZIJ   ,DR40,L1P,GA / light,False,Day,2026-05-29 11:21:30,2026-05-29 00:00:00,2026
9018004581128478362,TOM6CV  ,B738,L2J,Large jet,True,Day,2026-05-29 13:44:00,2026-05-29 00:00:00,2026
18447878916530434,EXS61TQ ,B738,,Large jet,True,Day,2026-05-29 12:57:40,2026-05-29 00:00:00,2026
5315999378579192394,SFY2JM  ,DA42,L2P,GA / light,False,Day,2026-05-29 13:06:05,2026-05-29 00:00:00,2026
9448927378247103697,GMOSH   ,P28R,L1P,GA / light,False,Day,2026-05-29 12:26:40,2026-05-29 00:00:00,2026
9003645217516818894,RYR2XN  ,B738,L2J,Large jet,True,Day,2026-05-29 13:45:50,2026-05-29 00:00:00,2026
5655256841222659092,2SHEE   ,EA50,L2J,Business jet,False,Day,2026-05-29 12:18:00,2026-05-29 00:00:00,2026
10083118472421441699,GBJBW   ,P28A,L1P,GA / light,False,Day,2026-05-29 12:42:35,2026-05-29 00:00:00,2026
10856019668148045047,GCKYL   ,C42,L1P,GA / light,False,Day,2026-05-29 14:12:15,2026-05-29 00:00:00,2026
10753168633671513047,N22UB   ,C25C,L2J,Business jet,False,Day,2026-05-29 13:51:05,2026-05-29 00:00:00,2026
5827869048965754427,GOLGE   ,SR20,,Other,False,Day,2026-05-29 14:07:45,2026-05-29 00:00:00,2026
16369395124901781085,RYR5RR  ,B38M,L2J,Large jet,True,Day,2026-05-29 17:22:20,2026-05-29 00:00:00,2026
4449040808456265279,SFY2JM  ,DA42,L2P,GA / light,False,Day,2026-05-29 17:21:50,2026-05-29 00:00:00,2026
781566473787732396,RYR9911 ,B738,L2J,Large jet,True,Day,2026-05-29 17:55:20,2026-05-29 00:00:00,2026
17019702806823512986,GCISE   ,PULS,L1P,GA / light,False,Day,2026-05-29 17:14:00,2026-05-29 00:00:00,2026
12611330345916608128,GZAVI   ,C42,L1P,GA / light,False,Day,2026-05-29 17:46:00,2026-05-29 00:00:00,2026
1063739976797653777,GBUFH   ,P28A,L1P,GA / light,False,Day,2026-05-29 17:59:55,2026-05-29 00:00:00,2026
7587755322411486783,GMA23   ,BE20,L2T,Turboprop,False,Evening,2026-05-29 18:23:30,2026-05-29 00:00:00,2026
3334387738347656518,EXS159E ,B738,L2J,Large jet,True,Evening,2026-05-29 21:35:30,2026-05-29 00:00:00,2026
5063000675792802498,GCISE   ,PULS,L1P,GA / light,False,Evening,2026-05-29 18:57:00,2026-05-29 00:00:00,2026
3849492542975415124,TOM299  ,B738,L2J,Large jet,True,Night,2026-05-29 22:37:05,2026-05-29 00:00:00,2026
12776720706515525578,RYR22ZK ,,,Other,False,Evening,2026-05-29 21:25:50,2026-05-29 00:00:00,2026
5022332817150229133,EXS34HS ,B738,,Large jet,True,Night,2026-05-29 22:11:10,2026-05-29 00:00:00,2026
1792461026431957361,RUK1133 ,B738,,Large jet,True,Evening,2026-05-29 20:54:30,2026-05-29 00:00:00,2026
3106783606147687067,TOM5EH  ,B738,L2J,Large jet,True,Night,2026-05-29 23:59:55,2026-05-29 00:00:00,2026
13458045745039004462,GMA23   ,BE20,L2T,Turboprop,False,Night,2026-05-29 23:27:30,2026-05-29 00:00:00,2026
8594431816782861161,RYR384B ,,,Other,False,Day,2026-05-30 06:48:40,2026-05-30 00:00:00,2026
16861551506151885370,RYR6504 ,B738,L2J,Large jet,True,Day,2026-05-30 06:29:40,2026-05-30 00:00:00,2026
12306066588582244528,RYR117J ,B38M,,Large jet,True,Day,2026-05-30 06:20:15,2026-05-30 00:00:00,2026
5366163811946463186,RYR273  ,B38M,,Large jet,True,Day,2026-05-30 08:30:05,2026-05-30 00:00:00,2026
13707833080784942200,GCFAT   ,ULAC,,Other,False,Day,2026-05-30 06:58:20,2026-05-30 00:00:00,2026
332933321994460964,RYR80XD ,B738,L2J,Large jet,True,Day,2026-05-30 08:55:05,2026-05-30 00:00:00,2026
7020858882309858886,RYR7099 ,,,Other,False,Day,2026-05-30 08:32:55,2026-05-30 00:00:00,2026
17769686325521738269,SFY2JM  ,DA42,L2P,GA / light,False,Day,2026-05-30 08:59:55,2026-05-30 00:00:00,2026
13234629284279865182,GKIRB   ,EUPA,L1P,GA / light,False,Day,2026-05-30 09:38:00,2026-05-30 00:00:00,2026
16547872692257856316,GBUFH   ,P28A,L1P,GA / light,False,Day,2026-05-30 09:53:15,2026-05-30 00:00:00,2026
10122025440555264649,TOM2KT  ,B738,L2J,Large jet,True,Day,2026-05-30 11:07:55,2026-05-30 00:00:00,2026
4972902803228732300,GCKYL   ,C42,L1P,GA / light,False,Day,2026-05-30 11:47:10,2026-05-30 00:00:00,2026
14015292257696517971,,PA22,L1P,GA / light,False,Day,2026-05-30 09:35:55,2026-05-30 00:00:00,2026
112100054079371539,GRFRV   ,RV9,L1P,GA / light,False,Day,2026-05-30 09:59:55,2026-05-30 00:00:00,2026
16978006523613075926,GOLGE   ,SR20,,Other,False,Day,2026-05-30 10:12:20,2026-05-30 00:00:00,2026
7128821945718741769,GCMFF   ,P28A,L1P,GA / light,False,Day,2026-05-30 10:55:20,2026-05-30 00:00:00,2026
11239421012107233175,EXS86KL ,B738,L2J,Large jet,True,Day,2026-05-30 12:22:00,2026-05-30 00:00:00,2026
12234612985318771820,GILDA   ,SPIT,L1P,GA / light,False,Day,2026-05-30 11:14:10,2026-05-30 00:00:00,2026
6612279674863920791,GIOIA   ,SKAR,L1P,GA / light,False,Day,2026-05-30 11:23:30,2026-05-30 00:00:00,2026
13702014850934701347,GCDOK   ,C42,L1P,GA / light,False,Day,2026-05-30 11:26:15,2026-05-30 00:00:00,2026
12924411532709698891,GDUVL   ,C172,L1P,GA / light,False,Day,2026-05-30 11:26:25,2026-05-30 00:00:00,2026
14367531859238046504,GSFLA   ,C42,L1P,GA / light,False,Day,2026-05-30 11:31:35,2026-05-30 00:00:00,2026
15756451952490142572,GBSAW   ,P28A,L1P,GA / light,False,Day,2026-05-30 11:36:10,2026-05-30 00:00:00,2026
5667421374691404727,EXS52TY ,B738,,Large jet,True,Day,2026-05-30 14:42:30,2026-05-30 00:00:00,2026
17204669751088262882,TOM2CD  ,B738,L2J,Large jet,True,Day,2026-05-30 12:54:45,2026-05-30 00:00:00,2026
5722155006053140488,BTGO    ,P28A,L1P,GA / light,False,Day,2026-05-30 11:51:40,2026-05-30 00:00:00,2026
10535226059639164142,GBUFH   ,P28A,L1P,GA / light,False,Day,2026-05-30 11:45:50,2026-05-30 00:00:00,2026
17684625055457233861,,P28A,L1P,GA / light,False,Day,2026-05-30 11:32:20,2026-05-30 00:00:00,2026
2398426814001084173,NEVIS04 ,,,Other,False,Day,2026-05-30 11:56:15,2026-05-30 00:00:00,2026
17019996606565582441,RYR8PA  ,B38M,L2J,Large jet,True,Day,2026-05-30 13:19:30,2026-05-30 00:00:00,2026
8173809986645911521,SFY2JM  ,DA42,L2P,GA / light,False,Day,2026-05-30 11:58:00,2026-05-30 00:00:00,2026
1786428161380197926,GMA19   ,BE20,L2T,Turboprop,False,Day,2026-05-30 12:10:55,2026-05-30 00:00:00,2026
5198319658557530361,GSRCB   ,RV12,L1P,GA / light,False,Day,2026-05-30 12:15:40,2026-05-30 00:00:00,2026
11321370750513798558,GCDAB   ,UNDEFINED,,Other,False,Day,2026-05-30 12:21:45,2026-05-30 00:00:00,2026
2764624310892935863,,CH7A,L1P,GA / light,False,Day,2026-05-30 12:02:45,2026-05-30 00:00:00,2026
12215828879372217471,GNCDC   ,NNJA,,Other,False,Day,2026-05-30 12:44:50,2026-05-30 00:00:00,2026
4843385216017942660,RYR5RR  ,B738,L2J,Large jet,True,Day,2026-05-30 14:13:50,2026-05-30 00:00:00,2026
8345753511232437905,N441J   ,C441,L2T,Turboprop,False,Day,2026-05-30 13:49:25,2026-05-30 00:00:00,2026
14971390907558390993,N41344  ,BE17,L1P,GA / light,False,Day,2026-05-30 12:59:55,2026-05-30 00:00:00,2026
16446619516336930568,SFY1TM  ,DA42,L2P,GA / light,False,Day,2026-05-30 12:49:50,2026-05-30 00:00:00,2026
15296673715170681428,GBZTN   ,EUPA,L1P,GA / light,False,Day,2026-05-30 12:33:55,2026-05-30 00:00:00,2026
499400690394381800,GASZR   ,UNDEFINED,,Other,False,Day,2026-05-30 12:59:55,2026-05-30 00:00:00,2026
42228354850590688,,DA42,L2P,GA / light,False,Day,2026-05-30 12:42:05,2026-05-30 00:00:00,2026
12949722012130573029,RYR3318 ,,,Other,False,Day,2026-05-30 14:52:55,2026-05-30 00:00:00,2026
14108219463948452102,GBUFH   ,P28A,L1P,GA / light,False,Day,2026-05-30 13:18:45,2026-05-30 00:00:00,2026
7662076968317846360,GEPEE   ,,,Other,False,Day,2026-05-30 13:34:55,2026-05-30 00:00:00,2026
8724976443880251852,GEGGZ   ,SKRA,L1P,GA / light,False,Day,2026-05-30 13:55:10,2026-05-30 00:00:00,2026
5088031701091994826,GCKYL   ,C42,L1P,GA / light,False,Day,2026-05-30 13:36:20,2026-05-30 00:00:00,2026
15401993498902965791,RYR12YU ,,,Other,False,Day,2026-05-30 15:18:45,2026-05-30 00:00:00,2026
7574604144866664439,GKY518  ,GLEX,L2J,Business jet,False,Day,2026-05-30 17:16:05,2026-05-30 00:00:00,2026
7338726219024176309,GBEWR   ,C172,L1P,GA / light,False,Day,2026-05-30 14:06:55,2026-05-30 00:00:00,2026
13882247350589117162,GCKYL   ,C42,L1P,GA / light,False,Day,2026-05-30 15:10:40,2026-05-30 00:00:00,2026
1814703939787088421,GBUFH   ,P28A,L1P,GA / light,False,Day,2026-05-30 15:31:35,2026-05-30 00:00:00,2026
12214272342994316390,GSSCR   ,,,Other,False,Day,2026-05-30 15:53:30,2026-05-30 00:00:00,2026
7424363140567811111,,P28A,L1P,GA / light,False,Day,2026-05-30 15:04:45,2026-05-30 00:00:00,2026
359066813233489888,GCISE   ,PULS,L1P,GA / light,False,Day,2026-05-30 15:23:50,2026-05-30 00:00:00,2026
10134697237941748008,GLHER   ,CRUZ,L1P,GA / light,False,Day,2026-05-30 16:07:20,2026-05-30 00:00:00,2026
14113455185395741536,GFXBT   ,AP22,L1P,GA / light,False,Day,2026-05-30 15:33:00,2026-05-30 00:00:00,2026
8669347536568113231,GEGGZ   ,SKRA,L1P,GA / light,False,Day,2026-05-30 16:25:45,2026-05-30 00:00:00,2026
3789381134104434776,N35SN   ,BE35,L1P,GA / light,False,Day,2026-05-30 15:42:45,2026-05-30 00:00:00,2026
6142757202977312317,SRD376  ,A139,,Other,False,Day,2026-05-30 17:38:25,2026-05-30 00:00:00,2026
14204236828172416344,GBUJP   ,P28A,L1P,GA / light,False,Day,2026-05-30 16:57:30,2026-05-30 00:00:00,2026
7800220630449350217,GBPIZ   ,AA5,L1P,GA / light,False,Day,2026-05-30 15:59:45,2026-05-30 00:00:00,2026
14063142087734147218,RYR2XN  ,B38M,L2J,Large jet,True,Evening,2026-05-30 19:17:55,2026-05-30 00:00:00,2026
1216798989186325707,GBYJS   ,TB20,L1P,GA / light,False,Evening,2026-05-30 18:22:10,2026-05-30 00:00:00,2026
2032950098602355000,TOM8KL  ,B738,L2J,Large jet,True,Night,2026-05-30 22:52:40,2026-05-30 00:00:00,2026
2910706904572484671,SRG375  ,A139,,Other,False,Evening,2026-05-30 19:26:40,2026-05-30 00:00:00,2026
4574559303846551113,EXS82F  ,B738,L2J,Large jet,True,Night,2026-05-30 23:02:20,2026-05-30 00:00:00,2026
10940112702399293223,GBZFT   ,RBEL,L1P,GA / light,False,Evening,2026-05-30 18:59:55,2026-05-30 00:00:00,2026
15455599806863545638,GCMPF   ,C42,,Other,False,Evening,2026-05-30 19:22:10,2026-05-30 00:00:00,2026
13181826881431761610,TOM14X  ,B738,L2J,Large jet,True,Night,2026-05-30 23:10:00,2026-05-30 00:00:00,2026
3522845211633097857,RYR7AB  ,,,Other,False,Evening,2026-05-30 21:39:50,2026-05-30 00:00:00,2026
5311688370194781141,RYR9911 ,B738,L2J,Large jet,True,Evening,2026-05-30 21:18:35,2026-05-30 00:00:00,2026
13789791748329298288,EXS61TQ ,B738,,Large jet,True,Night,2026-05-30 22:01:05,2026-05-30 00:00:00,2026
6996694794965185693,SRG375  ,A139,,Other,False,Evening,2026-05-30 20:35:25,2026-05-30 00:00:00,2026
6825639696024724729,RYR5724 ,B38M,L2J,Large jet,True,Day,2026-05-31 06:36:05,2026-05-31 00:00:00,2026
2394874764684272049,JDI007  ,GLF6,L2J,Business jet,False,Day,2026-05-31 09:56:45,2026-05-31 00:00:00,2026
5638405773982006715,PARA8356,,,Other,False,Day,2026-05-31 10:26:10,2026-05-31 00:00:00,2026
6082312673944265813,RYR363C ,,,Other,False,Day,2026-05-31 11:27:25,2026-05-31 00:00:00,2026
15628747138564782028,GES381L ,C56X,,Business jet,False,Day,2026-05-31 11:16:45,2026-05-31 00:00:00,2026
9248634021724987438,TOM9HB  ,B738,L2J,Large jet,True,Day,2026-05-31 11:41:10,2026-05-31 00:00:00,2026
13919639781696082079,TOM8GB  ,B738,L2J,Large jet,True,Day,2026-05-31 12:05:05,2026-05-31 00:00:00,2026
9292378580146741913,GBUFH   ,P28A,L1P,GA / light,False,Day,2026-05-31 11:08:35,2026-05-31 00:00:00,2026
4548820149163192400,EXS34JU ,B738,,Large jet,True,Day,2026-05-31 12:26:00,2026-05-31 00:00:00,2026
12792745184488122916,GBEWR   ,C172,L1P,GA / light,False,Day,2026-05-31 10:59:35,2026-05-31 00:00:00,2026
16662656390871679180,RYR12YU ,B738,L2J,Large jet,True,Day,2026-05-31 12:22:05,2026-05-31 00:00:00,2026
14851276970623205239,SFG55A  ,E55P,L2J,Business jet,False,Day,2026-05-31 12:18:25,2026-05-31 00:00:00,2026
8492710840688822366,,SR20,L1P,GA / light,False,Day,2026-05-31 11:27:35,2026-05-31 00:00:00,2026
5832984671136761720,RYR2XN  ,B38M,,Large jet,True,Day,2026-05-31 13:56:55,2026-05-31 00:00:00,2026
3338352354305957721,GCSLL   ,P28R,,Other,False,Day,2026-05-31 12:31:15,2026-05-31 00:00:00,2026
12703700820199180465,NJU263C ,C56X,L2J,Business jet,False,Day,2026-05-31 12:41:05,2026-05-31 00:00:00,2026
138217004603735859,EXS68AT ,B738,L2J,Large jet,True,Day,2026-05-31 14:41:00,2026-05-31 00:00:00,2026
4366452015010329834,GBGYH   ,P28A,L1P,GA / light,False,Day,2026-05-31 13:12:15,2026-05-31 00:00:00,2026
17809692949014919486,RYR117J ,B38M,,Large jet,True,Day,2026-05-31 15:07:55,2026-05-31 00:00:00,2026
12093827922576058187,GBUFH   ,P28A,L1P,GA / light,False,Day,2026-05-31 13:49:40,2026-05-31 00:00:00,2026
4130933533995232504,RYR8947 ,B38M,L2J,Large jet,True,Day,2026-05-31 15:57:55,2026-05-31 00:00:00,2026
4433619799193730614,GGCDB   ,SR20,L1P,GA / light,False,Day,2026-05-31 13:45:50,2026-05-31 00:00:00,2026
16099059085794709742,DILOL   ,,,Other,False,Day,2026-05-31 14:27:25,2026-05-31 00:00:00,2026
1658012691829605071,GMRVL   ,RV7,L1P,GA / light,False,Day,2026-05-31 15:24:15,2026-05-31 00:00:00,2026
15912192944993732730,SRD375  ,,,Other,False,Day,2026-05-31 15:19:30,2026-05-31 00:00:00,2026
2486427566332893721,GCMPA   ,P28T,L1P,GA / light,False,Day,2026-05-31 14:25:25,2026-05-31 00:00:00,2026
17899020756056683857,LJC9    ,,,Other,False,Day,2026-05-31 16:31:25,2026-05-31 00:00:00,2026
9348218045193937053,RYR9356 ,,,Other,False,Day,2026-05-31 15:54:20,2026-05-31 00:00:00,2026
11694603969664227358,HLE22   ,B429,H2T,Helicopter,False,Day,2026-05-31 14:59:05,2026-05-31 00:00:00,2026
8322338586375711505,GMA23   ,BE20,L2T,Turboprop,False,Day,2026-05-31 16:01:45,2026-05-31 00:00:00,2026
2130408450745047553,TOM6AT  ,B738,L2J,Large jet,True,Evening,2026-05-31 20:47:55,2026-05-31 00:00:00,2026
17836114183720355656,RUK1133 ,B738,,Large jet,True,Evening,2026-05-31 18:50:35,2026-05-31 00:00:00,2026
4338661856818285886,TOM4BN  ,B738,L2J,Large jet,True,Night,2026-05-31 22:44:25,2026-05-31 00:00:00,2026
2312113694421400063,EXS37EJ ,B738,L2J,Large jet,True,Evening,2026-05-31 21:17:15,2026-05-31 00:00:00,2026
13338717902446383933,EXS71BS ,B738,,Large jet,True,Evening,2026-05-31 21:56:05,2026-05-31 00:00:00,2026
1740345721481952388,RYR80XD ,,,Other,False,Evening,2026-05-31 21:59:55,2026-05-31 00:00:00,2026
17912849360033755154,RYR8PA  ,B38M,L2J,Large jet,True,Night,2026-05-31 23:23:40,2026-05-31 00:00:00,2026
