flight_id,flt_id,typecode,icao_aircraft_class,is_large_jet,last_seen,dof,lowest_leveloff_ft,leveloff_d_brock_km,n_leveloffs,village_leveloff_ft,n_village_leveloffs,gate_alt_ft,alt_vs_cda_ft,has_corridor_leveloff,leveloff_over_village,non_cda,breach_hard_floor
39249197934082036,GJJMM   ,MM24,G1P,False,2025-06-17 12:39:20,2025-06-17,,,0,,0,,,False,False,False,False
50416042673129866,T7MASHI ,,,False,2025-06-21 12:10:55,2025-06-21,,,0,,0,,,False,False,False,False
55931847105595278,PNTHR80 ,H64,,False,2025-06-19 10:19:35,2025-06-19,,,0,,0,,,False,False,False,False
106005991546406554,GBUFH   ,P28A,L1P,False,2025-06-15 10:38:00,2025-06-15,225.0000072,15.818656257332108,9,,0,,,True,False,True,False
127376730247524723,RYR7099 ,B738,L2J,True,2025-06-05 14:17:20,2025-06-05,350.0000112,18.23701352796397,1,,0,,,True,False,True,False
143128286048978994,RYR611T ,B38M,,False,2025-06-10 12:34:50,2025-06-10,,,0,,0,,,False,False,False,False
145286225151377641,,P28A,L1P,False,2025-06-15 13:08:50,2025-06-15,,,0,,0,,,False,False,False,False
193752886949893106,TOM793  ,B738,L2J,True,2025-06-23 23:37:30,2025-06-23,1275.0000408,10.484129056169444,1,,0,,,True,False,True,False
233250591593447836,GRUVY   ,RV9,L1P,False,2025-06-18 13:12:30,2025-06-18,,,0,,0,,,False,False,False,False
296369484046470601,RYR14VB ,B738,L2J,True,2025-06-16 21:35:40,2025-06-16,,,0,,0,,,False,False,False,False
305894177743791918,AMBER3  ,FA20,L2J,True,2025-06-19 13:52:30,2025-06-19,2675.0000856,10.23311066955213,3,,0,,,True,False,True,False
318536801033090503,GBUFH   ,P28A,L1P,False,2025-06-15 14:17:30,2025-06-15,275.00000880000005,15.417411223474481,8,,0,,,True,False,True,False
322702104997246340,URO601  ,A346,L4J,True,2025-06-14 11:46:50,2025-06-14,1450.0000464000002,5.87979992227975,4,1450.0000464000002,3,,,True,True,True,False
341071037237669216,EXS339E ,B738,L2J,True,2025-06-19 20:57:40,2025-06-19,,,0,,0,,,False,False,False,False
347219528629264183,2CHOP   ,,,False,2025-06-21 13:23:15,2025-06-21,,,0,,0,,,False,False,False,False
391192126116714865,RYR94FL ,B38M,,False,2025-06-22 06:56:30,2025-06-22,,,0,,0,,,False,False,False,False
404125167515931245,GBUFH   ,P28A,L1P,False,2025-06-20 15:15:10,2025-06-20,,,0,,0,,,False,False,False,False
407072391991851224,AMBER3  ,FA20,L2J,True,2025-06-10 10:40:00,2025-06-10,2375.0000760000003,2.557198503046527,3,2375.0000760000003,3,2400.0000768,-626.5833738014258,True,True,True,False
440421881157920710,RYR90UB ,B738,L2J,True,2025-06-07 21:31:15,2025-06-07,100.0000032,18.685967796054765,1,,0,,,True,False,True,False
480099889123077256,EXS3618 ,B738,L2J,True,2025-06-05 15:10:15,2025-06-05,3127.8226807354836,18.692985676585135,1,,0,,,True,False,True,False
487619314193447263,AMBER2  ,FA20,L2J,True,2025-06-05 13:21:05,2025-06-05,275.00000880000005,18.584408684056356,5,2275.0000728,3,2275.0000728,-515.2761130669032,True,True,True,False
492722693018919868,BTNIA12 ,G115,L1P,False,2025-06-04 11:31:50,2025-06-04,,,0,,0,,,False,False,False,False
506908744772869554,EXS64DM ,B738,,False,2025-06-19 14:21:50,2025-06-19,,,0,,0,,,False,False,False,False
507010430671121650,GLHER   ,CRUZ,L1P,False,2025-06-20 13:04:15,2025-06-20,,,0,,0,,,False,False,False,False
520881420214245461,RYR14VB ,B738,L2J,True,2025-06-23 21:42:50,2025-06-23,,,0,,0,,,False,False,False,False
528623370026273637,RYR24GH ,B738,L2J,True,2025-06-18 21:11:00,2025-06-18,,,0,,0,,,False,False,False,False
542732484935329043,EXS34A  ,B738,,False,2025-06-05 22:36:25,2025-06-05,200.0000064,18.96882580909973,1,,0,,,True,False,True,False
559022647806518489,RYR2CT  ,A320,L2J,True,2025-06-21 05:55:50,2025-06-21,,,0,,0,,,False,False,False,False
570166330620106597,GPKUP   ,C42,L1P,False,2025-06-18 14:40:20,2025-06-18,,,0,,0,,,False,False,False,False
576700133453075713,EXS52N  ,B738,,False,2025-06-22 14:50:10,2025-06-22,1650.0000528,7.391306872820004,2,,0,,,True,False,True,False
581376783718608010,OHFWZ   ,,,False,2025-06-19 11:28:35,2025-06-19,,,0,,0,,,False,False,False,False
647335089647743949,EXS339E ,B738,L2J,True,2025-06-05 21:14:50,2025-06-05,225.0000072,18.97521958987307,2,2500.00008,1,,,True,True,True,False
738858114780151721,GGCDB   ,SR20,L1P,False,2025-06-21 12:45:10,2025-06-21,,,0,,0,,,False,False,False,False
760648649554357043,TOM6457 ,B738,L2J,True,2025-06-12 13:33:10,2025-06-12,1750.0000559999999,8.185601065825864,1,,0,,,True,False,True,False
782834136792579469,RYR3KY  ,B738,L2J,True,2025-06-17 20:08:45,2025-06-17,,,0,,0,,,False,False,False,False
840693980293450751,GCYRA   ,ULAC,,False,2025-06-16 11:36:10,2025-06-16,,,0,,0,,,False,False,False,False
887855876297425238,SRD175  ,A189,H2T,False,2025-06-10 15:38:05,2025-06-10,,,0,,0,,,False,False,False,False
893156108027435999,GOLGE   ,SR20,,False,2025-06-20 12:32:40,2025-06-20,1400.0000448,16.612075194823195,1,,0,,,True,False,True,False
929661967295008105,TOM6339 ,B738,L2J,True,2025-06-11 10:42:15,2025-06-11,,,0,,0,,,False,False,False,False
966559311080739527,BWY42   ,FA20,L2J,True,2025-06-11 14:35:35,2025-06-11,2775.0000888,8.27114789228049,4,,0,,,True,False,True,False
982132282666733738,VJT732  ,GLEX,L2J,True,2025-06-13 08:59:55,2025-06-13,,,0,,0,,,False,False,False,False
991506282953531842,N920TT  ,BE9L,L2T,False,2025-06-06 10:58:35,2025-06-06,1425.0000456,11.347293257556768,5,2375.0000760000003,4,2625.0000840000002,-90.89090710412802,True,True,True,False
1040239018060504693,EXS68Z  ,B738,,False,2025-06-23 22:30:00,2025-06-23,2400.0000768,2.9344943679566025,1,2400.0000768,1,2400.0000768,-214.883353093001,True,True,True,False
1045106467320773856,CRIMSON1,FA20,L2J,True,2025-06-16 13:53:35,2025-06-16,1575.0000504,3.4029346199273203,4,1575.0000504,3,1600.0000512,-1256.7326170967879,True,True,True,True
1068820994345828303,BTNIA15 ,G115,L1P,False,2025-06-17 15:17:20,2025-06-17,,,0,,0,,,False,False,False,False
1092277036397914124,REV935  ,BE20,L2T,False,2025-06-15 10:59:45,2025-06-15,2225.0000712,9.671203456297286,6,2225.0000712,4,2225.0000712,-821.9809762258315,True,True,True,False
1101045697697617850,EXS2LS  ,B738,L2J,True,2025-06-07 23:54:30,2025-06-07,25.0000008,18.874150039710177,5,1575.0000504,1,,,True,True,True,False
1163109187818239526,RYR90UB ,B738,L2J,True,2025-06-05 15:28:05,2025-06-05,,,0,,0,,,False,False,False,False
1163827552475977783,URO681A ,A346,L4J,True,2025-06-06 17:28:05,2025-06-06,125.000004,18.518805978716333,5,1950.0000624,2,,,True,True,True,False
1166485810718639485,GOLAJ   ,R44,H1P,False,2025-06-19 13:50:15,2025-06-19,825.0000264,18.64480324242704,2,,0,,,True,False,True,False
1220772761383976068,GRHOD   ,SSTL,,False,2025-06-18 17:50:20,2025-06-18,1300.0000416,3.9374660467335207,1,1300.0000416,1,,,True,True,True,False
1255567350630717625,GBEWR   ,C172,L1P,False,2025-06-08 09:59:55,2025-06-08,850.0000272000001,16.90937299553795,1,,0,,,True,False,True,False
1261413208856241736,,D11,L1P,False,2025-06-21 16:15:50,2025-06-21,,,0,,0,,,False,False,False,False
1271285254720113694,TOM16H  ,B738,L2J,True,2025-06-22 11:15:25,2025-06-22,,,0,,0,,,False,False,False,False
1275024559221184514,GCEFK   ,EV97,L1P,False,2025-06-17 16:40:50,2025-06-17,,,0,,0,,,False,False,False,False
1324962252485059351,RYR94FL ,B738,L2J,True,2025-06-19 22:15:15,2025-06-19,,,0,,0,,,False,False,False,False
1369653867712547859,EXS15Q  ,B738,,False,2025-06-11 22:06:15,2025-06-11,,,0,,0,,,False,False,False,False
1383847449192479631,PVD433Z ,E55P,L2J,True,2025-06-14 06:58:35,2025-06-14,1950.0000624,5.409097090426086,2,1950.0000624,2,2450.0000784,-336.4382586056745,True,True,True,False
1442369065329325431,TOM8CB  ,B738,L2J,True,2025-06-14 11:10:00,2025-06-14,1275.0000408,9.790397941521539,3,1675.0000536,1,2400.0000768,-727.6441657646519,True,True,True,False
1444603435947315906,EXS74H  ,B738,L2J,True,2025-06-20 12:11:15,2025-06-20,,,0,,0,,,False,False,False,False
1459908277637687045,GCBZX   ,MCR1,L1P,False,2025-06-13 12:15:50,2025-06-13,,,0,,0,,,False,False,False,False
1487012646973505588,RYR9356 ,B738,L2J,True,2025-06-11 09:47:05,2025-06-11,,,0,,0,,,False,False,False,False
1524564928753064616,RYR7148 ,B38M,,False,2025-06-06 08:24:25,2025-06-06,2700.0000864000003,3.4203603622406895,1,2700.0000864000003,1,,,True,True,True,False
1529703455425499505,RYR94FL ,B738,L2J,True,2025-06-06 13:12:10,2025-06-06,3225.0001032,1.581436839403619,1,3225.0001032,1,3225.0001032,193.019121154417,True,True,True,False
1543955508175663501,GTMAX   ,UNDEFINED,,False,2025-06-18 14:59:35,2025-06-18,,,0,,0,,,False,False,False,False
1554914978367972470,RYR8947 ,B738,L2J,True,2025-06-06 14:00:50,2025-06-06,100.0000032,18.775415502709578,3,2775.0000888,2,2800.0000896,12.950932096565793,True,True,True,False
1559373908766248441,GBEWR   ,C172,L1P,False,2025-06-04 13:45:40,2025-06-04,625.00002,15.595945268788181,8,,0,,,True,False,True,False
1627361622480450748,RYR7148 ,B38M,L2J,True,2025-06-05 17:40:05,2025-06-05,300.0000096,18.584408684058047,1,,0,,,True,False,True,False
1639806949598893540,GBUFH   ,P28A,L1P,False,2025-06-16 13:46:15,2025-06-16,450.0000144,14.463293584647374,2,,0,,,True,False,True,False
1644880629083117715,AMBER2  ,FA20,L2J,True,2025-06-10 16:08:40,2025-06-10,1850.0000592,1.7427322062337531,5,1850.0000592,4,1850.0000592,-1024.0859348493448,True,True,True,True
1673368501332931891,TOM8CB  ,B738,L2J,True,2025-06-21 11:14:00,2025-06-21,,,0,,0,,,False,False,False,False
1674598944380124033,GTIMP   ,CH7A,L1P,False,2025-06-13 13:09:40,2025-06-13,,,0,,0,,,False,False,False,False
1744005183163531946,EXS147L ,B738,,False,2025-06-21 21:44:30,2025-06-21,2450.0000784,1.1399291934236317,1,2450.0000784,1,2450.0000784,-528.4732985701812,True,True,True,False
1802218042680278144,BDN065  ,,,False,2025-06-05 10:40:45,2025-06-05,950.0000304,16.712967245027457,15,2275.0000728,11,2275.0000728,-822.5332719724865,True,True,True,False
1810384401808862371,EXS2LS  ,B738,L2J,True,2025-06-14 23:44:15,2025-06-14,2300.0000736,2.6605813171385866,1,2300.0000736,1,2300.0000736,-391.9949729919126,True,True,True,False
1815326838910164460,GMA19   ,BE20,L2T,False,2025-06-14 08:06:00,2025-06-14,1700.0000544000002,7.533350991157643,1,,0,,,True,False,True,False
1830725434350887222,BAH6    ,GLF6,L2J,True,2025-06-18 11:15:40,2025-06-18,2150.0000688,2.3226842291084773,2,2150.0000688,2,2150.0000688,-672.9177179296007,True,True,True,False
1873623218663278853,AMBER1  ,FA20,L2J,True,2025-06-12 12:54:05,2025-06-12,,,0,,0,,,False,False,False,False
1893349701678474997,LXJ557  ,,,False,2025-06-20 14:30:50,2025-06-20,,,0,,0,,,False,False,False,False
1915273560481265239,GOLAJ   ,R44,H1P,False,2025-06-17 11:23:10,2025-06-17,275.00000880000005,16.21955114959816,5,,0,,,True,False,True,False
1945318895129634337,MJHCI   ,C25C,,False,2025-06-11 19:20:40,2025-06-11,,,0,,0,,,False,False,False,False
1953072122641497495,RYR39HE ,B738,L2J,True,2025-06-19 10:39:00,2025-06-19,,,0,,0,,,False,False,False,False
1963191034440072254,EXS3618 ,B738,L2J,True,2025-06-08 22:51:25,2025-06-08,2250.0000720000003,3.194229265911986,1,2250.0000720000003,1,,,True,True,True,False
1978338946330666232,RYR7148 ,B738,L2J,True,2025-06-16 10:51:50,2025-06-16,,,0,,0,,,False,False,False,False
1979434503565818196,AMBER1  ,FA20,L2J,True,2025-06-17 14:57:55,2025-06-17,1100.0000352000002,12.260077475278381,2,,0,,,True,False,True,False
2003017379812542277,RUK179V ,B738,L2J,True,2025-06-18 11:43:55,2025-06-18,,,0,,0,,,False,False,False,False
2024074496144264423,GBOJW   ,P28A,L1P,False,2025-06-06 12:29:40,2025-06-06,1025.0000328,15.40291324838845,3,,0,,,True,False,True,False
2033923032166066362,RYR7099 ,B738,L2J,True,2025-06-12 13:56:20,2025-06-12,100.0000032,18.120752630055872,1,,0,,,True,False,True,False
2035695398607931569,,P28A,L1P,False,2025-06-18 10:34:30,2025-06-18,,,0,,0,,,False,False,False,False
2037735156183042139,,P28A,L1P,False,2025-06-22 13:55:10,2025-06-22,,,0,,0,,,False,False,False,False
2038425903767931066,TOM6785 ,B738,L2J,True,2025-06-22 20:48:55,2025-06-22,3325.0001064000003,1.2876793539217568,2,3325.0001064000003,2,3325.0001064000003,11.988623990444012,True,True,True,False
2050211378340289362,RYR3KY  ,B738,L2J,True,2025-06-07 09:14:30,2025-06-07,150.0000048,18.902613505633877,1,,0,,,True,False,True,False
2104260764316561864,TOM6687 ,B738,L2J,True,2025-06-21 22:51:15,2025-06-21,,,0,,0,,,False,False,False,False
2107645893146527952,URO601  ,A346,L4J,True,2025-06-05 11:29:55,2025-06-05,250.000008,18.912932647313333,1,,0,,,True,False,True,False
2132446912969642552,CRIMSON1,FA20,L2J,True,2025-06-04 09:33:00,2025-06-04,175.0000056,18.42269249758451,2,,0,,,True,False,True,False
2178535576739318414,GCGCN   ,MCR1,L1P,False,2025-06-08 18:57:40,2025-06-08,,,0,,0,,,False,False,False,False
2188849032685540042,RYR90UB ,B738,L2J,True,2025-06-22 21:15:10,2025-06-22,50.0000016,18.182419688108663,2,3875.0001240000006,1,,,True,True,True,False
2309291568218062418,EXS339E ,B738,,False,2025-06-08 21:04:20,2025-06-08,1750.0000559999999,5.646788728915434,1,1750.0000559999999,1,,,True,True,True,False
2326863057400652451,NJU467U ,C56X,L2J,True,2025-06-22 06:57:20,2025-06-22,325.0000104,16.281711392368592,2,,0,,,True,False,True,False
2331305836705943782,RYR611T ,B38M,L2J,True,2025-06-07 12:29:50,2025-06-07,,,0,,0,,,False,False,False,False
2358183048591141945,GMA510  ,C510,L2J,True,2025-06-04 09:12:25,2025-06-04,2675.0000856,0.41090747402220895,1,2675.0000856,1,2675.0000856,-370.56137877532956,True,True,True,False
2367987820625915884,TOM6109 ,B738,L2J,True,2025-06-09 22:46:15,2025-06-09,3175.0001016,2.5298263814969837,1,3175.0001016,1,3150.0001008,54.039992065130264,True,True,True,False
2371248108835441318,GOLAJ   ,R44,H1P,False,2025-06-18 16:05:20,2025-06-18,,,0,,0,,,False,False,False,False
2382135341940097184,GOHWK   ,B06,H1T,False,2025-06-15 09:35:35,2025-06-15,,,0,,0,,,False,False,False,False
2401936536511584131,GXRVB   ,RV8,L1P,False,2025-06-09 15:33:25,2025-06-09,,,0,,0,,,False,False,False,False
2425501169748016460,RYR55SN ,A320,L2J,True,2025-06-13 09:56:30,2025-06-13,3375.000108,0.6967493005045491,1,3375.000108,1,3375.000108,370.17491798684114,True,True,True,False
2484629846746144774,GOLAJ   ,R44,H1P,False,2025-06-13 09:38:05,2025-06-13,450.0000144,15.903307671290653,4,,0,,,True,False,True,False
2491712396787741672,UAO12   ,G115,L1P,False,2025-06-18 12:58:55,2025-06-18,,,0,,0,,,False,False,False,False
2514329462184415880,RYR90UB ,B738,L2J,True,2025-06-06 10:49:10,2025-06-06,125.000004,18.82478271140997,6,2925.0000936,2,2925.0000936,101.20770772567994,True,True,True,False
2544376280892311330,FRA75   ,FA20,L2J,True,2025-06-20 11:18:55,2025-06-20,,,0,,0,,,False,False,False,False
2562570528916828043,GOLGE   ,SR20,,False,2025-06-18 13:17:55,2025-06-18,200.0000064,17.674822153330716,6,,0,,,True,False,True,False
2577039366847030308,EXS147L ,B738,L2J,True,2025-06-11 11:37:25,2025-06-11,,,0,,0,,,False,False,False,False
2587626174998491717,RYR90UB ,B738,L2J,True,2025-06-08 19:53:45,2025-06-08,,,0,,0,,,False,False,False,False
2607192501292525229,AMBER2  ,FA20,L2J,True,2025-06-12 13:07:30,2025-06-12,3175.0001016,11.648760708601664,1,,0,,,True,False,True,False
2616455680501742518,,SKRA,L1P,False,2025-06-17 13:12:55,2025-06-17,,,0,,0,,,False,False,False,False
2616604604112406869,RYR611T ,B738,L2J,True,2025-06-12 14:23:15,2025-06-12,,,0,,0,,,False,False,False,False
2621788699836701479,GCIFY   ,P28A,L1P,False,2025-06-09 10:57:20,2025-06-09,2500.00008,8.024139002209902,6,,0,,,True,False,True,False
2658411902693779621,LJC3    ,C55B,L2J,True,2025-06-07 15:59:25,2025-06-07,1175.0000376,13.068881976197233,7,1825.0000584,1,,,True,True,True,False
2661314656364352395,SRD175  ,A189,H2T,False,2025-06-11 15:59:55,2025-06-11,,,0,,0,,,False,False,False,False
2670332656685470383,GBWUH   ,P28A,L1P,False,2025-06-23 11:30:45,2025-06-23,,,0,,0,,,False,False,False,False
2670917485547023862,BLUE1   ,FA20,L2J,True,2025-06-13 09:14:50,2025-06-13,1325.0000424,9.29408152305993,2,1350.0000432000002,1,,,True,True,True,False
2677041836706356833,TOM2TG  ,A21N,L2J,True,2025-06-06 23:26:15,2025-06-06,150.0000048,18.810585798636883,1,,0,,,True,False,True,False
2678050558536993855,BLUE2   ,FA20,L2J,True,2025-06-20 11:38:10,2025-06-20,,,0,,0,,,False,False,False,False
2686491451356654601,GBEWR   ,C172,L1P,False,2025-06-19 16:31:05,2025-06-19,,,0,,0,,,False,False,False,False
2694086707253288069,GBGYH   ,P28A,L1P,False,2025-06-09 15:36:10,2025-06-09,825.0000264,14.503312596443427,1,,0,,,True,False,True,False
2714648733478380668,TOM3XA  ,B738,L2J,True,2025-06-21 23:28:10,2025-06-21,4875.000156,11.10071062010311,1,,0,,,True,False,True,False
2729088782869863033,TJS3    ,C25A,L2J,True,2025-06-17 09:27:25,2025-06-17,2125.0000680000003,1.7532055542850575,2,2125.0000680000003,2,2125.0000680000003,-1000.1190511321747,True,True,True,False
2800059205296223775,RYR90UB ,B738,L2J,True,2025-06-11 11:32:15,2025-06-11,,,0,,0,,,False,False,False,False
2807199311660877768,EXS74H  ,B738,L2J,True,2025-06-09 13:38:55,2025-06-09,,,0,,0,,,False,False,False,False
2850361712244873271,RUK179V ,B738,L2J,True,2025-06-13 10:17:45,2025-06-13,,,0,,0,,,False,False,False,False
2866974218404410082,EXS68Z  ,B738,,False,2025-06-06 22:31:10,2025-06-06,100.0000032,18.99379384663963,1,,0,,,True,False,True,False
2868033391851081391,EXS147L ,B738,,False,2025-06-23 12:48:15,2025-06-23,2625.0000840000002,2.043302830793776,1,2625.0000840000002,1,2625.0000840000002,-149.1062396864827,True,True,True,False
2880363530621610088,RYR7148 ,B38M,L2J,True,2025-06-12 17:45:40,2025-06-12,,,0,,0,,,False,False,False,False
2886114129053343242,RYR14VB ,B738,L2J,True,2025-06-06 22:04:25,2025-06-06,,,0,,0,,,False,False,False,False
2890466061251584195,MSA708  ,B734,L2J,True,2025-06-07 11:58:55,2025-06-07,200.0000064,18.69183858122567,3,2675.0000856,2,2675.0000856,-706.5063911704501,True,True,True,False
2902359139211578330,BWY41   ,FA20,L2J,True,2025-06-10 14:56:55,2025-06-10,1825.0000584,6.241106196367792,3,1900.0000608,2,,,True,True,True,False
2988220369178309969,BWY30   ,FA20,L2J,True,2025-06-18 09:39:10,2025-06-18,1050.0000336,10.11632965225139,2,,0,,,True,False,True,False
2999825892289951583,N321FF  ,M20T,L1P,False,2025-06-08 15:27:00,2025-06-08,,,0,,0,,,False,False,False,False
3000237878123953313,EXS9WF  ,B738,L2J,True,2025-06-16 23:22:45,2025-06-16,,,0,,0,,,False,False,False,False
3050757449909715029,JFA32L  ,E35L,L2J,True,2025-06-13 11:15:30,2025-06-13,1325.0000424,10.471877464462038,5,1325.0000424,2,,,True,True,True,False
3077104170836111507,RYR39HE ,B738,L2J,True,2025-06-12 10:16:20,2025-06-12,,,0,,0,,,False,False,False,False
3086053730995305232,GBGYH   ,P28A,L1P,False,2025-06-10 15:50:20,2025-06-10,550.0000176000001,15.09081634483961,2,,0,,,True,False,True,False
3116768334102439243,RYR7148 ,B38M,L2J,True,2025-06-19 18:17:15,2025-06-19,,,0,,0,,,False,False,False,False
3147716839370078478,RYR4LN  ,B38M,,False,2025-06-19 15:59:20,2025-06-19,,,0,,0,,,False,False,False,False
3148164124873039469,AMBER3  ,FA20,L2J,True,2025-06-05 13:21:05,2025-06-05,300.0000096,18.77269813872957,4,2275.0000728,3,,,True,True,True,False
3159595971378249856,HLE22   ,B429,H2T,False,2025-06-06 11:35:20,2025-06-06,775.0000248,19.331685354545105,2,,0,,,True,False,True,False
3177498813374239427,GLAKA   ,GL5T,,False,2025-06-19 16:36:45,2025-06-19,,,0,,0,,,False,False,False,False
3182646694306855873,SRD175  ,A189,H2T,False,2025-06-16 14:59:55,2025-06-16,,,0,,0,,,False,False,False,False
3213860194457689266,RYR55SN ,B38M,,False,2025-06-07 18:11:05,2025-06-07,,,0,,0,,,False,False,False,False
3218612353584741756,,RV7,L1P,False,2025-06-17 13:15:45,2025-06-17,,,0,,0,,,False,False,False,False
3238074618671216009,RYR8947 ,B738,L2J,True,2025-06-13 14:10:35,2025-06-13,2350.0000752,3.2649862429149237,1,2350.0000752,1,,,True,True,True,False
3256862187524372990,GTCHI   ,SPIT,L1P,False,2025-06-14 16:59:55,2025-06-14,,,0,,0,,,False,False,False,False
3295959005841828066,,CRUZ,L1P,False,2025-06-14 13:56:25,2025-06-14,,,0,,0,,,False,False,False,False
3376706738572184850,ETP37   ,AS50,H1T,False,2025-06-11 15:26:50,2025-06-11,,,0,,0,,,False,False,False,False
3380058073591608370,RYR39HE ,B738,L2J,True,2025-06-05 10:21:20,2025-06-05,275.00000880000005,18.764963660500616,4,,0,,,True,False,True,False
3418794420359050654,GBUFH   ,P28A,L1P,False,2025-06-11 12:39:00,2025-06-11,1400.0000448,16.844068661972116,1,,0,,,True,False,True,False
3439247529996260409,HLE10   ,A169,H2T,False,2025-06-16 15:50:45,2025-06-16,,,0,,0,,,False,False,False,False
3454274894426031383,RYR55SN ,B38M,L2J,True,2025-06-16 14:38:20,2025-06-16,1575.0000504,5.509232268396983,1,1575.0000504,1,,,True,True,True,False
3455789670485337544,GTECS   ,SIRA,L1P,False,2025-06-18 11:31:20,2025-06-18,,,0,,0,,,False,False,False,False
3462208955988906778,TOM6687 ,B738,L2J,True,2025-06-07 23:16:15,2025-06-07,,,0,,0,,,False,False,False,False
3486820675526352638,EXS15Q  ,B738,,False,2025-06-18 22:06:45,2025-06-18,,,0,,0,,,False,False,False,False
3492498410064431782,EXS51Y  ,B738,L2J,True,2025-06-22 12:36:05,2025-06-22,,,0,,0,,,False,False,False,False
3536595628256337625,BTNIA15 ,G115,L1P,False,2025-06-16 10:39:45,2025-06-16,,,0,,0,,,False,False,False,False
3554266102732710577,,FOX,L1P,False,2025-06-21 13:53:40,2025-06-21,,,0,,0,,,False,False,False,False
3557513286214988893,CRIMSON2,FA20,L2J,True,2025-06-16 13:44:35,2025-06-16,1600.0000512,4.406375330603875,5,1600.0000512,3,,,True,True,True,False
3583415304562084036,GCGWH   ,CRUZ,L1P,False,2025-06-11 10:58:05,2025-06-11,,,0,,0,,,False,False,False,False
3612242766519098775,RYR7148 ,B738,L2J,True,2025-06-15 21:20:50,2025-06-15,,,0,,0,,,False,False,False,False
3658547459079225586,RYR3KY  ,B738,L2J,True,2025-06-10 19:44:55,2025-06-10,,,0,,0,,,False,False,False,False
3694761904242258852,RUK179V ,B738,,False,2025-06-09 10:55:45,2025-06-09,,,0,,0,,,False,False,False,False
3773593587279235918,EXS52N  ,B738,,False,2025-06-15 14:24:50,2025-06-15,,,0,,0,,,False,False,False,False
3781884590590508403,TOM8BJ  ,B738,L2J,True,2025-06-05 21:52:10,2025-06-05,225.0000072,18.97230739165706,2,4175.0001336,1,,,True,True,True,False
3799558818894787506,BWY42   ,FA20,L2J,True,2025-06-13 15:04:35,2025-06-13,,,0,,0,,,False,False,False,False
3824812883595747151,GOONE   ,M20P,L1P,False,2025-06-15 16:30:50,2025-06-15,850.0000272000001,12.5638278369876,2,,0,,,True,False,True,False
3871044255711473651,EXS2LS  ,B738,L2J,True,2025-06-21 23:26:15,2025-06-21,,,0,,0,,,False,False,False,False
3899464469159461786,RYR8TF  ,B738,L2J,True,2025-06-22 17:45:15,2025-06-22,,,0,,0,,,False,False,False,False
3916438177859353311,GSHAZ   ,G2CA,H1P,False,2025-06-18 12:07:55,2025-06-18,1100.0000352000002,3.3073703223066535,6,1100.0000352000002,5,1200.0000384,-2341.296867726239,True,True,True,True
3929882200737822018,RYR90UB ,B38M,,False,2025-06-15 20:47:30,2025-06-15,,,0,,0,,,False,False,False,False
3940882551233816991,BTNIA15 ,G115,L1P,False,2025-06-09 10:45:45,2025-06-09,,,0,,0,,,False,False,False,False
3946354374956102159,EXS339E ,B738,,False,2025-06-15 21:11:20,2025-06-15,,,0,,0,,,False,False,False,False
4043536766748727178,URO681  ,A346,L4J,True,2025-06-05 12:51:30,2025-06-05,,,0,,0,,,False,False,False,False
4053886373210740017,TOM6457 ,B738,L2J,True,2025-06-19 13:04:40,2025-06-19,,,0,,0,,,False,False,False,False
4056997512058628463,,P28A,L1P,False,2025-06-15 13:55:55,2025-06-15,,,0,,0,,,False,False,False,False
4064054542301136233,GBTNV   ,P28A,L1P,False,2025-06-21 14:22:20,2025-06-21,,,0,,0,,,False,False,False,False
4067535247182255220,GBEWR   ,C172,L1P,False,2025-06-23 12:10:25,2025-06-23,1500.000048,18.932377624445273,2,,0,,,True,False,True,False
4087700878728427133,BWY43   ,FA20,L2J,True,2025-06-11 16:12:05,2025-06-11,2875.000092,8.32085744963953,7,,0,,,True,False,True,False
4093809849581345708,TOM57V  ,B738,L2J,True,2025-06-04 23:47:20,2025-06-04,3325.0001064000003,1.1137316818189855,1,3325.0001064000003,1,3325.0001064000003,222.35571219703797,True,True,True,False
4094668173105258713,EXS34A  ,B738,,False,2025-06-19 23:12:15,2025-06-19,,,0,,0,,,False,False,False,False
4101236491356173149,GJJMM   ,MM24,G1P,False,2025-06-10 15:15:55,2025-06-10,,,0,,0,,,False,False,False,False
4113740747613239588,GBFUD   ,SF25,L1P,False,2025-06-18 15:23:05,2025-06-18,,,0,,0,,,False,False,False,False
4171243856936442347,TOM6TM  ,B738,L2J,True,2025-06-19 22:48:45,2025-06-19,,,0,,0,,,False,False,False,False
4177252764077003684,GBUFH   ,P28A,L1P,False,2025-06-18 12:29:45,2025-06-18,600.0000192,15.329262318700877,12,,0,,,True,False,True,False
4189830747791295598,RYR7148 ,B38M,L2J,True,2025-06-20 08:40:50,2025-06-20,,,0,,0,,,False,False,False,False
4211667966360477786,GBEWR   ,C172,L1P,False,2025-06-19 11:36:05,2025-06-19,900.0000288,16.975714866752647,2,,0,,,True,False,True,False
4224350840782262028,RYR9EM  ,B738,L2J,True,2025-06-07 20:02:40,2025-06-07,150.0000048,18.453648048146814,1,,0,,,True,False,True,False
4226909258853792847,BTNIA18 ,G115,L1P,False,2025-06-04 13:43:10,2025-06-04,,,0,,0,,,False,False,False,False
4267718626003354442,RYR7099 ,B738,L2J,True,2025-06-08 08:45:50,2025-06-08,2325.0000744000004,3.7904580935131165,1,2325.0000744000004,1,,,True,True,True,False
4271517590517329314,GSKPP   ,EC20,H1T,False,2025-06-08 09:22:30,2025-06-08,750.000024,15.755548441633474,1,,0,,,True,False,True,False
4273182338654077882,GAWEI   ,D6CR,L1P,False,2025-06-10 16:44:45,2025-06-10,,,0,,0,,,False,False,False,False
4304474062093119289,,P28A,L1P,False,2025-06-20 14:59:15,2025-06-20,,,0,,0,,,False,False,False,False
4333387101044498740,RYR14VB ,B738,L2J,True,2025-06-09 21:41:30,2025-06-09,,,0,,0,,,False,False,False,False
4356485043109961943,SXN40B  ,LJ40,L2J,True,2025-06-20 12:25:55,2025-06-20,,,0,,0,,,False,False,False,False
4381529174566188780,TOM61L  ,B738,L2J,True,2025-06-17 14:50:15,2025-06-17,,,0,,0,,,False,False,False,False
4383435596931665915,RYR24GH ,,,False,2025-06-06 13:21:30,2025-06-06,2256.746103961904,18.475718166818453,1,,0,,,True,False,True,False
4390897189055054194,TOM82B  ,B738,L2J,True,2025-06-09 12:48:25,2025-06-09,3025.0000968000004,1.0658068063253094,1,3025.0000968000004,1,3025.0000968000004,-253.16900614106498,True,True,True,False
4394188288124727658,RYR8TF  ,B738,L2J,True,2025-06-17 15:19:05,2025-06-17,,,0,,0,,,False,False,False,False
4409217625802327994,EXS52N  ,B738,,False,2025-06-08 14:13:20,2025-06-08,,,0,,0,,,False,False,False,False
4416959161889324131,GBEWR   ,C172,L1P,False,2025-06-20 13:49:35,2025-06-20,975.0000312,18.33365597263026,2,,0,,,True,False,True,False
4428647401938393363,GBDZD   ,C172,L1P,False,2025-06-18 09:52:25,2025-06-18,1000.000032,4.735351427290356,10,1000.000032,9,1100.0000352000002,-2408.785663374294,True,True,True,True
4456795746764910113,GEDRV   ,RV6,L1P,False,2025-06-06 12:16:25,2025-06-06,,,0,,0,,,False,False,False,False
4500179060968637864,BTNIA18Y,G115,L1P,False,2025-06-18 14:44:50,2025-06-18,,,0,,0,,,False,False,False,False
4511943933406975552,DGFSH72 ,A400,L4T,False,2025-06-18 13:19:55,2025-06-18,1175.0000376,10.485003782321714,1,,0,,,True,False,True,False
4550332523543215780,GBUFH   ,P28A,L1P,False,2025-06-21 11:14:55,2025-06-21,1000.000032,18.138338577339233,2,,0,,,True,False,True,False
4580190361772569588,RYR611T ,B738,L2J,True,2025-06-19 14:42:50,2025-06-19,,,0,,0,,,False,False,False,False
4588882428835382377,PM631   ,SPIT,L1P,False,2025-06-21 12:24:55,2025-06-21,925.0000296,19.049372785094803,5,,0,,,True,False,True,False
4596469859952976844,GTCHI   ,SPIT,L1P,False,2025-06-21 17:13:30,2025-06-21,,,0,,0,,,False,False,False,False
4611912065666304268,BZE07C  ,LJ75,L2J,True,2025-06-19 17:51:50,2025-06-19,,,0,,0,,,False,False,False,False
4615883258085369531,GCDOK   ,C42,L1P,False,2025-06-17 11:30:10,2025-06-17,,,0,,0,,,False,False,False,False
4657110460421157255,VJT607  ,C56X,L2J,True,2025-06-13 10:37:10,2025-06-13,1600.0000512,8.236219998269542,2,2325.0000744000004,1,,,True,True,True,False
4659911978454319270,RYR24GH ,B738,L2J,True,2025-06-21 22:08:15,2025-06-21,,,0,,0,,,False,False,False,False
4673935302403190691,HL B0 B ,A169,H2T,False,2025-06-15 16:24:10,2025-06-15,,,0,,0,,,False,False,False,False
4689663860615479116,VJT401  ,CL35,L2J,True,2025-06-23 14:21:00,2025-06-23,1875.00006,6.780649757211475,5,1900.0000608,4,1925.0000616,-1004.8087982432655,True,True,True,True
4720199770253714892,URO100P ,A346,L4J,True,2025-06-08 07:19:20,2025-06-08,,,0,,0,,,False,False,False,False
4727412911734013789,SRD224B ,B350,,False,2025-06-06 13:35:05,2025-06-06,1100.0000352000002,13.466982877608464,4,2600.0000832,1,,,True,True,True,False
4736900365602970173,BTNIA14 ,G115,L1P,False,2025-06-18 14:30:35,2025-06-18,,,0,,0,,,False,False,False,False
4809138019330280586,RYR46HP ,B738,L2J,True,2025-06-18 21:16:50,2025-06-18,4375.000139999999,18.923101815348467,1,,0,,,True,False,True,False
4861277073408371030,EXS147L ,B738,,False,2025-06-14 21:41:30,2025-06-14,,,0,,0,,,False,False,False,False
4874208163173800258,GAJKB   ,L8,L1P,False,2025-06-19 12:45:45,2025-06-19,,,0,,0,,,False,False,False,False
4962157755937286829,URO681A ,A346,L4J,True,2025-06-11 17:55:25,2025-06-11,,,0,,0,,,False,False,False,False
4968749199308141988,BWY40   ,FA20,L2J,True,2025-06-13 09:11:35,2025-06-13,1725.0000552,7.6875838586572804,1,,0,,,True,False,True,False
4986744865065417209,RYR94FL ,B738,L2J,True,2025-06-05 22:08:35,2025-06-05,225.0000072,18.821902882752976,3,3225.0001032,1,3225.0001032,248.473307803642,True,True,True,False
5033555487347162556,GMUJD   ,RV12,L1P,False,2025-06-17 11:52:15,2025-06-17,,,0,,0,,,False,False,False,False
5038970707879055455,TOM920P ,A21N,L2J,True,2025-06-06 13:30:40,2025-06-06,150.0000048,18.392664599707008,1,,0,,,True,False,True,False
5086089010101681516,RYR14VB ,B738,L2J,True,2025-06-13 22:35:35,2025-06-13,,,0,,0,,,False,False,False,False
5130224258025952358,GLXBB   ,WT9,,False,2025-06-13 12:59:55,2025-06-13,,,0,,0,,,False,False,False,False
5134962016394010484,TOM8CB  ,B738,L2J,True,2025-06-07 11:55:00,2025-06-07,200.0000064,18.982869598423612,2,2650.0000848,1,2650.0000848,-299.6810307142955,True,True,True,False
5135498986958583071,GMA023  ,BE20,L2T,False,2025-06-22 14:07:50,2025-06-22,2425.0000775999997,3.323885931157158,4,2425.0000775999997,4,2425.0000775999997,-631.279195725509,True,True,True,False
5139677343640761703,TOM8VY  ,B738,L2J,True,2025-06-11 11:23:30,2025-06-11,,,0,,0,,,False,False,False,False
5175231517390820470,TOM6TM  ,B738,L2J,True,2025-06-12 23:05:05,2025-06-12,2450.0000784,3.1141274691370064,1,2450.0000784,1,,,True,True,True,False
5194146639551822644,GBEWR   ,C172,L1P,False,2025-06-13 16:07:00,2025-06-13,,,0,,0,,,False,False,False,False
5238601987360092695,EXS68Z  ,B738,,False,2025-06-20 22:18:15,2025-06-20,,,0,,0,,,False,False,False,False
5241135807167099569,MHISA   ,,,False,2025-06-18 09:36:15,2025-06-18,,,0,,0,,,False,False,False,False
5246226352006061930,SRD175  ,A189,H2T,False,2025-06-20 10:37:15,2025-06-20,,,0,,0,,,False,False,False,False
5255827752364646917,GCLXB   ,SPIT,L1P,False,2025-06-19 15:50:40,2025-06-19,,,0,,0,,,False,False,False,False
5266187432110640231,EXS147L ,B738,,False,2025-06-09 12:50:25,2025-06-09,2750.0000880000002,4.856183998404922,1,2750.0000880000002,1,2675.0000856,-493.4504011263775,True,True,True,False
5271203016409326311,GBEWR   ,C172,L1P,False,2025-06-06 09:24:20,2025-06-06,1550.0000496,15.439919461460207,2,,0,,,True,False,True,False
5280861354762108097,EXS147L ,B738,L2J,True,2025-06-13 13:15:45,2025-06-13,,,0,,0,,,False,False,False,False
5295584979073690471,RYR7148 ,B38M,,False,2025-06-04 16:06:15,2025-06-04,175.0000056,18.36332089153419,3,2625.0000840000002,2,2675.0000856,27.71401948904486,True,True,True,False
5306711487411069874,URO681  ,A346,L4J,True,2025-06-08 12:43:20,2025-06-08,2300.0000736,0.6037941467966194,4,2300.0000736,4,2300.0000736,-778.1747333491776,True,True,True,False
5349423218320179075,,AP22,L1P,False,2025-06-21 16:08:50,2025-06-21,,,0,,0,,,False,False,False,False
5353381755954700231,EXS3676 ,B738,,False,2025-06-14 14:40:05,2025-06-14,,,0,,0,,,False,False,False,False
5354627505793473833,BLUE2   ,FA20,L2J,True,2025-06-11 09:43:00,2025-06-11,,,0,,0,,,False,False,False,False
5373837974492519328,RYR39HE ,B738,L2J,True,2025-06-16 20:00:55,2025-06-16,3450.0001104,6.439349235792417,1,,0,,,True,False,True,False
5469409533483491496,FHY545  ,A320,L2J,True,2025-06-08 18:41:55,2025-06-08,2300.0000736,1.4199800344780413,2,2300.0000736,2,2300.0000736,-1039.834560186248,True,True,True,False
5504265172198237996,GPAAL   ,PA32,,False,2025-06-09 14:21:30,2025-06-09,,,0,,0,,,False,False,False,False
5510769831765001106,GCGWH   ,CRUZ,L1P,False,2025-06-11 14:08:50,2025-06-11,,,0,,0,,,False,False,False,False
5565336091948816009,GCIPG   ,NG5,L1P,False,2025-06-08 10:54:45,2025-06-08,1675.0000536,4.180926163112961,6,1675.0000536,6,1800.0000576,-1179.9108486658608,True,True,True,True
5581277189495623312,TOM52G  ,B738,L2J,True,2025-06-17 12:04:15,2025-06-17,2150.0000688,2.278904265287426,1,2150.0000688,1,2150.0000688,-601.406041232689,True,True,True,False
5588470957639027156,RUK179V ,B738,L2J,True,2025-06-20 10:34:50,2025-06-20,,,0,,0,,,False,False,False,False
5595018157152809412,RYR90UB ,B738,L2J,True,2025-06-18 11:29:55,2025-06-18,2125.0000680000003,3.431735770236337,1,2125.0000680000003,1,,,True,True,True,False
5629536735692154494,GBEWR   ,C172,L1P,False,2025-06-11 15:11:25,2025-06-11,725.0000232000001,16.32203091616994,1,,0,,,True,False,True,False
5660283971782169353,RYR8945 ,B738,L2J,True,2025-06-09 14:22:50,2025-06-09,,,0,,0,,,False,False,False,False
5698233102818610640,RYR2CT  ,A320,L2J,True,2025-06-11 18:20:40,2025-06-11,,,0,,0,,,False,False,False,False
5707067721327102343,GOLAJ   ,R44,H1P,False,2025-06-17 14:57:55,2025-06-17,450.0000144,15.734831591122006,9,,0,,,True,False,True,False
5713235845483909896,PNTHR80 ,H64,,False,2025-06-20 11:45:50,2025-06-20,,,0,,0,,,False,False,False,False
5724338390517005583,SRD175  ,A189,H2T,False,2025-06-04 17:08:00,2025-06-04,,,0,,0,,,False,False,False,False
5737410344644239517,BTNIA15 ,G115,L1P,False,2025-06-18 11:56:30,2025-06-18,,,0,,0,,,False,False,False,False
5737679813883775387,GSKPP   ,EC20,H1T,False,2025-06-14 11:59:05,2025-06-14,1000.000032,18.80892568859379,9,,0,,,True,False,True,False
5745560651518353454,2CLRK   ,EA50,L2J,True,2025-06-11 08:44:50,2025-06-11,,,0,,0,,,False,False,False,False
5756566701272532882,GGCDB   ,SR20,L1P,False,2025-06-04 12:40:25,2025-06-04,,,0,,0,,,False,False,False,False
5768411037288175259,GBUFH   ,P28A,L1P,False,2025-06-19 13:44:50,2025-06-19,,,0,,0,,,False,False,False,False
5812781511889233232,RYR24GH ,B738,L2J,True,2025-06-07 22:11:20,2025-06-07,75.0000024,18.669206862261913,1,,0,,,True,False,True,False
5847609888838032283, GHBBH  ,C42,L1P,False,2025-06-18 12:16:05,2025-06-18,,,0,,0,,,False,False,False,False
5915897660641135844,EXS147L ,B738,,False,2025-06-07 21:37:05,2025-06-07,75.0000024,18.70086336183577,2,2625.0000840000002,1,2625.0000840000002,-929.5053653757991,True,True,True,False
5918075766811619163,,P28A,L1P,False,2025-06-13 16:46:25,2025-06-13,,,0,,0,,,False,False,False,False
5931466521475825299,EXS4HW  ,B738,,False,2025-06-04 13:18:25,2025-06-04,2650.0000848,1.6356413718062672,1,2650.0000848,1,2650.0000848,-315.00285262260286,True,True,True,False
5986030976463419371,RYR24GH ,B738,L2J,True,2025-06-04 21:41:45,2025-06-04,200.0000064,18.192874052062432,1,,0,,,True,False,True,False
6027283120294365014,GCCZX   ,DR40,L1P,False,2025-06-15 11:23:15,2025-06-15,,,0,,0,,,False,False,False,False
6061755200094215941,GCKTT   ,ULAC,,False,2025-06-17 14:16:30,2025-06-17,,,0,,0,,,False,False,False,False
6066359699893370202,VCG2LE  ,C25M,L2J,True,2025-06-20 08:33:40,2025-06-20,,,0,,0,,,False,False,False,False
6073305475327847449,GMPAT   ,EV97,L1P,False,2025-06-17 11:59:55,2025-06-17,,,0,,0,,,False,False,False,False
6075006488285765795,GBEWR   ,C172,L1P,False,2025-06-04 08:36:05,2025-06-04,1500.000048,19.119621285723365,1,,0,,,True,False,True,False
6082565149539312796,GCTSL   ,ULAC,,False,2025-06-17 09:55:10,2025-06-17,,,0,,0,,,False,False,False,False
6088226873177953451,GOLGE   ,SR20,,False,2025-06-20 14:29:50,2025-06-20,900.0000288,19.549223802424354,2,,0,,,True,False,True,False
6138538192471674569,GTCHI   ,SPIT,L1P,False,2025-06-17 17:59:55,2025-06-17,,,0,,0,,,False,False,False,False
6163406401156931547,URO681  ,A346,L4J,True,2025-06-16 13:42:35,2025-06-16,2125.0000680000003,2.4596945722519243,1,2125.0000680000003,1,2125.0000680000003,-833.9988297333825,True,True,True,False
6184445733104788806,GRDWN   ,,,False,2025-06-19 11:33:00,2025-06-19,975.0000312,2.4538174087019264,6,975.0000312,6,975.0000312,-1727.5188303143661,True,True,True,True
6202025149019509126,RUK179V ,B738,L2J,True,2025-06-06 10:45:40,2025-06-06,100.0000032,18.687133392372946,9,2600.0000832,4,2650.0000848,-358.37579167583635,True,True,True,False
6210005607568783821,GBUFH   ,P28A,L1P,False,2025-06-13 12:59:55,2025-06-13,,,0,,0,,,False,False,False,False
6224090630645946539,RYR55SN ,B38M,L2J,True,2025-06-23 14:44:25,2025-06-23,2900.0000928000004,1.5217128983985102,1,2900.0000928000004,1,2900.0000928000004,-72.69882943364973,True,True,True,False
6278071422704053401,GBFUD   ,SF25,L1P,False,2025-06-09 20:08:35,2025-06-09,,,0,,0,,,False,False,False,False
6332421216256635922,RYR9EM  ,B738,L2J,True,2025-06-10 05:46:25,2025-06-10,2275.0000728,4.725690510786084,2,2275.0000728,2,,,True,True,True,False
6455742612237992946,BTNIA15 ,G115,L1P,False,2025-06-04 11:01:10,2025-06-04,,,0,,0,,,False,False,False,False
6458440553928520429,AMBER2  ,FA20,L2J,True,2025-06-05 09:41:55,2025-06-05,275.00000880000005,18.814330768465588,5,2250.0000720000003,3,,,True,True,True,False
6520651746653308114,AMBER1  ,FA20,L2J,True,2025-06-19 13:01:10,2025-06-19,,,0,,0,,,False,False,False,False
6534470704319236712,RYR611T ,B38M,L2J,True,2025-06-20 09:14:35,2025-06-20,,,0,,0,,,False,False,False,False
6589926533111689036,GCISE   ,PULS,L1P,False,2025-06-21 16:21:10,2025-06-21,,,0,,0,,,False,False,False,False
6594258614624160111,GSPRK   ,RV4,L1P,False,2025-06-22 12:49:05,2025-06-22,,,0,,0,,,False,False,False,False
6603707449428862690,GIPPS   ,GA8,L1P,False,2025-06-19 08:10:00,2025-06-19,,,0,,0,,,False,False,False,False
6614632242330882238,REDARROW,HAWK,L1J,False,2025-06-14 12:28:05,2025-06-14,50.0000016,10.892130752250916,1,,0,,,True,False,True,False
6625024448036197104,GTCHI   ,SPIT,L1P,False,2025-06-23 11:16:35,2025-06-23,875.0000279999999,13.546033760554186,9,,0,,,True,False,True,False
6675551065489249554,RYR90UB ,B738,L2J,True,2025-06-10 14:10:35,2025-06-10,,,0,,0,,,False,False,False,False
6686848305847714973,NJE852R ,C68A,L2J,True,2025-06-19 15:31:10,2025-06-19,,,0,,0,,,False,False,False,False
6698428069304853331,NJE371R ,C56X,L2J,True,2025-06-06 16:43:20,2025-06-06,1550.0000496,10.2415787259714,2,2600.0000832,1,,,True,True,True,False
6702840951414656451,VJH728  ,E35L,L2J,True,2025-06-18 16:11:55,2025-06-18,1100.0000352000002,10.1746950996598,2,2100.0000672,1,,,True,True,True,False
6722879738665031720,GBOHA   ,P28A,L1P,False,2025-06-13 17:20:55,2025-06-13,1800.0000576,1.4741455288877623,1,1800.0000576,1,1800.0000576,-1529.1047454215748,True,True,True,True
6737752007733654835,EXS66Q  ,B738,L2J,True,2025-06-06 21:45:10,2025-06-06,125.000004,18.50749109505457,2,2600.0000832,1,,,True,True,True,False
6745789434749336282,GBMVB   ,C152,L1P,False,2025-06-09 12:22:20,2025-06-09,,,0,,0,,,False,False,False,False
6757682310362385019,TOM3XB  ,B738,L2J,True,2025-06-06 12:09:55,2025-06-06,2625.0000840000002,3.0470751675332615,3,2625.0000840000002,3,2625.0000840000002,-306.6388809702589,True,True,True,False
6758239446354747893,HLE56   ,EC35,H2T,False,2025-06-10 09:34:15,2025-06-10,,,0,,0,,,False,False,False,False
6765132575129614912,TOM5GB  ,B738,L2J,True,2025-06-12 12:16:35,2025-06-12,,,0,,0,,,False,False,False,False
6781648620317483307,RYR90UB ,B738,L2J,True,2025-06-17 14:22:25,2025-06-17,,,0,,0,,,False,False,False,False
6805396297270985745,GCENW   ,EV97,L1P,False,2025-06-16 09:45:05,2025-06-16,2150.0000688,14.669432577974103,2,,0,,,True,False,True,False
6846543306813652540,GCICK   ,SPIT,L1P,False,2025-06-21 14:57:45,2025-06-21,,,0,,0,,,False,False,False,False
6850371093286642439,VSB10   ,BE20,L2T,False,2025-06-10 10:47:15,2025-06-10,2400.0000768,3.815153990441534,2,2400.0000768,2,2400.0000768,-339.00384444849396,True,True,True,False
6855795391527494688,GBEWR   ,C172,L1P,False,2025-06-04 11:48:00,2025-06-04,1825.0000584,19.03835652035816,1,,0,,,True,False,True,False
6937295866529070295,HLE10   ,A169,H2T,False,2025-06-18 21:59:55,2025-06-18,,,0,,0,,,False,False,False,False
6964080641753296306,AMBER1  ,FA20,L2J,True,2025-06-06 12:17:20,2025-06-06,175.0000056,18.880542785520653,4,,0,,,True,False,True,False
7061028198325573697,GFXBT   ,AP22,L1P,False,2025-06-21 16:16:25,2025-06-21,,,0,,0,,,False,False,False,False
7062914379734244432,EXS2L   ,B738,,False,2025-06-17 11:51:30,2025-06-17,,,0,,0,,,False,False,False,False
7086429383872980990,GBUFH   ,P28A,L1P,False,2025-06-14 09:42:50,2025-06-14,1325.0000424,15.864717512609177,4,,0,,,True,False,True,False
7097868943598940647,URO681  ,A346,L4J,True,2025-06-10 12:38:05,2025-06-10,2400.0000768,2.6057708921836986,1,2400.0000768,1,2400.0000768,-280.5519975602592,True,True,True,False
7122975529227668693,RYR2CT  ,A320,L2J,True,2025-06-14 06:27:55,2025-06-14,1525.0000488,5.301398503444776,3,1525.0000488,3,,,True,True,True,False
7128858052024247379,2JEFF   ,,,False,2025-06-09 11:10:10,2025-06-09,2275.0000728,2.4194909981996977,2,2275.0000728,2,2275.0000728,-431.81643239069626,True,True,True,False
7142492711340326564,TOM52G  ,B738,L2J,True,2025-06-10 12:51:35,2025-06-10,1900.0000608,6.161786229672417,4,1900.0000608,3,1900.0000608,-731.7535244545302,True,True,True,True
7147543948992481428,GGIMT   ,DA62,,False,2025-06-08 17:25:35,2025-06-08,3800.0001216,16.82766459666741,2,,0,,,True,False,True,False
7164263253641458034,GBEWR   ,C172,L1P,False,2025-06-23 10:24:50,2025-06-23,550.0000176000001,15.573545054016803,17,,0,,,True,False,True,False
7178306713285579528,GNNJA   ,SKRA,L1P,False,2025-06-18 14:18:00,2025-06-18,,,0,,0,,,False,False,False,False
7198192792169020487,GOLAJ   ,R44,H1P,False,2025-06-04 09:51:40,2025-06-04,1125.0000360000001,15.00755530235966,1,,0,,,True,False,True,False
7205699654989779249,TOM6HJ  ,B738,L2J,True,2025-06-16 13:46:05,2025-06-16,2100.0000672,3.5972792650210415,1,2100.0000672,1,,,True,True,True,False
7208100196989291525,LAV944P ,B738,L2J,True,2025-06-10 12:49:00,2025-06-10,1900.0000608,3.147756382493729,4,1900.0000608,4,1875.00006,-1195.8077071534674,True,True,True,True
7249746923495057350,HLE10   ,A169,H2T,False,2025-06-05 19:01:50,2025-06-05,,,0,,0,,,False,False,False,False
7254523376930828701,GGCDB   ,SR20,L1P,False,2025-06-17 10:55:50,2025-06-17,,,0,,0,,,False,False,False,False
7283542513011574611,RYR59SF ,,,False,2025-06-08 20:03:15,2025-06-08,,,0,,0,,,False,False,False,False
7317180139048033186,URO601  ,A346,L4J,True,2025-06-10 11:52:35,2025-06-10,,,0,,0,,,False,False,False,False
7320474331059947992,EXS68Z  ,B738,,False,2025-06-16 22:14:00,2025-06-16,,,0,,0,,,False,False,False,False
7334475839465272299,BRJ106  ,C25A,L2J,True,2025-06-12 16:42:10,2025-06-12,100.0000032,18.19538014208332,4,2525.0000808,3,2550.0000816,-382.403456086864,True,True,True,False
7344120055819173949,SRG175  ,A189,H2T,False,2025-06-06 11:19:15,2025-06-06,,,0,,0,,,False,False,False,False
7347718533647384914,RYR90UB ,B738,L2J,True,2025-06-19 15:26:10,2025-06-19,,,0,,0,,,False,False,False,False
7353047119619370559,RYR611T ,B38M,L2J,True,2025-06-13 10:46:40,2025-06-13,2325.0000744000004,2.0853711536675155,1,2325.0000744000004,1,2325.0000744000004,-438.5320611571274,True,True,True,False
7381461556231694119,GBUFH   ,P28A,L1P,False,2025-06-17 10:58:55,2025-06-17,,,0,,0,,,False,False,False,False
7403543574036572829,VJT431  ,CL35,L2J,True,2025-06-06 18:31:50,2025-06-06,,,0,,0,,,False,False,False,False
7410108212714607173,GES321S ,C56X,L2J,True,2025-06-06 12:22:10,2025-06-06,125.000004,18.770189543279972,2,2650.0000848,1,2650.0000848,-45.26739718938279,True,True,True,False
7428414690692964852,RYR611T ,B738,L2J,True,2025-06-17 13:11:30,2025-06-17,3325.0001064000003,7.9728889557196885,1,,0,,,True,False,True,False
7444128351572763656,GNADE   ,B505,H1T,False,2025-06-19 08:40:00,2025-06-19,,,0,,0,,,False,False,False,False
7462739097395951578,2ANJA   ,,,False,2025-06-14 07:36:20,2025-06-14,1450.0000464000002,8.836604615919155,2,,0,,,True,False,True,False
7553774445070634708,GOLGE   ,SR20,,False,2025-06-19 12:49:15,2025-06-19,,,0,,0,,,False,False,False,False
7561143787181177178,SXN560  ,,,False,2025-06-19 08:50:35,2025-06-19,2200.0000704000004,3.7905534336649733,1,2200.0000704000004,1,,,True,True,True,False
7569788802994401048,GGCDB   ,SR20,L1P,False,2025-06-12 17:34:25,2025-06-12,,,0,,0,,,False,False,False,False
7574684495708734684,GBUFH   ,P28A,L1P,False,2025-06-21 08:59:55,2025-06-21,825.0000264,18.909061093523135,3,,0,,,True,False,True,False
7619271772415815074,GGCDB   ,SR20,L1P,False,2025-06-14 13:25:55,2025-06-14,1125.0000360000001,16.491515173502876,10,2300.0000736,1,,,True,True,True,False
7688662394623173068,RYR24GH ,B738,L2J,True,2025-06-22 18:55:05,2025-06-22,,,0,,0,,,False,False,False,False
7692384469289589309,ADRIANPG,,,False,2025-06-15 12:14:50,2025-06-15,,,0,,0,,,False,False,False,False
7723034100100799968,RYR4LN  ,,,False,2025-06-12 15:49:15,2025-06-12,25.0000008,18.74498059481247,1,,0,5025.0001608,2039.3478212978648,True,False,True,False
7724568202937839893,RYR560X ,B738,L2J,True,2025-06-07 17:01:15,2025-06-07,250.000008,18.189152978869124,2,3700.0001184,1,3700.0001184,307.20334531742856,True,True,True,False
7754748164894110797,HLE10   ,A169,H2T,False,2025-06-20 13:53:35,2025-06-20,225.0000072,19.334303366090523,2,,0,,,True,False,True,False
7801094267285587673,HLE56   ,EC35,H2T,False,2025-06-11 16:55:50,2025-06-11,,,0,,0,,,False,False,False,False
7805499459224394149,SRG175  ,A189,H2T,False,2025-06-05 04:45:25,2025-06-05,,,0,,0,,,False,False,False,False
7810533323283672083,GOLAJ   ,R44,H1P,False,2025-06-18 10:28:45,2025-06-18,275.00000880000005,16.685300328788514,3,,0,,,True,False,True,False
7818263673114193788,RYR24GH ,B738,L2J,True,2025-06-09 21:13:25,2025-06-09,,,0,,0,,,False,False,False,False
7818278126967928591,URO681A ,A346,L4J,True,2025-06-19 06:18:50,2025-06-19,,,0,,0,,,False,False,False,False
7821726809255770973,,T6,L1P,False,2025-06-20 09:03:30,2025-06-20,,,0,,0,,,False,False,False,False
7834733408188006951,GGCDB   ,SR20,L1P,False,2025-06-18 12:33:30,2025-06-18,,,0,,0,,,False,False,False,False
7846461412024293629,PM631   ,SPIT,L1P,False,2025-06-21 15:59:00,2025-06-21,1050.0000336,13.39600518725277,2,,0,,,True,False,True,False
7847779697473272441,RYR560X ,B738,L2J,True,2025-06-04 15:07:05,2025-06-04,4150.0001328,8.33145019123062,4,,0,,,True,False,True,False
7854744804587931584,RYR55SN ,A320,L2J,True,2025-06-12 10:19:30,2025-06-12,,,0,,0,,,False,False,False,False
7860764183887433058,GBTNV   ,P28A,L1P,False,2025-06-21 10:41:50,2025-06-21,3800.0001216,17.253850228030856,1,,0,,,True,False,True,False
7863362467381601244,GBTCJ   ,L8,L1P,False,2025-06-21 16:21:35,2025-06-21,,,0,,0,,,False,False,False,False
7864076558097167002,DGFSH71 ,A400,L4T,False,2025-06-17 17:04:30,2025-06-17,,,0,,0,,,False,False,False,False
7888344417552603981,AMBER1  ,FA20,L2J,True,2025-06-11 14:49:30,2025-06-11,,,0,,0,,,False,False,False,False
7902239294721465404,RYR73LA ,B38M,,False,2025-06-15 08:43:45,2025-06-15,2625.0000840000002,2.5634067836645333,1,2625.0000840000002,1,2625.0000840000002,-460.39861650750663,True,True,True,False
7903570740724787326,EXS2L   ,B738,L2J,True,2025-06-14 12:30:20,2025-06-14,1375.0000440000001,7.303573394287286,2,,0,,,True,False,True,False
7908442185735111764,GLYZA   ,G2CA,H1P,False,2025-06-20 15:47:40,2025-06-20,,,0,,0,,,False,False,False,False
7919145799065642886,TOM6HJ  ,B738,L2J,True,2025-06-23 13:19:35,2025-06-23,2375.0000760000003,2.2219395588360817,3,2375.0000760000003,3,2375.0000760000003,-370.1225320713743,True,True,True,False
7935513519138046009,TOM3XA  ,B738,L2J,True,2025-06-14 23:17:20,2025-06-14,2300.0000736,4.904721160956054,1,2300.0000736,1,,,True,True,True,False
7953543957128111663,GILDA   ,SPIT,L1P,False,2025-06-10 15:42:25,2025-06-10,,,0,,0,,,False,False,False,False
7965225368534918524,GCGCN   ,MCR1,L1P,False,2025-06-16 12:26:10,2025-06-16,,,0,,0,,,False,False,False,False
8007768887025524105,RYR55SN ,B738,L2J,True,2025-06-21 19:30:45,2025-06-21,2397.5807218838704,18.357091837862068,2,,0,,,True,False,True,False
8009090237473316834,GCICK   ,SPIT,L1P,False,2025-06-21 13:57:55,2025-06-21,,,0,,0,,,False,False,False,False
8039073357673361442,GVINA   ,AP22,L1P,False,2025-06-18 16:04:15,2025-06-18,,,0,,0,,,False,False,False,False
8040215221686735136,BLUE1   ,FA20,L2J,True,2025-06-11 09:40:05,2025-06-11,,,0,,0,,,False,False,False,False
8094017586375965491,GCDOK   ,C42,L1P,False,2025-06-16 13:24:45,2025-06-16,,,0,,0,,,False,False,False,False
8106662763665076791,GWHOG   ,ULAC,,False,2025-06-21 11:59:25,2025-06-21,,,0,,0,,,False,False,False,False
8110008595122581970,RYR59SF ,B38M,L2J,True,2025-06-22 20:21:05,2025-06-22,,,0,,0,,,False,False,False,False
8124551353763314342,GCISE   ,PULS,L1P,False,2025-06-04 13:41:25,2025-06-04,,,0,,0,,,False,False,False,False
8180584113917811229,RYR7148 ,B738,L2J,True,2025-06-23 10:57:45,2025-06-23,,,0,,0,,,False,False,False,False
8182960439823636518,BTNIA17 ,G115,L1P,False,2025-06-10 14:51:55,2025-06-10,,,0,,0,,,False,False,False,False
8250025414488291739,GCBCL   ,GLST,L1P,False,2025-06-14 10:51:10,2025-06-14,425.00001360000005,15.874356776412387,4,,0,,,True,False,True,False
8304478098384151075,GOJFA   ,PC12,L1T,False,2025-06-22 13:58:20,2025-06-22,1075.0000344,11.76303068586221,3,2425.0000775999997,2,2425.0000775999997,-575.5093077495621,True,True,True,False
8318421172859730929,GCDOK   ,C42,L1P,False,2025-06-13 16:57:40,2025-06-13,1700.0000544000002,18.603240112976327,1,,0,,,True,False,True,False
8322053864693845540,GOLAJ   ,R44,H1P,False,2025-06-18 12:43:30,2025-06-18,200.0000064,16.384373302741096,5,,0,,,True,False,True,False
8393197617709724240,RYR59SF ,B38M,L2J,True,2025-06-06 15:40:05,2025-06-06,100.0000032,18.739895616960432,2,3850.0001232,1,,,True,True,True,False
8394564577715098361,EXS3618 ,B738,L2J,True,2025-06-22 23:09:40,2025-06-22,3025.0000968000004,0.4137010742957167,1,3025.0000968000004,1,3025.0000968000004,-30.17623647954133,True,True,True,False
8399348913068049013,GBEWR   ,C172,L1P,False,2025-06-07 09:12:50,2025-06-07,425.00001360000005,17.227058903741845,13,,0,,,True,False,True,False
8414509710032067381,GBFUD   ,SF25,L1P,False,2025-06-20 12:26:50,2025-06-20,,,0,,0,,,False,False,False,False
8420408068674311712,RYR94FL ,,,False,2025-06-15 06:54:20,2025-06-15,2250.0000720000003,2.600464104620011,2,2250.0000720000003,1,2250.0000720000003,-419.18333543045674,True,True,True,False
8432160799485024432,TOM6785 ,B738,L2J,True,2025-06-15 21:55:55,2025-06-15,,,0,,0,,,False,False,False,False
8443650545970903635,2CHOP   ,,,False,2025-06-11 16:20:35,2025-06-11,800.0000256,3.393680464351855,12,800.0000256,5,,,True,True,True,False
8445803257275682930,GCMON   ,RV7,L1P,False,2025-06-23 17:59:55,2025-06-23,,,0,,0,,,False,False,False,False
8461419505283215160,EXS2L   ,B738,L2J,True,2025-06-07 12:50:45,2025-06-07,175.0000056,18.647720947541206,1,,0,,,True,False,True,False
8474110612381203199,GBUJP   ,P28A,L1P,False,2025-06-09 09:39:30,2025-06-09,1275.0000408,17.897887918316858,5,,0,,,True,False,True,False
8523338156941262380,GENEE   ,ULAC,,False,2025-06-17 11:18:25,2025-06-17,,,0,,0,,,False,False,False,False
8543463761238231744,GIINK   ,SR22,L1P,False,2025-06-17 11:20:10,2025-06-17,,,0,,0,,,False,False,False,False
8545024631111556598,GBBDE   ,P28R,L1P,False,2025-06-08 08:55:35,2025-06-08,,,0,,0,,,False,False,False,False
8554418579442534994,RYR73LA ,B738,L2J,True,2025-06-10 14:01:25,2025-06-10,2725.0000872,1.4730048439177825,1,2725.0000872,1,2725.0000872,-139.92459572232656,True,True,True,False
8561871518391444024,N7787   ,,,False,2025-06-19 09:12:40,2025-06-19,825.0000264,14.717289890591035,1,,0,,,True,False,True,False
8566372420566370410,GBEWR   ,C172,L1P,False,2025-06-13 11:59:55,2025-06-13,625.00002,16.08549723383448,3,,0,,,True,False,True,False
8616046189045888035,GMDSE   ,PC12,,False,2025-06-08 12:37:45,2025-06-08,2325.0000744000004,2.7488599103536857,4,2325.0000744000004,4,3422.7084428599987,238.8716967427613,True,True,True,False
8618552961930931924,GMODE   ,EC20,H1T,False,2025-06-18 16:44:30,2025-06-18,,,0,,0,,,False,False,False,False
8621027698260157822,RYR9ME  ,B738,L2J,True,2025-06-19 14:29:05,2025-06-19,,,0,,0,,,False,False,False,False
8622248467383602716,GOKTA   ,C42,L1P,False,2025-06-17 16:31:45,2025-06-17,,,0,,0,,,False,False,False,False
8648026847802698843,GBPAY   ,P28A,L1P,False,2025-06-23 10:23:50,2025-06-23,900.0000288,14.655998471698512,3,,0,,,True,False,True,False
8665250944613987699,GYROF   ,MM22,G1P,False,2025-06-15 11:15:30,2025-06-15,,,0,,0,,,False,False,False,False
8668075352404509619,URO681  ,A346,L4J,True,2025-06-09 13:06:10,2025-06-09,2275.0000728,0.7438619474369074,2,2275.0000728,1,2275.0000728,-768.3914923477823,True,True,True,False
8701614268436460272,EXS74H  ,B738,L2J,True,2025-06-23 13:36:20,2025-06-23,,,0,,0,,,False,False,False,False
8767210078658911626,JFA44Y  ,PC12,,False,2025-06-13 13:55:25,2025-06-13,2350.0000752,3.761234443627312,2,2350.0000752,2,2375.0000760000003,-393.33492249203346,True,True,True,False
8770458707215742730,RYR611T ,B738,L2J,True,2025-06-05 14:42:30,2025-06-05,300.0000096,18.642992481241695,1,,0,,,True,False,True,False
8814333349243643519,,D11,L1P,False,2025-06-19 18:48:10,2025-06-19,,,0,,0,,,False,False,False,False
8843630105683111255,GTWIS   ,TWST,L1P,False,2025-06-18 17:46:45,2025-06-18,1075.0000344,5.208688180656023,2,1075.0000344,2,,,True,True,True,False
8927631805524570730,RYR24GH ,B738,L2J,True,2025-06-05 19:39:05,2025-06-05,250.000008,18.75744417048047,4,2775.0000888,3,3250.000104,-263.86978030844875,True,True,True,False
8943352419419450299,JFA56E  ,PC12,L1T,False,2025-06-15 12:23:00,2025-06-15,2725.0000872,0.8611715572036112,2,2725.0000872,2,2725.0000872,-376.27836213698674,True,True,True,False
9018365232930567769,GOKTA   ,C42,L1P,False,2025-06-23 14:05:35,2025-06-23,,,0,,0,,,False,False,False,False
9063775995601934197,HLE10   ,A169,H2T,False,2025-06-20 12:59:55,2025-06-20,,,0,,0,,,False,False,False,False
9078174122083321876,EXS2L   ,B738,,False,2025-06-10 12:02:35,2025-06-10,2375.0000760000003,2.642062416630777,3,2375.0000760000003,3,2375.0000760000003,-487.812967177611,True,True,True,False
9080526944884044149,SXN40B  ,LJ40,L2J,True,2025-06-21 15:38:20,2025-06-21,,,0,,0,,,False,False,False,False
9150409253363644570,GCYRA   ,ULAC,,False,2025-06-16 13:42:30,2025-06-16,,,0,,0,,,False,False,False,False
9168003266246146548,RYR55SN ,B738,L2J,True,2025-06-10 08:44:05,2025-06-10,,,0,,0,,,False,False,False,False
9168588267159720653,RYR8TF  ,B738,L2J,True,2025-06-19 20:28:55,2025-06-19,,,0,,0,,,False,False,False,False
9214398266048613361,GFORB   ,NG5,,False,2025-06-16 17:23:10,2025-06-16,,,0,,0,,,False,False,False,False
9221291073708468220,TOM6HJ  ,B738,L2J,True,2025-06-09 13:24:55,2025-06-09,2250.0000720000003,2.391622848741364,3,2250.0000720000003,2,2250.0000720000003,-659.36091859924,True,True,True,False
9243882989216600085,LEJ220  ,C25A,L2J,True,2025-06-07 15:30:20,2025-06-07,1675.0000536,5.361482376570543,4,1675.0000536,2,,,True,True,True,False
9245727887829125447,GCFGZ   ,FDCT,L1P,False,2025-06-15 12:34:35,2025-06-15,,,0,,0,,,False,False,False,False
9272853759282801946,GOLGE   ,SR20,,False,2025-06-11 17:50:15,2025-06-11,,,0,,0,,,False,False,False,False
9272956922850230627,GOLAJ   ,R44,H1P,False,2025-06-08 09:53:00,2025-06-08,625.00002,15.653700040995858,2,,0,,,True,False,True,False
9308155389554435051,JFA53D  ,PC12,L1T,False,2025-06-17 17:31:30,2025-06-17,2175.0000696,1.9520415118818757,1,2175.0000696,1,2175.0000696,-1262.7017330084127,True,True,True,False
9313589903471702692,CRIMSON2,FA20,L2J,True,2025-06-20 11:34:30,2025-06-20,,,0,,0,,,False,False,False,False
9319144668047408509,GCIPG   ,NG5,L1P,False,2025-06-22 10:28:05,2025-06-22,,,0,,0,,,False,False,False,False
9381917600859588472,RYR7099 ,B738,L2J,True,2025-06-15 08:54:15,2025-06-15,,,0,,0,,,False,False,False,False
9393879883019217718,RYR9356 ,B738,L2J,True,2025-06-21 13:32:40,2025-06-21,,,0,,0,,,False,False,False,False
9406320562840441924,RYR55SN ,A320,L2J,True,2025-06-05 10:36:00,2025-06-05,275.00000880000005,18.43796835929302,1,,0,,,True,False,True,False
9450250127007507288,TOM57V  ,B738,L2J,True,2025-06-11 22:43:30,2025-06-11,,,0,,0,,,False,False,False,False
9451186833413529724,RUK179V ,B738,L2J,True,2025-06-11 11:54:20,2025-06-11,,,0,,0,,,False,False,False,False
9468195450422135802,GCBZX   ,MCR1,L1P,False,2025-06-21 13:09:25,2025-06-21,,,0,,0,,,False,False,False,False
9468515370881153697,GSKPP   ,EC20,H1T,False,2025-06-06 16:30:25,2025-06-06,,,0,,0,,,False,False,False,False
9528563029250308885,EXS147L ,B738,L2J,True,2025-06-18 11:37:20,2025-06-18,,,0,,0,2150.0000688,-476.8848116947729,False,False,False,False
9552143530804455850,GECJM   ,P28R,L1P,False,2025-06-14 13:47:40,2025-06-14,700.0000224,15.899896848947074,3,,0,,,True,False,True,False
9564459782196001326,TOM6339 ,B738,L2J,True,2025-06-04 10:49:20,2025-06-04,175.0000056,18.84224146544804,2,3998.5578202615397,1,,,True,True,True,False
9565930729422134841,GJJMM   ,MM24,G1P,False,2025-06-15 11:59:55,2025-06-15,,,0,,0,,,False,False,False,False
9576053049896292106,TOM67H  ,B738,L2J,True,2025-06-14 12:10:25,2025-06-14,,,0,,0,,,False,False,False,False
9667308074459111524,RYR560X ,B738,L2J,True,2025-06-21 17:55:50,2025-06-21,,,0,,0,,,False,False,False,False
9717046398533061578,SRD175  ,A189,H2T,False,2025-06-15 14:52:45,2025-06-15,,,0,,0,,,False,False,False,False
9725704434013538870,MGO117  ,GL7T,,False,2025-06-17 18:17:05,2025-06-17,,,0,,0,,,False,False,False,False
9749830973336131474,RYR611T ,B738,L2J,True,2025-06-18 20:27:10,2025-06-18,,,0,,0,,,False,False,False,False
9751553098687888408,TOM6109 ,B738,L2J,True,2025-06-23 22:37:20,2025-06-23,,,0,,0,,,False,False,False,False
9781483000038682627,EXS2LS  ,B738,L2J,True,2025-06-18 22:32:25,2025-06-18,,,0,,0,,,False,False,False,False
9802435268695735347,RYR94FL ,B738,L2J,True,2025-06-12 21:48:50,2025-06-12,,,0,,0,,,False,False,False,False
9811371720144622712,RYR7099 ,B738,L2J,True,2025-06-19 14:16:15,2025-06-19,,,0,,0,,,False,False,False,False
9812322883523772747,GARKM   ,PA22,L1P,False,2025-06-18 15:59:55,2025-06-18,,,0,,0,,,False,False,False,False
9842829587564657282,RYR59SF ,B738,L2J,True,2025-06-20 15:59:55,2025-06-20,,,0,,0,,,False,False,False,False
9849755734298107569,RYR55SN ,B738,L2J,True,2025-06-18 14:47:30,2025-06-18,,,0,,0,,,False,False,False,False
9867038790771656908,GBEWR   ,C172,L1P,False,2025-06-09 16:29:10,2025-06-09,675.0000216000001,15.448246279773755,2,,0,,,True,False,True,False
9867784895462354347,RYR46HP ,B738,L2J,True,2025-06-13 22:51:20,2025-06-13,,,0,,0,,,False,False,False,False
9905566961346529428,AMBER2  ,FA20,L2J,True,2025-06-12 09:43:35,2025-06-12,3125.0001,10.777587581715586,1,,0,,,True,False,True,False
9923964344080283175,RYR9EM  ,B738,L2J,True,2025-06-21 19:27:10,2025-06-21,,,0,,0,,,False,False,False,False
9947548112159497227,EXS147L ,B738,,False,2025-06-06 13:06:10,2025-06-06,150.0000048,18.335606329725543,3,2625.0000840000002,2,2625.0000840000002,-308.736492080734,True,True,True,False
10140438181098894942,GPLAN   ,C150,L1P,False,2025-06-19 10:55:50,2025-06-19,,,0,,0,,,False,False,False,False
10149086317637558693,GMA023  ,BE20,L2T,False,2025-06-04 20:24:40,2025-06-04,2150.0000688,0.4110516135531001,6,2150.0000688,4,2150.0000688,-1000.5891073920657,True,True,True,False
10158649952474053591,TOM6723 ,B738,L2J,True,2025-06-15 22:51:15,2025-06-15,2975.0000952000005,6.495419484092801,2,,0,,,True,False,True,False
10178380089307881855,GPLAN   ,C150,L1P,False,2025-06-16 11:35:20,2025-06-16,875.0000279999999,4.386031033903604,10,875.0000279999999,10,975.0000312,-2469.956128655116,True,True,True,True
10211383423744349950,GCMVT   ,,,False,2025-06-04 11:37:15,2025-06-04,,,0,,0,,,False,False,False,False
10214144984978970445,GBEWR   ,C172,L1P,False,2025-06-17 12:10:55,2025-06-17,725.0000232000001,14.823216901746523,2,,0,,,True,False,True,False
10220623419557005897,BWY40   ,FA20,L2J,True,2025-06-23 12:12:35,2025-06-23,1375.0000440000001,8.627377891405379,1,,0,,,True,False,True,False
10226553939026196433,RYR7099 ,B738,L2J,True,2025-06-22 08:42:50,2025-06-22,,,0,,0,,,False,False,False,False
10230337984458285003,BWY40   ,FA20,L2J,True,2025-06-11 10:13:20,2025-06-11,2800.0000896,12.043395990431899,5,,0,,,True,False,True,False
10248346280539289784,GBEWR   ,C172,L1P,False,2025-06-10 09:17:15,2025-06-10,400.0000128,15.617448298732604,4,,0,,,True,False,True,False
10260824674257007242,CRIMSON2,FA20,L2J,True,2025-06-09 15:54:00,2025-06-09,1600.0000512,7.946343412403825,4,1675.0000536,3,,,True,True,True,False
10263274220798793248,RYR73LA ,B38M,L2J,True,2025-06-08 08:29:40,2025-06-08,,,0,,0,,,False,False,False,False
10274898880162493539,RYR46HP ,B738,L2J,True,2025-06-22 11:06:25,2025-06-22,4650.000148800001,13.45000793246744,1,,0,,,True,False,True,False
10281545707559778942,EXS68Z  ,B738,,False,2025-06-09 22:11:55,2025-06-09,,,0,,0,,,False,False,False,False
10289595415980364027,SUZ3    ,BE20,L2T,False,2025-06-19 10:43:05,2025-06-19,,,0,,0,,,False,False,False,False
10292539040999577059,AMBER3  ,FA20,L2J,True,2025-06-19 10:13:20,2025-06-19,,,0,,0,,,False,False,False,False
10330206800356919547,AMBER4  ,FA20,L2J,True,2025-06-12 13:29:05,2025-06-12,50.0000016,18.736500462053964,5,2025.0000648,3,,,True,True,True,False
10338148070768511780,PM631   ,SPIT,L1P,False,2025-06-04 07:59:35,2025-06-04,,,0,,0,,,False,False,False,False
10366538394877678257,GBYJS   ,TB20,L1P,False,2025-06-15 12:20:05,2025-06-15,,,0,,0,,,False,False,False,False
10392219721361287116,EXS64DM ,B738,,False,2025-06-05 13:51:20,2025-06-05,300.0000096,18.687133392372946,2,2625.0000840000002,1,,,True,True,True,False
10443407951176734122,GBUJP   ,P28A,L1P,False,2025-06-14 14:19:50,2025-06-14,,,0,,0,,,False,False,False,False
10461707345484960394,LJC7    ,,,False,2025-06-08 17:59:55,2025-06-08,1775.0000568,6.042035604852037,1,6975.0002232,1,6975.0002232,4040.054825384017,True,True,True,False
10477778811178662277,GCDOK   ,C42,L1P,False,2025-06-16 11:28:35,2025-06-16,,,0,,0,,,False,False,False,False
10510426096554408187,RYR8TF  ,B738,L2J,True,2025-06-12 21:43:15,2025-06-12,2675.0000856,1.739975353502092,2,2675.0000856,2,2675.0000856,-143.17010816512675,True,True,True,False
10532521984948337386,GCICK   ,SPIT,L1P,False,2025-06-22 10:23:30,2025-06-22,1225.0000392,2.779260385325552,1,1225.0000392,1,3425.0001096,780.5932886779174,True,True,True,False
10562896158650969438,RYR90UB ,B738,L2J,True,2025-06-14 22:41:50,2025-06-14,2875.000092,4.4281367655560215,1,2875.000092,1,,,True,True,True,False
10589522406608901390,GSKPP   ,EC20,H1T,False,2025-06-18 11:37:10,2025-06-18,600.0000192,19.3922799655851,10,,0,,,True,False,True,False
10594273786260927734,CASTLE10,,,False,2025-06-04 17:59:55,2025-06-04,,,0,,0,,,False,False,False,False
10600259396908025601,TOM5JB  ,B738,L2J,True,2025-06-15 12:38:45,2025-06-15,2525.0000808,1.001907278844918,1,2525.0000808,1,2525.0000808,-422.0337328674,True,True,True,False
10602349850578819496,TOM7KX  ,B738,L2J,True,2025-06-10 22:29:20,2025-06-10,,,0,,0,,,False,False,False,False
10611211044701617532,RYR55SN ,A320,L2J,True,2025-06-19 09:43:50,2025-06-19,,,0,,0,,,False,False,False,False
10645214552420697837,BDN065  ,,,False,2025-06-05 13:57:20,2025-06-05,,,0,,0,,,False,False,False,False
10700145883374887703,EXS339E ,B738,L2J,True,2025-06-12 20:46:20,2025-06-12,,,0,,0,,,False,False,False,False
10713081385472449800,BRJ106  ,C25A,L2J,True,2025-06-15 16:59:55,2025-06-15,,,0,,0,,,False,False,False,False
10730407670019636195,GCRIL   ,AC11,L1P,False,2025-06-18 10:50:50,2025-06-18,1600.0000512,3.800865809288883,6,1600.0000512,6,1750.0000559999999,-1350.7271393234537,True,True,True,True
10766919595767867338,TOM3XB  ,B738,L2J,True,2025-06-20 12:13:25,2025-06-20,,,0,,0,,,False,False,False,False
10772449701382742212,GBTNV   ,P28A,L1P,False,2025-06-15 10:10:40,2025-06-15,,,0,,0,,,False,False,False,False
10806092668442574548,RYR24GH ,B38M,L2J,True,2025-06-20 13:15:55,2025-06-20,,,0,,0,,,False,False,False,False
10824381956504240986,GLEGD   ,,,False,2025-06-20 13:02:20,2025-06-20,,,0,,0,,,False,False,False,False
10831176273391521651,GPKHA   ,PC12,L1T,False,2025-06-10 12:13:45,2025-06-10,,,0,,0,,,False,False,False,False
10831792438084642177,GGDKR   ,DR40,L1P,False,2025-06-13 13:09:20,2025-06-13,,,0,,0,,,False,False,False,False
10839309168881981415,GBEWR   ,C172,L1P,False,2025-06-18 13:43:25,2025-06-18,625.00002,16.081685363796645,1,,0,,,True,False,True,False
10890433193251255037,TOM6687 ,B738,L2J,True,2025-06-14 22:59:20,2025-06-14,4110.4167982,18.668040673412683,1,,0,,,True,False,True,False
10931485849483688525,FRA83   ,FA20,L2J,True,2025-06-09 11:36:05,2025-06-09,1250.00004,9.529237651079251,2,,0,,,True,False,True,False
10936494062016652062,GPHTG   ,TOBA,L1P,False,2025-06-08 10:41:30,2025-06-08,,,0,,0,,,False,False,False,False
10949658143612940253,TOM57V  ,B738,L2J,True,2025-06-18 22:28:20,2025-06-18,,,0,,0,,,False,False,False,False
10961865231443230488,HLE10   ,A169,H2T,False,2025-06-18 11:38:35,2025-06-18,,,0,,0,,,False,False,False,False
10961882382638291575,EXS68Z  ,B738,L2J,True,2025-06-13 22:55:45,2025-06-13,,,0,,0,,,False,False,False,False
10962813277394202882,BTNIA18 ,G115,L1P,False,2025-06-09 10:31:55,2025-06-09,,,0,,0,,,False,False,False,False
10991583529409825233,RYR94FL ,B38M,,False,2025-06-08 07:08:20,2025-06-08,2500.00008,3.6096575515127607,1,2500.00008,1,,,True,True,True,False
11010563494157726906,GHPWA   ,RV8,L1P,False,2025-06-15 15:23:40,2025-06-15,,,0,,0,,,False,False,False,False
11025561358065580248,RYR94FL ,B738,L2J,True,2025-06-13 13:13:00,2025-06-13,,,0,,0,,,False,False,False,False
11059510450563794331,GCDOK   ,C42,L1P,False,2025-06-16 09:45:35,2025-06-16,,,0,,0,,,False,False,False,False
11113233084126078373,GCISE   ,PULS,L1P,False,2025-06-08 13:40:30,2025-06-08,,,0,,0,,,False,False,False,False
11127071048724780055,RYR8TF  ,B738,L2J,True,2025-06-08 17:52:45,2025-06-08,,,0,,0,,,False,False,False,False
11151795424405608571,GHBBH   ,C42,L1P,False,2025-06-11 11:59:55,2025-06-11,,,0,,0,,,False,False,False,False
11168580222140358673,EXS66Q  ,B738,,False,2025-06-13 22:24:20,2025-06-13,,,0,,0,,,False,False,False,False
11181927138144899253,GAWYJ   ,PUP,L1P,False,2025-06-20 09:59:55,2025-06-20,,,0,,0,,,False,False,False,False
11182507015299209526,EXS4HW  ,B738,,False,2025-06-18 12:39:10,2025-06-18,,,0,,0,,,False,False,False,False
11183854124619250799,GMA19   ,BE20,L2T,False,2025-06-23 11:05:45,2025-06-23,600.0000192,14.872075790939482,3,1900.0000608,1,,,True,True,True,False
11209578928553630258,RYR8TF  ,B738,L2J,True,2025-06-15 17:45:20,2025-06-15,2200.0000704000004,2.566507992547815,1,2200.0000704000004,1,2200.0000704000004,-483.8794220684849,True,True,True,False
11224633389963901250,RYR24GH ,B738,L2J,True,2025-06-19 19:49:05,2025-06-19,,,0,,0,,,False,False,False,False
11276278905797734311,FSF204A ,PC12,L1T,False,2025-06-09 09:06:40,2025-06-09,2200.0000704000004,2.6819230926180286,1,2200.0000704000004,1,2200.0000704000004,-459.596074804871,True,True,True,False
11277877691625513521,SRD175  ,A189,H2T,False,2025-06-15 15:32:40,2025-06-15,,,0,,0,,,False,False,False,False
11280836493109785137,,C172,L1P,False,2025-06-04 13:12:10,2025-06-04,,,0,,0,,,False,False,False,False
11300612262079907808,URO601  ,A346,L4J,True,2025-06-07 11:12:25,2025-06-07,125.000004,18.93441901469994,2,2675.0000856,1,2675.0000856,-677.2557407511626,True,True,True,False
11337884329057393146,RYR90UB ,B738,L2J,True,2025-06-12 15:23:30,2025-06-12,25.0000008,18.7246411188602,1,,0,,,True,False,True,False
11340043414943544617,GBEWR   ,C172,L1P,False,2025-06-10 15:23:40,2025-06-10,1100.0000352000002,19.552847805601495,3,,0,,,True,False,True,False
11369339513549699972,BWY40   ,FA20,L2J,True,2025-06-18 11:15:40,2025-06-18,1150.0000368,9.066618837803865,2,,0,,,True,False,True,False
11379854549763998880,MZPGJ   ,,,False,2025-06-11 06:41:25,2025-06-11,2350.0000752,7.323562040247458,1,,0,,,True,False,True,False
11416349046205577230,RYR8947 ,B738,L2J,True,2025-06-20 13:55:50,2025-06-20,,,0,,0,,,False,False,False,False
11421289662048216744,HLE10   ,A169,H2T,False,2025-06-13 17:29:50,2025-06-13,,,0,,0,,,False,False,False,False
11450887920769188564,RYR611T ,,,False,2025-06-22 12:18:25,2025-06-22,2825.0000904000003,1.8551155533539578,1,2825.0000904000003,1,2825.0000904000003,23.49146800344215,True,True,True,False
11469532229219090487,EXS15Q  ,B738,,False,2025-06-04 22:45:40,2025-06-04,150.0000048,18.87009122576923,3,,0,3400.0001088000004,432.30299199305136,True,False,True,False
11481466939195198753,RYR46HP ,B738,L2J,True,2025-06-11 21:50:15,2025-06-11,,,0,,0,,,False,False,False,False
11488431017371984521,TOM16H  ,B738,L2J,True,2025-06-15 10:51:45,2025-06-15,,,0,,0,,,False,False,False,False
11516273205781586062,MBE03   ,BE20,L2T,False,2025-06-16 09:32:25,2025-06-16,1075.0000344,8.96842402740753,1,,0,,,True,False,True,False
11528298179641062319,RYR611T ,B738,L2J,True,2025-06-16 19:04:25,2025-06-16,,,0,,0,,,False,False,False,False
11533134422417453774,BLUE1   ,FA20,L2J,True,2025-06-20 11:35:55,2025-06-20,2675.0000856,12.502978809107866,1,,0,,,True,False,True,False
11572827742265211494,OEFUB   ,DA42,L2P,False,2025-06-20 12:17:15,2025-06-20,3750.00012,17.760612774012557,1,,0,,,True,False,True,False
11573866384134210435,LNX21AX ,C56X,L2J,True,2025-06-07 08:10:50,2025-06-07,2675.0000856,2.9636311862296694,1,2675.0000856,1,2675.0000856,48.6260192404925,True,True,True,False
11588877432283726292,TOM2TG  ,B738,L2J,True,2025-06-13 23:19:20,2025-06-13,,,0,,0,,,False,False,False,False
11596706558912418291,CZMI    ,SKRA,L1P,False,2025-06-18 17:28:50,2025-06-18,700.0000224,9.417134448234876,12,950.0000304,7,,,True,True,True,False
11607550834073481720,SAH53P  ,BE4W,,False,2025-06-08 19:07:30,2025-06-08,2275.0000728,4.479572546606642,1,2275.0000728,1,,,True,True,True,False
11619859719649641606,RYR55SN ,B738,L2J,True,2025-06-22 14:25:05,2025-06-22,,,0,,0,,,False,False,False,False
11636316642808043561,AMQ1M   ,G280,L2J,True,2025-06-08 19:25:50,2025-06-08,1775.0000568,3.917186771193113,3,1775.0000568,2,,,True,True,True,False
11652116661445090252,EXS147L ,B738,,False,2025-06-16 12:51:30,2025-06-16,,,0,,0,,,False,False,False,False
11677917451675825236,RYR8TF  ,B738,L2J,True,2025-06-05 20:13:30,2025-06-05,225.0000072,18.941529237826835,1,,0,,,True,False,True,False
11690507198193844583,GMA023  ,BE20,L2T,False,2025-06-20 03:18:15,2025-06-20,,,0,,0,,,False,False,False,False
11692922469254518577,GHBBH   ,C42,L1P,False,2025-06-16 14:49:15,2025-06-16,,,0,,0,,,False,False,False,False
11695329817062741762,FSF200A ,PC12,,False,2025-06-23 07:26:00,2025-06-23,200.0000064,16.953793897701576,4,2000.000064,3,,,True,True,True,False
11779854435309468471,GCDOK   ,C42,L1P,False,2025-06-13 11:48:25,2025-06-13,,,0,,0,,,False,False,False,False
11836433760655458646,GCFTO   ,C42,L1P,False,2025-06-21 08:45:15,2025-06-21,,,0,,0,,,False,False,False,False
11891912808175964647,TOM8BJ  ,B738,L2J,True,2025-06-19 21:56:15,2025-06-19,,,0,,0,,,False,False,False,False
11952327328645315699,RYR9356 ,B738,L2J,True,2025-06-04 09:22:15,2025-06-04,,,0,,0,,,False,False,False,False
11997486056052298839,VJH728  ,E35L,L2J,True,2025-06-17 16:33:40,2025-06-17,,,0,,0,,,False,False,False,False
11998508855760241935,GBUFH   ,P28A,L1P,False,2025-06-14 10:40:05,2025-06-14,1600.0000512,18.789999812870338,1,,0,,,True,False,True,False
12004026641560878057,GFLXY   ,P28A,L1P,False,2025-06-13 12:29:05,2025-06-13,1450.0000464000002,3.7606440516515103,7,1450.0000464000002,6,,,True,True,True,False
12008536890052771456,GCLKB   ,C172,L1P,False,2025-06-08 15:01:45,2025-06-08,1575.0000504,3.8818960534709945,12,1575.0000504,9,1600.0000512,-1537.7040188521376,True,True,True,True
12035636298028783559,GAC035Y ,C510,L2J,True,2025-06-06 20:16:25,2025-06-06,2125.0000680000003,2.038978685714283,1,2125.0000680000003,1,2125.0000680000003,-678.722416733634,True,True,True,False
12042353283409982076,RYR24GH ,B738,L2J,True,2025-06-15 19:14:35,2025-06-15,,,0,,0,,,False,False,False,False
12073677136867275218,RYR611T ,B38M,,False,2025-06-09 18:57:15,2025-06-09,,,0,,0,,,False,False,False,False
12112776979481875257,GBEWR   ,C172,L1P,False,2025-06-08 14:08:05,2025-06-08,325.0000104,16.014913834459545,38,,0,,,True,False,True,False
12113974254132389552,RYR611T ,B738,L2J,True,2025-06-04 20:19:10,2025-06-04,150.0000048,18.77269813872957,1,,0,,,True,False,True,False
12126663944390618778,HLE22   ,B429,H2T,False,2025-06-05 11:16:35,2025-06-05,,,0,,0,,,False,False,False,False
12156364141399285058,EXS74H  ,B738,L2J,True,2025-06-06 11:58:15,2025-06-06,100.0000032,18.686753716799394,1,,0,,,True,False,True,False
12169402444556052244,GOHWK   ,B06,H1T,False,2025-06-15 15:59:55,2025-06-15,,,0,,0,,,False,False,False,False
12203679998995478249,EXS2L   ,B738,L2J,True,2025-06-21 12:45:55,2025-06-21,,,0,,0,,,False,False,False,False
12211894408519057627,GCZSC   ,CRUZ,L1P,False,2025-06-14 14:06:10,2025-06-14,1200.0000384,16.622766654109807,3,,0,,,True,False,True,False
12213744790467777448,NJE041W ,C56X,L2J,True,2025-06-11 16:25:45,2025-06-11,,,0,,0,,,False,False,False,False
12222800149287181152,SLAYR1  ,H64,,False,2025-06-11 16:39:20,2025-06-11,,,0,,0,,,False,False,False,False
12262591299282730066,GOJVL   ,RV6,L1P,False,2025-06-08 10:48:30,2025-06-08,750.000024,16.459426300937928,2,,0,,,True,False,True,False
12287339389225867553,GBHPZ   ,C172,L1P,False,2025-06-14 15:51:40,2025-06-14,,,0,,0,,,False,False,False,False
12310407062436293598,GGCDB   ,SR20,L1P,False,2025-06-13 12:18:50,2025-06-13,675.0000216000001,15.94073594351725,1,,0,,,True,False,True,False
12325041381434892245,RYR560X ,B738,L2J,True,2025-06-14 17:48:45,2025-06-14,3475.0001112,2.8672274161591833,1,3475.0001112,1,3475.0001112,-102.9642352190076,True,True,True,False
12325498065183976624,RYR3KY  ,B738,L2J,True,2025-06-21 08:43:45,2025-06-21,,,0,,0,,,False,False,False,False
12341779229229839257,URO601  ,A346,L4J,True,2025-06-12 11:16:25,2025-06-12,,,0,,0,,,False,False,False,False
12361701631816056221,,C42,L1P,False,2025-06-13 10:26:25,2025-06-13,,,0,,0,,,False,False,False,False
12374538487758742921,GEGGZ   ,SKRA,L1P,False,2025-06-16 14:59:35,2025-06-16,,,0,,0,,,False,False,False,False
12384699841437685632,RYR9EM  ,B738,L2J,True,2025-06-17 05:49:45,2025-06-17,,,0,,0,,,False,False,False,False
12398248440748228630,,,,False,2025-06-14 15:59:55,2025-06-14,,,0,,0,,,False,False,False,False
12416143852366252122,GBEWR   ,C172,L1P,False,2025-06-13 14:30:30,2025-06-13,300.0000096,16.694901674705534,4,,0,,,True,False,True,False
12431563944580522799,GBUFH   ,P28A,L1P,False,2025-06-14 15:40:50,2025-06-14,800.0000256,15.684590721164275,4,,0,,,True,False,True,False
12464947911081170134,RYR7148 ,B738,L2J,True,2025-06-09 10:35:55,2025-06-09,,,0,,0,,,False,False,False,False
12500864246768259987,RYR7148 ,B738,L2J,True,2025-06-10 07:19:15,2025-06-10,,,0,,0,,,False,False,False,False
12506076196164837295,GBOHA   ,P28A,L1P,False,2025-06-21 13:42:00,2025-06-21,1400.0000448,17.109675837451437,7,,0,,,True,False,True,False
12507052646586666596,AMBER1  ,FA20,L2J,True,2025-06-05 12:36:50,2025-06-05,300.0000096,18.746127252280694,5,2275.0000728,3,,,True,True,True,False
12518067321175820378,VQBIJ   ,F2TH,L2J,True,2025-06-23 10:08:15,2025-06-23,2146.7742622451615,18.605894614408516,3,2925.0000936,2,2950.0000944000003,-82.5272304645423,True,True,True,False
12518789084374810363,NJE025D ,E55P,L2J,True,2025-06-13 12:51:15,2025-06-13,2325.0000744000004,2.020918716650678,2,2325.0000744000004,2,2325.0000744000004,-459.14753798110723,True,True,True,False
12523311096453482389,GCFTO   ,C42,L1P,False,2025-06-16 09:59:55,2025-06-16,,,0,,0,,,False,False,False,False
12526065250526555408,EMC7    ,PC12,,False,2025-06-07 11:09:10,2025-06-07,2675.0000856,3.8392095138241666,1,2675.0000856,1,,,True,True,True,False
12544140415548313613,RYR94FL ,B738,L2J,True,2025-06-20 13:59:55,2025-06-20,,,0,,0,,,False,False,False,False
12562502276839185525,EXS9WF  ,B738,L2J,True,2025-06-09 23:43:15,2025-06-09,,,0,,0,,,False,False,False,False
12572018970805388813,GBEWR   ,C172,L1P,False,2025-06-09 17:17:15,2025-06-09,900.0000288,16.663222062670634,3,,0,,,True,False,True,False
12583268078034596228,TOM61L  ,B738,L2J,True,2025-06-10 14:38:05,2025-06-10,2350.0000752,3.2448624946893108,1,2350.0000752,1,,,True,True,True,False
12585417154195074834,TOM793  ,B738,L2J,True,2025-06-09 23:15:05,2025-06-09,,,0,,0,,,False,False,False,False
12603226670364476583,GCBZX   ,MCR1,L1P,False,2025-06-14 13:28:00,2025-06-14,225.0000072,16.757139029107154,3,,0,,,True,False,True,False
12646020672947531104,GCZSC   ,CRUZ,L1P,False,2025-06-14 12:09:40,2025-06-14,1600.0000512,17.930011853432354,2,,0,,,True,False,True,False
12678116967674793724,GOLAJ   ,R44,H1P,False,2025-06-22 14:22:40,2025-06-22,800.0000256,5.238034782106874,4,800.0000256,1,,,True,True,True,False
12685202480149994440,RYR59SF ,B738,L2J,True,2025-06-17 20:39:35,2025-06-17,2150.0000688,1.6886210311361316,1,2150.0000688,1,2150.0000688,-694.5094412937297,True,True,True,False
12711094161052412611,RYR90UB ,B738,L2J,True,2025-06-20 10:40:20,2025-06-20,,,0,,0,,,False,False,False,False
12725180828008344363,EXS64DM ,B738,,False,2025-06-12 13:36:35,2025-06-12,100.0000032,18.270698859280873,1,,0,,,True,False,True,False
12738618400513000425,GBEWR   ,C172,L1P,False,2025-06-18 17:17:50,2025-06-18,575.0000184,15.324160831159405,1,,0,,,True,False,True,False
12750197075052849642,TOM8BJ  ,B738,L2J,True,2025-06-12 22:08:05,2025-06-12,,,0,,0,,,False,False,False,False
12752225763162531808,GBUFH   ,P28A,L1P,False,2025-06-17 13:27:10,2025-06-17,600.0000192,16.007755805266395,3,,0,,,True,False,True,False
12776163309897385580,RYR8945 ,B738,L2J,True,2025-06-08 20:38:20,2025-06-08,,,0,,0,,,False,False,False,False
12783484338723840136,N24CA   ,,,False,2025-06-17 08:17:05,2025-06-17,925.0000296,12.815063553451141,1,,0,,,True,False,True,False
12802258359870744425,AMBER1  ,FA20,L2J,True,2025-06-23 19:49:30,2025-06-23,1300.0000416,9.789909801802287,2,,0,,,True,False,True,False
12836567649389013414,AMBER3  ,FA20,L2J,True,2025-06-12 12:44:45,2025-06-12,,,0,,0,,,False,False,False,False
12840166870917434897,,EC20,H1T,False,2025-06-08 11:13:30,2025-06-08,,,0,,0,,,False,False,False,False
12842151672574847286,N321FF  ,M20T,L1P,False,2025-06-08 09:22:25,2025-06-08,,,0,,0,,,False,False,False,False
12848961718281326062,BRMIDE91,FA20,L2J,True,2025-06-09 11:50:35,2025-06-09,2250.0000720000003,2.0257617167446416,2,2250.0000720000003,2,2250.0000720000003,-686.4957634273705,True,True,True,False
12883510694836131732,GBEWR   ,C172,L1P,False,2025-06-09 14:15:50,2025-06-09,700.0000224,16.275696406624828,4,,0,,,True,False,True,False
12950419461428940098,TOM5GB  ,B738,L2J,True,2025-06-19 11:24:05,2025-06-19,2675.0000856,7.933663303233197,1,,0,,,True,False,True,False
12971649716435615260,RYR7148 ,B38M,L2J,True,2025-06-11 16:02:00,2025-06-11,,,0,,0,,,False,False,False,False
12994490892518033679,HLE10   ,A169,H2T,False,2025-06-04 13:10:55,2025-06-04,600.0000192,18.882231766323503,4,,0,,,True,False,True,False
13008846444286367231,GVFAS   ,P28R,L1P,False,2025-06-10 10:56:35,2025-06-10,500.000016,15.994397304556593,8,1100.0000352000002,4,1800.0000576,-945.3451837546888,True,True,True,True
13013034378166500386,RUK179V ,B738,L2J,True,2025-06-04 11:47:00,2025-06-04,150.0000048,18.775415502709578,3,,0,,,True,False,True,False
13071538341234449420,RYR2CT  ,A320,L2J,True,2025-06-07 05:56:05,2025-06-07,3050.0000976,0.6469114576340268,3,3050.0000976,3,3050.0000976,-15.439066299653405,True,True,True,False
13099479001342828509,GMA023  ,BE20,L2T,False,2025-06-23 20:36:05,2025-06-23,1900.0000608,2.1667370970656954,3,1900.0000608,2,1900.0000608,-1142.9273154312677,True,True,True,True
13099859576166564799,GOLGE   ,SR20,,False,2025-06-21 14:44:25,2025-06-21,1125.0000360000001,16.51440331109278,2,,0,,,True,False,True,False
13100056527537149776,BLUE2   ,FA20,L2J,True,2025-06-13 09:07:45,2025-06-13,1425.0000456,10.633653288275237,2,,0,,,True,False,True,False
13126090200820688369,EXS51Y  ,B738,L2J,True,2025-06-15 15:09:30,2025-06-15,2200.0000704000004,3.2711909522455067,1,2200.0000704000004,1,6440.486931759288,3317.119844349209,True,True,True,False
13137153815560592918,TJS6    ,C525,L2J,True,2025-06-08 13:21:30,2025-06-08,2800.0000896,5.757361360375444,3,2800.0000896,1,2825.0000904000003,-84.1774606425306,True,True,True,False
13169108174465941765,GTCHI   ,SPIT,L1P,False,2025-06-23 14:21:20,2025-06-23,,,0,,0,,,False,False,False,False
13177235772152733232,CLF241A ,E550,,False,2025-06-05 19:08:15,2025-06-05,300.0000096,18.53670208508642,3,1800.0000576,1,,,True,True,True,False
13181828426636061628,RYR24GH ,B738,L2J,True,2025-06-23 21:27:25,2025-06-23,2400.0000768,9.87963309387909,1,,0,,,True,False,True,False
13189877293088551933,GMA023  ,BE20,L2T,False,2025-06-13 18:36:40,2025-06-13,,,0,,0,,,False,False,False,False
13214716741312615544,AMQ1M   ,G280,L2J,True,2025-06-16 06:41:50,2025-06-16,1550.0000496,5.717148516131056,2,1550.0000496,1,,,True,True,True,False
13260103722245101349,RYR24GH ,B738,L2J,True,2025-06-14 22:08:15,2025-06-14,3050.0000976,2.887316955346734,1,3050.0000976,1,3050.0000976,51.270476452480125,True,True,True,False
13296522166115020580,TOM8VY  ,B738,L2J,True,2025-06-04 11:53:05,2025-06-04,200.0000064,18.330520728766125,3,2675.0000856,2,2675.0000856,-224.18989887699445,True,True,True,False
13297884924354102322,EXS47K  ,B738,L2J,True,2025-06-10 16:20:30,2025-06-10,2350.0000752,2.2214216699545624,3,2350.0000752,3,2375.0000760000003,-506.1781534580805,True,True,True,False
13342479063003153090,BTNIA12 ,G115,L1P,False,2025-06-06 11:07:00,2025-06-06,,,0,,0,,,False,False,False,False
13343389053399624360,GGLHI   ,SKRA,L1P,False,2025-06-16 15:48:15,2025-06-16,,,0,,0,,,False,False,False,False
13347561024931437467,RYR8945 ,B738,L2J,True,2025-06-23 14:10:50,2025-06-23,2850.0000912,2.7923266646545937,1,2850.0000912,1,2850.0000912,3.727661315657315,True,True,True,False
13367890490891833619,T7IRL   ,GA7C,,False,2025-06-10 09:52:55,2025-06-10,,,0,,0,,,False,False,False,False
13374806933487980683,GDBOD   ,C172,L1P,False,2025-06-08 14:24:00,2025-06-08,,,0,,0,,,False,False,False,False
13377490541539058115,RYR39HE ,B738,,False,2025-06-23 20:28:50,2025-06-23,,,0,,0,,,False,False,False,False
13405849297878394818,EXS3618 ,B738,L2J,True,2025-06-19 14:57:10,2025-06-19,,,0,,0,,,False,False,False,False
13429124615687290251,GWPDD   ,EC35,H2T,False,2025-06-04 10:29:30,2025-06-04,,,0,,0,,,False,False,False,False
13434235438093474379,MPC003  ,,,False,2025-06-04 16:41:00,2025-06-04,175.0000056,18.7246411188602,3,3100.0000992,2,3100.0000992,-196.949707920513,True,True,True,False
13463967421034994385,FSF610A ,PC12,,False,2025-06-10 08:18:10,2025-06-10,1900.0000608,1.7393465732512612,2,1900.0000608,2,1900.0000608,-929.9032671315849,True,True,True,True
13491246759020166366,MONEY   ,C25M,,False,2025-06-06 10:18:40,2025-06-06,1250.00004,11.766374577529334,2,2625.0000840000002,1,2625.0000840000002,-541.8591306324752,True,True,True,False
13500952671937350942,RYR73LA ,B38M,,False,2025-06-22 08:10:40,2025-06-22,4738.114905718035,18.718409555420664,1,,0,,,True,False,True,False
13508606969475580060,URO681A ,A346,L4J,True,2025-06-13 17:50:40,2025-06-13,,,0,,0,,,False,False,False,False
13520917147370538956,GEDWA   ,A109,H2T,False,2025-06-16 10:36:55,2025-06-16,,,0,,0,,,False,False,False,False
13533507949574163234,N936CT  ,S22T,L1P,False,2025-06-20 11:29:30,2025-06-20,,,0,,0,,,False,False,False,False
13581064581113456487,URO681  ,A346,L4J,True,2025-06-14 13:01:20,2025-06-14,1375.0000440000001,8.981257876932395,2,,0,,,True,False,True,False
13582742652072751428,GICRR   ,AR11,L1P,False,2025-06-18 15:58:20,2025-06-18,,,0,,0,,,False,False,False,False
13594106226123744782,EXS9WF  ,B738,L2J,True,2025-06-24 00:41:25,2025-06-23,,,0,,0,,,False,False,False,False
13597038731870127778,AMBER3  ,FA20,L2J,True,2025-06-17 15:47:10,2025-06-17,1100.0000352000002,8.33755371055266,2,,0,,,True,False,True,False
13624357022823918204,TOM6723 ,B738,L2J,True,2025-06-08 22:24:20,2025-06-08,,,0,,0,,,False,False,False,False
13656188896665835567,RYR8945 ,B738,L2J,True,2025-06-15 21:35:40,2025-06-15,,,0,,0,,,False,False,False,False
13661437157141722776,HLE22   ,B429,H2T,False,2025-06-06 09:30:10,2025-06-06,850.0000272000001,19.425651678994235,1,,0,,,True,False,True,False
13689317090510410323,GBUFH   ,P28A,L1P,False,2025-06-18 10:47:20,2025-06-18,625.00002,16.412801985028796,8,,0,,,True,False,True,False
13704742059370168229,RYR2CT  ,A320,L2J,True,2025-06-18 16:52:15,2025-06-18,,,0,,0,,,False,False,False,False
13736112450088268636,GBWUH   ,P28A,L1P,False,2025-06-23 13:50:40,2025-06-23,,,0,,0,,,False,False,False,False
13750668451011869765,BLUE1   ,FA20,L2J,True,2025-06-04 09:43:55,2025-06-04,175.0000056,18.767613410058264,3,,0,,,True,False,True,False
13785005122902037674,EXS2LS  ,B738,L2J,True,2025-06-04 23:34:15,2025-06-04,175.0000056,18.909007100976424,3,2150.0000688,1,,,True,True,True,False
13803165703826887500,AMBER1  ,FA20,L2J,True,2025-06-10 09:42:25,2025-06-10,2350.0000752,4.098408863436472,1,2350.0000752,1,,,True,True,True,False
13816193307425956843,GBXDI   ,DHC1,L1P,False,2025-06-18 16:56:50,2025-06-18,,,0,,0,,,False,False,False,False
13823204858658225846,GNXOE   ,C172,L1P,False,2025-06-14 15:54:40,2025-06-14,,,0,,0,,,False,False,False,False
13837997788168681185,TOM5XY  ,B738,L2J,True,2025-06-18 22:21:05,2025-06-18,,,0,,0,,,False,False,False,False
13845635732822947757,GBEWR   ,C172,L1P,False,2025-06-06 15:32:10,2025-06-06,325.0000104,17.223596445220878,3,,0,,,True,False,True,False
13855935035029277355,RUK179V ,B738,L2J,True,2025-06-23 11:09:30,2025-06-23,,,0,,0,,,False,False,False,False
13874319190383321086,TOM5XY  ,B738,L2J,True,2025-06-11 22:13:30,2025-06-11,,,0,,0,,,False,False,False,False
13881339554482846009,RYR560X ,B738,L2J,True,2025-06-18 14:44:25,2025-06-18,,,0,,0,,,False,False,False,False
13883384920647318167,GBBDE   ,P28R,L1P,False,2025-06-11 10:30:25,2025-06-11,,,0,,0,,,False,False,False,False
13898654788340469013,RYR9ME  ,B738,L2J,True,2025-06-12 14:28:55,2025-06-12,3300.0001056,1.4740413220352908,2,3300.0001056,2,3300.0001056,-61.03781871619094,True,True,True,False
13901496789338341306,N28SN   ,S22T,L1P,False,2025-06-16 14:06:40,2025-06-16,2125.0000680000003,4.007244386483765,1,2125.0000680000003,1,,,True,True,True,False
13905540576739800439,HLE10   ,A169,H2T,False,2025-06-16 16:40:10,2025-06-16,825.0000264,14.697063240448522,3,,0,,,True,False,True,False
13940737387094474089,GOORV   ,RV6,L1P,False,2025-06-13 11:33:35,2025-06-13,,,0,,0,,,False,False,False,False
14044859156204112127,,RV14,L1P,False,2025-06-21 15:59:20,2025-06-21,,,0,,0,,,False,False,False,False
14045646668341856705,GBOHA   ,P28A,L1P,False,2025-06-06 13:34:20,2025-06-06,,,0,,0,,,False,False,False,False
14068903794726999775,RYR55SN ,B38M,L2J,True,2025-06-09 14:41:40,2025-06-09,2350.0000752,2.930992205556755,1,2350.0000752,1,2350.0000752,-262.6031560260881,True,True,True,False
14069141768354541705,GOLAJ   ,R44,H1P,False,2025-06-19 11:29:05,2025-06-19,1600.0000512,16.131036660598234,1,,0,,,True,False,True,False
14071555042499525366,AMBER1  ,FA20,L2J,True,2025-06-16 20:18:40,2025-06-16,1025.0000328,8.549545956456369,3,,0,,,True,False,True,False
14082886999037684246,TASER   ,FA20,L2J,True,2025-06-19 13:27:30,2025-06-19,,,0,,0,,,False,False,False,False
14087859672369681904,GWPDD   ,EC35,H2T,False,2025-06-04 09:16:15,2025-06-04,,,0,,0,,,False,False,False,False
14147259965978763004,TOM6457 ,B738,L2J,True,2025-06-05 13:45:40,2025-06-05,300.0000096,18.487335162903832,4,2775.0000888,3,2800.0000896,36.646021960434155,True,True,True,False
14170354870684055597,TOM6723 ,B738,L2J,True,2025-06-22 22:00:35,2025-06-22,3725.0001192000004,4.093040027439579,1,3725.0001192000004,1,,,True,True,True,False
14178235902866940545,N850BL  ,TBM7,L1T,False,2025-06-14 08:50:45,2025-06-14,,,0,,0,,,False,False,False,False
14216531059676787431,TOM7KX  ,B738,L2J,True,2025-06-17 21:48:20,2025-06-17,,,0,,0,,,False,False,False,False
14239193199532475361,N101DW  ,P32R,L1P,False,2025-06-09 13:02:10,2025-06-09,250.000008,15.682983299217376,5,2250.0000720000003,3,2275.0000728,-692.7891702467937,True,True,True,False
14241778596531847824,RYR24GH ,B738,L2J,True,2025-06-11 21:18:10,2025-06-11,,,0,,0,,,False,False,False,False
14269966259488648869,RYR24GH ,B738,L2J,True,2025-06-16 21:28:55,2025-06-16,,,0,,0,,,False,False,False,False
14319007541517048109,TOM7TY  ,B738,L2J,True,2025-06-13 13:24:50,2025-06-13,,,0,,0,,,False,False,False,False
14343852596565696256,RYR55SN ,B738,L2J,True,2025-06-11 15:25:10,2025-06-11,,,0,,0,,,False,False,False,False
14361875579030121171,EXS66Q  ,B738,,False,2025-06-10 22:20:35,2025-06-10,,,0,,0,,,False,False,False,False
14417586873233407620,TOM6TM  ,B738,L2J,True,2025-06-05 23:46:00,2025-06-05,200.0000064,18.734810711647572,2,2700.0000864000003,1,2700.0000864000003,22.039906545935082,True,True,True,False
14427952280628796432,RYR611T ,B38M,,False,2025-06-06 09:02:25,2025-06-06,175.0000056,18.404281214934485,2,2475.0000792,1,,,True,True,True,False
14446748971553507147,TOM299  ,B738,L2J,True,2025-06-20 22:42:45,2025-06-20,,,0,,0,,,False,False,False,False
14456200693500007879,GOOZE   ,,,False,2025-06-08 13:13:40,2025-06-08,,,0,,0,,,False,False,False,False
14457568857641304952,EDC329M ,C68A,L2J,True,2025-06-15 10:24:30,2025-06-15,2250.0000720000003,5.904222856295416,1,2250.0000720000003,1,,,True,True,True,False
14460207710037939000,RYR46HP ,B738,L2J,True,2025-06-06 21:39:30,2025-06-06,125.000004,18.702008528246253,1,,0,,,True,False,True,False
14482664423102305565,GCGCN   ,MCR1,L1P,False,2025-06-08 16:18:00,2025-06-08,,,0,,0,,,False,False,False,False
14502477310918698806,RYR55SN ,A320,L2J,True,2025-06-20 10:07:20,2025-06-20,,,0,,0,,,False,False,False,False
14524143433721045608,GFROB   ,DA40,L1P,False,2025-06-19 09:19:35,2025-06-19,,,0,,0,,,False,False,False,False
14572777044206270219,AMBER2  ,FA20,L2J,True,2025-06-17 14:42:10,2025-06-17,1200.0000384,8.671981993981255,1,,0,,,True,False,True,False
14589885940845647745,GJANN   ,PA34,L2P,False,2025-06-19 14:18:30,2025-06-19,2100.0000672,3.229497389583961,3,2100.0000672,3,2125.0000680000003,-1381.543667238679,True,True,True,False
14606728217696361430,GBEWR   ,C172,L1P,False,2025-06-11 13:44:25,2025-06-11,1700.0000544000002,16.372234653530505,1,,0,,,True,False,True,False
14614702452364435917,GILLZ   ,EUPA,L1P,False,2025-06-11 16:47:25,2025-06-11,,,0,,0,,,False,False,False,False
14635852749874974431,GBEWR   ,C172,L1P,False,2025-06-18 10:05:40,2025-06-18,700.0000224,16.66653372919953,7,,0,,,True,False,True,False
14744502602756115142,EXS147L ,B738,L2J,True,2025-06-04 11:58:35,2025-06-04,2650.0000848,2.0215920843353463,2,2650.0000848,2,2650.0000848,-122.16068583942479,True,True,True,False
14746656480235410247,GOLGE   ,SR20,,False,2025-06-21 11:06:45,2025-06-21,1075.0000344,14.026932563588064,2,,0,,,True,False,True,False
14746954854569846700,RYR14VB ,B738,L2J,True,2025-06-20 22:30:35,2025-06-20,,,0,,0,,,False,False,False,False
14750830979763282613,RYR611T ,B738,L2J,True,2025-06-11 19:55:00,2025-06-11,,,0,,0,,,False,False,False,False
14801853937200108418,RYR3KY  ,B738,L2J,True,2025-06-14 08:50:45,2025-06-14,,,0,,0,,,False,False,False,False
14828820937915932269,EXS3676 ,B738,,False,2025-06-07 14:40:55,2025-06-07,200.0000064,18.6975856474559,1,,0,,,True,False,True,False
14831064242238156583,SRD175  ,A189,H2T,False,2025-06-08 09:56:55,2025-06-08,,,0,,0,,,False,False,False,False
14892002103439636203,GBTNV   ,P28A,L1P,False,2025-06-16 12:14:15,2025-06-16,,,0,,0,,,False,False,False,False
14892997884666852450,SRD175  ,A189,H2T,False,2025-06-09 16:59:55,2025-06-09,975.0000312,19.146470700128774,5,2225.0000712,2,,,True,True,True,False
14941828122822373085,TOM299  ,B738,L2J,True,2025-06-13 23:13:40,2025-06-13,,,0,,0,,,False,False,False,False
14972187989798109157,RYR611T ,B38M,,False,2025-06-21 12:53:35,2025-06-21,,,0,,0,,,False,False,False,False
14974826298917524381,RYR8947 ,B738,L2J,True,2025-06-17 15:42:45,2025-06-17,,,0,,0,,,False,False,False,False
14974863494428399863,HLE10   ,A169,H2T,False,2025-06-20 14:40:10,2025-06-20,,,0,,0,,,False,False,False,False
14995013832663461120,GIRTY   ,SPIT,L1P,False,2025-06-19 12:54:00,2025-06-19,,,0,,0,,,False,False,False,False
15063737779692716923,GLEGD   ,,,False,2025-06-20 10:59:15,2025-06-20,,,0,,0,,,False,False,False,False
15083107807447078162,GCEVC   ,RV4,L1P,False,2025-06-13 11:28:35,2025-06-13,1625.000052,3.953582991897643,1,1625.000052,1,,,True,True,True,False
15113098985528534562,URO681  ,A346,L4J,True,2025-06-23 21:17:10,2025-06-23,,,0,,0,,,False,False,False,False
15137250500570736226,EXS2LS  ,B738,L2J,True,2025-06-11 23:11:55,2025-06-11,,,0,,0,,,False,False,False,False
15147014139992657249,TOM2TG  ,B738,L2J,True,2025-06-20 23:23:20,2025-06-20,,,0,,0,,,False,False,False,False
15186573351908622919,,C172,L1P,False,2025-06-04 10:23:50,2025-06-04,,,0,,0,,,False,False,False,False
15187100476596619957,GOLAJ   ,R44,H1P,False,2025-06-20 09:17:05,2025-06-20,825.0000264,19.616773470024036,10,1475.0000472000002,1,,,True,True,True,False
15196563881658212386,RYR59SF ,B738,L2J,True,2025-06-13 15:33:15,2025-06-13,,,0,,0,,,False,False,False,False
15208700091058418479,NJE404C ,C56X,L2J,True,2025-06-16 17:19:00,2025-06-16,,,0,,0,,,False,False,False,False
15237594279436337366,AMBER2  ,FA20,L2J,True,2025-06-23 19:55:05,2025-06-23,1400.0000448,9.206555183243111,3,1425.0000456,1,,,True,True,True,False
15254129675549189620,URO681  ,A346,L4J,True,2025-06-19 13:42:25,2025-06-19,,,0,,0,,,False,False,False,False
15277438352082354145,2ANJA   ,,,False,2025-06-10 13:26:00,2025-06-10,1875.00006,3.8697878764576474,2,1875.00006,2,2000.000064,-787.3563910751316,True,True,True,False
15283738100650641721,URO681A ,A346,L4J,True,2025-06-07 21:45:05,2025-06-07,75.0000024,19.029812598150645,2,,0,,,True,False,True,False
15291969030907783679,EXS3618 ,B738,L2J,True,2025-06-12 14:35:25,2025-06-12,25.0000008,18.74811896657726,2,2900.0000928000004,1,2900.0000928000004,-50.8471145046401,True,True,True,False
15340566821367013606,URO601  ,A346,L4J,True,2025-06-18 07:12:40,2025-06-18,,,0,,0,,,False,False,False,False
15361682212099251945,RYR55SN ,B738,L2J,True,2025-06-08 14:52:20,2025-06-08,,,0,,0,,,False,False,False,False
15389576240024299672,GNJCZ   ,CRUZ,L1P,False,2025-06-14 11:17:15,2025-06-14,,,0,,0,,,False,False,False,False
15400168909584289234,EXS66Q  ,B738,,False,2025-06-17 21:39:40,2025-06-17,,,0,,0,,,False,False,False,False
15414902950221573947,RYR9EM  ,B738,L2J,True,2025-06-14 19:44:25,2025-06-14,,,0,,0,,,False,False,False,False
15467582439266880067,RYR8945 ,B738,L2J,True,2025-06-16 13:49:35,2025-06-16,,,0,,0,,,False,False,False,False
15493764809463131794,RYR8947 ,B738,L2J,True,2025-06-10 15:55:20,2025-06-10,,,0,,0,,,False,False,False,False
15514802083324791974,RYR55SN ,B38M,,False,2025-06-14 17:50:50,2025-06-14,1875.00006,6.370587188147942,1,,0,,,True,False,True,False
15553670828979800222,TOM8VY  ,B738,L2J,True,2025-06-18 11:02:50,2025-06-18,,,0,,0,,,False,False,False,False
15554866494908452353,RYR9356 ,B738,L2J,True,2025-06-07 13:52:45,2025-06-07,175.0000056,18.730108647454088,1,,0,,,True,False,True,False
15588152883269262725,OHIBZ   ,PC12,,False,2025-06-11 16:09:50,2025-06-11,,,0,,0,,,False,False,False,False
15595685511006944033,FHY545  ,A320,L2J,True,2025-06-22 18:50:55,2025-06-22,,,0,,0,,,False,False,False,False
15619309543686043217,,SR20,L1P,False,2025-06-13 12:07:35,2025-06-13,,,0,,0,,,False,False,False,False
15631183828470554795,RYR24GH ,B738,L2J,True,2025-06-12 19:30:30,2025-06-12,,,0,,0,,,False,False,False,False
15657297091885330949,RYR9ME  ,B738,L2J,True,2025-06-05 14:00:10,2025-06-05,375.000012,17.999475077558227,1,,0,,,True,False,True,False
15671474972500257113,TOM5XY  ,B738,L2J,True,2025-06-04 22:12:05,2025-06-04,175.0000056,18.653444790032758,3,4350.0001392,1,,,True,True,True,False
15681507483511464890,RYR55SN ,A320,L2J,True,2025-06-06 10:11:25,2025-06-06,125.000004,18.674292122408183,1,,0,,,True,False,True,False
15700460615181930391,URO681  ,A346,L4J,True,2025-06-20 16:15:30,2025-06-20,,,0,,0,,,False,False,False,False
15714914608474523972,RYR611T ,B38M,,False,2025-06-15 12:18:15,2025-06-15,2500.00008,3.404501140834418,2,2500.00008,1,,,True,True,True,False
15726883000846833181,MLLMW   ,B350,L2T,False,2025-06-16 16:12:00,2025-06-16,,,0,,0,,,False,False,False,False
15727996813581933009,GBEWR   ,C172,L1P,False,2025-06-04 14:59:55,2025-06-04,1175.0000376,15.577944661307843,1,,0,,,True,False,True,False
15732240443339301303,GOLAJ   ,R44,H1P,False,2025-06-19 12:57:10,2025-06-19,900.0000288,18.67433692726427,5,,0,,,True,False,True,False
15768488018357017046,PTN87F  ,PC24,L2J,True,2025-06-13 16:41:15,2025-06-13,1900.0000608,5.859256679111351,2,1900.0000608,2,,,True,True,True,False
15794647417992474539,GWAFI   ,RV12,L1P,False,2025-06-20 11:11:50,2025-06-20,,,0,,0,,,False,False,False,False
15827750292770249758,TOM7TY  ,B738,L2J,True,2025-06-20 13:40:45,2025-06-20,,,0,,0,,,False,False,False,False
15857995256522800308,EMC6    ,PC12,,False,2025-06-07 10:09:15,2025-06-07,2675.0000856,0.5387763682441786,2,2675.0000856,2,2675.0000856,-401.99023605335196,True,True,True,False
15871229047358850436,RYR9356 ,B738,L2J,True,2025-06-18 09:19:10,2025-06-18,,,0,,0,,,False,False,False,False
15878328551123202873,ABLE01  ,SIRA,L1P,False,2025-06-13 14:25:20,2025-06-13,,,0,,0,,,False,False,False,False
15885213645950166038,GBBRC   ,SUBA,L1P,False,2025-06-08 10:31:10,2025-06-08,,,0,,0,,,False,False,False,False
15952204826515792815,BWY40   ,FA20,L2J,True,2025-06-09 09:34:10,2025-06-09,2200.0000704000004,4.497460227169463,1,2200.0000704000004,1,,,True,True,True,False
15955315028096823108,RYR24GH ,B738,L2J,True,2025-06-13 13:35:35,2025-06-13,1850.0000592,4.112036076822214,1,1850.0000592,1,,,True,True,True,False
15967263424437259946,GBOHA   ,P28A,L1P,False,2025-06-14 09:59:55,2025-06-14,,,0,,0,,,False,False,False,False
16074119484328208503,AMBER4  ,FA20,L2J,True,2025-06-10 10:37:00,2025-06-10,1900.0000608,6.710211546170445,7,2375.0000760000003,3,2400.0000768,-262.3226754154489,True,True,True,False
16080803053989610982,RYR7148 ,B738,L2J,True,2025-06-22 21:07:45,2025-06-22,,,0,,0,,,False,False,False,False
16102830816747166734,TOM299  ,B738,L2J,True,2025-06-06 22:44:15,2025-06-06,125.000004,18.535206459029382,1,,0,,,True,False,True,False
16104718871985095619,GREVE   ,RV6,L1P,False,2025-06-19 17:08:00,2025-06-19,,,0,,0,,,False,False,False,False
16117956560962617465,NJE118C ,E55P,L2J,True,2025-06-09 13:48:50,2025-06-09,2250.0000720000003,7.615080129978477,1,,0,,,True,False,True,False
16127312619648628094,RYR24GH ,B738,L2J,True,2025-06-10 18:44:20,2025-06-10,,,0,,0,,,False,False,False,False
16144153363147984487,RYR611T ,B38M,L2J,True,2025-06-23 21:07:20,2025-06-23,2375.0000760000003,2.792723303529665,1,2375.0000760000003,1,2375.0000760000003,-603.944892720167,True,True,True,False
16144739632994164555,GVFAS   ,P28R,L1P,False,2025-06-21 14:33:35,2025-06-21,,,0,,0,,,False,False,False,False
16186115999723398342,TOM5GB  ,B738,L2J,True,2025-06-05 11:49:10,2025-06-05,300.0000096,18.498465208553615,2,,0,,,True,False,True,False
16218140246893695775,SRD175  ,A189,H2T,False,2025-06-18 16:13:00,2025-06-18,1375.0000440000001,7.980348692547251,3,1650.0000528,1,1650.0000528,-1077.5261424625178,True,True,True,True
16227519762221070190,RUK179V ,B738,,False,2025-06-16 10:44:15,2025-06-16,3325.0001064000003,3.6902611507816268,1,3325.0001064000003,1,,,True,True,True,False
16234472522739166960,URO681  ,A346,L4J,True,2025-06-17 12:59:15,2025-06-17,2675.0000856,0.590062598043218,1,2675.0000856,1,2675.0000856,-478.2452018406716,True,True,True,False
16236341831972341104,SLYR2   ,H64,,False,2025-06-17 23:25:25,2025-06-17,,,0,,0,,,False,False,False,False
16245100594016742557,TOM5JB  ,B738,L2J,True,2025-06-22 11:29:45,2025-06-22,,,0,,0,,,False,False,False,False
16270777662403172857,GBUFH   ,P28A,L1P,False,2025-06-18 14:34:40,2025-06-18,,,0,,0,,,False,False,False,False
16273327931792313078,TOM67H  ,B738,L2J,True,2025-06-07 12:38:10,2025-06-07,200.0000064,18.756996471873574,3,2150.0000688,1,,,True,True,True,False
16279531571968782429,GCBLY   ,G109,L1P,False,2025-06-18 13:29:40,2025-06-18,,,0,,0,,,False,False,False,False
16280899050192603209,CASTLE21,A109,H2T,False,2025-06-16 08:44:10,2025-06-16,,,0,,0,,,False,False,False,False
16323380455271449898,MOG81M  ,E145,L2J,True,2025-06-18 15:17:25,2025-06-18,2175.0000696,2.7742248977424344,1,2175.0000696,1,2175.0000696,-474.90174234681353,True,True,True,False
16354693426946338617,N969PW  ,,,False,2025-06-22 11:00:40,2025-06-22,2450.0000784,1.5970544742452852,4,2450.0000784,4,2450.0000784,-472.6893952163696,True,True,True,False
16369813312392200380,RYR55SN ,B738,L2J,True,2025-06-15 15:20:20,2025-06-15,,,0,,0,,,False,False,False,False
16372775100622870686,GELKO   ,DA42,L2P,False,2025-06-06 11:59:55,2025-06-06,475.0000152,17.25400297470693,16,1725.0000552,3,,,True,True,True,False
16428570910268272935,RYR4LN  ,B38M,L2J,True,2025-06-05 16:02:45,2025-06-05,300.0000096,18.82190288275381,2,2675.0000856,1,,,True,True,True,False
16441657240900145022,EXS147L ,B738,,False,2025-06-20 13:06:20,2025-06-20,,,0,,0,,,False,False,False,False
16461682897935017368,URO681  ,A346,L4J,True,2025-06-12 12:55:25,2025-06-12,2050.0000656,4.306142515764363,4,2050.0000656,3,2075.0000664,-636.6378967143551,True,True,True,False
16461987993186841505,EXS3676 ,B738,,False,2025-06-21 14:51:10,2025-06-21,,,0,,0,,,False,False,False,False
16488934049417780875,GBMVB   ,C152,L1P,False,2025-06-14 10:26:50,2025-06-14,,,0,,0,,,False,False,False,False
16510707760022521285,TOM5JB  ,B738,L2J,True,2025-06-08 11:59:10,2025-06-08,,,0,,0,,,False,False,False,False
16519199955495064084,HLE10   ,A169,H2T,False,2025-06-04 15:16:00,2025-06-04,,,0,,0,,,False,False,False,False
16520922445827505239,RYR90UB ,B738,L2J,True,2025-06-13 10:41:25,2025-06-13,1825.0000584,5.521965260857483,1,1825.0000584,1,,,True,True,True,False
16538565897844775724,2THCL   ,C25C,,False,2025-06-04 15:33:05,2025-06-04,,,0,,0,,,False,False,False,False
16556192949537822700,TOM7TY  ,B738,L2J,True,2025-06-06 18:00:05,2025-06-06,100.0000032,18.414734630749617,2,2775.0000888,1,2775.0000888,167.067266498977,True,True,True,False
16624685860757542291,RYR59SF ,B38M,L2J,True,2025-06-15 20:28:25,2025-06-15,,,0,,0,,,False,False,False,False
16627766771998393220,N122ZT  ,SR22,L1P,False,2025-06-04 07:59:45,2025-06-04,225.0000072,18.127826140330274,10,2450.0000784,6,2650.0000848,-163.34127480602228,True,True,True,False
16650828461193995527,EXS339E ,B738,,False,2025-06-22 22:07:35,2025-06-22,2500.00008,2.6653373840607926,2,2500.00008,2,2500.00008,-512.8042583230722,True,True,True,False
16698986956673575271,RYR55SN ,B738,L2J,True,2025-06-04 15:01:25,2025-06-04,200.0000064,18.304384720436058,1,,0,,,True,False,True,False
16701249643094312833,RYR55SN ,B738,L2J,True,2025-06-17 08:45:45,2025-06-17,2125.0000680000003,3.285709490340816,1,2125.0000680000003,1,,,True,True,True,False
16706595484352779961,AMBER2  ,FA20,L2J,True,2025-06-16 20:15:20,2025-06-16,1075.0000344,6.798448968255764,3,,0,,,True,False,True,False
16719088528202428723,GBPOT   ,P28A,L1P,False,2025-06-18 15:41:00,2025-06-18,,,0,,0,,,False,False,False,False
16727502926860016440,2SHEE   ,EA50,L2J,True,2025-06-09 13:26:40,2025-06-09,1225.0000392,10.269257375385628,3,,0,,,True,False,True,False
16734472893475278086,GRVJO   ,RV9,L1P,False,2025-06-13 11:30:50,2025-06-13,,,0,,0,,,False,False,False,False
16760351868692591606,RYR9356 ,B738,L2J,True,2025-06-14 13:29:50,2025-06-14,2325.0000744000004,3.768312780292773,2,2325.0000744000004,2,2350.0000752,-286.22876038562026,True,True,True,False
16778292014230403494,TOM3XA  ,B738,L2J,True,2025-06-07 23:00:15,2025-06-07,75.0000024,18.56399888519142,1,,0,,,True,False,True,False
16802742684849598287,TOM6785 ,B738,L2J,True,2025-06-08 20:51:25,2025-06-08,2775.0000888,6.894830003087296,2,2775.0000888,1,2750.0000880000002,-189.06202025998618,True,True,True,False
16823795623806044906,CRIMSON1,FA20,L2J,True,2025-06-20 11:32:25,2025-06-20,,,0,,0,,,False,False,False,False
16874435628179453144,GBJBW   ,P28A,L1P,False,2025-06-04 10:59:55,2025-06-04,,,0,,0,,,False,False,False,False
16875849356887331563,RYR560X ,B738,L2J,True,2025-06-11 14:28:30,2025-06-11,,,0,,0,,,False,False,False,False
16877183257742139047,GBZAH   ,C208,L1T,False,2025-06-14 11:28:50,2025-06-14,,,0,,0,,,False,False,False,False
16888985512081259774,FHY545  ,A320,L2J,True,2025-06-15 18:38:45,2025-06-15,1700.0000544000002,3.546391420875904,1,1700.0000544000002,1,,,True,True,True,False
16943324776374735119,VCG1LE  ,C25M,L2J,True,2025-06-22 13:17:35,2025-06-22,,,0,,0,,,False,False,False,False
16947378755225607219,GOHAL   ,CAMP,L1P,False,2025-06-21 15:02:25,2025-06-21,,,0,,0,,,False,False,False,False
16951478006550948604,TOM6339 ,B738,L2J,True,2025-06-18 10:59:55,2025-06-18,,,0,,0,,,False,False,False,False
16951900993695962164,TOM82B  ,B738,L2J,True,2025-06-23 12:53:50,2025-06-23,2975.0000952000005,1.7018559001332987,1,2975.0000952000005,1,2975.0000952000005,100.80704053869704,True,True,True,False
16971655598351391220,GCMPF   ,C42,,False,2025-06-06 14:28:10,2025-06-06,,,0,,0,,,False,False,False,False
16995276722422740002,RYR59SF ,B738,L2J,True,2025-06-10 20:29:05,2025-06-10,,,0,,0,,,False,False,False,False
17022678027354972993,CRIMSON1,FA20,L2J,True,2025-06-09 15:52:15,2025-06-09,1200.0000384,10.008458233528673,7,1225.0000392,4,,,True,True,True,False
17059556552091977006,GECHL   ,,,False,2025-06-08 13:33:30,2025-06-08,1525.0000488,3.9814302637719363,2,1525.0000488,2,1525.0000488,-1949.6386047033484,True,True,True,True
17066020401610665854,GAVGZ   ,DR10,L1P,False,2025-06-17 09:59:55,2025-06-17,1375.0000440000001,5.769989563535687,7,1375.0000440000001,7,1475.0000472000002,-1959.8395524455154,True,True,True,True
17079191870626449660,RYR7148 ,B38M,L2J,True,2025-06-13 08:13:20,2025-06-13,,,0,,0,,,False,False,False,False
17084086456667156676,SRG175  ,A189,H2T,False,2025-06-06 10:44:05,2025-06-06,,,0,,0,,,False,False,False,False
17086059621110508209,RYR7148 ,B738,L2J,True,2025-06-08 21:26:05,2025-06-08,,,0,,0,,,False,False,False,False
17220689498069991455,LJC3    ,C55B,L2J,True,2025-06-04 14:09:30,2025-06-04,2675.0000856,0.9254574578493503,1,2675.0000856,1,2675.0000856,-405.0124441513676,True,True,True,False
17252089618647962851,GVFAS   ,P28R,L1P,False,2025-06-10 12:33:55,2025-06-10,,,0,,0,,,False,False,False,False
17263371462601037333,GCDVZ   ,ULAC,,False,2025-06-14 11:12:10,2025-06-14,,,0,,0,,,False,False,False,False
17298146394738319223,GMA023  ,BE20,L2T,False,2025-06-12 17:54:15,2025-06-12,2000.000064,3.570000128199091,1,2000.000064,1,,,True,True,True,False
17303986423370911515,GBZAH   ,C208,L1T,False,2025-06-13 09:43:00,2025-06-13,,,0,,0,,,False,False,False,False
17310978642868439199,RYR8TF  ,B738,L2J,True,2025-06-10 15:29:35,2025-06-10,,,0,,0,,,False,False,False,False
17335601827377444441,TOM67H  ,B738,L2J,True,2025-06-21 12:16:20,2025-06-21,,,0,,0,,,False,False,False,False
17358131914502795545,GBSVB   ,P28A,L1P,False,2025-06-20 12:06:15,2025-06-20,,,0,,0,,,False,False,False,False
17430876030422581745,RYR73LA ,B738,L2J,True,2025-06-17 13:57:45,2025-06-17,5091.6668296,18.945736587326927,1,,0,,,True,False,True,False
17436499603546365586,RYR24GH ,B738,L2J,True,2025-06-08 19:10:40,2025-06-08,,,0,,0,,,False,False,False,False
17461153075563525326,RYR46HP ,B738,L2J,True,2025-06-08 11:04:45,2025-06-08,,,0,,0,,,False,False,False,False
17477074169040257002,RYR611T ,B38M,,False,2025-06-14 12:34:10,2025-06-14,,,0,,0,,,False,False,False,False
17511806075413759203,GOWEE   ,B505,H1T,False,2025-06-23 09:15:35,2025-06-23,,,0,,0,,,False,False,False,False
17513147513507423343,GCOLY   ,EFOX,L1P,False,2025-06-16 08:58:50,2025-06-16,,,0,,0,,,False,False,False,False
17520742651853693139,HLE10   ,A169,H2T,False,2025-06-20 19:25:00,2025-06-20,,,0,,0,,,False,False,False,False
17552808792796826238,TJS4    ,C25A,L2J,True,2025-06-08 12:58:35,2025-06-08,1775.0000568,6.9434430390925295,2,1800.0000576,1,,,True,True,True,False
17557376910542478211,TOM6109 ,B738,L2J,True,2025-06-16 23:06:15,2025-06-16,5050.0001616,18.91559748326351,1,,0,,,True,False,True,False
17558167158333954705,GOLAJ   ,R44,H1P,False,2025-06-14 14:54:20,2025-06-14,825.0000264,18.995096939658048,4,,0,,,True,False,True,False
17560313021081514015,VJA552  ,CL30,L2J,True,2025-06-04 13:36:00,2025-06-04,175.0000056,18.48600541198736,4,2150.0000688,2,2150.0000688,-721.4266626422509,True,True,True,False
17579423545670747666,RRR1505 ,F900,L3J,True,2025-06-10 09:34:20,2025-06-10,2400.0000768,1.0420204124208576,2,2400.0000768,2,2400.0000768,-737.294256173644,True,True,True,False
17590654987768055254,GCILA   ,EFOX,L1P,False,2025-06-10 14:59:55,2025-06-10,,,0,,0,,,False,False,False,False
17619499967077732148,MHISA   ,,,False,2025-06-18 10:29:50,2025-06-18,,,0,,0,,,False,False,False,False
17622997684054762486,GOLAJ   ,R44,H1P,False,2025-06-20 13:24:40,2025-06-20,600.0000192,19.591629196007137,2,,0,,,True,False,True,False
17628608100448919178,GBUFH   ,P28A,L1P,False,2025-06-17 15:05:40,2025-06-17,375.000012,15.359171923659996,2,,0,,,True,False,True,False
17659490082738443872,RYR90UB ,B738,L2J,True,2025-06-21 23:23:25,2025-06-21,,,0,,0,2975.0000952000005,-135.34790582276128,False,False,False,False
17666963922946903786,RYR7148 ,B738,L2J,True,2025-06-17 07:24:15,2025-06-17,,,0,,0,,,False,False,False,False
17686301507241184588,VJT516  ,CL60,L2J,True,2025-06-04 15:10:30,2025-06-04,200.0000064,18.58606912564004,5,2675.0000856,1,2650.0000848,-194.07956185850207,True,True,True,False
17707227562342825222,RYR8945 ,B738,L2J,True,2025-06-22 21:01:35,2025-06-22,,,0,,0,,,False,False,False,False
17769347814936742787,RYR7148 ,B38M,,False,2025-06-18 15:59:55,2025-06-18,,,0,,0,,,False,False,False,False
17787630628187391331,AMBER1  ,FA20,L2J,True,2025-06-10 15:39:30,2025-06-10,,,0,,0,,,False,False,False,False
17801475061345324926,GBEWR   ,C172,L1P,False,2025-06-04 10:37:15,2025-06-04,,,0,,0,,,False,False,False,False
17803625735123642778,EXS51Y  ,B738,L2J,True,2025-06-08 12:53:00,2025-06-08,1825.0000584,6.673514067215095,4,2075.0000664,3,2150.0000688,-628.0222533995193,True,True,True,False
17816089357803839392,RYR46HP ,B738,L2J,True,2025-06-04 20:59:35,2025-06-04,,,0,,0,,,False,False,False,False
17816315392466127558,RYR24GH ,B738,L2J,True,2025-06-17 18:04:00,2025-06-17,2175.0000696,2.828672596182101,1,2175.0000696,1,2175.0000696,-455.57998228402766,True,True,True,False
17827294972912361123,SAH51P  ,BE40,L2J,True,2025-06-10 11:14:45,2025-06-10,,,0,,0,,,False,False,False,False
17858204686613319674,GBWOH   ,P28A,L1P,False,2025-06-19 09:49:40,2025-06-19,,,0,,0,,,False,False,False,False
17868834899460788902,TOM3XB  ,B738,L2J,True,2025-06-13 11:54:45,2025-06-13,,,0,,0,,,False,False,False,False
17884752550155240423,RYR611T ,B38M,,False,2025-06-08 12:20:15,2025-06-08,,,0,,0,,,False,False,False,False
17895818074623075637,EXS34A  ,B738,,False,2025-06-12 22:37:20,2025-06-12,,,0,,0,,,False,False,False,False
17896867820948014835,SRG175  ,A189,H2T,False,2025-06-19 14:59:55,2025-06-19,,,0,,0,,,False,False,False,False
17924888991730893259,AMBER3  ,FA20,L2J,True,2025-06-12 09:18:10,2025-06-12,3050.0000976,11.487150039359268,1,,0,,,True,False,True,False
17977437090602418844,RYR46HP ,B738,L2J,True,2025-06-20 21:57:05,2025-06-20,,,0,,0,,,False,False,False,False
18021258629069409321,BEDLAM68,H64,,False,2025-06-11 14:39:20,2025-06-11,,,0,,0,,,False,False,False,False
18023462997403547025,GMA023  ,BE20,L2T,False,2025-06-21 19:09:55,2025-06-21,3000.000096,20.917776512659675,1,,0,,,True,False,True,False
18032206047417694991,GMA023  ,BE20,L2T,False,2025-06-06 18:27:10,2025-06-06,2100.0000672,5.101760708807511,5,2100.0000672,4,,,True,True,True,False
18036814289982001681,RYR2CT  ,A320,L2J,True,2025-06-04 16:35:30,2025-06-04,175.0000056,18.375821446510074,2,3075.0000984,1,3075.0000984,259.8468966036685,True,True,True,False
18037030097006968540,GTWIS   ,TWST,L1P,False,2025-06-18 10:59:55,2025-06-18,,,0,,0,,,False,False,False,False
18051281267364321177,GCLNI   ,DHC1,L1P,False,2025-06-14 12:00:35,2025-06-14,,,0,,0,,,False,False,False,False
18081318232815999525,RYR90UB ,B738,L2J,True,2025-06-04 12:30:30,2025-06-04,175.0000056,18.56177753592582,1,,0,,,True,False,True,False
18093355269604989553,GRVBI   ,RV8,L1P,False,2025-06-16 14:14:15,2025-06-16,,,0,,0,,,False,False,False,False
18108307422368934300,EXS74H  ,B738,L2J,True,2025-06-16 13:43:15,2025-06-16,1731.7460871619055,18.21610523367448,3,2075.0000664,1,,,True,True,True,False
18127261464877038717,EXS66Q  ,B738,L2J,True,2025-06-20 22:00:45,2025-06-20,,,0,,0,,,False,False,False,False
18174249401213660321,GJHLE   ,ULAC,,False,2025-06-17 10:50:20,2025-06-17,,,0,,0,,,False,False,False,False
18176493838417999274,GCMPF   ,C42,,False,2025-06-08 08:19:50,2025-06-08,,,0,,0,,,False,False,False,False
18235946624378502085,MOUSE   ,C510,L2J,True,2025-06-22 11:25:45,2025-06-22,2450.0000784,3.2108661782940344,3,2450.0000784,3,2450.0000784,-470.389943901499,True,True,True,False
18252493197345468102,RYR46HP ,B738,L2J,True,2025-06-15 11:38:45,2025-06-15,2200.0000704000004,3.4529777099331604,1,2200.0000704000004,1,,,True,True,True,False
18254517703483092227,RYR39HE ,B738,L2J,True,2025-06-09 19:37:50,2025-06-09,,,0,,0,,,False,False,False,False
18270416484650759408,EXS4HW  ,B738,,False,2025-06-11 12:38:05,2025-06-11,,,0,,0,,,False,False,False,False
18336222527760173574,TOM16H  ,B738,L2J,True,2025-06-08 10:51:20,2025-06-08,,,0,,0,,,False,False,False,False
18390820496329138313,EXS47K  ,B738,L2J,True,2025-06-17 16:34:05,2025-06-17,,,0,,0,,,False,False,False,False
18425178616732323069,GBEWR   ,C172,L1P,False,2025-06-12 15:35:40,2025-06-12,850.0000272000001,15.403189508238993,1,,0,,,True,False,True,False
18438046295880039351,,DHC1,L1P,False,2025-06-11 11:24:05,2025-06-11,,,0,,0,,,False,False,False,False
18440715337026435730,EXS74H  ,B738,,False,2025-06-13 11:50:25,2025-06-13,,,0,,0,,,False,False,False,False
