id,icao24,registration,adep,model,icao_operator
8993013325626937992,4cae60,EI-IJK,LEMG,Boeing 737 MAX 8-200,RYR
15806879346633850837,4cafc4,EI-GXI,LEAL,,
6010047280826111016,407f1f,G-RUKM,EGPH,Boeing 737-8AS,RYR
3887893277310101865,4080c7,,,,
11363499212028505284,4010bb,G-PAMY,EGKK,ROBINSON R44 II Clipper Ii,
9287288634151526382,407d0d,G-CMCZ,EGLK,,
12066306284292334957,40154f,G-ARKM,,PIPER PA-22-108 Colt,
8604537628479546086,400f0b,G-VRED,,AIRBUS A340-642,VIR
12769922573233615122,4d2259,9H-QBB,EPWR,,
15286601130700432990,4ca856,EI-EMN,,BOEING 737-8AS,RYR
11775581418486305650,4caa5f,EI-EXD,,BOEING 737-8AS,RYR
17744051451193095379,40812e,,LSGG,,
9807171154944434925,4011b4,G-FCUM,EGBJ,ROBINSON R44 II Raven Ii,COV
6948221040853378376,4067f0,G-TAWM,,BOEING 737-8K5,TOM
7239417739676151662,4cae5a,EI-IJJ,LMML,Boeing 737 MAX 8-200,RYR
14797384656424338923,407f7d,G-JZDC,,Boeing 737-82R,EXS
11329212903210702123,4076dd,G-DRTH,,,
18079956744593448248,4d251a,9H-QFD,EPKK,Boeing 737-8AS,RYR
700937874511189644,4ca856,EI-EMN,LEMG,BOEING 737-8AS,RYR
17281436811199379632,4caa5f,EI-EXD,LEAL,BOEING 737-8AS,RYR
16925516463654653710,4080c7,,,,
14764438254351512697,4ca704,EI-EBG,LMML,BOEING 737-8AS,RYR
5174482861592663394,400f0b,G-VRED,,AIRBUS A340-642,VIR
12723529814859562920,4ca8d4,EI-ENI,EPKK,BOEING 737-8AS,RYR
9895425069050234401,461852,OH-JFM,LSGG,,
12371447904565609141,4d2369,9H-VUS,EGDY,,
13223069452676515434,407f7d,G-JZDC,,Boeing 737-82R,EXS
17057971779615288341,406cd2,G-EZOF,LSGG,AIRBUS A320-214,EZY
16226289992328483882,4067ee,G-TAWK,,BOEING 737-8K5,TOM
13434763290545994704,407f0e,G-RUKJ,,Boeing 737-8AS,RYR
1149252858001026583,4ca566,EI-DWA,,BOEING 737-8AS,RYR
16212200914678067493,4d2369,9H-VUS,,,
12888320409377141537,4ca8d4,EI-ENI,,BOEING 737-8AS,RYR
11331577419906749753,407152,G-DSAA,,AW169,
14332793208223171776,48c224,SP-RSE,EPKK,737-8AS,RYR
9194916072156632797,40710f,G-CJFO,,DA 42 Twin Star,
7486322093808781957,4d0281,LX-SUN,EGLF,Piaggio P-180 Avanti,
12801880698757257281,4d22d0,9H-MBA,LMML,,
4097909215440496038,4009cd,G-FRAK,,FAN JET FALCON SERIES D Falcon 20d,
13471694803789979506,407689,G-UZHU,,A320-251N,EZY
14990313979449750215,400d58,G-VWIN,,AIRBUS A340-642,VIR
4904912381734604868,4ca9cd,EI-EVF,,BOEING 737-8AS,RYR
11758724118824022598,407dca,G-HMGC,EGHQ,,
15744859535156590711,4009c9,G-FRAF,,FAN JET FALCON SERIES E Falcon 20e,
8870284192862647620,4009cd,G-FRAK,,FAN JET FALCON SERIES D Falcon 20d,
16272110353617539731,407f7d,G-JZDC,,Boeing 737-82R,EXS
8441815851785191224,4d226b,9H-QCA,,737-8AS,RYR
12116219078680996291,40774d,G-BJYT,,,
14450887189799503524,4065d5,G-ZIPE,EGUW,AGUSTA A109E,
5543300206808537591,4067ee,G-TAWK,,BOEING 737-8K5,TOM
12729435174867769962,4076dd,G-DRTH,,,
15098167245956320612,40834d,,EGVO,,
13520656273178719036,408360,,,,
9565544464767047938,407dca,G-HMGC,EGKA,,
6077689147184483309,407152,G-DSAA,EGDM,AW169,
4020726294914435198,4009cd,G-FRAK,,FAN JET FALCON SERIES D Falcon 20d,
13324424909296781308,4009d3,G-FRAS,,FAN JET FALCON Falcon 20,
12962975024868336402,4d226b,9H-QCA,LEAL,737-8AS,RYR
4369791765394387599,8940d9,,EGNR,,
3429604841171321498,400f0b,G-VRED,,AIRBUS A340-642,VIR
10213545422983334195,424bc5,M-DUBS,LSMP,,
10935462529745735039,4076dd,G-DRTH,,,
909202131718239614,4d22ff,9H-VUA,LEMG,,RYR
8601653092078061216,40834d,,EGDY,,
6393839885782652297,4067f2,G-TAWO,,BOEING 737-8K5,TOM
11964802912876273863,405200,G-XVIP,EGJB,BEECH 200 Super Kingair,
7908508916681891924,4d235f,9H-649FX,LEBL,,
10608121771002917574,4009c9,G-FRAF,,FAN JET FALCON SERIES E Falcon 20e,
5974364424889648765,4080c7,,EGHI,,
11780412050067358532,408360,,,,
15217505653608464829,400f63,G-VWEB,,AIRBUS A340-642,VIR
397926138341013209,4080b1,G-OLGE,,Cirrus SR20,
18296826493183425858,4065d5,G-ZIPE,EGWU,AGUSTA A109E,
8436102616260995626,4035ec,G-BUFH,EGTE,PIPER PA-28-161 Cherokee Warrior Ii,
14014117297102386344,407814,G-HMGA,EGKA,,
18109814399161881314,400ab8,G-RIGH,EGOS,PIPER PA-32R-301 Saratoga Sp,
14657263657792067400,401ca5,G-BEWR,EGDY,REIMS CESSNA F172N Skyhawk,
4332056796104063575,43c8ed,ZM519,,,
3918197800877389957,4009cb,G-FRAI,,FAN JET FALCON SERIES E Falcon 20e,
9512096017475202236,4009d3,G-FRAS,,FAN JET FALCON Falcon 20,
3765405707850581954,408177,,EGPN,,
7435206521147734972,406ed0,G-MOSH,,PIPER PA-28R-201 Cherokee Arrow Iii,
3054617228793123626,40710f,G-CJFO,,DA 42 Twin Star,
17451251940025060215,4009cd,G-FRAK,,FAN JET FALCON SERIES D Falcon 20d,
15322667043798092866,40822b,,EGLF,,
9809494641093059037,405200,G-XVIP,EGJB,BEECH 200 Super Kingair,
12899262859509399928,89407f,A9C-BAH,,Gulfstream Aerospace G650,
16076477351530260618,43ec3f,2-CLEV,EIKY,525A CitationJet CJ2,
642730702238118562,407f0e,G-RUKJ,EGPH,Boeing 737-8AS,RYR
7705415429906729367,407152,G-DSAA,EGDM,AW169,
11015125663388529277,405200,G-XVIP,EGJB,BEECH 200 Super Kingair,
10334398381642549544,3ce686,D-COPI,LPFR,Pilatus PC-24,PTN
5432229979944796044,407152,G-DSAA,EGHL,AW169,
14641779852299748030,407e3f,G-ECLH,,,
9905559562133609558,4009cb,G-FRAI,EGFF,FAN JET FALCON SERIES E Falcon 20e,
11725215191488399232,4cade5,EI-IGZ,LMML,Boeing 737 MAX 8-200,RYR
6368470809865349813,407f7d,G-JZDC,,Boeing 737-82R,EXS
13295476917586311542,4067f2,G-TAWO,,BOEING 737-8K5,TOM
2465219273251981917,4076dd,G-DRTH,,,
3287635029963774696,405200,G-XVIP,EGJB,BEECH 200 Super Kingair,
8363538658000266923,4082ef,,,,
17353508580016539161,407dca,G-HMGC,EGHQ,,
5477904674630477769,4009cd,G-FRAK,EGFF,FAN JET FALCON SERIES D Falcon 20d,
7423307609691331934,4009d3,G-FRAS,,FAN JET FALCON Falcon 20,
1088331619913670894,402097,G-BKXF,EGGD,PIPER PA-28R-200 Cherokee Arrow,
1583833593209588816,4ca8e7,EI-ENV,LPFR,BOEING 737-8AS,RYR
18301450582967074720,40710f,G-CJFO,,DA 42 Twin Star,
13636480360238387781,401ca5,G-BEWR,,REIMS CESSNA F172N Skyhawk,
6398633960577528376,40116e,G-PORK,EGDY,GRUMMAN AA-5B Tiger,
8741981868812481248,406371,G-CGMV,EGHI,ROKO AERO NG 4HD,
16136167607587203031,400b93,G-RJXL,,EMB-135ER,BMR
18044950667721090241,401ca5,G-BEWR,,REIMS CESSNA F172N Skyhawk,
13794918621619347049,40766a,G-CKYL,,,
14886072472296094043,48c2b2,,LEAL,,
14241005288940753254,406127,G-GCDB,,CIRRUS SR20,
12793984639769383803,406127,G-GCDB,,CIRRUS SR20,
8227910232933761078,407152,G-DSAA,EGDM,AW169,
7977953616468022531,4080b1,G-OLGE,,Cirrus SR20,
6280111063355236293,408360,,EGDY,,
11076592195222195529,407f7d,G-JZDC,,Boeing 737-82R,EXS
10964726629781666990,403c75,G-BWUH,,PIPER PA-28-181 Cherokee Archer Iii,
15669532784198591233,400bd3,G-BUJP,,PIPER PA-28-161 Cherokee Warrior Ii,
15448189077185486330,4067f2,G-TAWO,,BOEING 737-8K5,TOM
12131418501243598861,4ca769,EI-EFN,LEMG,BOEING 737-8AS,RYR
11219318620915509186,407152,G-DSAA,EGDY,AW169,
5456787809286127851,48c2ab,SP-RZL,,,
13557994848651584273,407f0e,G-RUKJ,EGPH,Boeing 737-8AS,RYR
12887207848384026624,4ca8e7,EI-ENV,,BOEING 737-8AS,RYR
12771251922126470218,4cade0,EI-IGV,LEMG,Boeing 737 MAX 8-200,RYR
11551388580005599825,4b1a29,HB-JXP,LSGG,A320-214 (W),EZS
7042733204719894416,3cedb8,,EDDH,,
3487255327073168007,4d2239,9H-QBI,EPWR,Boeing 737-8AS (W),RYR
5961664914327964447,400d58,G-VWIN,,AIRBUS A340-642,VIR
17469644161687325105,4011b4,G-FCUM,,ROBINSON R44 II Raven Ii,COV
3139543174841798210,4ca8e7,EI-ENV,,BOEING 737-8AS,RYR
5199289930201388021,4035ec,G-BUFH,,PIPER PA-28-161 Cherokee Warrior Ii,
1368202984421583750,406d95,G-EZOP,LSGG,AIRBUS A320-214,EZY
4240277312048365639,4011b4,G-FCUM,,ROBINSON R44 II Raven Ii,COV
8955764235729139400,4080b1,G-OLGE,,Cirrus SR20,
17062309662264732237,4076dd,G-DRTH,,,
10382671798632811265,a3e411,N35SN,,35-33,
134349315612656943,401ca5,G-BEWR,,REIMS CESSNA F172N Skyhawk,
10478674705892752575,405200,G-XVIP,EGJB,BEECH 200 Super Kingair,
7854455430618293272,4008d1,G-BZRS,,EC135 T2+,
9805221997139796053,4008d1,G-BZRS,,EC135 T2+,
17099796409355677822,4ca2ab,EI-DHX,LMML,BOEING 737-8AS,RYR
3275033776425349865,407e3f,G-ECLH,,,
12673547176547708173,43e86d,M-OUSE,EGKB,Citation Mustang,LNX
17791396320083794895,4ca8e7,EI-ENV,EPKK,BOEING 737-8AS,RYR
14646941032773156065,4080c7,,,,
9214361081837039706,400f0b,G-VRED,,AIRBUS A340-642,VIR
3889136569954476560,48c12f,SP-RKP,LEAL,,
3145530846208308240,407f7d,G-JZDC,,Boeing 737-82R,EXS
4188037465148624989,424c74,,EGHL,,
10048831895400077489,406d8f,G-EZOJ,,AIRBUS A320-214,EZY
11093561425908864066,40829e,,EGCC,,
17087332765834725380,4067f2,G-TAWO,,BOEING 737-8K5,TOM
14144557682819841529,407d60,G-OJFA,EGNS,,
1383709755598212356,407f1f,G-RUKM,EGPH,Boeing 737-8AS,RYR
17463665722564979085,3ce997,D-CPTN,LHBP,Pilatus PC-24,PTN
8812479903850812624,4d226b,9H-QCA,LPFR,737-8AS,RYR
7141177520008121830,4ca8e7,EI-ENV,,BOEING 737-8AS,RYR
3638773185498416166,48c12e,SP-RKO,,737-8AS (W),RYS
8163828479020758422,4243bc,VQ-BXG,EHRD,Falcon 8X,SHE
5600468189782032474,4082ef,,,,
14554242877989176832,408183,,,,
1677098777704726139,4009cd,G-FRAK,EGHQ,FAN JET FALCON SERIES D Falcon 20d,
8045518395590185571,8940c0,A9C-BHR,,,
15086128832825440541,4d2259,9H-QBB,EPWR,,
2364708891985440514,4009d3,G-FRAS,,FAN JET FALCON Falcon 20,
16375297027170996074,407f7d,G-JZDC,,Boeing 737-82R,EXS
15784350830438911423,4009c9,G-FRAF,,FAN JET FALCON SERIES E Falcon 20e,
6259799808605823383,4ca8e7,EI-ENV,,BOEING 737-8AS,RYR
13479531729667799491,403bdf,G-BWXA,EGKA,SLINGSBY T67M260 Firefly,
9552448885850238446,4067f2,G-TAWO,,BOEING 737-8K5,TOM
14938978542504065435,407bf5,G-FTFX,EGLC,,
10797745924022067406,4076dd,G-DRTH,,,
15887743075982766477,4d235f,9H-649FX,EDDM,,
5199358623719669056,3cf0b8,,LFRN,,
17068957583902973802,4ca8e7,EI-ENV,LEAL,BOEING 737-8AS,RYR
4751700364065300206,400f0b,G-VRED,,AIRBUS A340-642,VIR
5048492152335194961,401372,G-OMJA,EGLK,PIPER PA-28-181 Cherokee Archer Ii,
4189540800291277144,4080c7,,EGVO,,
4478399336228187362,43c8fa,ZM532,EGDM,,
2344270118023998185,4a5243,YR-TRC,LYBE,Challenger 300,
16654221001193929660,424b12,M-CDBM,,,
13002007419357676990,4076dd,G-DRTH,,,
8658016655485884981,4d23fb,9H-QES,LEMG,,
15081843001954010166,4067f2,G-TAWO,,BOEING 737-8K5,TOM
17529255556122993399,3ce078,D-CMHS,EDLN,,
6067673346451554726,40774d,G-BJYT,EGAA,,
4257020785636648559,407f00,G-LZRI,LCLK,Embraer Praetor 600,CLF
1669871392724077219,8940d9,,EGLF,,
16668397478678062304,ac15a1,N878SC,LEMD,BD-700-1A10,
4250115259220040568,4d23a7,9H-XFX,LFMN,,
1080138864897975082,4007db,G-RJXB,EGPD,EMB-145EP,BMR
15084267729952245301,43f795,,EGJB,,
10282715461686723979,4080c1,G-RUKO,EGPH,Boeing 737-8AS,RYR
5921666076811649907,408360,,,,
1096574961834174972,4009cd,G-FRAK,,FAN JET FALCON SERIES D Falcon 20d,
12790569379441537507,4009c9,G-FRAF,EGFF,FAN JET FALCON SERIES E Falcon 20e,
691275088837497832,407bef,G-ETPP,,,
3846999039078093106,4009cd,G-FRAK,,FAN JET FALCON SERIES D Falcon 20d,
1660836669244849100,4009c9,G-FRAF,,FAN JET FALCON SERIES E Falcon 20e,
940744554788585401,4cadef,EI-IHE,LMML,Boeing 737 MAX 8-200,RYR
2638852714944766428,4067f2,G-TAWO,,BOEING 737-8K5,TOM
17344566439174942063,407f7d,G-JZDC,,Boeing 737-82R,EXS
5159355742184385211,43ed51,2-EMBR,EGAA,EMB-505 Phenom 300,
474294833270667703,407ab0,G-NJAC,EGLF,,
7869403431247117909,4076dd,G-DRTH,,,
14415273920870123354,50020a,T7-SLXP,EGSH,,
16018328634217610694,43e7ed,M-JJTL,LFPB,PC-XII 47E,
1005346424772328920,407152,G-DSAA,EGDY,AW169,
12044608160177434003,405200,G-XVIP,EGJB,BEECH 200 Super Kingair,
12377959745809786194,407152,G-DSAA,,AW169,
1521977146001143221,407152,G-DSAA,EGHI,AW169,
1211116380088670696,4cac85,EI-HGH,,,
3090113743491024789,406d70,G-TUII,,BOEING 787-8 Dreamliner,TOM
7336750190675307511,440141,OE-IJX,,,
6368737895226412899,48c128,SP-RKI,LMML,Boeing 737-8AS (W),RYR
9622942037483232788,424c51,M-INKE,LFMN,Gulfstream G600,
9122886314135432259,4ca8e7,EI-ENV,EPKK,BOEING 737-8AS,RYR
13313723485652398286,400f0b,G-VRED,,AIRBUS A340-642,VIR
9294668393621788600,4ca9a9,EI-HAX,LEAL,,
1694683485884302320,407f7d,G-JZDC,,Boeing 737-82R,EXS
684257121215932830,400a90,G-VNAP,,AIRBUS A340-642,
1991843839439667435,4074b2,G-EZRT,,,
11839413261169277686,4067f2,G-TAWO,,BOEING 737-8K5,TOM
17036576891167434404,407cb4,G-RUKH,EGPH,,
8393683609138792259,4cafd3,EI-GXN,LPFR,737-8AS (W),RYR
1830370005503797757,407e3f,G-ECLH,,,
6181217836090785095,4ca8e7,EI-ENV,,BOEING 737-8AS,RYR
6190046902471618241,48e87f,,EGNM,,
6718927059271325927,4ca9c2,EI-EVB,EPKK,BOEING 737-8AS,RYR
12847466433101218908,407152,G-DSAA,EGDY,AW169,
8348567495545650991,4076f4,G-KCMI,EGUB,,
2492876027858516061,4009ca,G-FRAH,EGNV,FAN JET FALCON SERIES D Falcon 20d,
11136544400423673374,4009cd,G-FRAK,,FAN JET FALCON SERIES D Falcon 20d,
17263902499215420078,4009d1,G-FRAP,,FAN JET FALCON SERIES D Falcon 20d,
16177346606736570371,40756a,G-UZHK,LSGG,A-320neo,EZY
4213968013873684289,405200,G-XVIP,,BEECH 200 Super Kingair,
15586704433885964754,407152,G-DSAA,EGHI,AW169,
11286616687569234821,4009ca,G-FRAH,,FAN JET FALCON SERIES D Falcon 20d,
13683741095685160384,4009d3,G-FRAS,,FAN JET FALCON Falcon 20,
420363667616439957,4d02bc,,LFPB,,
253917186250846828,408223,,,,
12618774733632468392,48e9f1,,EPWR,,
16587697148957594677,407f7d,G-JZDC,,Boeing 737-82R,EXS
5082398892137618250,406ed0,G-MOSH,EGDY,PIPER PA-28R-201 Cherokee Arrow Iii,
4648880484244480836,4ca8e7,EI-ENV,,BOEING 737-8AS,RYR
1735273025214429158,4009ca,G-FRAH,,FAN JET FALCON SERIES D Falcon 20d,
13454371649091130971,408360,,,,
11925753419010926486,4009cd,G-FRAK,,FAN JET FALCON SERIES D Falcon 20d,
7419560919871816419,4067f2,G-TAWO,,BOEING 737-8K5,TOM
2496304591359789900,4076dd,G-DRTH,,,
15737975188871905548,407990,G-SADB,EGBJ,,
17713247006665710489,4076f4,G-KCMI,EGTE,,
15485248083792860039,407d60,G-OJFA,EGLF,,
5995842785193229982,407aae,G-NJAA,EGJJ,,
11126662376010180392,4d224c,9H-QAT,LEAL,Boeing 737-8AS (W),RYR
15008750960187885956,407b44,G-GMAF,EGJB,,
16822514312393440593,494113,CS-PHS,EIDW,,
1130263123519091361,406cbc,G-WLTS,EGGD,BELL 429,
15293136465042800031,400f0b,G-VRED,,AIRBUS A340-642,VIR
13636984014070090411,40738a,G-ETPC,,G 120TP-A,
13424691147272945227,406ad0,G-FFMV,EGVA,DA 42 M-NG Twin Star,
3795967278254823024,407f7d,G-JZDC,,Boeing 737-82R,EXS
12608041937392799443,4009d3,G-FRAS,,FAN JET FALCON Falcon 20,
934691440777104117,406aa7,G-OXFE,EGBJ,PIPER PA-34-220T Seneca V,
12120778549006699208,4d2209,9H-QCL,,737-8AS (W),MAY
10480217148322777600,407b44,G-GMAF,EGJB,,
7954954020006329828,407b18,G-JBHL,EGHI,,
17033711622651984694,4067f2,G-TAWO,,BOEING 737-8K5,TOM
14515956318912561542,40829e,,EGCC,,
14967125199785554870,4069ca,G-CICG,EGLK,IKARUS C42 FB80 Ikarus,
2698348077089001424,408360,,,,
11942344343685000419,400e15,G-FRAD,EGNV,FAN JET FALCON SERIES E Falcon 20e,
11879363396001776946,406ad0,G-FFMV,,DA 42 M-NG Twin Star,
9409937344824756307,4009d1,G-FRAP,,FAN JET FALCON SERIES D Falcon 20d,
7619328156408297982,4009d4,G-FRAT,EGNV,FAN JET FALCON Falcon 20,
16570481014316284482,407990,G-SADB,EGTE,,
14463929895202108131,403110,G-KIMB,EGHL,CEA DR300/140,
8213975909999252036,4035ec,G-BUFH,,PIPER PA-28-161 Cherokee Warrior Ii,
11738821393524113297,400f3c,G-CBZX,,MCR-01 ULC Banbi,
3885415057822876114,406aa7,G-OXFE,,PIPER PA-34-220T Seneca V,
16250496545837944302,a3278f,N302JG,EGJB,TBM 700,
17197036374885711343,401ca5,G-BEWR,EGHL,REIMS CESSNA F172N Skyhawk,
7621852431414685541,404273,G-EYOR,EGFF,VANS RV-6,
8032620590950106651,4011b4,G-FCUM,EGHI,ROBINSON R44 II Raven Ii,COV
4609039755085659123,40714e,G-OREZ,EGNR,CESSNA 525 Citation M2,
14704199573908926338,407152,G-DSAA,EGDY,AW169,
14365225454415584941,4060dd,G-CGKN,EGDM,GROB G115E Tutor,
7865277906758456124,407990,G-SADB,EGJB,,
10664442255277351315,4035ec,G-BUFH,,PIPER PA-28-161 Cherokee Warrior Ii,
14502995957748429204,407152,G-DSAA,,AW169,
8687916270816775581,404a79,G-CZMI,EGHI,SKYRANGER SWIFT 912(1) Skyranger,
3621496291816956408,401ca5,G-BEWR,,REIMS CESSNA F172N Skyhawk,
2745589990290248920,407935,G-CLKB,EGHI,,
3606140191386374549,400fa6,G-INDC,EGHI,CESSNA T303 Crusader,
9544355059694956854,4079d6,G-EGBW,EGVO,,
9621521965180878183,402967,G-OONE,EGJB,MOONEY M20J Mooney 201,
3811429296117007851,407990,G-SADB,,,
3320127083499412980,a41855,N363KC,,SR22T,
16039020749556629932,4009ca,G-FRAH,,FAN JET FALCON SERIES D Falcon 20d,
1070497589715359906,407152,G-DSAA,EGDY,AW169,
4933119949106624264,4065af,G-DIGA,EGHI,ROBINSON R66 Turbine,
13762125944670201817,407990,G-SADB,EGDY,,
1359065740186513417,4035ec,G-BUFH,,PIPER PA-28-161 Cherokee Warrior Ii,
1239816432812818194,407152,G-DSAA,EGHI,AW169,
13540857280744646987,4035ec,G-BUFH,,PIPER PA-28-161 Cherokee Warrior Ii,
2834257197694768181,424c81,,EICK,,
331546354149276961,407f0e,G-RUKJ,EGPH,Boeing 737-8AS,RYR
2823391773991630891,4009cd,G-FRAK,,FAN JET FALCON SERIES D Falcon 20d,
15851452486864114843,400e15,G-FRAD,,FAN JET FALCON SERIES E Falcon 20e,
4166481568944203998,406ad0,G-FFMV,,DA 42 M-NG Twin Star,
9458787943977126113,400f63,G-VWEB,,AIRBUS A340-642,VIR
139880982923309180,408360,,,,
6740132170330888306,40740f,G-ETPH,EGDM,,
4605893152185667606,3cd906,D-CJMK,LEPA,560XL Citation XLS+,AHO
10408323805559371610,461fbd,OH-MAN,LSMP,,
15346251849110153185,4082af,,EGBE,,
8942284949523263089,407d60,G-OJFA,EGLK,,
4677322706393237796,4009d3,G-FRAS,EGXC,FAN JET FALCON Falcon 20,
1840344117166769381,a72491,N56A,,200C,
4373044894436021141,4080c7,,EGVO,,
10628462422592557954,408360,,,,
17754056433714484619,4ca912,EI-EPD,,BOEING 737-8AS,RYR
10932915903820814594,43c955,,EGVA,,
10660821013212374993,4067f2,G-TAWO,,BOEING 737-8K5,TOM
2376706322868327654,407f7d,G-JZDC,,Boeing 737-82R,EXS
14314940274521269617,407765,G-YVIP,EGJJ,,
10010496497710567853,407b44,G-GMAF,EGJB,,
1784695343225280826,4076dd,G-DRTH,,,
14580579690277864535,49130b,CS-DXK,LFPB,Citation XLS,NJE
17912361331331454722,4009cd,G-FRAK,,FAN JET FALCON SERIES D Falcon 20d,
9175256900216805351,4009d3,G-FRAS,,FAN JET FALCON Falcon 20,
1318809092836170576,40714e,G-OREZ,EGNR,CESSNA 525 Citation M2,
2319769774844967877,4082bb,,EGKB,,
12358360678743075885,43c5dd,ZM403,EGVN,A400M Atlas C.1,SHF
12661818302536397446,4ca912,EI-EPD,LPFR,BOEING 737-8AS,RYR
315123040527007135,407df2,G-DRAK,,,
8946566609288737362,407b44,G-GMAF,EGDY,,
13865008131727091780,401ca5,G-BEWR,EGDY,REIMS CESSNA F172N Skyhawk,
12043787010457553365,4d223b,9H-QCQ,LEAL,737-800,
8350815570250227668,407990,G-SADB,,,
13519058180776732391,4009cd,G-FRAK,,FAN JET FALCON SERIES D Falcon 20d,
4971111028252545513,405fd0,G-OSRL,EGKB,LEARJET 45 Learjet,BZE
4031760748805111137,4080b1,G-OLGE,,Cirrus SR20,
4646362177229940989,407990,G-SADB,,,
2954477165186620938,407f7d,G-JZDC,,Boeing 737-82R,EXS
17970644824397327679,4067f2,G-TAWO,,BOEING 737-8K5,TOM
15902879687660511362,4009d1,G-FRAP,,FAN JET FALCON SERIES D Falcon 20d,
11565270706307735846,4ca97c,EI-ESV,LEMG,BOEING 737-8AS,RYR
132728547528978372,4caff6,,EPKK,,
11354579692935981780,4080c1,G-RUKO,EGPH,Boeing 737-8AS,RYR
4934473134339525546,407b44,G-GMAF,EGKB,,
342833836448362655,4ca912,EI-EPD,,BOEING 737-8AS,RYR
4469764927480835781,4cae9d,,,,
1315660684744361598,4b027e,HB-AYO,LSGG,,
11551867676398400389,4069b3,G-IPLY,EGBJ,CESSNA 550 Citation Bravo,
13792946543314627420,400db9,G-BFBR,,PIPER PA-28-161 Cherokee Warrior Ii,
17533271187693223295,401ca5,G-BEWR,,REIMS CESSNA F172N Skyhawk,
13646201590923482371,400b1c,G-BZTN,EGHI,EUROPA XS Europa,
18115354789062933752,4ca802,EI-EKD,EPWR,BOEING 737-8AS,RYR
13318031099510190846,4035ec,G-BUFH,,PIPER PA-28-161 Cherokee Warrior Ii,
11901629029682164175,400b1c,G-BZTN,EGGD,EUROPA XS Europa,
2024021034251388653,400f3c,G-CBZX,EGGD,MCR-01 ULC Banbi,
7576488274988683671,4ca912,EI-EPD,,BOEING 737-8AS,RYR
18210369268778996155,40155a,G-ARMC,,DHC-1 CHIPMUNK 22A Chipmunk,
9901750809955837259,40668c,G-WPDB,EGTE,EC135 P1,
14398295558576267930,405f12,G-EZTB,,AIRBUS A320-214,EZY
15415132572135356026,407f7d,G-JZDC,,Boeing 737-82R,EXS
9568491537797178164,4080b1,G-OLGE,,Cirrus SR20,
3083391801852142729,4069b3,G-IPLY,EGNJ,CESSNA 550 Citation Bravo,
16911882689332743678,407b44,G-GMAF,EGJB,,
15856015478907988012,4076dd,G-DRTH,EGBB,,
9039199238689786432,407152,G-DSAA,EGDY,AW169,
13685935427998017499,4cafd2,EI-GXM,LMML,,
17961068323092954460,494105,CS-PHE,,Phenom 300,
9461880158852671310,4ca912,EI-EPD,EPKK,BOEING 737-8AS,RYR
8939252489266282966,40824d,,EGHQ,,
9957952498709947965,400f63,G-VWEB,,AIRBUS A340-642,VIR
2006769089175190001,407e5a,G-PAAL,,Piper PA-32-301FT,
5034449391093748672,407e5a,G-PAAL,,Piper PA-32-301FT,
17098838629606586513,4d0281,LX-SUN,EGLF,Piaggio P-180 Avanti,
8111851338404925708,4caee3,,EGKB,,
5139709607697441677,407f7d,G-JZDC,,Boeing 737-82R,EXS
1917048358518670423,48c1a1,SP-RNB,LEAL,Boeing 737-8AS,RYR
1055128977468491683,405f13,G-EZTC,LSGG,AIRBUS A320-214,EZY
9461837069686117779,407b44,G-GMAF,EGJB,,
12689138598054458233,461fbd,OH-MAN,EHRD,,
17146119891931476006,4067f2,G-TAWO,,BOEING 737-8K5,TOM
11484104567710525449,a008cb,N101DW,EGJB,PA-32R-300,
15878382794695088196,407cb4,G-RUKH,EGPH,,
5270076426156892075,4d21e9,9H-QAA,LPFR,,
10611027133014659650,50046c,,EGLL,,
1303713068521085204,4ca912,EI-EPD,,BOEING 737-8AS,RYR
13567737513368628849,4ca245,EI-DCO,EPKK,BOEING 737-8AS,RYR
1929535721353503636,407990,G-SADB,,,
1492312244447491398,424c57,M-JHCI,EGBJ,Cessna 525C Citation CJ4,
6150888883516001417,407990,G-SADB,,,
3463059096824062051,4079d6,G-EGBW,EGTE,,
18222545121298197503,4d23c8,9H-PARTS,EDDF,,
3809690404640382810,406012,G-EZTH,LSGG,AIRBUS A320-214,EZY
2065118402504132442,407dca,G-HMGC,,,
12941025125756507812,407990,G-SADB,,,
13508868329361946684,407990,G-SADB,,,
11464084632811743081,48c223,SP-RSD,EPWR,,
14956985696436557427,407f7d,G-JZDC,,Boeing 737-82R,EXS
3118529370255597270,4ca912,EI-EPD,,BOEING 737-8AS,RYR
2043380854167378642,406cbc,G-WLTS,EGDM,BELL 429,
5552158880493400795,408360,,,,
13049732001951916949,4067f2,G-TAWO,,BOEING 737-8K5,TOM
16298671116362477235,4076dd,G-DRTH,,,
1966076949664844830,407990,G-SADB,,,
4761878422851111663,4d250d,9H-FLYIN,,Embraer Phenom 300,TEU
7571993200941443805,407990,G-SADB,,,
5001321994719141417,407990,G-SADB,,,
11654989517448804250,4ca912,EI-EPD,LEAL,BOEING 737-8AS,RYR
1002144430731737205,408166,,EGBJ,,
1177339460765452586,4009d3,G-FRAS,,FAN JET FALCON Falcon 20,
10656929267331659829,4009d4,G-FRAT,,FAN JET FALCON Falcon 20,
16322929087981360158,4009cd,G-FRAK,,FAN JET FALCON SERIES D Falcon 20d,
5546475556149081365,4009d1,G-FRAP,,FAN JET FALCON SERIES D Falcon 20d,
249262277426850621,406a99,G-OXFB,EGBJ,PIPER PA-34-220T Seneca V,
4193992001270579900,40819d,,,,
4806408824419331865,4082e9,,EGJJ,,
2899838969334941322,408166,,EGPN,,
5632280063592258203,4009d1,G-FRAP,,FAN JET FALCON SERIES D Falcon 20d,
13148568732316543980,408360,,,,
14332846671737484048,4009cd,G-FRAK,,FAN JET FALCON SERIES D Falcon 20d,
4767184480349898285,406a99,G-OXFB,,PIPER PA-34-220T Seneca V,
7496931666384335126,407f7d,G-JZDC,,Boeing 737-82R,EXS
5972834943286955575,401e56,G-BHJS,EGTE,P68B Victor,
1156845064743858188,4d2271,9H-QEC,LEMG,,
1512041773968429678,43c5e8,ZM414,,A400M Atlas C.1,SHF
15081693490729319542,4072a5,G-TAWW,,BOEING 737-8K5,TOM
10806137605063582220,407b44,G-GMAF,EGPH,,
136545574986486828,400a90,G-VNAP,,AIRBUS A340-642,
15765067854935064127,43edea,2-NICE,EGKB,,
4094472336138647396,4d20b7,9H-VTC,EPKK,Bombardier Global 5000,
8565625197857305034,4009cd,G-FRAK,,FAN JET FALCON SERIES D Falcon 20d,
7371766338032021488,408360,,,,
16132929274235814434,4009d3,G-FRAS,,FAN JET FALCON Falcon 20,
3368302408533615018,493293,CS-LTS,EGLF,,
4051186566948756614,400ca9,G-FIND,EGNX,REIMS CESSNA F406 Caravan Ii,
1677621623307537400,4035ec,G-BUFH,,PIPER PA-28-161 Cherokee Warrior Ii,
12059030552512243407,424c90,,EGBB,,
5389431673514762878,407df2,G-DRAK,,,
18327802246131662794,401e04,G-BGYH,,PIPER PA-28-161 Cherokee Warrior Ii,
366884477844863637,4035ec,G-BUFH,,PIPER PA-28-161 Cherokee Warrior Ii,
4605336615538842067,40819d,,,,
17598946952492958230,4031cf,G-CMPA,,PIPER PA-28RT-201 Cherokee Arrow Iv,
4009708325500523243,407152,G-DSAA,EGTE,AW169,
2099367394678760218,401e56,G-BHJS,EGKA,P68B Victor,
14422561446542118117,400f3c,G-CBZX,EGTE,MCR-01 ULC Banbi,
5943905431986463340,40800d,G-HMGH,EGXC,Beech King Air 350i,BRO
8963898444512724124,400ca9,G-FIND,,REIMS CESSNA F406 Caravan Ii,
9040392391815571839,407152,G-DSAA,,AW169,
2806650051702785576,4035ec,G-BUFH,,PIPER PA-28-161 Cherokee Warrior Ii,
1746487594116036349,405200,G-XVIP,EGJJ,BEECH 200 Super Kingair,
13907216086302807548,4009d3,G-FRAS,,FAN JET FALCON Falcon 20,
17999517209326451183,408360,,,,
9218998676189041463,4035ec,G-BUFH,,PIPER PA-28-161 Cherokee Warrior Ii,
4499478487570623260,4009cd,G-FRAK,,FAN JET FALCON SERIES D Falcon 20d,
12313620598280021061,407152,G-DSAA,,AW169,
9757893598156942133,40819d,,,,
12609149387391128893,4065af,G-DIGA,,ROBINSON R66 Turbine,
11358336709837675485,40819d,,,,
9528709720126208790,407b44,G-GMAF,EGPD,,
6745635349397223363,405200,G-XVIP,EGJJ,BEECH 200 Super Kingair,
16107678275762431603,400f63,G-VWEB,,AIRBUS A340-642,VIR
8286311334799002728,4080c7,,,,
4786800477623371792,400f0b,G-VRED,,AIRBUS A340-642,VIR
9443116984947497754,4cae52,EI-IJB,LEMG,Boeing 737 MAX 8-200,RYR
2973296599249981947,4009cc,G-FRAJ,EGHI,FAN JET FALCON Falcon 20,
8182072289609529069,4ca303,EI-DLX,LEAL,BOEING 737-8AS,RYR
6182134004051356927,4080c1,G-RUKO,EGPH,Boeing 737-8AS,RYR
16106757751508753935,4009cd,G-FRAK,,FAN JET FALCON SERIES D Falcon 20d,
8897504981526203281,4009d4,G-FRAT,,FAN JET FALCON Falcon 20,
3795949244393280930,494143,CS-PJC,EBBR,Embraer Phenom 300,NJE
2822889357489844487,408360,,,,
3040255980917666734,4d20b7,9H-VTC,EKBI,Bombardier Global 5000,
6933915227805847962,4407e8,OE-IAJ,EBLG,737 476SF,
7840425386226233469,4009d1,G-FRAP,,FAN JET FALCON SERIES D Falcon 20d,
9351930703056297358,a0265d,N109CH,,GVI (G650ER),
9635002038165304978,4009d4,G-FRAT,,FAN JET FALCON Falcon 20,
7735298660940265601,400a90,G-VNAP,,AIRBUS A340-642,
1500844868066428751,4009d3,G-FRAS,EGHQ,FAN JET FALCON Falcon 20,
10106580249648969259,4d2247,9H-QDF,EPWR,Boeing 737-8AS (W),MMO
14726106541507384358,48c2a8,SP-RZI,LMML,,
7225795901683060835,4072a5,G-TAWW,,BOEING 737-8K5,TOM
17669719657987235063,4076dd,G-DRTH,,,
6985733736407589184,407f7d,G-JZDC,,Boeing 737-82R,EXS
14011299844215743105,48c126,SP-RKG,EPKK,737-8AS (W),RYR
2036306208182068693,407b44,G-GMAF,EGJB,,
17511770191833157689,4080c7,,EGLF,,
4066028276105070304,4009d3,G-FRAS,,FAN JET FALCON Falcon 20,
5505869293908629549,408360,,,,
11274436346775006552,4009d4,G-FRAT,,FAN JET FALCON Falcon 20,
8661517344600022933,494102,CS-PHB,,Phenom 300,
2643025543837676588,4ca912,EI-EPD,LPFR,BOEING 737-8AS,RYR
4546290513450100759,407152,G-DSAA,EGDY,AW169,
3710053699054691514,407dca,G-HMGC,,,
11824041111994832161,4ca911,EI-EPC,LEAL,BOEING 737-8AS,RYR
9295219033783196507,4d02b1,LX-JFC,LEBL,,
12603653183665617862,408360,,,,
11966340015661797110,4009d4,G-FRAT,,FAN JET FALCON Falcon 20,
3113951234511468654,4009d3,G-FRAS,,FAN JET FALCON Falcon 20,
15754513896092925084,4009d1,G-FRAP,,FAN JET FALCON SERIES D Falcon 20d,
18092753352895165016,43ec3f,2-CLEV,EGTK,525A CitationJet CJ2,
2753367369934321272,407f7d,G-JZDC,,Boeing 737-82R,EXS
551944381189688673,406e65,G-EZOT,LSGG,AIRBUS A320-214,EZY
15606566814359073726,4072a5,G-TAWW,,BOEING 737-8K5,TOM
11598428534275649521,4063c3,G-LCYN,EGBB,ERJ 190-100 SR Embraer 190,CFE
2840188749754628756,403c75,G-BWUH,,PIPER PA-28-181 Cherokee Archer Iii,
10901616310204168315,407e3f,G-ECLH,,,
6040507864325093983,407152,G-DSAA,,AW169,
1188391291725824393,4caf26,,EPKK,,
9706737599976447625,407152,G-DSAA,EGHI,AW169,
10372407679157351449,4080c1,G-RUKO,EGPH,Boeing 737-8AS,RYR
11261532454694664690,4cadf8,EI-IHN,LEMG,Boeing 737 MAX 8-200,RYR
9120985772028549537,4ca912,EI-EPD,,BOEING 737-8AS,RYR
17680040206681596828,4cadc2,EI-IGA,LEMG,,
2708278865496917250,4b027f,HB-AYP,LSGG,,
238523995585045733,406b9f,G-RANN,EDDL,BEECH B300 Super Kingair 350,
9091638609119314011,400a90,G-VNAP,,AIRBUS A340-642,
11294913170943342956,4ca802,EI-EKD,EPWR,BOEING 737-8AS,RYR
8082912182514213770,c05f00,C-GJZJ,LMML,CL-600 2B19 (Series 200) (Bombardier),
11043227720447487957,4ca912,EI-EPD,,BOEING 737-8AS,RYR
15124503953982711784,40714e,G-OREZ,EGNR,CESSNA 525 Citation M2,
3274269416878280947,406446,G-EZGI,LSGG,,
366487830475850128,407f7d,G-JZDC,,Boeing 737-82R,EXS
15217689927057944449,4402d9,OE-ITH,,Bombardier Challenger 604,
15882603417007834693,4ca912,EI-EPD,LEAL,BOEING 737-8AS,RYR
2114600308501471528,400f0b,G-VRED,,AIRBUS A340-642,VIR
5911676903080356069,4ca80f,EI-EKO,LMML,BOEING 737-8AS,RYR
688958749166444272,4067f5,G-TUIA,,BOEING 787-8 Dreamliner,TOM
3253851535745265288,4ca912,EI-EPD,EPKK,BOEING 737-8AS,RYR
17354697359999626083,4d234f,9H-VUP,LEAL,,
15604252478920399621,407f7d,G-JZDC,,Boeing 737-82R,EXS
5855554067345355521,405f13,G-EZTC,LSGG,AIRBUS A320-214,EZY
1348746641711336680,4072a5,G-TAWW,,BOEING 737-8K5,TOM
14034121770235126029,40817d,,EGJJ,,
13323314555205739948,407b44,G-GMAF,EGJB,,
1612507313339354378,407152,G-DSAA,,AW169,
13329233069618168555,4ca8e4,EI-ENR,EGPH,BOEING 737-8AS,RYR
614627306383475926,400a90,G-VNAP,,AIRBUS A340-642,
6383189563469048079,4d223a,9H-QCG,LPFR,,RYR
9338568420151350490,4ca912,EI-EPD,,BOEING 737-8AS,RYR
2554751354005170658,4076dd,G-DRTH,EGPH,,
10647070258290090895,406cab,G-JZHA,EGPH,BOEING 737-8K5,EXS
716235381983263970,48c126,SP-RKG,EPKK,737-8AS (W),RYR
14513139516108225152,3cd43b,D-CHRF,EDDL,,
8521654120815044274,4009d4,G-FRAT,,FAN JET FALCON Falcon 20,
14926304725800068527,4009d3,G-FRAS,,FAN JET FALCON Falcon 20,
18067285556522402461,407808,G-IDFE,EGKA,BELL 505,
13290642295766541308,4009cd,G-FRAK,EGFF,FAN JET FALCON SERIES D Falcon 20d,
3257493538011831415,405b65,G-EZDL,LSGG,AIRBUS A319-111,EZY
7932862754975609379,407d60,G-OJFA,EGJJ,,
17958647256970099902,403c75,G-BWUH,,PIPER PA-28-181 Cherokee Archer Iii,
11382896186286709827,407152,G-DSAA,EGDY,AW169,
5528955709176557737,400f63,G-VWEB,,AIRBUS A340-642,VIR
16388601923568913018,48c22f,SP-RSP,EPWR,,
564777393618556929,4009d3,G-FRAS,,FAN JET FALCON Falcon 20,
16984576681884818964,4009d4,G-FRAT,,FAN JET FALCON Falcon 20,
16136263335866667259,407f7d,G-JZDC,,Boeing 737-82R,EXS
3323775857726067934,4ca912,EI-EPD,,BOEING 737-8AS,RYR
16320234455998520232,4009cd,G-FRAK,,FAN JET FALCON SERIES D Falcon 20d,
56656148836473617,408360,,,,
13054853250356649981,4072a5,G-TAWW,,BOEING 737-8K5,TOM
5247123708972728558,4076dd,G-DRTH,,,
10250315138408974989,407b44,G-GMAF,EGHL,,
12457222042981821792,4ca912,EI-EPD,LEAL,BOEING 737-8AS,RYR
11218358978934155529,4009d3,G-FRAS,,FAN JET FALCON Falcon 20,
8128265070333415688,4009d4,G-FRAT,,FAN JET FALCON Falcon 20,
3695790768171360955,407e0b,G-KMTE,EGNH,,
12010164115951768607,407152,G-DSAA,,AW169,
7711423947421796095,4080c7,,EGDM,,
9623452510470860200,407e0b,G-KMTE,,,
6281756651210309444,400a90,G-VNAP,,AIRBUS A340-642,
15898694455042567479,4d2174,,,,
7920162245100041679,407f11,G-MDSZ,EGKB,Pilatus PC-12 NGX,
760406672948768659,407e3f,G-ECLH,,,
5469479887121033979,4076dd,G-DRTH,,,
15195652771732987440,407f7d,G-JZDC,,Boeing 737-82R,EXS
8687682663445387701,4d2271,9H-QEC,LEMG,,
6594728606817301978,4072a5,G-TAWW,,BOEING 737-8K5,TOM
17756792662277056472,50020a,T7-SLXP,,,
6397033253716374679,4009d3,G-FRAS,,FAN JET FALCON Falcon 20,
11678394408422037181,4009cd,G-FRAK,,FAN JET FALCON SERIES D Falcon 20d,
6545422512477979103,4070ee,G-JZHJ,EGGP,BOEING 737-8MG,EXS
15562897868671550334,406ad0,G-FFMV,,DA 42 M-NG Twin Star,
4268526803818738163,407808,G-IDFE,EGHI,BELL 505,
17821685725956236647,407e5a,G-PAAL,EGHQ,Piper PA-32-301FT,
17155070548591920419,400978,G-FPLD,EGNV,BEECH B200 Super Kingair,
14615204329477559200,407152,G-DSAA,EGDY,AW169,
1751286458141928429,4083b1,,EGKB,,
9824553787795661525,4083b2,,EGKB,,
5740633126275645385,4060d4,G-CGKE,EGDY,GROB G115E Tutor,
1303168901846348079,405200,G-XVIP,EGJJ,BEECH 200 Super Kingair,
2223390598632153058,4011b4,G-FCUM,EGHI,ROBINSON R44 II Raven Ii,COV
3945719662109461718,407f7d,G-JZDC,,Boeing 737-82R,EXS
12246137070586781450,407152,G-DSAA,EGHI,AW169,
14626938863936556111,4009cd,G-FRAK,,FAN JET FALCON SERIES D Falcon 20d,
16863793118179436406,4009d3,G-FRAS,,FAN JET FALCON Falcon 20,
1988905172270300545,408360,,,,
9003495420934598942,40825d,,EGKK,,
321520477790964995,407ab0,G-NJAC,LIML,,
17507661379370867406,4011b4,G-FCUM,EGDY,ROBINSON R44 II Raven Ii,COV
11181385295138248190,40834d,,EGDY,,
12604346674869884946,407b44,G-GMAF,EGJB,,
6044133825377733339,4cad54,EI-HGV,,,
5980075955280028905,4d2234,9H-QCF,LEAL,Boeing 737-8AS (W),RYR
7463417474778253424,45b4ef,OY-MGO,,,
4485816623880839771,407caf,G-RUKC,EGPH,,
12304312106584053669,4009cd,G-FRAK,EGHQ,FAN JET FALCON SERIES D Falcon 20d,
13272236672275939428,400f63,G-VWEB,,AIRBUS A340-642,VIR
7125454537423444372,a3278f,N302JG,EGJB,TBM 700,
6406230869843291851,a2f3ae,N29FR,EGTK,BD-700-1A10,
14782417716009352039,4009d3,G-FRAS,EGHQ,FAN JET FALCON Falcon 20,
9521780217544416206,48c22f,SP-RSP,EPWR,,
6519869139066595034,4076dd,G-DRTH,,,
10964134293710355199,4072a5,G-TAWW,,BOEING 737-8K5,TOM
15889060558227812182,407152,G-DSAA,EGDY,AW169,
15464503549646417242,406542,G-EZUI,LSGG,AIRBUS A320-214,EZY
15568209976002582909,48c2b1,,LMML,,
8352143178245708168,400ee1,G-BYVD,EGDM,GROB G115E Tutor,
16388747063918538793,a41855,N363KC,,SR22T,
15944192162668394477,407f7d,G-JZDC,,Boeing 737-82R,EXS
16120774030418355492,407b44,G-GMAF,EGJB,,
18432617371140520244,48c1a4,SP-RNE,EPKK,Boeing 737-8AS,RYR
2163392679001414492,407152,G-DSAA,EGTE,AW169,
3316048742317784163,407152,G-DSAA,EGDY,AW169,
2115111169514938026,400a90,G-VNAP,,AIRBUS A340-642,
9689784298294986118,4007da,G-RJXA,EGPH,EMB-145EP,BMR
15630136950130679629,500290,T7-BDA,LSGG,,
2638390092398252891,4009cd,G-FRAK,,FAN JET FALCON SERIES D Falcon 20d,
4465666475982007627,408360,,,,
16687600034670258131,4009d3,G-FRAS,,FAN JET FALCON Falcon 20,
793085810982361879,4060dd,G-CGKN,EGGD,GROB G115E Tutor,
3495255840351746831,424c60,M-ARNZ,EGNL,Pilatus PC-24,VSB
16395013248554502678,4ca912,EI-EPD,LPFR,BOEING 737-8AS,RYR
16403545642964109086,4007da,G-RJXA,,EMB-145EP,BMR
2816956716057356037,4d2371,9H-VII,,,
1074144546248740548,4080b1,G-OLGE,,Cirrus SR20,
16727810883303719563,4060d4,G-CGKE,EGDY,GROB G115E Tutor,
11539272202278610370,4009cd,G-FRAK,,FAN JET FALCON SERIES D Falcon 20d,
3158316052938293097,407152,G-DSAA,EGHI,AW169,
6091924701572862800,4d2234,9H-QCF,LEAL,Boeing 737-8AS (W),RYR
5685809469015187628,407f7d,G-JZDC,,Boeing 737-82R,EXS
10429649554605630374,406cd2,G-EZOF,,AIRBUS A320-214,EZY
15650674676613616614,401b71,G-BCIR,EGLK,PIPER PA-28-151 (MODIFIED) Cherokee Warrior,
8312505360931814560,405200,G-XVIP,EGJJ,BEECH 200 Super Kingair,
2073824941531839216,408144,,EGKB,,
16650850169563161120,4072a5,G-TAWW,,BOEING 737-8K5,TOM
12891495456210110882,4078ad,G-ILBG,EGCC,,
13830927659221484333,48c2b0,,EPKK,,
11684197618032849343,4d2264,9H-QDJ,,,
9985264026922490431,4ca912,EI-EPD,,BOEING 737-8AS,RYR
15647536051869928635,407cb4,G-RUKH,EGPH,,
8705019232143196726,4cad54,EI-HGV,,,
8354180824692901964,400f0b,G-VRED,,AIRBUS A340-642,VIR
521691206534893011,4b1a67,HB-JZZ,LSGG,A320-214,
14135844923241467078,401ca5,G-BEWR,EGDY,REIMS CESSNA F172N Skyhawk,
16664858941405475690,4035ec,G-BUFH,,PIPER PA-28-161 Cherokee Warrior Ii,
3359315082086875394,424b79,M-AMBA,EGLF,,
5242945014943284853,4011b4,G-FCUM,,ROBINSON R44 II Raven Ii,COV
15523230795547068886,4011b4,G-FCUM,,ROBINSON R44 II Raven Ii,COV
16352232541317209539,401af5,G-BBND,EGUB,DHC-1 CHIPMUNK 22 Chipmunk,
7173625826755163758,404e47,G-CDMY,EGKK,PIPER PA-28-161 Cherokee Warrior Ii,
4261297657685542105,4ca764,EI-EFI,EPWR,BOEING 737-8AS,RYR
4772024364494813992,a8255c,N624CS,EGBJ,SR22T,
7831408792120257411,406798,G-AWWO,EGHL,JODEL DR1050 Ambassadeur,
10960734894620466710,404867,G-OJVL,EGFF,VANS RV-6,
12079102456613257964,4072a5,G-TAWW,LOWS,BOEING 737-8K5,TOM
9812998254329130401,40632c,G-DBOD,,CESSNA 172S Skyhawk,
17906708989373139480,402a3d,G-PDSI,EGLK,CESSNA 172N Skyhawk,
6450563227232316658,400a90,G-VNAP,,AIRBUS A340-642,
1669524268893745156,402ae1,G-BOHA,EGKA,PIPER PA-28-161 Cherokee Warrior Ii,
424655558424506127,425186,,,,
7838858299647341273,4035ec,G-BUFH,,PIPER PA-28-161 Cherokee Warrior Ii,
1166671636149768874,403c75,G-BWUH,,PIPER PA-28-181 Cherokee Archer Iii,
1010236227172070154,425186,,,,
15961635556917352422,408239,,EGHL,,
1390281409361289922,4ca912,EI-EPD,,BOEING 737-8AS,RYR
15294261490047693528,400b1c,G-BZTN,,EUROPA XS Europa,
3878413649402949359,403e8a,G-CBCL,,GLASTAR,
6036570264638369131,407c77,G-IMPT,EGHI,,
7764576977897142099,4075b7,G-XIVA,,,
306171653827848618,407aae,G-NJAA,EGKB,,
11994210276170193972,404896,G-OJEH,,PIPER PA-28-181 Cherokee Archer Ii,
6831989402164324414,400f3c,G-CBZX,,MCR-01 ULC Banbi,
16658720651614069096,c05f00,C-GJZJ,,CL-600 2B19 (Series 200) (Bombardier),
7468083245660471182,404896,G-OJEH,,PIPER PA-28-181 Cherokee Archer Ii,
11987510966334125098,407f7d,G-JZDC,,Boeing 737-82R,EXS
17582131695302407446,40801b,G-CMSA,EGDM,Airbus Helicopters H125,
11258516800178405786,4035ec,G-BUFH,,PIPER PA-28-161 Cherokee Warrior Ii,
12434827601861697259,406cd2,G-EZOF,LSGG,AIRBUS A320-214,EZY
4403114525840538614,4011b4,G-FCUM,,ROBINSON R44 II Raven Ii,COV
8664181725828570743,aaeea2,N803SR,EGHQ,SR22,
8990508288844206324,4046e8,G-CBNO,,STREAK SHADOW Shadow,
7705545080447250945,403ba4,G-BWPS,,STREAK SHADOW SA Shadow,
8561522355014034169,4019fd,G-BAKM,,CEA DR400/140 Major,
411659326608851961,407152,G-DSAA,EGFF,AW169,
13914486993425513040,4035ec,G-BUFH,,PIPER PA-28-161 Cherokee Warrior Ii,
5948450714130538512,407b44,G-GMAF,EGJB,,
7960572006182423681,407152,G-DSAA,EGDY,AW169,
8509766525932143385,4ca912,EI-EPD,LEAL,BOEING 737-8AS,RYR
14338526298536900683,4d226f,9H-QBG,LMML,,
9472863189355431768,4ca912,EI-EPD,EPKK,BOEING 737-8AS,RYR
5674311727569568991,407267,G-DRTA,,BOEING 737-85P,EXS
10457086510638658266,4cad11,EI-HGY,LEAL,BOEING 737 MAX 8,RYR
1608159936676742055,405f11,G-EZTA,LSGG,AIRBUS A320-214,EZY
10224686513949082637,407f7d,G-JZDC,,Boeing 737-82R,EXS
15749851228370662781,4072a5,G-TAWW,,BOEING 737-8K5,TOM
13652213882912102744,43eb83,2-JSEG,EGJB,EA500,
10294597980845944784,407152,G-DSAA,,AW169,
12826281503879665457,407cb4,G-RUKH,EGPH,,
3709860987006244326,407152,G-DSAA,EGHI,AW169,
17080336165561979540,4ca912,EI-EPD,,BOEING 737-8AS,RYR
16919428249560381949,407152,G-DSAA,EGDY,AW169,
16333954376062450089,407152,G-DSAA,EGHI,AW169,
17622640057773040310,4d2080,,EPKK,,
7527090728823627821,a1b4b9,N209PB,LFPB,PC-12/45,
5703343673358020088,4035ec,G-BUFH,,PIPER PA-28-161 Cherokee Warrior Ii,
1449222722672209004,4077c2,G-EIMS,EGHI,,
12124402169510467697,401e04,G-BGYH,,PIPER PA-28-161 Cherokee Warrior Ii,
12774686066706733833,406c71,G-EZOA,,AIRBUS A320-214,EZY
9024949046946564747,4082f0,,,,
8621763807612766645,4d225a,9H-QEE,EPWR,,
12161807069817105159,407f7d,G-JZDC,,Boeing 737-82R,EXS
7676197575995901413,4079d6,G-EGBW,,,
8227317373224128500,4ca8e4,EI-ENR,,BOEING 737-8AS,RYR
13155889514235577018,4082f0,,EGDY,,
1862646768260073089,4072a5,G-TAWW,,BOEING 737-8K5,TOM
8454103706917372588,407267,G-DRTA,LPMA,BOEING 737-85P,EXS
13830475500567746793,405ff8,G-ETPI,,,
10958576710797807348,494116,CS-PHV,EGGW,,
9373469698129381567,43c948,ZM726,EGDM,Boeing Apache AH-64E,AAC
7053139739604822588,4ca8e4,EI-ENR,LEAL,BOEING 737-8AS,RYR
5257465167805531056,4009cd,G-FRAK,,FAN JET FALCON SERIES D Falcon 20d,
8921454949031733490,401e04,G-BGYH,,PIPER PA-28-161 Cherokee Warrior Ii,
297006829131907997,4077c2,G-EIMS,EGHI,,
15976596599227606835,401780,G-AWEI,,DRUINE D.62B CONDOR Condor,
6791491628001210824,401780,G-AWEI,,DRUINE D.62B CONDOR Condor,
11237694856499983136,ace467,N93MD,EGKA,Dauphin SA.365 N1,
13511246956091821671,40224d,G-MALA,EGFF,PIPER PA-28-181 Cherokee Archer Ii,
5430634512697669132,a979fb,N71CW,EGVO,180E,
4361646946972110529,43ec2e,2-RNWL,EGJJ,,
1022438215904507664,407ce0,G-ZDEE,,Eurofox 2K,
15328550458954048546,407935,G-CLKB,EGDY,,
1905324970245415194,407f7d,G-JZDC,,Boeing 737-82R,EXS
5025013700545598560,407152,G-DSAA,EGDY,AW169,
17054541315784609399,401e04,G-BGYH,,PIPER PA-28-161 Cherokee Warrior Ii,
4785076191864627653,407935,G-CLKB,EGHI,,
848234707751067241,4035ec,G-BUFH,EGGD,PIPER PA-28-161 Cherokee Warrior Ii,
5799190075571824179,401ca5,G-BEWR,,REIMS CESSNA F172N Skyhawk,
4532926684196236978,43c575,,EGDM,,
10072084040877598601,405d11,G-EZDX,LSGG,AIRBUS A319-111,EZY
17955870602994689604,ace467,N93MD,,Dauphin SA.365 N1,
16344207395996599893,407267,G-DRTA,,BOEING 737-85P,EXS
15265639522676242584,4072a5,G-TAWW,,BOEING 737-8K5,TOM
10606035282429504945,4080b1,G-OLGE,EGTE,Cirrus SR20,
4367941444486177068,4009d3,G-FRAS,,FAN JET FALCON Falcon 20,
10233688410287030540,4077c2,G-EIMS,EGHI,,
7515789810793389829,408360,,,,
16362784049911156880,400f3c,G-CBZX,,MCR-01 ULC Banbi,
1971066909363107623,407bee,G-ETPN,EGDY,,
12842405211915334878,a979fb,N71CW,,180E,
10751610781138539466,40463f,G-RVNS,,VANS RV-4,
10310108561821995747,4d2236,9H-QDT,LEMG,,
10258405858554756503,403c75,G-BWUH,,PIPER PA-28-181 Cherokee Archer Iii,
1530193771879666013,4035ec,G-BUFH,,PIPER PA-28-161 Cherokee Warrior Ii,
4252626227205336293,405200,G-XVIP,EGTK,BEECH 200 Super Kingair,
10158735732587624223,4009cd,G-FRAK,EGNV,FAN JET FALCON SERIES D Falcon 20d,
5028778504662659001,4080c7,,,,
18017072799132819286,493297,CS-LTW,,,
459896128811228868,4009cd,G-FRAK,,FAN JET FALCON SERIES D Falcon 20d,
4566334458965322073,4caee3,,EGLF,,
8114482423307286942,4009d3,G-FRAS,,FAN JET FALCON Falcon 20,
12993294464117835262,408360,,,,
85186878351227885,48ea4d,,LEMG,,
14699483438442219143,43ee47,2-SHEE,LSGG,,
1349314484356670580,4cadc2,EI-IGA,LEAL,,
3151928639390959191,407caf,G-RUKC,EGPH,,
11780272373082082398,501c2b,9A-JSE,EGKB,Cessna 525A Citation CJ2,JSY
3684986630846912455,400a90,G-VNAP,,AIRBUS A340-642,
10393179830176475568,4009cd,G-FRAK,,FAN JET FALCON SERIES D Falcon 20d,
6288756157154459907,4009d3,G-FRAS,,FAN JET FALCON Falcon 20,
17623884610930719774,48c12f,SP-RKP,EPWR,,
7752727508443370366,407f7d,G-JZDC,,Boeing 737-82R,EXS
17143951830548301078,4011b4,G-FCUM,EGDY,ROBINSON R44 II Raven Ii,COV
13919361437270361342,4009cd,G-FRAK,,FAN JET FALCON SERIES D Falcon 20d,
8184347393297937304,4009d3,G-FRAS,,FAN JET FALCON Falcon 20,
12424954960193962980,4ca73b,EI-EBS,LMML,BOEING 737-8AS,RYR
165199874497277792,40768a,G-UZHV,,,
2459249285858504419,4072a5,G-TAWW,,BOEING 737-8K5,TOM
1882679681968630996,4080c7,,EGVO,,
7200206573705404155,4caee3,,EGGP,,
3602069333795316415,43c931,ZM703,,,
16129175934543862790,406ed0,G-MOSH,EGGD,PIPER PA-28R-201 Cherokee Arrow Iii,
10994906965955697510,48c2b0,,EPKK,,
2104728643783073711,407267,G-DRTA,,BOEING 737-85P,EXS
5667479878123649470,43c955,,EGVA,,
7182165390760807470,407b44,G-GMAF,EGJB,,
11186064989622890445,4009cb,G-FRAI,EGNV,FAN JET FALCON SERIES E Falcon 20e,
382580844993922676,406d70,G-TUII,EGFF,BOEING 787-8 Dreamliner,TOM
11483256175909550488,401e04,G-BGYH,,PIPER PA-28-161 Cherokee Warrior Ii,
7935612040878194457,4ca73b,EI-EBS,LPFR,BOEING 737-8AS,RYR
16048342236715474919,4082f2,,,,
8731781720742340991,40668c,G-WPDB,,EC135 P1,
1494288444018505140,40668c,G-WPDB,,EC135 P1,
16836401344216695738,4082f0,,,,
1139237937321470004,488252,SP-ATT,,400 XP,
16244334313178715789,406b9f,G-RANN,EGFF,BEECH B300 Super Kingair 350,
13991096762327016118,4cae51,EI-IJA,LEAL,Boeing 737 MAX 8-200,RYR
16155098725278232254,407d45,G-LMTD,EGPD,,
9362994113936398904,40822b,,EIDW,,
9261894167515025717,40756a,G-UZHK,,A-320neo,EZY
1132663583796276850,407267,G-DRTA,,BOEING 737-85P,EXS
17409639797297002308,4072a5,G-TAWW,,BOEING 737-8K5,TOM
8510393495686331527,405200,G-XVIP,EGJJ,BEECH 200 Super Kingair,
15397288281804793459,48ea4d,,LEMG,,
1364275826063506677,48c2b0,,EPKK,,
8875982548967145607,4ca73b,EI-EBS,,BOEING 737-8AS,RYR
11009655356572282894,4cadb7,EI-IFW,EGPH,,
15975131257221138382,407765,G-YVIP,EGJB,,
15947246623209953138,4caecc,,LEMG,,
11302036357658872288,4b1a1b,HB-JXB,LSGG,A320-214,
1727562593289503523,400a90,G-VNAP,,AIRBUS A340-642,
17630747670782985425,48c12f,SP-RKP,EPWR,,
11589962227807700801,45da05,OY-VPE,EGNR,Vulcanair P68 Observer 2,
13143841066347123813,424b79,M-AMBA,,,
6266618298129578748,4ca73b,EI-EBS,,BOEING 737-8AS,RYR
18127643238533042324,3981ad,F-HANN,LFPB,PC-XII 47,
6740728033980744627,40774d,G-BJYT,EGAA,,
16481507282251219310,40666a,G-EZUP,,AIRBUS A320-214,EZY
14678933387573412481,407267,G-DRTA,,BOEING 737-85P,EXS
5757375286774066038,4ca812,EI-EKS,LEAL,BOEING 737-8AS,RYR
12023646011348661962,4d226f,9H-QBG,LMML,,
2715289622322230601,48a2b3,SP-IZU,EGLF,Cessna 525 Citation CJ1,
12706248541251549549,4ca812,EI-EKS,EPKK,BOEING 737-8AS,RYR
17601766016877231983,408178,,,,
5779467188817154936,407267,G-DRTA,,BOEING 737-85P,EXS
10786281423728327442,4caf35,,LEAL,,
525035049941002620,4035ec,G-BUFH,,PIPER PA-28-161 Cherokee Warrior Ii,
5149768759486947441,403c75,G-BWUH,EGHL,PIPER PA-28-181 Cherokee Archer Iii,
3234457410729025911,407765,G-YVIP,EGHL,,
13009395984255742805,4073a0,G-UZHC,,A320 251NSL,EZY
755257751857990871,407f7d,G-JZDC,EGKK,Boeing 737-82R,EXS
10682447497246871489,4072a5,G-TAWW,,BOEING 737-8K5,TOM
5304582623206773461,4d02bd,LX-JFD,EGWU,,
15584205263844538156,403c75,G-BWUH,,PIPER PA-28-181 Cherokee Archer Iii,
11529362535782786769,4035ec,G-BUFH,,PIPER PA-28-161 Cherokee Warrior Ii,
5190285454294518269,407cb1,G-RUKE,EGPH,737-8AS (W),RUK
15105843629513336852,4cadbe,EI-IGL,LPFR,Boeing 737 MAX 8-200,RYR
1806453093849111996,460f46,OH-FUK,EGKB,Pilatus PC-12 NGX,FSF
2705674515872751253,4ca812,EI-EKS,,BOEING 737-8AS,RYR
7562601085571687793,4d2243,9H-QCP,,Boeing 737-8AS (W),RYR
3138533592918744130,3c61f9,,EDDN,,
6636770124785792717,4009d1,G-FRAP,,FAN JET FALCON SERIES D Falcon 20d,
7472740350373709310,4009d3,G-FRAS,,FAN JET FALCON Falcon 20,
13435873544821863282,401e04,G-BGYH,,PIPER PA-28-161 Cherokee Warrior Ii,
10812288455705126826,4060e0,G-CGKR,EGDY,GROB G115E Tutor,
14903626518053060973,400a90,G-VNAP,,AIRBUS A340-642,
2353648801870977730,45da05,OY-VPE,EGDY,Vulcanair P68 Observer 2,
17075815450546666754,408051,G-UZLW,LSGG,Airbus A320-251N,EZY
1690695957194390179,4035ec,G-BUFH,EGDY,PIPER PA-28-161 Cherokee Warrior Ii,
17825385091546612881,407b47,G-ZIVA,,,
17007049435285400573,4009cb,G-FRAI,EGNV,FAN JET FALCON SERIES E Falcon 20e,
9859849955514938212,43c5e2,ZM408,EGVN,A400M Atlas C.1,SHF
16183928684256285319,3e4719,D-ISCV,LPFR,Citation CJ2+,
4191490863971848369,401ca5,G-BEWR,EGGD,REIMS CESSNA F172N Skyhawk,
10400690145802425779,48c238,SP-RSV,EPWR,,
3108161837621358274,4ca812,EI-EKS,,BOEING 737-8AS,RYR
3132958077848139981,407f7d,G-JZDC,,Boeing 737-82R,EXS
217053371921614796,501c2b,9A-JSE,LOWS,Cessna 525A Citation CJ2,JSY
14797558260740653133,500451,,LJLJ,,
15664567158375453200,4009d1,G-FRAP,,FAN JET FALCON SERIES D Falcon 20d,
5829046615763465862,4009d3,G-FRAS,,FAN JET FALCON Falcon 20,
5814515304095121203,407267,G-DRTA,LPMA,BOEING 737-85P,EXS
13464321528434018682,4072a5,G-TAWW,,BOEING 737-8K5,TOM
848662012459617055,407765,G-YVIP,EGHL,,
7085463212843384920,4ca812,EI-EKS,LEAL,BOEING 737-8AS,RYR
2742420749938514339,4060e0,G-CGKR,EGDY,GROB G115E Tutor,
16937853406357969052,400f0b,G-VRED,,AIRBUS A340-642,VIR
11397613142834734812,43ebbf,2-WOOD,LPFR,Citation Bravo,
594034066433987256,4009cb,G-FRAI,EGNV,FAN JET FALCON SERIES E Falcon 20e,
4678001497303254976,43ea66,M-CDJC,EGNL,King Air 200GT,
13080150493837169944,407152,G-DSAA,EGGD,AW169,
7192614114710539150,407152,G-DSAA,EGHI,AW169,
7133324996337441914,45da05,OY-VPE,EGVO,Vulcanair P68 Observer 2,
5554318968732321107,407267,G-DRTA,,BOEING 737-85P,EXS
11688432305333318902,408053,G-UZLX,,Airbus A320-251N,EZY
11608509107068844801,407f7d,G-JZDC,,Boeing 737-82R,EXS
7702610325630556155,4078a4,G-POLW,EGNX,,
10768031875354554075,4072a5,G-TAWW,,BOEING 737-8K5,TOM
2547544880438911266,4ca806,EI-EKH,LEMG,BOEING 737-8AS,RYR
14617426591659086232,407fd8,G-RESB,,Leonardo AW139,
14958469266406073413,4077c2,G-EIMS,EGHI,,
5363488139669738997,43e7ed,M-JJTL,EGWU,PC-XII 47E,
14376317649215946498,4249bb,VQ-BIJ,EGLF,Dassault Falcon 2000LX,
14177438643467987329,400e15,G-FRAD,EGNV,FAN JET FALCON SERIES E Falcon 20e,
4481828943481218407,4009d3,G-FRAS,,FAN JET FALCON Falcon 20,
16346543322179417313,406552,G-FELC,EGLK,CIRRUS SR22,
6991297508390392706,4009d1,G-FRAP,,FAN JET FALCON SERIES D Falcon 20d,
11877340110578617580,4009cb,G-FRAI,EGNV,FAN JET FALCON SERIES E Falcon 20e,
8811251134613338669,400d78,G-CHIP,EGHI,PIPER PA-28-181 Cherokee Archer Ii,
2153693182681947389,401f8f,G-BJBW,EGHL,PIPER PA-28-161 Cherokee Warrior Ii,
7922963581457223058,400b1c,G-BZTN,,EUROPA XS Europa,
5601991287201055646,403d75,G-BXDI,EGDY,DHC-1 CHIPMUNK 22 Chipmunk,
533684012255735289,400b03,G-CPSS,EGDM,CESSNA 208B Grand Caravan,
11922758162739675535,4039a3,G-WHOG,,STREAK SHADOW Shadow,
8946097619233273098,4241c2,VP-CYT,EGNV,Global Express XRS,
688477922843591440,a41855,N363KC,EGDY,SR22T,
8710466685099084307,401e56,G-BHJS,EGJA,P68B Victor,
11565609792388627479,40766a,G-CKYL,,,
16860595706932596304,401ca5,G-BEWR,,REIMS CESSNA F172N Skyhawk,
3508518907127414176,401218,G-BXRT,EGHI,PIERRE ROBIN DR400/180 Regent,
17528997363774000442,4060db,G-CGKL,EGDY,GROB G115E Tutor,
5970096556824316098,a276bb,N258RP,EGVO,58,
10217411883811236563,401ca5,G-BEWR,,REIMS CESSNA F172N Skyhawk,
4184125977263323881,400e15,G-FRAD,,FAN JET FALCON SERIES E Falcon 20e,
4034640538834938836,4009cb,G-FRAI,,FAN JET FALCON SERIES E Falcon 20e,
6265355302547999096,020183,CN-TME,,Learjet 45,AOM
2578439590682690259,4009d1,G-FRAP,,FAN JET FALCON SERIES D Falcon 20d,
15177668988266058637,400dc2,G-SASC,EGPF,BEECH B200C Super Kingair,GMA
1122290191458686487,407765,G-YVIP,EGJB,,
13196732026456094937,40766a,G-CKYL,,,
1922893803134100268,401e04,G-BGYH,,PIPER PA-28-161 Cherokee Warrior Ii,
14594620632413561486,401e04,G-BGYH,,PIPER PA-28-161 Cherokee Warrior Ii,
7262760926164609662,401ca5,G-BEWR,,REIMS CESSNA F172N Skyhawk,
10093830393678078213,406ed0,G-MOSH,,PIPER PA-28R-201 Cherokee Arrow Iii,
1413558019223569063,401ca5,G-BEWR,,REIMS CESSNA F172N Skyhawk,
8710721209404525860,4cae5a,EI-IJJ,LEMG,Boeing 737 MAX 8-200,RYR
5366919953975939339,4d21ee,9H-QAF,LEAL,Boeing 737-8AS (W),RYR
3251047873469279813,407bdc,G-RUKB,EGPH,,RUK
16455358526211874404,400e15,G-FRAD,,FAN JET FALCON SERIES E Falcon 20e,
9017170827874087738,4009cb,G-FRAI,EGDY,FAN JET FALCON SERIES E Falcon 20e,
9689730006755471146,400f0b,G-VRED,,AIRBUS A340-642,VIR
8056904057694188322,4009d3,G-FRAS,,FAN JET FALCON Falcon 20,
8471338716558195829,400a90,G-VNAP,,AIRBUS A340-642,
10942042230635140312,424b97,M-JSTR,,,
1190353900872721610,4d234e,9H-VUO,EPWR,737 MAX 8,RYR
14220493000068040600,4009d1,G-FRAP,,FAN JET FALCON SERIES D Falcon 20d,
4187704615364590812,407f7b,G-JZDA,,Boeing 737-82R,EXS
3932579450852181012,400dc2,G-SASC,EGJJ,BEECH B200C Super Kingair,GMA
15089840098315951083,405f11,G-EZTA,,AIRBUS A320-214,EZY
5369388576159172398,407d60,G-OJFA,EGLF,,
15509557481545518845,4d2382,9H-VVA,LMML,,
7132480006456911653,4074c9,G-ETPA,,PC-21,
16108056709280828239,4072a5,G-TAWW,,BOEING 737-8K5,TOM
15021614405327168756,407f7d,G-JZDC,,Boeing 737-82R,EXS
11432035040007872625,407152,G-DSAA,EGGD,AW169,
1633957637112857349,40829a,,EGGP,,
12417953219171014976,4d2243,9H-QCP,EPKK,Boeing 737-8AS (W),RYR
16729965081541084490,43e7d3,M-SAIL,EGJJ,PC-XII 47E,
9634046988869046513,468624,SX-AQD,EDJA,Cessna 208,
8006733858219737365,468623,SX-AQC,EDJA,,
17056521339474959022,4ca806,EI-EKH,LPFR,BOEING 737-8AS,RYR
7191419579946115329,489220,SP-ESA,EGNV,737NG 8Q8/W,
12069074120341003921,4ca56a,EI-DWE,LEAL,BOEING 737-8AS,RYR
8574454709497330913,406539,G-EZGJ,LSGG,,
11127202179507506683,407f7d,G-JZDC,,Boeing 737-82R,EXS
500259101835671453,4072a5,G-TAWW,,BOEING 737-8K5,TOM
16636604781692682995,4074ca,G-ETPB,,,
9022297510246534414,407178,G-JZBK,EGNT,,
16934654571327425634,4ca8da,EI-ENO,,BOEING 737-8AS,RYR
9469496798501630027,48c2a4,SP-RZE,,,RYS
16604645246560784743,4ca806,EI-EKH,,BOEING 737-8AS,RYR
14768573189020221931,407bdc,G-RUKB,EGPH,,RUK
15825595246348687525,4cae6a,EI-IJW,LEMG,Boeing 737 MAX 8-200,
16395297710663014808,4b1a2c,HB-JXS,,Airbus A320-214,EZY
13726314619953698061,4035ec,G-BUFH,,PIPER PA-28-161 Cherokee Warrior Ii,
7445195767900218029,400f0b,G-VRED,,AIRBUS A340-642,VIR
6914918801096007324,401ca5,G-BEWR,EGDY,REIMS CESSNA F172N Skyhawk,
16573224095760515975,40818a,,EGKA,,
3970363972236302625,4d21fc,9H-QAL,EPWR,737-8AS (W),MAY
476799281551949213,402097,G-BKXF,,PIPER PA-28R-200 Cherokee Arrow,
7439029785839309464,4011b4,G-FCUM,,ROBINSON R44 II Raven Ii,COV
10063724579977349753,4010bb,G-PAMY,EGHI,ROBINSON R44 II Clipper Ii,
17424979949898233463,401a35,G-BASJ,EGHQ,PIPER PA-28-180 Cherokee,
5009497394455074374,400db9,G-BFBR,,PIPER PA-28-161 Cherokee Warrior Ii,
10699516198548761082,4035ec,G-BUFH,,PIPER PA-28-161 Cherokee Warrior Ii,
7079323343517460200,4ca806,EI-EKH,,BOEING 737-8AS,RYR
9418438404964211041,4d0280,LX-FLL,,Pilatus PC-12 NGX,JFA
7812525205199379921,401e04,G-BGYH,EGDY,PIPER PA-28-161 Cherokee Warrior Ii,
17754356335609132432,407f7d,G-JZDC,,Boeing 737-82R,EXS
8336542304188540330,401ca5,G-BEWR,,REIMS CESSNA F172N Skyhawk,
17323780885134121144,4011b4,G-FCUM,EGDY,ROBINSON R44 II Raven Ii,COV
9149192716047223541,4076dd,G-DRTH,EGKK,,
12474752513183679892,43bc82,,EGDM,,
10311742990114857933,407c05,G-LIFB,EGHI,,
7764115957345050139,4075b7,G-XIVA,EGFH,,
5344611906784339619,407797,G-UZLF,,,
7209523699106137569,4015c4,G-ASIL,,PIPER PA-28-180 Cherokee,
15821124776952801206,403c75,G-BWUH,,PIPER PA-28-181 Cherokee Archer Iii,
1426943797899090778,400a90,G-VNAP,,AIRBUS A340-642,
2818427285841494564,4ca806,EI-EKH,LEAL,BOEING 737-8AS,RYR
14151318300008944097,407765,G-YVIP,,,
2811839198004028214,407152,G-DSAA,,AW169,
10813747843662805631,4ca84c,EI-EMD,LMML,BOEING 737-8AS,RYR
2078417971504529455,4ca806,EI-EKH,EPKK,BOEING 737-8AS,RYR
7525408236946724499,4080c7,,,,
4477868613028783933,4d02ad,LX-JFX,LFPB,PC-XII 47E,
15467726308149745730,4cad64,EI-HMY,LEAL,,
4107234991605444825,407f7d,G-JZDC,,Boeing 737-82R,EXS
17363142341698688622,405f13,G-EZTC,LSGG,AIRBUS A320-214,EZY
5302178791106702583,4cae6a,EI-IJW,LEMG,Boeing 737 MAX 8-200,
3563209239515919505,408330,,EGJB,,
4228589275143993645,4076b0,G-TAWY,,,
18408797243723835252,4021c7,G-FLEA,,SOCATA TB10 Tobago,
6747446473780330070,407caf,G-RUKC,EGPH,,
13338870254051958246,463fc8,,LFPB,,
12523783798800860050,48c1a1,SP-RNB,LPFR,Boeing 737-8AS,RYR
7104132222142834391,400f63,G-VWEB,,AIRBUS A340-642,VIR
6770105259921500592,4ca806,EI-EKH,,BOEING 737-8AS,RYR
1341633874266976214,407152,G-DSAA,,AW169,
13048765866398133741,48c22d,SP-RSN,EPKK,,
6395078264765827885,408051,G-UZLW,,Airbus A320-251N,EZY
9940259676654343303,a41855,N363KC,EGJJ,SR22T,
572233200333182469,4016b2,G-DENC,EGHL,CESSNA F150G,
9656102205795382697,407e3f,G-ECLH,,,
7230634081020821466,4074d0,G-MDDE,EGUB,,
10435023492279280623,48c121,SP-RKB,EPWR,,BUZ
16975135735151824076,4009d3,G-FRAS,,FAN JET FALCON Falcon 20,
15169339202378929378,4009d1,G-FRAP,,FAN JET FALCON SERIES D Falcon 20d,
17427979684300550469,40740c,G-ETPE,EGDY,AS350 B3 Ecureuil,
8242586137030387036,400b1c,G-BZTN,,EUROPA XS Europa,
5565195430142795368,4ca8e8,EI-ENW,,BOEING 737-8AS,RYR
10455250077240975075,407f7d,G-JZDC,,Boeing 737-82R,EXS
13856008862640362838,4060dd,G-CGKN,,GROB G115E Tutor,
10810437898632611511,a3278f,N302JG,EGJB,TBM 700,
4341572332707989713,43c955,,EGDM,,
17015710960290828614,4076b0,G-TAWY,,,
18104698024210466556,45da05,OY-VPE,EGNR,Vulcanair P68 Observer 2,
8652287092593785584,401e04,G-BGYH,,PIPER PA-28-161 Cherokee Warrior Ii,
8952943489523564239,407765,G-YVIP,EGJB,,
11094128530066343314,4ca8e8,EI-ENW,LEAL,BOEING 737-8AS,RYR
13925805431395314145,4009d3,G-FRAS,,FAN JET FALCON Falcon 20,
8981041988189919483,4009d1,G-FRAP,,FAN JET FALCON SERIES D Falcon 20d,
12432132476910313147,40747f,G-FLYK,EGFE,,
8588980010210435494,400f0b,G-VRED,,AIRBUS A340-642,VIR
16979451024635684208,407bee,G-ETPN,EGDM,,
14777524764686228531,400a90,G-VNAP,,AIRBUS A340-642,
16703621741276863143,401e04,G-BGYH,EGLF,PIPER PA-28-161 Cherokee Warrior Ii,
12409174502811344042,403c75,G-BWUH,EGLK,PIPER PA-28-181 Cherokee Archer Iii,
4397420249099955868,4076dd,G-DRTH,,,
121874849902223201,406cdb,G-ETPM,EGHI,,
10653609599296777606,404c63,G-CCZL,EGHI,IKARUS C42 FB80 Ikarus,
8885698564802439456,40766a,G-CKYL,,,
2911533710195159701,401e04,G-BGYH,,PIPER PA-28-161 Cherokee Warrior Ii,
4722030268677273312,400db2,G-EZAO,LSGG,AIRBUS A319-111,EZY
15598339899198336225,407f7d,G-JZDC,,Boeing 737-82R,EXS
15194653056443889174,4035ec,G-BUFH,,PIPER PA-28-161 Cherokee Warrior Ii,
1594984146100819545,40116c,G-CDOK,EGHL,IKARUS C42 FB100 Ikarus,
16564447887917769175,4d2264,9H-QDJ,LEMG,,
3147052003432560585,40431c,G-BZDA,EGDY,PIPER PA-28-161 Cherokee Warrior Iii,
4306935441548695786,3ce686,D-COPI,,Pilatus PC-24,PTN
7110161106916316810,4009cd,G-FRAK,EGNV,FAN JET FALCON SERIES D Falcon 20d,
14225060656842513836,403be0,G-BWXB,EGHI,SLINGSBY T67M260 Firefly,
2155977349828588070,4072a4,G-TAWV,,BOEING 737-8K5,TOM
12854164009007623845,406e80,G-CISE,,PULSAR XP Pulsar,
17112010910467829353,406e80,G-CISE,,PULSAR XP Pulsar,
9974874017824766178,4d221d,9H-QBO,LEAL,Boeing 737-8AS (W),MMO
424249513991609325,407765,G-YVIP,,,
16988688518713342496,a62c34,N497XP,EGJJ,400A,
14495268143645574619,48ca40,SP-TTA,EGNX,,
9221833888056739777,408223,,EIDW,,
11881986587830669605,4009cd,G-FRAK,,FAN JET FALCON SERIES D Falcon 20d,
2538257967443703267,400ca9,G-FIND,EGBB,REIMS CESSNA F406 Caravan Ii,
837810129786404260,4009d3,G-FRAS,,FAN JET FALCON Falcon 20,
9885434506663872507,494115,CS-PHU,EICK,,
16421065935221240155,403bab,G-LEAF,EGDC,REIMS CESSNA F406 Caravan Ii,
6516572680843022641,4d2361,9H-XOC,LFPG,,
8642728630488495872,401e04,G-BGYH,,PIPER PA-28-161 Cherokee Warrior Ii,
4891998515115969348,40740e,G-ETPG,,,
1036047991658382414,402733,G-MERL,,PIPER PA-28RT-201 Cherokee Arrow Iv,
16013421578461220044,401ca5,G-BEWR,,REIMS CESSNA F172N Skyhawk,
12256776955704023419,4035ec,G-BUFH,,PIPER PA-28-161 Cherokee Warrior Ii,
4559570802710011492,4076dd,G-DRTH,,,
9068301620122221694,403d75,G-BXDI,EGTE,DHC-1 CHIPMUNK 22 Chipmunk,
17055818872383347986,3ce686,D-COPI,,Pilatus PC-24,PTN
9764617059425550350,4009cd,G-FRAK,EGJA,FAN JET FALCON SERIES D Falcon 20d,
4371806693995842273,407e5a,G-PAAL,,Piper PA-32-301FT,
1508394385588628017,4009d3,G-FRAS,,FAN JET FALCON Falcon 20,
1687793269030186387,408360,,,,
7415926928111999020,407765,G-YVIP,EGJB,,
7590723028692235870,43e7ed,M-JJTL,EGWU,PC-XII 47E,
9644123469129431773,401e04,G-BGYH,,PIPER PA-28-161 Cherokee Warrior Ii,
15060258400131132958,401ca5,G-BEWR,,REIMS CESSNA F172N Skyhawk,
5828129854715818334,4035ec,G-BUFH,,PIPER PA-28-161 Cherokee Warrior Ii,
5996674847955089308,400bd3,G-BUJP,,PIPER PA-28-161 Cherokee Warrior Ii,
3727080572156076842,4cad3f,EI-HMX,LEMG,,RYR
10859193545362634394,4cac7f,EI-HMS,LEAL,,
10129210479696443385,407caf,G-RUKC,EGPH,,
11436474599769755537,408360,,,,
61676376976524850,4035ec,G-BUFH,,PIPER PA-28-161 Cherokee Warrior Ii,
2006957612384685122,40116c,G-CDOK,,IKARUS C42 FB100 Ikarus,
5307492251432865213,400a90,G-VNAP,,AIRBUS A340-642,
4335959979805799190,40740c,G-ETPE,EGDM,AS350 B3 Ecureuil,
1802173059077783108,48ca40,SP-TTA,LEMI,,
7113214978482895871,401c99,G-BEUP,,CEA DR400/180 Regent,
4486376836952787407,4ca75f,EI-EFD,EPWR,BOEING 737-8AS,RYR
4440851025057121676,407152,G-DSAA,EGGD,AW169,
8039903995933917307,494102,CS-PHB,,Phenom 300,
14790881799386711027,4074b9,G-SATM,EGTE,,
17885751257894954527,4051b1,G-SFLA,,IKARUS C42 FB80 Ikarus,SFU
3208423399394871654,4009d3,G-FRAS,EGHQ,FAN JET FALCON Falcon 20,
3759341766234686291,408360,,EGJA,,
8473727957084235697,4009cd,G-FRAK,EGHQ,FAN JET FALCON SERIES D Falcon 20d,
18081275073931771457,407e3f,G-ECLH,,,
1954476166020993911,406f9d,G-DSJT,EGUB,CESSNA 182T Skylane,
14171086014294018120,40525b,G-CEVC,EGKA,VANS RV-4,
12071792986060692308,4046de,G-CBLY,,GROB G109B,
9343746308758158617,4046de,G-CBLY,,GROB G109B,
919395470748301862,407765,G-YVIP,EGJB,,
5956997480349414970,4076dd,G-DRTH,,,
4532533957659536263,407152,G-DSAA,,AW169,
13726652167978364048,401e04,G-BGYH,,PIPER PA-28-161 Cherokee Warrior Ii,
15250309304027773793,40773d,G-VKRP,,,
5368550300212561960,407c05,G-LIFB,EGTE,,
5700641374059711029,4074b9,G-SATM,EGTE,,
15910152143781165896,406127,G-GCDB,EGWU,CIRRUS SR20,
17525541148923378762,406542,G-EZUI,LSGG,AIRBUS A320-214,EZY
10206117124111319766,4d2258,9H-QCW,LMML,Boeing 737-8AS (W),RYR
16633385123779693308,a41855,N363KC,EGGW,SR22T,
1756996886392636492,405ff8,G-ETPI,EGDM,,
7702104088562791244,401ca5,G-BEWR,,REIMS CESSNA F172N Skyhawk,
9676897349431935405,401ca5,G-BEWR,,REIMS CESSNA F172N Skyhawk,
12753013076048497805,4011b4,G-FCUM,,ROBINSON R44 II Raven Ii,COV
8608372297523626158,4072a4,G-TAWV,,BOEING 737-8K5,TOM
4268466903547770503,407152,G-DSAA,,AW169,
11019870974231078643,4074b9,G-SATM,EGFF,,
13983777211475967733,402dba,G-BPIZ,EGTE,GULFSTREAM AA-5B Tiger,
11513422645844430265,407f7d,G-JZDC,,Boeing 737-82R,EXS
10648035383201244754,407152,G-DSAA,EGHI,AW169,
10983866586247275794,401ca5,G-BEWR,,REIMS CESSNA F172N Skyhawk,
8200883063416602224,4d2501,9H-VVO,EPKK,Boeing 737 MAX 8-200,RYR
7457366617625159298,4074b9,G-SATM,,,
13154679049718586043,40755f,G-POWU,EGSS,A321-211,AWC
9955810905573113161,4d221d,9H-QBO,LPFR,Boeing 737-8AS (W),MMO
12956290008638772009,408360,,,,
4934926296417766949,4009d3,G-FRAS,,FAN JET FALCON Falcon 20,
17155072909840498806,4009d1,G-FRAP,,FAN JET FALCON SERIES D Falcon 20d,
16080424113320767505,4074b9,G-SATM,,,
12577085353704320917,4ca700,EI-EBC,LEAL,BOEING 737-8AS,RYR
7927859714294575871,4627c1,OH-PBL,LSMP,,
8681236470594974727,462dd1,OH-RJD,,,
3925157165600179636,405f13,G-EZTC,LSGG,AIRBUS A320-214,EZY
16504074791387187475,4072a4,G-TAWV,,BOEING 737-8K5,TOM
18186093679600826022,407f7d,G-JZDC,,Boeing 737-82R,EXS
14073867016631150070,4cad3f,EI-HMX,LEMG,,RYR
5866797242700142417,4d2501,9H-VVO,EPKK,Boeing 737 MAX 8-200,RYR
2723909705189149996,4d221d,9H-QBO,,Boeing 737-8AS (W),MMO
2219670894241584934,407f0d,G-RUKK,EGPH,Boeing 737-8AS,RYR
18063176352314509431,4cae00,EI-IHC,LEMG,B737-8MAX 200,RYR
6920844668060733587,4067f6,G-TUIB,,BOEING 787-8 Dreamliner,TOM
931191150047544627,440141,OE-IJX,LSGG,,
233293295332124098,488912,SP-CIT,,,
16180681441276116795,400f63,G-VWEB,,AIRBUS A340-642,VIR
8783391278414690546,4d2225,9H-QEN,EPWR,Boeing 737-8AS (W),RYR
2482160253958645254,4d221d,9H-QBO,,Boeing 737-8AS (W),MMO
9826799641385702122,a3278f,N302JG,EGJB,TBM 700,
14191707879531213589,406d95,G-EZOP,LSGG,AIRBUS A320-214,EZY
11935974814341293311,407f7d,G-JZDC,,Boeing 737-82R,EXS
4497981934763211056,424c81,,,,
1213453661408774527,407765,G-YVIP,EGJB,,
2976303277221460287,4d221d,9H-QBO,LEAL,Boeing 737-8AS (W),MMO
2913769904053432969,4d2258,9H-QCW,LMML,Boeing 737-8AS (W),RYR
5308312742158245513,4d221d,9H-QBO,EPKK,Boeing 737-8AS (W),MMO
1333700710703739060,3cc82c,D-CDCM,,,
11618126750416684294,406b9f,G-RANN,,BEECH B300 Super Kingair 350,
5121830752991936393,407f7d,G-JZDC,,Boeing 737-82R,EXS
8434794484216007764,4080c7,,,,
10660061167236190,4d207d,,LEAL,,
57441288060462245,4d2350,9H-VUQ,LEMG,,
9691124973546671753,48e893,,EFET,,
2509756961353784277,406012,G-EZTH,LSGG,AIRBUS A320-214,EZY
13401572435676748487,4072a4,G-TAWV,,BOEING 737-8K5,TOM
5216150544710121093,45da05,OY-VPE,EGNR,Vulcanair P68 Observer 2,
8135126501819250329,407f0d,G-RUKK,EGPH,Boeing 737-8AS,RYR
13576256115113826781,4ca8d7,EI-ENL,LPFR,BOEING 737-8AS,RYR
6905405962603832250,4d221d,9H-QBO,,Boeing 737-8AS (W),MMO
4946560730006519688,400a90,G-VNAP,,AIRBUS A340-642,
14979121569156531261,4d21fe,9H-QAN,EPKK,,
11403450795345111946,406a62,G-GDFX,EGSS,BOEING 737-8K5,EXS
13232514220797676982,406d8e,G-EZOI,LSGG,AIRBUS A320-214,EZY
11153039049699695478,48e9f2,,EPWR,,
8073257169810162942,4009d3,G-FRAS,EGDY,FAN JET FALCON Falcon 20,
117257411337251122,407f7d,G-JZDC,,Boeing 737-82R,EXS
13212457577960716952,424bcf,M-TOMY,EGTC,,
11176707989956630774,4d221d,9H-QBO,,Boeing 737-8AS (W),MMO
8855795337779378330,4072a4,G-TAWV,,BOEING 737-8K5,TOM
984221177286522937,40755f,G-POWU,LIRF,A321-211,AWC
15085241211564986375,406a62,G-GDFX,LFRB,BOEING 737-8K5,EXS
12048328887598547293,4d221d,9H-QBO,LEAL,Boeing 737-8AS (W),MMO
10572499972506879485,40717e,G-JZBB,LFRB,,
14788895634266884612,4d24cf,9H-648FX,,Gulfstream G650,LXJ
186523409865499429,407e3f,G-ECLH,,,
14851946678241026743,4074b9,G-SATM,,,
14068076500119625181,4077c2,G-EIMS,EGHI,,
15043307967881239590,4035ec,G-BUFH,,PIPER PA-28-161 Cherokee Warrior Ii,
10214684376694696084,424b12,M-CDBM,EGNL,,
13789188400507576138,4035ec,G-BUFH,EGGD,PIPER PA-28-161 Cherokee Warrior Ii,
6480872975694286325,407df2,G-DRAK,,,
3119400036122351461,401e04,G-BGYH,,PIPER PA-28-161 Cherokee Warrior Ii,
18108626889569179711,407ca6,G-SURV,EGDY,,
16834317020618206503,4051b1,G-SFLA,,IKARUS C42 FB80 Ikarus,SFU
14735418862388241650,40829a,,EGLF,,
15739017715175591235,407f7d,G-JZDC,,Boeing 737-82R,EXS
2024306595558909199,401552,G-ARKS,EGBJ,PIPER PA-22-108 (MODIFIED) Colt,
13564103527700661990,400bd3,G-BUJP,,PIPER PA-28-161 Cherokee Warrior Ii,
14666102755537417196,4009d3,G-FRAS,EGDY,FAN JET FALCON Falcon 20,
9660482485921897800,406b91,G-EZWY,LSGG,AIRBUS A320-214,EZY
631731775151763248,406127,G-GCDB,EGTC,CIRRUS SR20,
16634296808222121162,408360,,,,
841586094102485743,4009cd,G-FRAK,,FAN JET FALCON SERIES D Falcon 20d,
872845070124065307,406a62,G-GDFX,,BOEING 737-8K5,EXS
11757071293933668037,4035ec,G-BUFH,,PIPER PA-28-161 Cherokee Warrior Ii,
2752522753819818570,4072a4,G-TAWV,,BOEING 737-8K5,TOM
4314775194576270626,4011b4,G-FCUM,,ROBINSON R44 II Raven Ii,COV
9176579480949639763,4060d3,G-CGKD,EGDY,GROB G115E Tutor,
13867174309260514909,4074b9,G-SATM,,,
3646518969202053239,4d2264,9H-QDJ,LEMG,,
4633970988920166980,401e04,G-BGYH,EGUB,PIPER PA-28-161 Cherokee Warrior Ii,
6917170656389768761,4ca622,EI-DWV,LEAL,BOEING 737-8AS,RYR
11912884493004322131,4074b9,G-SATM,,,
267431158981782319,40829a,,EGGW,,
1380550059937060680,407fd7,G-RESA,EGKA,Leonardo AW139,
8954157330020608424,4074b9,G-SATM,,,
17973914482262551699,4035ec,G-BUFH,,PIPER PA-28-161 Cherokee Warrior Ii,
6632464137159599886,424c81,,,,
10243332165023216725,4009d3,G-FRAS,,FAN JET FALCON Falcon 20,
12809329563842994746,408360,,,,
12159114820871017980,424c5a,M-DEEP,EGJJ,Leonardo AW109SP GrandNew,
658721282977563538,401ca5,G-BEWR,EGHL,REIMS CESSNA F172N Skyhawk,
13096814055459163404,4077c2,G-EIMS,EGKA,,
4967543587015336478,402777,G-AZDJ,EGKK,PIPER PA-32-300 Cherokee Six,
16323076481079809807,424c81,,,,
15673293512265397661,407152,G-DSAA,EGDY,AW169,
14820112710226878636,401e9b,G-BHVF,,JODEL D150 Mascaret,
315154023796926967,4035ec,G-BUFH,,PIPER PA-28-161 Cherokee Warrior Ii,
12469958668060780129,45da05,OY-VPE,,Vulcanair P68 Observer 2,
12211844309432961790,4074b9,G-SATM,,,
10960742400299360448,4011b4,G-FCUM,,ROBINSON R44 II Raven Ii,COV
369674991635620939,406f9d,G-DSJT,,CESSNA 182T Skylane,
16296469357031900348,407152,G-DSAA,,AW169,
13084171501146879833,486648,PH-CDP,EGKK,Boeing 737 MAX 9,CAI
8512282222479680784,406127,G-GCDB,EGVA,CIRRUS SR20,
11074272756489393226,4074b9,G-SATM,,,
6226652738350141973,4035ec,G-BUFH,,PIPER PA-28-161 Cherokee Warrior Ii,
4402168112628666634,40834d,,EGDY,,
16584895408958226920,50020a,T7-SLXP,EGKB,,
17232334719904400801,401ca5,G-BEWR,,REIMS CESSNA F172N Skyhawk,
12361250730628833939,406f9d,G-DSJT,EGDY,CESSNA 182T Skylane,
13011334318788850860,4011b4,G-FCUM,,ROBINSON R44 II Raven Ii,COV
6612090369288699941,40263c,G-DENS,EGGD,CP301S Smaragd,
6291293096210371852,400db9,G-BFBR,EGHI,PIPER PA-28-161 Cherokee Warrior Ii,
10869964311620173211,401e04,G-BGYH,EGDY,PIPER PA-28-161 Cherokee Warrior Ii,
1136258087438180043,4009cd,G-FRAK,,FAN JET FALCON SERIES D Falcon 20d,
4324248777676370449,4009ce,G-FRAL,EGNV,FAN JET FALCON Falcon 20,
10890735388326290793,401e04,G-BGYH,,PIPER PA-28-161 Cherokee Warrior Ii,
14898257741275284761,401e04,G-BGYH,,PIPER PA-28-161 Cherokee Warrior Ii,
18423425153452177155,408162,,EGDY,,
7132948301118737088,4072a4,G-TAWV,,BOEING 737-8K5,TOM
7609483189215951586,407f7d,G-JZDC,LTAI,Boeing 737-82R,EXS
18232551341062395680,400db9,G-BFBR,EGDY,PIPER PA-28-161 Cherokee Warrior Ii,
6824637467837912314,406b9f,G-RANN,EGPH,BEECH B300 Super Kingair 350,
17960271563599844374,4035ec,G-BUFH,EGDY,PIPER PA-28-161 Cherokee Warrior Ii,
16996536497347100732,407b44,G-GMAF,EIDW,,
17159959118904429150,4d2369,9H-VUS,LEMG,,
4715620738205246149,4d02d7,LX-DCC,LSZB,,
10814933250049116551,407031,G-JZHG,EGNM,BOEING 737-85P,EXS
5256192452019372079,48c2a7,SP-RZH,LEAL,,
1605787210457034336,407bdc,G-RUKB,EGPH,,RUK
4896190143775463524,40829a,,EGJJ,,
11385213501059814996,400f63,G-VWEB,,AIRBUS A340-642,VIR
12090770404155482761,408178,,EGJB,,
13056186124591775640,400bd3,G-BUJP,,PIPER PA-28-161 Cherokee Warrior Ii,
13223908455621678492,406ec5,G-HIOW,,EC135 T3,
17589968595849245616,48c122,SP-RKC,EPWR,737-8AS (W),RYS
6172970095560960237,3981ad,F-HANN,LFPB,PC-XII 47,
9526704378049943998,50046c,,LFPB,,
17070236405799215096,406a62,G-GDFX,,BOEING 737-8K5,EXS
14327244002260686202,4071d7,G-EZPV,LSGG,AIRBUS A320-214,EZY
4827208526596786095,4d2289,9H-QDE,LMML,737-8AS(WL),MAY
8555354396177171872,4072a4,G-TAWV,,BOEING 737-8K5,TOM
12827646103006832027,407031,G-JZHG,,BOEING 737-85P,EXS
14329325399056878095,48c2b8,,EPKK,,
3504657318196046623,3e3f1e,D-IPCG,EDDV,425 Conquest I,
4862395158773444602,4009cd,G-FRAK,EGDR,FAN JET FALCON SERIES D Falcon 20d,
7898528774794887519,4074b9,G-SATM,,,
5136624052578574974,4069b3,G-IPLY,EGBJ,CESSNA 550 Citation Bravo,
4261328871464682580,4d221d,9H-QBO,LPFR,Boeing 737-8AS (W),MMO
16842097314394742319,40668c,G-WPDB,,EC135 P1,
16485984152734079872,a55eca,,,,
15237342215859143895,4035ec,G-BUFH,,PIPER PA-28-161 Cherokee Warrior Ii,
16432982800456384566,4011b4,G-FCUM,,ROBINSON R44 II Raven Ii,COV
14098673460019780386,4035ec,G-BUFH,EGHL,PIPER PA-28-161 Cherokee Warrior Ii,
4919147664421635563,407152,G-DSAA,EGGD,AW169,
15507680311839645886,4cae9e,,LEAL,,
5508631803846956017,4035ec,G-BUFH,,PIPER PA-28-161 Cherokee Warrior Ii,
14199693197131592518,40668c,G-WPDB,,EC135 P1,
13431962162973537612,407152,G-DSAA,EGHI,AW169,
5041759709805661610,407152,G-DSAA,EGGD,AW169,
14135201845598512883,4072a4,G-TAWV,,BOEING 737-8K5,TOM
12950066419167836530,406a62,G-GDFX,,BOEING 737-8K5,EXS
14129382234352527919,40756c,G-UZHN,,,EZY
12340636645238673483,4d200a,9H-BOD,EGLF,Cessna 525A CitationJet Cj2+,
241847214543427514,4035ec,G-BUFH,,PIPER PA-28-161 Cherokee Warrior Ii,
6168063253900550449,407152,G-DSAA,EGHI,AW169,
3241873748379873335,4074b9,G-SATM,EGBJ,,
6170489785232297446,4caf18,,EIWF,,
3946909115831084452,4d2264,9H-QDJ,LEMG,,
13457083869717759620,400e15,G-FRAD,EGNV,FAN JET FALCON SERIES E Falcon 20e,
3685206451578670543,48c133,SP-RKU,EPKK,Boeing 737-8AS,RYS
7424485131866415923,4d221d,9H-QBO,,Boeing 737-8AS (W),MMO
13440857450301701199,407b44,G-GMAF,EGJB,,
3550466527035214556,407bdc,G-RUKB,EGPH,,RUK
54631327699980752,4d2369,9H-VUS,LEMG,,
10421764789346300857,4b1a23,HB-JXJ,LSGG,A320-214,EZS
1065581025241244480,4035ec,G-BUFH,EGDY,PIPER PA-28-161 Cherokee Warrior Ii,
11681528619809042476,a625d8,N4956C,,NAVION,
12035389272967502404,a979fb,N71CW,EGUB,180E,
616472639403253135,400f63,G-VWEB,,AIRBUS A340-642,VIR
419066110923824151,adc1cb,N986DT,EGSS,,
3075415266332074249,403fdf,G-OTRV,,VANS RV-6,
6432783422319974806,401ca5,G-BEWR,,REIMS CESSNA F172N Skyhawk,
2396175123039516068,4035ec,G-BUFH,,PIPER PA-28-161 Cherokee Warrior Ii,
11827061727257331500,401e04,G-BGYH,,PIPER PA-28-161 Cherokee Warrior Ii,
12671736646278200605,40641f,G-CGPL,,SONEX,
4347838435778057325,4241c2,VP-CYT,,Global Express XRS,
1832557508815353401,a625d8,N4956C,,NAVION,
3949210738659693141,401e04,G-BGYH,,PIPER PA-28-161 Cherokee Warrior Ii,
4514124825666407251,40766a,G-CKYL,EGGD,,
7537067346039597887,a979fb,N71CW,,180E,
1532059911514028079,45da05,OY-VPE,,Vulcanair P68 Observer 2,
3043531569971173481,401ca5,G-BEWR,,REIMS CESSNA F172N Skyhawk,
8256375588432154769,48e9f2,,EPWR,,
8473083699255716411,404322,G-BZDH,,PIPER PA-28R-200 Cherokee Arrow,
12183944786848563514,a3e411,N35SN,,35-33,
5901673298454417775,404f24,G-ZAVI,EGGD,IKARUS C42 FB100 Ikarus,
120207369049157554,406e80,G-CISE,,PULSAR XP Pulsar,
373580087726478292,402aee,G-BOJW,EGHL,PIPER PA-28-161 Cherokee Warrior Ii,
8595502438995291232,4035ec,G-BUFH,,PIPER PA-28-161 Cherokee Warrior Ii,
3684496861112400700,404c63,G-CCZL,,IKARUS C42 FB80 Ikarus,
14467153994205275547,403fdf,G-OTRV,,VANS RV-6,
15768083281558525407,a625d8,N4956C,,NAVION,
8171838149298968437,404c27,G-CDAB,EGTE,GLASAIR SUPER IIS RG Glasair,
13981254065916100942,403e8a,G-CBCL,,GLASTAR,
15247232722578809591,4d221d,9H-QBO,,Boeing 737-8AS (W),MMO
7054350558119858392,403d78,G-BXCW,,DENNEY KITFOX MK3 Kitfox,FOX
15625960223724425291,40155a,G-ARMC,,DHC-1 CHIPMUNK 22A Chipmunk,
5685919784014411578,4081dc,,EGKA,,
10978573641508331747,4078a4,G-POLW,EGNX,,
4904980876599713164,4035ec,G-BUFH,,PIPER PA-28-161 Cherokee Warrior Ii,
4332447677092421423,4081da,,EGLK,,
12300671823593851226,a3e411,N35SN,EGDM,35-33,
7304071796407628576,405f11,G-EZTA,LSGG,AIRBUS A320-214,EZY
6216031134466701987,40766a,G-CKYL,,,
9062465513050240115,406127,G-GCDB,EGVA,CIRRUS SR20,
3606392943223846662,4062b6,G-XCRJ,,VANS RV-9A,
11752094187953021007,401e04,G-BGYH,,PIPER PA-28-161 Cherokee Warrior Ii,
5048308581070033688,406a62,G-GDFX,,BOEING 737-8K5,EXS
16994926829256845619,4082f9,,,,
9575003840346687979,402ae1,G-BOHA,,PIPER PA-28-161 Cherokee Warrior Ii,
209717194918124858,406436,G-RVIW,EGDM,VANS RV-9,
16454057615671063872,4035ec,G-BUFH,,PIPER PA-28-161 Cherokee Warrior Ii,
11819499039525449006,406e80,G-CISE,,PULSAR XP Pulsar,
5904182811689984680,406e80,G-CISE,,PULSAR XP Pulsar,
16266574291356308974,400bd3,G-BUJP,EGVA,PIPER PA-28-161 Cherokee Warrior Ii,
12435950732809493417,a3e411,N35SN,EGKA,35-33,
9097643170240244644,4048ba,G-CCCE,,AEROPRAKT A22 FOXBAT Foxbat,
4049009075046423405,407e3f,G-ECLH,,,
6413088197510229906,407765,G-YVIP,EIDW,,
626718050799708816,4d221d,9H-QBO,LEAL,Boeing 737-8AS (W),MMO
10015415607861617105,4070eb,G-JZHX,EGCC,BOEING 737-800,EXS
14811729036131973313,4cae51,EI-IJA,LMML,Boeing 737 MAX 8-200,RYR
7784668493031304620,4074b9,G-SATM,,,
6046675276119751543,40800d,G-HMGH,EGNJ,Beech King Air 350i,BRO
4558470173210667678,4d221d,9H-QBO,EPKK,Boeing 737-8AS (W),MMO
1346958202466298117,4035ec,G-BUFH,,PIPER PA-28-161 Cherokee Warrior Ii,
2774286619124007667,406b9f,G-RANN,,BEECH B300 Super Kingair 350,
9029205743193606086,4011b4,G-FCUM,,ROBINSON R44 II Raven Ii,COV
1822494718122013623,463434,OH-TUA,LFOV,Pilatus PC-12/47E,FSF
1748661218806246456,4011b4,G-FCUM,,ROBINSON R44 II Raven Ii,COV
9121267606860479157,407e3a,G-SOLE,EGLF,,
11806945769740773069,4ca622,EI-DWV,LEAL,BOEING 737-8AS,RYR
11795885185328757372,406012,G-EZTH,LSGG,AIRBUS A320-214,EZY
7594401759050049537,4070eb,G-JZHX,,BOEING 737-800,EXS
7530391063724537388,4d24ea,9H-VVL,LEMG,Boeing 737 MAX 8-200,RYR
4585929312529478225,4072a4,G-TAWV,,BOEING 737-8K5,TOM
4326622285124455771,4d200a,9H-BOD,LFPB,Cessna 525A CitationJet Cj2+,
13553651463828052971,407cb0,G-RUKD,EGPH,,
12279989969283679785,4ca301,EI-DLV,LPFR,BOEING 737-8AS,RYR
3734946530264012468,400f63,G-VWEB,,AIRBUS A340-642,VIR
1552911032507978348,4d02dd,LX-FLJ,LFPB,,
3077193727803264679,4080c7,,,,
16413930196115283120,4d221d,9H-QBO,,Boeing 737-8AS (W),MMO
14878183666077189894,407765,G-YVIP,EGJJ,,
7503680833194069967,407b44,G-GMAF,EGJB,,
754054812628250317,4d2268,9H-QDX,EPKK,Boeing 737-8AS,RYR
13870396184228090486,408177,,EGJJ,,
5845683711158871359,4076f4,G-KCMI,EGKB,,
2810567478976679008,4009d1,G-FRAP,,FAN JET FALCON SERIES D Falcon 20d,
10468689670345634849,4077c2,G-EIMS,EGHI,,
11366320689392499760,4060d3,G-CGKD,EGGD,GROB G115E Tutor,
4118498849955122238,401ca5,G-BEWR,,REIMS CESSNA F172N Skyhawk,
1281613143771613600,4d02bd,LX-JFD,LFPB,,
1515715641658131334,408337,,EGPE,,
15519422616656008813,400db2,G-EZAO,LSGG,AIRBUS A319-111,EZY
12249234856550113147,400e15,G-FRAD,,FAN JET FALCON SERIES E Falcon 20e,
9106392715802045617,4009d3,G-FRAS,,FAN JET FALCON Falcon 20,
14671600518670342857,4035ec,G-BUFH,,PIPER PA-28-161 Cherokee Warrior Ii,
17003783900394810360,43c2b2,ZZ416,EGXW,King Air Shadow R.1,SHF
16195723744894657824,4074b9,G-SATM,EGBJ,,
5611427402512683144,48c230,SP-RSR,EPWR,,
9129770727843032452,4d221d,9H-QBO,,Boeing 737-8AS (W),MMO
3645531109589077972,4070eb,G-JZHX,,BOEING 737-800,EXS
14447731706282251713,4035ec,G-BUFH,,PIPER PA-28-161 Cherokee Warrior Ii,
2053982581961183739,4009d3,G-FRAS,,FAN JET FALCON Falcon 20,
15884219470103991196,4035ec,G-BUFH,,PIPER PA-28-161 Cherokee Warrior Ii,
9393163346036609873,40668c,G-WPDB,,EC135 P1,
136599096388875000,400a90,G-VNAP,,AIRBUS A340-642,
10615509627657922831,4072a4,G-TAWV,,BOEING 737-8K5,TOM
2232350681954400964,406a62,G-GDFX,,BOEING 737-8K5,EXS
12372528001896414451,406ad0,G-FFMV,,DA 42 M-NG Twin Star,
18231405272637832353,43ec3f,2-CLEV,,525A CitationJet CJ2,
568718710779108477,4035ec,G-BUFH,,PIPER PA-28-161 Cherokee Warrior Ii,
2740959144508698110,4ca9d1,EI-EVI,LEAL,BOEING 737-8AS,RYR
5154404735296633166,4009d3,G-FRAS,EGDY,FAN JET FALCON Falcon 20,
4211215445479722555,408360,,,,
13902026395890505097,400e15,G-FRAD,EGJA,FAN JET FALCON SERIES E Falcon 20e,
3148750965186157363,4045ed,G-WLGC,EGXP,PIPER PA-28-181 Cherokee Archer Iii,
10653320435817511617,401e04,G-BGYH,EGLF,PIPER PA-28-161 Cherokee Warrior Ii,
2597626527239274311,405200,G-XVIP,EGJJ,BEECH 200 Super Kingair,
8871226887976648969,401e04,G-BGYH,EGKA,PIPER PA-28-161 Cherokee Warrior Ii,
7425865762521861307,4ca7b5,EI-EFZ,,BOEING 737-8AS,RYR
1881658458707672974,400e09,G-VFIT,,AIRBUS A340-642,VIR
1107040488891193662,407152,G-DSAA,EGDY,AW169,
10207860619778650634,406ec5,G-HIOW,,EC135 T3,
17224493537571652740,406127,G-GCDB,EGLF,CIRRUS SR20,
12252797949543385061,4008cf,G-SOVB,EGKB,LEARJET 45 Learjet,BZE
4389170040010232588,4074b9,G-SATM,,,
14106528666217351325,401ce9,G-BFGD,EGHL,REIMS CESSNA F172N Skyhawk,
15087604446571265729,40653a,G-EZGK,LSGG,Airbus A319-111,EZY
4380840706764097983,406ec5,G-HIOW,,EC135 T3,
16850472896998758421,4070eb,G-JZHX,,BOEING 737-800,EXS
9991244256911675632,a41855,N363KC,EGBJ,SR22T,
8084848242336095944,406a62,G-GDFX,,BOEING 737-8K5,EXS
9606747370653095238,400e15,G-FRAD,EGFF,FAN JET FALCON SERIES E Falcon 20e,
4313561704543305026,406b9f,G-RANN,EGBJ,BEECH B300 Super Kingair 350,
16434726177395786625,4caf26,,LEMG,,
13162092002828556629,4035ec,G-BUFH,,PIPER PA-28-161 Cherokee Warrior Ii,
15532929089925206909,401c3f,G-BDZD,EGDM,CESSNA F172M Skyhawk,
11531516162589824661,4072a4,G-TAWV,,BOEING 737-8K5,TOM
9098627523658405761,49329a,CS-LTZ,EGWU,Cessna 680A Citation Latitude,NJE
16710516050466676075,407765,G-YVIP,EGJB,,
1360168645355907756,4d224e,9H-QDY,LEAL,,
2138316809861105919,4076f4,G-KCMI,EGNX,,
8513207622478748576,402dba,G-BPIZ,,GULFSTREAM AA-5B Tiger,
1920951704367552019,4cadbc,EI-IGJ,LEPA,Boeing 737 MAX 8-200,RYR
209696501619726149,4076f4,G-KCMI,,,
15429882754085609821,400a90,G-VNAP,,AIRBUS A340-642,
5425224871375384344,4009d3,G-FRAS,,FAN JET FALCON Falcon 20,
13796603905578118939,408360,,,,
5787786243286906642,406a3b,G-MUJD,EGDY,VANS RV-12,
11846048967002351437,407152,G-DSAA,EGBJ,AW169,
6370749731346587204,424c4b,M-DIVE,EGJJ,Pilatus PC-24,
12763452283579638587,4077c2,G-EIMS,EGHI,,
16254947485989390339,403bab,G-LEAF,EGBB,REIMS CESSNA F406 Caravan Ii,
16692340734554664448,401ca5,G-BEWR,,REIMS CESSNA F172N Skyhawk,
18210405965121546557,4018e6,G-AYPU,,PIPER PA-28R-200 Cherokee Arrow,
5924039210354976756,4035ec,G-BUFH,,PIPER PA-28-161 Cherokee Warrior Ii,
10714509769172566016,4074b9,G-SATM,,,
9372782443753982831,401ca5,G-BEWR,,REIMS CESSNA F172N Skyhawk,
2986790699650175600,407c4c,G-PKUP,EGGD,,
6799547146042471947,a2c555,N278MP,EGDM,Socata TBM-700C,
16704373276249517399,400bd3,G-BUJP,,PIPER PA-28-161 Cherokee Warrior Ii,
13289800652847962436,43c8ed,ZM519,EGDM,,
6937435016650846300,4009d3,G-FRAS,,FAN JET FALCON Falcon 20,
2064956267959461426,408360,,,,
3204303829741506358,4038d5,G-BVKU,EGHI,SLINGSBY T61F VENTURE T MK2 Venture,
10688586188720574590,401ca5,G-BEWR,,REIMS CESSNA F172N Skyhawk,
7948341606929711759,4011b4,G-FCUM,EGLK,ROBINSON R44 II Raven Ii,COV
18401645130560701352,406f9d,G-DSJT,LFRC,CESSNA 182T Skylane,
16551899295116443746,4035ec,G-BUFH,,PIPER PA-28-161 Cherokee Warrior Ii,
2435478364026351354,406127,G-GCDB,EGUB,CIRRUS SR20,
6404580779456456493,407765,G-YVIP,,,
4070500232656303970,a2c555,N278MP,EGKA,Socata TBM-700C,
687157381747292914,43c8ed,ZM519,,,
281247088966191737,407152,G-DSAA,EGFF,AW169,
4385049944995596612,40301d,G-PHTG,EGDY,SOCATA TB10 Tobago,
5606568262708132190,407c4c,G-PKUP,EGHI,,
14549060904896780602,4074b9,G-SATM,,,
1144916477032069478,404867,G-OJVL,,VANS RV-6,
5703916187805324106,4070eb,G-JZHX,LTAI,BOEING 737-800,EXS
12886204669777591863,401e04,G-BGYH,EGTE,PIPER PA-28-161 Cherokee Warrior Ii,
8503949994099875444,4072a4,G-TAWV,,BOEING 737-8K5,TOM
1033027592133859602,403d75,G-BXDI,EGLK,DHC-1 CHIPMUNK 22 Chipmunk,
6690903085897194844,402e63,G-BPVI,EGMD,PIPER PA-32R-301 Saratoga Sp,
13151517223108886504,4d228f,9H-QEA,LEMG,737-8AS,RYR
10667798169670322365,407e3f,G-ECLH,,,
15438202779585394768,407152,G-DSAA,EGTE,AW169,
1130113518786820176,407152,G-DSAA,EGHI,AW169,
4332886685562980465,4caf34,,LEMG,,
1835031538967426293,4ca7b5,EI-EFZ,,BOEING 737-8AS,RYR
14657987371921443858,4d2265,9H-QDL,LEAL,Boeing 737-8AS (W),MAY
11730461172894545107,407152,G-DSAA,EGGD,AW169,
11969564012171349044,4074b9,G-SATM,,,
8378749780918287116,407bdc,G-RUKB,EGPH,,RUK
3202866017037271544,400e09,G-VFIT,,AIRBUS A340-642,VIR
10944139371188126268,50046c,,,,
9843672727537370134,4d02a4,LX-JFZ,LFPB,PC-XII 47E,
10604512969661941880,a7d60d,N6039X,,114-B,
12597412779223328204,407840,G-DBSB,EGHI,,
2443776900285058299,407ca1,G-DKSK,EGKA,,
4656060900871683191,4077c2,G-EIMS,EGHI,,
1383059250639726720,39a52b,F-HJJL,LFPB,,
10193305075738882086,4074b9,G-SATM,,,
7574129834662192366,40263c,G-DENS,EGGD,CP301S Smaragd,
7069251295183596543,401ca5,G-BEWR,EGHI,REIMS CESSNA F172N Skyhawk,
8550509174683050655,400bd3,G-BUJP,EGHI,PIPER PA-28-161 Cherokee Warrior Ii,
3965460765397979205,40217f,G-CRIL,EGFF,ROCKWELL COMMANDER 112B Commander,
17213802347305305670,405200,G-XVIP,EGJJ,BEECH 200 Super Kingair,
16594712574832340119,404c2c,G-CCZX,EGTE,PIERRE ROBIN DR400/180 Regent,
112024608083163201,401113,G-CSLL,EGTE,Piper PA-28R-201 Cherokee Arrow III,
8038960381918733617,403daf,G-GDER,,PIERRE ROBIN R1180TD Aiglon,
9218469259449707535,3cf62a,D-CUNI,,Learjet 45,UNI
14406659280696152223,406391,G-LHER,,PIPERSPORT,
11778799054722848302,40263c,G-DENS,EGHI,CP301S Smaragd,
2812176846683647383,400f0b,G-VRED,EHBK,AIRBUS A340-642,VIR
14239058535853114483,48c121,SP-RKB,EPWR,,BUZ
11313758035348801481,402aee,G-BOJW,EGVA,PIPER PA-28-161 Cherokee Warrior Ii,
295916483497015235,40385c,G-BVGY,,LUSCOMBE 8E Silvaire Deluxe,
17114686991025434782,406127,G-GCDB,EGBJ,CIRRUS SR20,
7746566442656420780,400a90,G-VNAP,,AIRBUS A340-642,
11899473116647140237,4009d3,G-FRAS,,FAN JET FALCON Falcon 20,
4811401778060944227,401ca5,G-BEWR,,REIMS CESSNA F172N Skyhawk,
8828752698932545536,40266b,G-BMJL,EGHI,ROCKWELL COMMANDER 114 Commander,
7304744475189358824,4074b9,G-SATM,,,
6045156267512429808,4080b3,,,,
11096246862840637957,404c27,G-CDAB,EGTE,GLASAIR SUPER IIS RG Glasair,
5090398780522651959,402aee,G-BOJW,,PIPER PA-28-161 Cherokee Warrior Ii,
11848586695065956949,407935,G-CLKB,EGHI,,
16006389655735057278,403c75,G-BWUH,EGHL,PIPER PA-28-181 Cherokee Archer Iii,
5616737011264739201,400d78,G-CHIP,EGDY,PIPER PA-28-181 Cherokee Archer Ii,
9817339625757567299,4077c2,G-EIMS,EGKA,,
5605648509877896295,40690d,G-EZWL,LSGG,AIRBUS A320-214,EZY
16130770577770279594,401e04,G-BGYH,,PIPER PA-28-161 Cherokee Warrior Ii,
13976304667432784873,40738b,G-ETPD,,G 120TP-A,
16186719617813407747,4d244b,9H-VVG,LMML,,
1168667673476741857,407fd7,G-RESA,,Leonardo AW139,
14717253417763360056,407c05,G-LIFB,EGTE,,
3002713878302228640,401372,G-OMJA,EGLF,PIPER PA-28-181 Cherokee Archer Ii,
14184775634425930821,403d75,G-BXDI,EGUB,DHC-1 CHIPMUNK 22 Chipmunk,
3504850374137110332,4070eb,G-JZHX,,BOEING 737-800,EXS
4370136583912842789,403c75,G-BWUH,,PIPER PA-28-181 Cherokee Archer Iii,
7797276242190930923,4072a4,G-TAWV,,BOEING 737-8K5,TOM
10020859709280163971,401ca5,G-BEWR,,REIMS CESSNA F172N Skyhawk,
18124775310582920161,40799b,G-LCAC,EGCC,,
1876937289116466982,4035ec,G-BUFH,,PIPER PA-28-161 Cherokee Warrior Ii,
18218454625331276022,4035ec,G-BUFH,,PIPER PA-28-161 Cherokee Warrior Ii,
8841243071696476022,4caa61,EI-EXF,EGSS,BOEING 737-8AS,RYR
17833283756223366331,4074b9,G-SATM,,,
1265724687517855757,406e80,G-CISE,,PULSAR XP Pulsar,
5183648923477592875,406a62,G-GDFX,,BOEING 737-8K5,EXS
15603690407950234001,4ca7b5,EI-EFZ,LEPA,BOEING 737-8AS,RYR
8330641257217173512,48c2b7,,EPKK,,
5677998651004739936,407765,G-YVIP,EGJB,,
16259507101976019960,489009,SP-EAK,,,
11661725789733223061,400fa6,G-INDC,EGDY,CESSNA T303 Crusader,
5621252005538540869,402ab3,G-BOHJ,EGVN,CESSNA 152,
10468513383497110713,4241c2,VP-CYT,EGJB,Global Express XRS,
12367466845979141809,4009d2,G-FRAR,,FAN JET FALCON SERIES D Falcon 20d,
4697604975266239193,4035ec,G-BUFH,EGGD,PIPER PA-28-161 Cherokee Warrior Ii,
652896798505943288,4080b1,G-OLGE,,Cirrus SR20,
15638461851931325129,4082a3,,EGHI,,
17144664974894980221,401c3f,G-BDZD,EGKA,CESSNA F172M Skyhawk,
9948186394196998705,40774f,G-SHAZ,EGHI,,
15788405510421575872,40825a,,EGDM,,
3797593912242839794,404c5e,G-CCZK,,ZENAIR CH 601UL Zodiac,
17949357658808162937,40766a,G-CKYL,,,
4194666417235155538,407336,G-RHOD,EGDY,JUST SUPERSTOL,
10728509940293368584,406299,G-TWIS,EGDY,SILENCE TWISTER Twister,
3604454827461880582,40101b,G-HBBH,,IKARUS C42 FB100 Ikarus,
16744420089887660497,405066,G-OYIO,EGTE,PIERRE ROBIN DR400/120 Petit Prince,
17501968905727914502,400fa6,G-INDC,EGHL,CESSNA T303 Crusader,
3428368247237955438,406fa1,G-FLOE,EGUB,ROBINSON R66 Turbine,
15194603051653425748,407152,G-DSAA,,AW169,
10613893232284081220,4035ec,G-BUFH,,PIPER PA-28-161 Cherokee Warrior Ii,
11032206010314297945,401ca5,G-BEWR,,REIMS CESSNA F172N Skyhawk,
2865495441013939521,4ca27a,EI-DHN,LEAL,BOEING 737-8AS,RYR
6082984683411866811,40172f,G-AVSI,EGLF,PIPER PA-28-140 Cherokee,
6302207321784008631,400fa6,G-INDC,EGHI,CESSNA T303 Crusader,
12455320771695975271,40266b,G-BMJL,EGHI,ROCKWELL COMMANDER 114 Commander,
15815727477247860099,400b1c,G-BZTN,,EUROPA XS Europa,
9203709742126979555,401e04,G-BGYH,,PIPER PA-28-161 Cherokee Warrior Ii,
17867192760005167619,4035ec,G-BUFH,,PIPER PA-28-161 Cherokee Warrior Ii,
14948895958610879151,4046c6,G-FXBT,,AEROPRAKT A22 FOXBAT Foxbat,
1003873106540774511,407dca,G-HMGC,EGHQ,,
8687905797292322030,405eb3,G-CFTO,,IKARUS C42 FB80 Ikarus,
5329948995703817166,4ca8d7,EI-ENL,LPFR,BOEING 737-8AS,RYR
13339030601649702861,406e80,G-CISE,,PULSAR XP Pulsar,
9345461634289431132,406a62,G-GDFX,,BOEING 737-8K5,EXS
6421723419227642568,406f9d,G-DSJT,EGHQ,CESSNA 182T Skylane,
1982342191231004125,40766a,G-CKYL,,,
9558919107037835773,4011b4,G-FCUM,,ROBINSON R44 II Raven Ii,COV
1087696017958792416,a26f1f,N256PT,EGVO,G58,
11144693059754187028,407bc0,G-CLZV,EGHI,,
16963382933539723390,401e04,G-BGYH,EGKA,PIPER PA-28-161 Cherokee Warrior Ii,
8023273350657051664,40653a,G-EZGK,,Airbus A319-111,EZY
3497742277537859875,4035ec,G-BUFH,,PIPER PA-28-161 Cherokee Warrior Ii,
15065188024682256281,40154f,G-ARKM,EGGD,PIPER PA-22-108 Colt,
12414289529299266013,401ca5,G-BEWR,,REIMS CESSNA F172N Skyhawk,
2565230711459267817,401e04,G-BGYH,,PIPER PA-28-161 Cherokee Warrior Ii,
11393773049996835382,4072a4,G-TAWV,,BOEING 737-8K5,TOM
8945748054247211497,403c75,G-BWUH,EGVA,PIPER PA-28-181 Cherokee Archer Iii,
14407943342100340591,407aaf,G-NJAB,EGPH,,
6990536942896008788,406299,G-TWIS,EGHI,SILENCE TWISTER Twister,
3491091125295641171,407336,G-RHOD,EGHI,JUST SUPERSTOL,
9256581883221859844,407765,G-YVIP,EGJJ,,
3256299002755393004,4035ec,G-BUFH,,PIPER PA-28-161 Cherokee Warrior Ii,
12629283433872450792,404f24,G-ZAVI,,IKARUS C42 FB100 Ikarus,
2593064879120622930,40101b,G-HBBH,,IKARUS C42 FB100 Ikarus,
18166633278366351861,4cae59,EI-IJI,LEMG,Boeing 737 MAX 8-200,RYR
6620965803130021319,4035ec,G-BUFH,,PIPER PA-28-161 Cherokee Warrior Ii,
3140221573624517814,407152,G-DSAA,EGHI,AW169,
5262093081400907430,4009d3,G-FRAS,EGNV,FAN JET FALCON Falcon 20,
231004006852005496,48c2b9,,EPKK,,
9299593064160622691,407bdc,G-RUKB,EGPH,,RUK
14700849230416574254,4079d3,G-LCAH,EGLC,,
10580583848194590361,4ca9eb,EI-EVN,,BOEING 737-8AS,RYR
60080854766074312,405200,G-XVIP,EGJB,BEECH 200 Super Kingair,
17743305765440671457,4cae59,EI-IJI,LEMG,Boeing 737 MAX 8-200,RYR
794738176903894472,4b1a66,HB-JZY,LSGG,A320-214,
3782309861045528889,407152,G-DSAA,EGDY,AW169,
15006681533616761517,06a371,,EHAM,,
10006446612302287291,407152,G-DSAA,,AW169,
13129594724886541107,400e09,G-VFIT,,AIRBUS A340-642,VIR
3492828618749497289,400fa6,G-INDC,EGDY,CESSNA T303 Crusader,
8046327772670833331,400b03,G-CPSS,,CESSNA 208B Grand Caravan,
12590434014397580392,407152,G-DSAA,EGHI,AW169,
8807169341924412265,401206,G-BXGT,EGHL,SKY ARROW 650 T,
9736822743989261231,40710f,G-CJFO,EGBJ,DA 42 Twin Star,
7415131275868292999,404e52,G-LBUZ,EGVO,AEROTECHNIK EV-97A EUROSTAR Eurostar,
2933007271361126601,4010bb,G-PAMY,EGHI,ROBINSON R44 II Clipper Ii,
15852460229618080895,06a371,,,,
14813607497269659073,407e3f,G-ECLH,EHBK,,
17686984570039360050,4cafca,EI-GHA,EGPH,,
8418413338223452243,4011b4,G-FCUM,,ROBINSON R44 II Raven Ii,COV
3184071678957141335,a3278f,N302JG,,TBM 700,
14190138405532650287,4011b4,G-FCUM,,ROBINSON R44 II Raven Ii,COV
9759570681869074524,48c122,SP-RKC,EPWR,737-8AS (W),RYS
11831976904994572467,401f8f,G-BJBW,EGHL,PIPER PA-28-161 Cherokee Warrior Ii,
17360383291879412908,40819e,,EGHL,,
10689482603956886794,404c63,G-CCZL,EGHI,IKARUS C42 FB80 Ikarus,
9253570212653764100,a26f1f,N256PT,EGUB,G58,
3283681316048038586,4038d5,G-BVKU,EGDY,SLINGSBY T61F VENTURE T MK2 Venture,
2001034701494694964,401ca5,G-BEWR,EGDM,REIMS CESSNA F172N Skyhawk,
16371767878890882137,403e8a,G-CBCL,EGGD,GLASTAR,
1226816536417654698,406127,G-GCDB,,CIRRUS SR20,
14051878491921421496,400fa6,G-INDC,EGHL,CESSNA T303 Crusader,
1732388549346870613,400b1c,G-BZTN,EGVA,EUROPA XS Europa,
1487476223830215359,493281,CS-LTA,EGBB,Citation Latitude,
5276261209757268474,4ca9eb,EI-EVN,,BOEING 737-8AS,RYR
9293666913163485518,40644b,G-XSRF,EGHL,EUROPA XS Europa,
1070677194516038332,4075b7,G-XIVA,,,
10454020517919387853,406e39,G-CIOM,EGHL,MAGNI M24C Orion,
13119314147936063561,406a62,G-GDFX,,BOEING 737-8K5,EXS
11463541393915295071,400df9,G-VANA,EGTE,GIPPSLAND GA-8 Airvan,
7171884049336182111,401ca5,G-BEWR,,REIMS CESSNA F172N Skyhawk,
10281138932653353323,407569,G-UZHJ,LSGG,,
14204222080667570887,4034eb,G-DHAH,EGHI,AERONCA 7BCM (CONV) Champion,
16158152937522375322,406dde,G-CINH,,QUIKR Quik,
18205098537400801352,4035ec,G-BUFH,,PIPER PA-28-161 Cherokee Warrior Ii,
8816597111044399170,4035ec,G-BUFH,,PIPER PA-28-161 Cherokee Warrior Ii,
13009292451125053395,405b26,G-DADZ,EGKA,CZAW SPORTCRUISER,
14929131077795723705,404c63,G-CCZL,EGHI,IKARUS C42 FB80 Ikarus,
4776239074802132246,4011b4,G-FCUM,,ROBINSON R44 II Raven Ii,COV
11449405505312215405,405b26,G-DADZ,,CZAW SPORTCRUISER,
6142671154519532472,4080b1,G-OLGE,EGOS,Cirrus SR20,
14460881156677496686,407152,G-DSAA,EGDY,AW169,
7119133771005547135,403c75,G-BWUH,EGGD,PIPER PA-28-181 Cherokee Archer Iii,
2897804082098125319,401780,G-AWEI,EGKA,DRUINE D.62B CONDOR Condor,
10845176780608374001,40710f,G-CJFO,,DA 42 Twin Star,
806865705807453911,400bd3,G-BUJP,,PIPER PA-28-161 Cherokee Warrior Ii,
703631040483499264,401e04,G-BGYH,EGTE,PIPER PA-28-161 Cherokee Warrior Ii,
14864233369368037149,402e63,G-BPVI,EGKA,PIPER PA-32R-301 Saratoga Sp,
4623953880108610418,405200,G-XVIP,EGJB,BEECH 200 Super Kingair,
7369484676896684729,4ca9eb,EI-EVN,LEAL,BOEING 737-8AS,RYR
14336258875727660567,407152,G-DSAA,EGHI,AW169,
18263588183698897308,4cae61,EI-IJL,LMML,Boeing 737 MAX 8-200,RYR
12393892899721786597,a2c539,,,,
14549206496863298100,40710f,G-CJFO,EGDY,DA 42 Twin Star,
16015819436388479211,4ca9eb,EI-EVN,EPKK,BOEING 737-8AS,RYR
6675844497658497853,407d60,G-OJFA,EIWT,,
4222132410673493275,407152,G-DSAA,EGDY,AW169,
11010610625966485931,4035ec,G-BUFH,EGDM,PIPER PA-28-161 Cherokee Warrior Ii,
9289566831117915594,4079de,G-CLOZ,EGHL,KFA Explorer UL600,
927610143174982736,406d59,G-SCCA,LFBO,CESSNA 510 Citation Mustang,GMA
8719737606939716835,404c5e,G-CCZK,EGDM,ZENAIR CH 601UL Zodiac,
894780205497002862,4055d6,G-WZOY,EGVA,RANS S6-ESA Coyote Ii,
4967358305463018973,406e80,G-CISE,,PULSAR XP Pulsar,
7049154630216464290,4035ec,G-BUFH,,PIPER PA-28-161 Cherokee Warrior Ii,
13406405117762182103,405b26,G-DADZ,,CZAW SPORTCRUISER,
16375727238712360687,a0d393,N152WB,EGLF,Diamond DA40NG Diamond Star,
9961648378288849276,40825a,,EGTE,,
460354009398712390,401ca5,G-BEWR,EGDM,REIMS CESSNA F172N Skyhawk,
3844410410991744486,40710f,G-CJFO,,DA 42 Twin Star,
10724966030739003437,40710f,G-CJFO,,DA 42 Twin Star,
6538414630430480885,4080b1,G-OLGE,,Cirrus SR20,
14059437696816171718,401e04,G-BGYH,EGVO,PIPER PA-28-161 Cherokee Warrior Ii,
684131980860566844,405819,G-CFVH,,LS7,
11834430073060305600,4ca622,EI-DWV,LEAL,BOEING 737-8AS,RYR
3153213962894783718,407a04,G-NCDC,,Skyranger Nynja,
16988685368755081200,406c23,G-NILT,,EV-97 EUROSTAR SL MICROLIGHT Eurostar,
18439188883774775149,4070eb,G-JZHX,EGKK,BOEING 737-800,EXS
3961036287673739374,a27310,N257SA,EGGD,PA-32-300,
3762976670634324998,4072a4,G-TAWV,,BOEING 737-8K5,TOM
6395715806912728994,4caf35,,LEMG,,
2540736922026201284,406a62,G-GDFX,,BOEING 737-8K5,EXS
4754485935345616196,40710f,G-CJFO,EGHI,DA 42 Twin Star,
16285859184495726761,40757f,G-UZHP,,Airbus A320-251N,
13583938025711807547,407a04,G-NCDC,EGDM,Skyranger Nynja,
16241983171805956955,4035ec,G-BUFH,,PIPER PA-28-161 Cherokee Warrior Ii,
9939417797689719609,401ca5,G-BEWR,,REIMS CESSNA F172N Skyhawk,
15356735746034990575,405200,G-XVIP,EGJB,BEECH 200 Super Kingair,
8356942589544738232,407f0e,G-RUKJ,EGPH,Boeing 737-8AS,RYR
11811551792878717199,4ca2c0,EI-DLC,LPFR,BOEING 737-8AS,RYR
3298900237904449060,400e09,G-VFIT,,AIRBUS A340-642,VIR
14991033542447106124,4d02cd,LX-JFA,LFPB,PC-XII NG 47E,
4345373165006901286,4ca9eb,EI-EVN,,BOEING 737-8AS,RYR
14150018197370741368,407b66,G-CLRW,EGTK,,
17666031768874101296,400f0b,G-VRED,,AIRBUS A340-642,VIR
407197496944060533,48c132,SP-RKT,EPKK,737-8AS,RYR
2662972085282130600,407e3a,G-SOLE,EGGP,,
18097288451435874922,4077c2,G-EIMS,EGKA,,
6290654125558621902,4009d3,G-FRAS,,FAN JET FALCON Falcon 20,
16273417955759844625,408360,,,,
7699959673587709269,adf48f,N999F,EGJJ,Bonanza F33A,
466771723598529882,4060dd,G-CGKN,,GROB G115E Tutor,
16087464063974481258,40800d,G-HMGH,EGNJ,Beech King Air 350i,BRO
14271623964139042471,400db2,G-EZAO,,AIRBUS A319-111,EZY
9665459608989237851,4009d1,G-FRAP,,FAN JET FALCON SERIES D Falcon 20d,
6160388206230718332,407152,G-DSAA,,AW169,
5135681726273703270,40710f,G-CJFO,,DA 42 Twin Star,
13099153643885918300,4080cc,G-HMGI,EGPK,Beech King Air 350,
10723154512253012864,405200,G-XVIP,,BEECH 200 Super Kingair,
4962845421250587414,4060e0,G-CGKR,EGTE,GROB G115E Tutor,
742124624970515519,48c12c,SP-RKM,EPWR,Boeing 737-8AS,RYS
4925206034892713289,40710f,G-CJFO,EGDY,DA 42 Twin Star,
18232888841250287030,4035ec,G-BUFH,EGHL,PIPER PA-28-161 Cherokee Warrior Ii,
10928686010421567558,4ca9eb,EI-EVN,,BOEING 737-8AS,RYR
11721135261646133918,4070eb,G-JZHX,,BOEING 737-800,EXS
5800857859412673362,4080b1,G-OLGE,,Cirrus SR20,
4234611645487126447,4082fd,,EGGD,,
4479266763967757676,406a62,G-GDFX,LPMA,BOEING 737-8K5,EXS
5475317474309484376,4060dd,G-CGKN,EGDY,GROB G115E Tutor,
10501285656985035122,4072a4,G-TAWV,,BOEING 737-8K5,TOM
10706222867897812953,40710f,G-CJFO,,DA 42 Twin Star,
15813703439150891658,4035ec,G-BUFH,EGHI,PIPER PA-28-161 Cherokee Warrior Ii,
7287432738119798915,4080b1,G-OLGE,,Cirrus SR20,
10963659256467436103,407152,G-DSAA,EGTE,AW169,
4993758930577278412,424b6a,M-YAIC,LIML,,
1834582858972843052,40710f,G-CJFO,EGFH,DA 42 Twin Star,
3935355463926773337,406127,G-GCDB,EGBJ,CIRRUS SR20,
2941599334448597100,402d90,G-WFWA,EGTK,PIPER PA-28-161 Cherokee Warrior Ii,
13471647344563909816,4ca9eb,EI-EVN,LEAL,BOEING 737-8AS,RYR
5583935284347428733,400e09,G-VFIT,,AIRBUS A340-642,VIR
16524485918366928008,40710f,G-CJFO,,DA 42 Twin Star,
7421174990513822436,408360,,EGDX,,
210845186982556843,4076b1,G-TAWX,LEAL,,
2144612806769995637,a008cb,N101DW,EGJB,PA-32R-300,
950613461685074513,400a90,G-VNAP,EHBK,AIRBUS A340-642,
17973849812639055601,40834d,,EGHL,,
4086238397336542589,4d228f,9H-QEA,,737-8AS,RYR
7414897952070313489,43ee8a,,EGTK,,
421955984177535561,4070eb,G-JZHX,,BOEING 737-800,EXS
5063231061498898049,408360,,,,
13520381261819044109,400fe3,G-EZBT,LSGG,AIRBUS A319-111,EZY
8329974748703065099,4009d3,G-FRAS,,FAN JET FALCON Falcon 20,
1525135164716190943,406a62,G-GDFX,,BOEING 737-8K5,EXS
8872813151559331078,4cac84,EI-HGF,LEMG,,
18174973765983513655,4072a4,G-TAWV,,BOEING 737-8K5,TOM
3826065169159443403,4d2209,9H-QCL,LEAL,737-8AS (W),MAY
17734064116031517566,4d235f,9H-649FX,LIRA,,
9419717880374336560,4932a3,,EGLL,,
4391116039177007815,4cadbc,EI-IGJ,LEPA,Boeing 737 MAX 8-200,RYR
14018352458935832315,4009d2,G-FRAR,,FAN JET FALCON SERIES D Falcon 20d,
5493182995189758661,4009d1,G-FRAP,,FAN JET FALCON SERIES D Falcon 20d,
17890896544410195834,408360,,,,
5734482229247116521,408179,,,,
8779553642082434750,401ca5,G-BEWR,EGDY,REIMS CESSNA F172N Skyhawk,
14768216271856245030,020183,CN-TME,GMTT,Learjet 45,AOM
16679647479591632408,4b1a01,HB-JWB,EGJB,CL-600-2B16 (604 Variant),
8533560139121603169,406a62,G-GDFX,LTAI,BOEING 737-8K5,EXS
16086145703841245491,506ce3,,EGKB,,
4703423747917118938,4072a4,G-TAWV,,BOEING 737-8K5,TOM
14093131592168363531,407e3a,G-SOLE,EGPF,,
18031664655762466324,4d22ff,9H-VUA,LEMG,,RYR
10747142690053875858,405200,G-XVIP,EGJB,BEECH 200 Super Kingair,
8221655143733539208,4cae69,,LEMG,,
8034690624418824466,4d228f,9H-QEA,,737-8AS,RYR
14310287972196638424,4ca891,EI-ENE,LEAL,BOEING 737-8AS,RYR
594649618548277160,407bdc,G-RUKB,EGPH,,RUK
17359191294352225759,400a90,G-VNAP,,AIRBUS A340-642,
4321842729299370357,4074b9,G-SATM,EGHI,,
5429188369294429828,400e15,G-FRAD,LFMT,FAN JET FALCON SERIES E Falcon 20e,
17255621087979197348,4077c2,G-EIMS,EGHI,,
7073312643603690411,4074b9,G-SATM,,,
13194886432977530245,4080b1,G-OLGE,EGDM,Cirrus SR20,
3275346350860651653,40154f,G-ARKM,,PIPER PA-22-108 Colt,
5543964594262460139,401ca5,G-BEWR,EGGD,REIMS CESSNA F172N Skyhawk,
1102595779583585156,402db1,G-BPOT,EGKA,PIPER PA-28-181 Cherokee Archer Ii,
4706932310133046264,4080b1,G-OLGE,EGKA,Cirrus SR20,
1547752749206191166,406f9d,G-DSJT,EGDM,CESSNA 182T Skylane,
11292274471791649859,4d2349,9H-VUJ,EPWR,,
1082365270874208795,acfc37,N936CT,EGJB,SR22T,
8056539082852885403,406127,G-GCDB,,CIRRUS SR20,
18267037551468238553,400e09,G-VFIT,EHBK,AIRBUS A340-642,VIR
17377468495348465632,40116e,G-PORK,EGHI,GRUMMAN AA-5B Tiger,
15692471497491737128,4060d4,G-CGKE,,GROB G115E Tutor,
17094806227358426861,4060dd,G-CGKN,EGDY,GROB G115E Tutor,
1195665570886176369,401ca5,G-BEWR,EGHI,REIMS CESSNA F172N Skyhawk,
8148265964964983169,40766a,G-CKYL,EGDY,,
5247485354041568735,406446,G-EZGI,LSGG,,
15565373987561507605,4d234c,9H-VUM,LMML,,
15243202499172516399,407fd8,G-RESB,,Leonardo AW139,
1112437232990886552,406f9d,G-DSJT,,CESSNA 182T Skylane,
12346693074353435663,4035ec,G-BUFH,EGDM,PIPER PA-28-161 Cherokee Warrior Ii,
10437983437756664547,4074b9,G-SATM,,,
2201238807292802833,407c37,G-NNJA,,,
10290669619755485088,4072a4,G-TAWV,,BOEING 737-8K5,TOM
8724309147812851310,4009d2,G-FRAR,,FAN JET FALCON SERIES D Falcon 20d,
4313413055762147836,4060db,G-CGKL,EGDY,GROB G115E Tutor,
5095749572643150261,4035ec,G-BUFH,,PIPER PA-28-161 Cherokee Warrior Ii,
3282846073329220461,406e80,G-CISE,,PULSAR XP Pulsar,
15457937942194187918,406a62,G-GDFX,,BOEING 737-8K5,EXS
1620324170041507296,401ca5,G-BEWR,,REIMS CESSNA F172N Skyhawk,
13031835381356029801,4ca891,EI-ENE,LEPA,BOEING 737-8AS,RYR
6058278628081282862,48c2a3,SP-RZD,EPKK,,
758733986095018597,4074b9,G-SATM,,,
15674049523640848810,401e04,G-BGYH,,PIPER PA-28-161 Cherokee Warrior Ii,
14895070866789602330,407c17,G-BLNU,EGAA,Britten Norman BN2T Islander,FRA
17663504851834640356,4ca891,EI-ENE,LPFR,BOEING 737-8AS,RYR
5924541245306841087,4080cc,G-HMGI,EGPK,Beech King Air 350,
8633612537233376180,4074b9,G-SATM,,,
8481229330417736655,408360,,EGTE,,
11604235833918100248,4cad39,EI-HEY,LEAL,,
10594214323634593334,407152,G-DSAA,,AW169,
11053733159022624779,4009ce,G-FRAL,EGNV,FAN JET FALCON Falcon 20,
11202708143226839679,4066ce,G-TAWG,,BOEING 737-8K5,TOM
4306572311001139680,4070eb,G-JZHX,,BOEING 737-800,EXS
2148722666217788442,3e3078,D-IJOA,EKYT,Citation CJ2,ECA
2196265542900583631,401e04,G-BGYH,EGDY,PIPER PA-28-161 Cherokee Warrior Ii,
17255812528902598190,406a62,G-GDFX,,BOEING 737-8K5,EXS
16193194548091933234,406b90,G-EZWX,LSGG,AIRBUS A320-214,EZY
7123322972470710180,407fd8,G-RESB,,Leonardo AW139,
7488170181219883739,407fd8,G-RESB,,Leonardo AW139,
6968705673757158007,405200,G-XVIP,EGJB,BEECH 200 Super Kingair,
16868560283132957682,4b3902,,,,
12423060970668405226,4caf34,,LEMG,,
9937069966223440721,400a90,G-VNAP,,AIRBUS A340-642,
14526353004847420615,48c2b8,,EPKK,,
2598046834562775861,4ca891,EI-ENE,,BOEING 737-8AS,RYR
5281214651921864486,407fd8,G-RESB,,Leonardo AW139,
17115550654557675118,407bdc,G-RUKB,EGPH,,RUK
11375229385118420600,4cad3d,EI-HMV,LEMG,,
18208234157711632063,4b1a2a,HB-JXQ,LSGG,,
14770094892464573671,407152,G-DSAA,EGDY,AW169,
4855907423935111389,3ce078,D-CMHS,EKCH,,
12284676994553095423,40155a,G-ARMC,,DHC-1 CHIPMUNK 22A Chipmunk,
14264500876826899568,40714e,G-OREZ,EGNR,CESSNA 525 Citation M2,
4606040192367931455,400e09,G-VFIT,,AIRBUS A340-642,VIR
13074006513837874205,4074b9,G-SATM,,,
14596220725658637405,407e7b,G-TUMX,LEPA,,
15509662435525349384,406a62,G-GDFX,LEAL,BOEING 737-8K5,EXS
7820551164402896120,407c17,G-BLNU,,Britten Norman BN2T Islander,FRA
1360472539794455306,4ca853,EI-EMK,EPWR,BOEING 737-8AS,RYR
14412924100650177965,a2c555,N278MP,,Socata TBM-700C,
14422058290691937939,401ca5,G-BEWR,EGHL,REIMS CESSNA F172N Skyhawk,
6376173157770135506,4ca891,EI-ENE,,BOEING 737-8AS,RYR
18055868894268843648,403c75,G-BWUH,,PIPER PA-28-181 Cherokee Archer Iii,
15451314508365765694,404c27,G-CDAB,EGDY,GLASAIR SUPER IIS RG Glasair,
6315179993204912948,406127,G-GCDB,,CIRRUS SR20,
9903865741904321667,400f0b,G-VRED,EGNV,AIRBUS A340-642,VIR
16924169704550502613,4074b9,G-SATM,EGDY,,
17784353091810454760,4070eb,G-JZHX,,BOEING 737-800,EXS
10907775836059523071,40837f,,EGHL,,
11183348219763019553,406c71,G-EZOA,LSGG,AIRBUS A320-214,EZY
4414133633087902205,4011b4,G-FCUM,,ROBINSON R44 II Raven Ii,COV
14089765362546771656,401ca5,G-BEWR,EGHL,REIMS CESSNA F172N Skyhawk,
11009807591879287154,401e04,G-BGYH,,PIPER PA-28-161 Cherokee Warrior Ii,
2186000543623296528,4074b9,G-SATM,EGHL,,
18105879285740895319,407b44,G-GMAF,EGJB,,
16956855953402517661,4cae64,EI-IJO,LEAL,Boeing 737 MAX 8-200,RYR
9376091039333452998,4cadf6,EI-IHK,EGSS,Boeing 737 MAX 8-200,RYR
16800003416329596480,406a62,G-GDFX,,BOEING 737-8K5,EXS
15667736864394614635,4cade6,EI-IHA,LEAL,Boeing 737 MAX 8-200,RYR
1724198989448834242,400bd3,G-BUJP,EGHL,PIPER PA-28-161 Cherokee Warrior Ii,
15023549754753242185,a3e411,N35SN,EGWC,35-33,
1741320533868171365,4074b9,G-SATM,,,
9367212225238429242,40101b,G-HBBH,,IKARUS C42 FB100 Ikarus,
10471286073880296977,4080b1,G-OLGE,,Cirrus SR20,
5270188945498655526,40714e,G-OREZ,EGNR,CESSNA 525 Citation M2,
5739543843254849010,4cadf6,EI-IHK,,Boeing 737 MAX 8-200,RYR
17009729309579447914,4080c7,,,,
16684176570791267899,4074b9,G-SATM,,,
10587837577756713887,401ca5,G-BEWR,EGHL,REIMS CESSNA F172N Skyhawk,
14532949748841016666,4035ec,G-BUFH,,PIPER PA-28-161 Cherokee Warrior Ii,
7585647102464917750,407ece,G-NJAE,,Dassault Falcon 2000EX,NJU
10029694447326918444,4cad3f,EI-HMX,LEAL,,RYR
15091488630878320749,4011b4,G-FCUM,,ROBINSON R44 II Raven Ii,COV
15753829844716322044,4d2350,9H-VUQ,,,
18163036641129078347,4035ec,G-BUFH,,PIPER PA-28-161 Cherokee Warrior Ii,
2875418247452977150,4074b9,G-SATM,,,
5894458858466869794,4caff7,,LEMG,,
12189018320663638469,4cae64,EI-IJO,,Boeing 737 MAX 8-200,RYR
2645394247857243178,407e3f,G-ECLH,EHBK,,
15048610931131314938,406a62,G-GDFX,,BOEING 737-8K5,EXS
14807433732745245320,401ea4,G-BHWY,,PIPER PA-28R-200-2 Cherokee Arrow Ii,
5473101837589921641,4070eb,G-JZHX,,BOEING 737-800,EXS
1304584025295125508,4080c7,,,,
2897600635095974444,4066ce,G-TAWG,,BOEING 737-8K5,TOM
3816292594833227357,401e04,G-BGYH,EGWU,PIPER PA-28-161 Cherokee Warrior Ii,
9908610088455266653,407bdc,G-RUKB,EGPH,,RUK
16533718270599660818,4074b9,G-SATM,,,
12841825383387990975,406ed0,G-MOSH,,PIPER PA-28R-201 Cherokee Arrow Iii,
10087345325143307739,401e04,G-BGYH,,PIPER PA-28-161 Cherokee Warrior Ii,
16065479686243718355,4cadf6,EI-IHK,LPFR,Boeing 737 MAX 8-200,RYR
3060831522499724448,4cae64,EI-IJO,LEPA,Boeing 737 MAX 8-200,RYR
14009634014159872957,400e09,G-VFIT,,AIRBUS A340-642,VIR
15908863447527030117,4074b9,G-SATM,,,
17551364307124488949,50020a,T7-SLXP,EGHL,,
4323684540235983923,4cae64,EI-IJO,LEAL,Boeing 737 MAX 8-200,RYR
14023630494310467733,406a62,G-GDFX,LPFR,BOEING 737-8K5,EXS
14913438266600502526,401ca5,G-BEWR,,REIMS CESSNA F172N Skyhawk,
11970663901578338884,406ae8,G-TAWS,,BOEING 737-8K5,TOM
910847975297223197,4074b9,G-SATM,,,
17594083649270725827,4cadf6,EI-IHK,LPFR,Boeing 737 MAX 8-200,RYR
3985422030252366175,407dca,G-HMGC,,,
5911104949752692223,4060d4,G-CGKE,EGTE,GROB G115E Tutor,
9147697995570477684,4caa60,EI-EXE,LEMG,BOEING 737-8AS,RYR
9924150066687447442,400e15,G-FRAD,,FAN JET FALCON SERIES E Falcon 20e,
16479761784210833566,4070eb,G-JZHX,,BOEING 737-800,EXS
10077177290536656551,4cadfe,EI-IHS,,Boeing 737 MAX 8-200,RYR
12831249048126836753,407765,G-YVIP,EGJJ,,
3104594722599011760,a97bc0,N71WZ,EGJB,PA 46-350P,
15279915023233213091,4066ce,G-TAWG,,BOEING 737-8K5,TOM
11748758160963445134,4407c4,OE-FNP,ELLX,Citation Mustang,
17714275096293755943,4cae64,EI-IJO,,Boeing 737 MAX 8-200,RYR
5210906402076846993,4074b9,G-SATM,,,
16914229293011982592,3ce8c7,,,,
13290369166308690540,4074b9,G-SATM,EGDY,,
2531662881986872019,4ca646,EI-DYD,LPFR,BOEING 737-8AS,RYR
13462079173574232027,407b44,G-GMAF,EGJB,,
1357133483067220165,494115,CS-PHU,EHRD,,
5325317870653970085,4cadf6,EI-IHK,LEAL,Boeing 737 MAX 8-200,RYR
16804828018467944946,4cae64,EI-IJO,,Boeing 737 MAX 8-200,RYR
5225014711005932840,0100ff,SU-SME,,Citation Sovereign,
11885269405732097132,4ca646,EI-DYD,LPFR,BOEING 737-8AS,RYR
14688657659498062579,4cadf6,EI-IHK,LFBE,Boeing 737 MAX 8-200,RYR
11725945807704356707,4035ec,G-BUFH,,PIPER PA-28-161 Cherokee Warrior Ii,
18222217885874975732,4016d3,G-AVFZ,EGDM,PIPER PA-28-140 Cherokee,
18061257878648186576,40116e,G-PORK,EGHI,GRUMMAN AA-5B Tiger,
4496208673435284622,400a90,G-VNAP,EHBK,AIRBUS A340-642,
16045819161509734640,406a62,G-GDFX,LEAL,BOEING 737-8K5,EXS
10813171666777422851,acfc37,N936CT,EGJB,SR22T,
7157944800882836966,405f67,G-FLYW,,BEECH 200 Super Kingair,
14760572903709810390,adc1cb,N986DT,EGSS,,
7283570814986084076,c05f00,C-GJZJ,LMML,CL-600 2B19 (Series 200) (Bombardier),
1468425909235194944,401ca5,G-BEWR,,REIMS CESSNA F172N Skyhawk,
10249878828073499875,4cae64,EI-IJO,,Boeing 737 MAX 8-200,RYR
8252412257155302983,4035ec,G-BUFH,,PIPER PA-28-161 Cherokee Warrior Ii,
13708900923016744074,424b31,M-ARDI,,,
4978773218021136316,408309,,EGBJ,,
3072735146455858488,4070eb,G-JZHX,,BOEING 737-800,EXS
13909715950860120595,4ca61f,EI-DWS,LEAL,BOEING 737-8AS,RYR
14098370247913353992,402dce,G-BPOS,EGNX,CESSNA 150M,
832673655045400572,4ca61d,EI-DWP,LEMG,BOEING 737-8AS,RYR
2179315761053077187,4cadf6,EI-IHK,,Boeing 737 MAX 8-200,RYR
13913703240205911837,401ca5,G-BEWR,,REIMS CESSNA F172N Skyhawk,
17916848029811276983,408309,,,,
6549178926234594325,495274,CS-TST,LPPT,,
384568521475907735,401e04,G-BGYH,,PIPER PA-28-161 Cherokee Warrior Ii,
15466497417499944622,407f0d,G-RUKK,EGPH,Boeing 737-8AS,RYR
10676582632677985280,403c75,G-BWUH,,PIPER PA-28-181 Cherokee Archer Iii,
9838674024613035749,4016d3,G-AVFZ,,PIPER PA-28-140 Cherokee,
18394484292212228864,4035ec,G-BUFH,,PIPER PA-28-161 Cherokee Warrior Ii,
14655282360557270794,4cadf9,EI-IHO,,Boeing 737 MAX 8-200,RYR
7335146136224716087,407c05,G-LIFB,,,
4886022111593189992,4d2369,9H-VUS,LMML,,
1005146761827290140,4ca64e,EI-DYL,LEPA,BOEING 737-8AS,RYR
9972551167736383832,406ae8,G-TAWS,,BOEING 737-8K5,TOM
10268228330152857521,4cae64,EI-IJO,,Boeing 737 MAX 8-200,RYR
1203567900708797684,406a62,G-GDFX,,BOEING 737-8K5,EXS
17893763948602531338,4ca61d,EI-DWP,,BOEING 737-8AS,RYR
445019414710775996,407e3f,G-ECLH,,,
14588769205953083027,4ca9aa,EI-HAY,LEMG,,
7853706320586203064,48c2b8,,EPKK,,
7911509217210349842,4060dd,G-CGKN,EGDY,GROB G115E Tutor,
1179349177467369186,408309,,,,
17905490766380126244,408309,,,,
10020673426898620886,4cae64,EI-IJO,,Boeing 737 MAX 8-200,RYR
5540742444809697318,407267,G-DRTA,LEAL,BOEING 737-85P,EXS
6744356227612005845,4035ec,G-BUFH,,PIPER PA-28-161 Cherokee Warrior Ii,
11050733926178282590,401ca5,G-BEWR,,REIMS CESSNA F172N Skyhawk,
3412369117681933261,401e04,G-BGYH,,PIPER PA-28-161 Cherokee Warrior Ii,
15949555768897597487,40766a,G-CKYL,,,
4506213478203382207,407990,G-SADB,,,
16156832060220711363,406ad0,G-FFMV,,DA 42 M-NG Twin Star,
8047025342068727554,4d23f8,9H-VVD,LEMG,,
9215299174385082830,407c05,G-LIFB,EGDY,,
9306384448729034687,4062b6,G-XCRJ,,VANS RV-9A,
5291337271122188162,4caa57,EI-EVR,LPFR,BOEING 737-8AS,RYR
8014933908732088056,4ca9aa,EI-HAY,,,
16905043457136748297,406127,G-GCDB,EGTC,CIRRUS SR20,
12642844212216472484,406127,G-GCDB,,CIRRUS SR20,
9833794723828305153,401ca5,G-BEWR,,REIMS CESSNA F172N Skyhawk,
8198652456864766451,404c63,G-CCZL,,IKARUS C42 FB80 Ikarus,
1209569549618452930,4060d3,G-CGKD,,GROB G115E Tutor,
10474222913581247978,400e15,G-FRAD,EGDY,FAN JET FALCON SERIES E Falcon 20e,
17977689728987637656,4070eb,G-JZHX,EGNT,BOEING 737-800,EXS
7094565798794429283,4009d3,G-FRAS,,FAN JET FALCON Falcon 20,
16136406114624717340,4009d1,G-FRAP,EGDY,FAN JET FALCON SERIES D Falcon 20d,
6368851545906172574,4009d2,G-FRAR,,FAN JET FALCON SERIES D Falcon 20d,
3171331319234991390,401ca5,G-BEWR,,REIMS CESSNA F172N Skyhawk,
6240821879515815211,4035ec,G-BUFH,,PIPER PA-28-161 Cherokee Warrior Ii,
16853318009050345025,406a62,G-GDFX,LTAI,BOEING 737-8K5,EXS
12321141885056084914,400ec7,G-BYUC,EGDM,GROB G115E Tutor,
6825192805582375955,40366c,G-ELMH,EGVA,AT-6D HARVARD III Texan,
15679663053640013155,405f67,G-FLYW,EGSS,BEECH 200 Super Kingair,
2286015377606171743,4080b1,G-OLGE,EGHQ,Cirrus SR20,
11232503110784387247,4035ec,G-BUFH,,PIPER PA-28-161 Cherokee Warrior Ii,
717251193926189812,4cae64,EI-IJO,EPWR,Boeing 737 MAX 8-200,RYR
15859322409324420434,406ae8,G-TAWS,,BOEING 737-8K5,TOM
7213158790708519564,489009,SP-EAK,LIMJ,,
6640769255703313748,407990,G-SADB,,,
12527810963279162884,407990,G-SADB,,,
16383111693805631658,407b44,G-GMAF,EGJB,,
3501932753700788059,407990,G-SADB,,,
15133730861916959848,400e09,G-VFIT,EHBK,AIRBUS A340-642,VIR
6253544988640143585,a6e07d,N542MR,EGLF,,
14643767571454413350,4ca9aa,EI-HAY,,,
8477864471798549986,4cae64,EI-IJO,,Boeing 737 MAX 8-200,RYR
4120039009263683374,4cadb9,EI-IFY,LEAL,,
16793960578183545808,4cae64,EI-IJO,,Boeing 737 MAX 8-200,RYR
8134777236075461802,407e3f,G-ECLH,,,
13699480401216163314,407990,G-SADB,,,
1995217186316639712,402006,G-BKAO,EGUB,JODEL D112,
17542784765271233030,494117,CS-PHW,LOWS,,
7349374672417618714,400e15,G-FRAD,,FAN JET FALCON SERIES E Falcon 20e,
147526048871605216,4074b9,G-SATM,EGBJ,,
10781157732217101559,49d62c,,LPFR,,
18317566605384596241,40722c,G-CJTG,EGGD,HOFFMANN H 36 DIMONA Dimona,
7244827951202409999,4d212d,9H-VJT,EGSS,Bombardier Global 6000,
16566163977090144322,4009d3,G-FRAS,,FAN JET FALCON Falcon 20,
10171257089634905184,40766a,G-CKYL,,,
15333137264497246107,4ca9aa,EI-HAY,,,
18135416096352460839,405eb3,G-CFTO,EGHI,IKARUS C42 FB80 Ikarus,
2314996990766324517,4035ec,G-BUFH,,PIPER PA-28-161 Cherokee Warrior Ii,
9736864054569078664,401c99,G-BEUP,EGKA,CEA DR400/180 Regent,
2891145602329367348,406fd0,G-FIDO,,SKYRANGER NYNJA 912(1) Skyranger,
335451239775727707,400f0b,G-VRED,,AIRBUS A340-642,VIR
14097949278263628668,407935,G-CLKB,EGDY,,
18317382669177919585,401e04,G-BGYH,EGTE,PIPER PA-28-161 Cherokee Warrior Ii,
7137297123217775940,401e04,G-BGYH,,PIPER PA-28-161 Cherokee Warrior Ii,
12293478627036201406,406ae8,G-TAWS,GCRR,BOEING 737-8K5,TOM
4096736730901836514,4012e1,G-CESI,EGVA,AEROPRAKT A22-L FOXBAT Foxbat,
15242910230107483231,401ca5,G-BEWR,,REIMS CESSNA F172N Skyhawk,
15515941203736465183,4011b4,G-FCUM,,ROBINSON R44 II Raven Ii,COV
9951307676508583531,401c8d,G-BETD,EGHI,PIERRE ROBIN HR200/100 Club,
16331755335975121287,407935,G-CLKB,EGHI,,
4203205485485425020,407990,G-SADB,,,
8715386166460153106,4074b9,G-SATM,,,
14221055877094309769,406127,G-GCDB,EGFF,CIRRUS SR20,
11546206759256992001,4035ec,G-BUFH,,PIPER PA-28-161 Cherokee Warrior Ii,
14395807298940926317,406a62,G-GDFX,LPMA,BOEING 737-8K5,EXS
16511084356527818882,4035ec,G-BUFH,,PIPER PA-28-161 Cherokee Warrior Ii,
14934762295552518417,4cae64,EI-IJO,LEPA,Boeing 737 MAX 8-200,RYR
11278501710754651713,4080b1,G-OLGE,,Cirrus SR20,
7378742054265472479,4011b4,G-FCUM,,ROBINSON R44 II Raven Ii,COV
5741455504175963344,401e04,G-BGYH,,PIPER PA-28-161 Cherokee Warrior Ii,
18289198714992702189,408010,G-CMPF,EGDY,Ikarus C42 FB100 Charlie,
11471857615066771219,404c2c,G-CCZX,EGTE,PIERRE ROBIN DR400/180 Regent,
12585268471841779214,405066,G-OYIO,EGTE,PIERRE ROBIN DR400/120 Petit Prince,
12621745063878913953,4074b9,G-SATM,EGTE,,
15969289497707004977,401ca5,G-BEWR,EGHI,REIMS CESSNA F172N Skyhawk,
15949636629394022559,406e80,G-CISE,,PULSAR XP Pulsar,
9811710426375225159,45da05,OY-VPE,EGNR,Vulcanair P68 Observer 2,
10709876826526722462,4035ec,G-BUFH,,PIPER PA-28-161 Cherokee Warrior Ii,
18336829235076637693,400d64,G-PCOP,EGNV,BEECH B200 Super Kingair,GMA
15846117052205473567,4070eb,G-JZHX,,BOEING 737-800,EXS
982942031798086481,4011b4,G-FCUM,,ROBINSON R44 II Raven Ii,COV
468042335358842271,4046c6,G-FXBT,,AEROPRAKT A22 FOXBAT Foxbat,
7349560382375000255,406daa,G-SPRK,EGTE,VANS RV-4,
2567905966117368015,406ed0,G-MOSH,EGDM,PIPER PA-28R-201 Cherokee Arrow Iii,
14334325403155669438,406fd0,G-FIDO,EGHI,SKYRANGER NYNJA 912(1) Skyranger,
7038178938147274542,4cae48,EI-IHV,LPFR,Boeing 737 MAX 8-200,RYR
771064501588642066,406e80,G-CISE,,PULSAR XP Pulsar,
8593370515401188696,a41855,N363KC,EGTK,SR22T,
11596815473541078536,4ca9aa,EI-HAY,LEMG,,
15021813759985619732,407f0d,G-RUKK,EGPH,Boeing 737-8AS,RYR
17524841391412430078,4d2383,9H-VVC,LEPA,,
632095235151471628,4d2241,9H-QCO,LEMG,,
5440525353125269788,4ca9aa,EI-HAY,LEAL,,
10536132880239820671,3e338c,D-IKSI,EDVE,P-180 Avanti II,
17497379954792021624,4d21ed,9H-QAE,LEPA,737-8AS (W),RYR
8430402331960064847,4070eb,G-JZHX,LPFR,BOEING 737-800,EXS
10593409281431576070,4d2383,9H-VVC,LMML,,
1858456534527194338,4ca8d7,EI-ENL,LPFR,BOEING 737-8AS,RYR
16162368757297393401,406a62,G-GDFX,,BOEING 737-8K5,EXS
3229742880491516944,40732c,G-CPMW,EGKA,PIPER PA-32R-301 Saratoga Ii Hp,
12938605226351614262,407152,G-DSAA,EGGD,AW169,
15383707889657671536,407e5a,G-PAAL,,Piper PA-32-301FT,
11006918524959259136,407e5a,G-PAAL,,Piper PA-32-301FT,
5310087383621691218,406ae8,G-TAWS,,BOEING 737-8K5,TOM
18144819810093984304,4ca73f,EI-EBX,,BOEING 737-8AS,RYR
859554186229205183,407b44,G-GMAF,EGJB,,
11503328919761303025,4cadf4,EI-IHI,LEMG,Boeing 737 MAX 8-200,RYR
15821453289536901408,4d2383,9H-VVC,GCRR,,
1082423227120783968,4070eb,G-JZHX,,BOEING 737-800,EXS
11399545314295466244,406a62,G-GDFX,GCRR,BOEING 737-8K5,EXS
4649394806919308062,400e09,G-VFIT,,AIRBUS A340-642,VIR
13472705735681180297,407f0d,G-RUKK,EGPH,Boeing 737-8AS,RYR
18397611439130640486,407152,G-DSAA,EGHI,AW169,
4583997897624374129,4d244b,9H-VVG,LMML,,
6959708386768231189,4d21f0,9H-QAH,,737-8AS,MAY
9543604593264677686,4d2235,9H-QDC,LEMG,,
9292811381444504219,4cae6c,,,,
12695801673775086117,400e4a,G-GDFJ,EGNM,BOEING 737-804,EXS
7195186879923655034,4ca8e6,EI-ENT,LPFR,BOEING 737-8AS,RYR
5488280043763112422,4d2383,9H-VVC,LFBE,,
2263629467624932502,400f0b,G-VRED,,AIRBUS A340-642,VIR
6741848851495343879,4b027d,HB-AYN,,,
6860063405152470460,406ae8,G-TAWS,LEPA,BOEING 737-8K5,TOM
14259866638934516701,4077bb,G-DRTW,LEAL,,
11442427458208971359,4cadf4,EI-IHI,LEPA,Boeing 737 MAX 8-200,RYR
2971879917989869822,4d224c,9H-QAT,LEMG,Boeing 737-8AS (W),RYR
16413607296034899820,3e3078,D-IJOA,LFLY,Citation CJ2,ECA
3827239399557185320,4d2383,9H-VVC,LEPA,,
4186731205698968708,4b3902,,LSGG,,
15118700602027315234,407f58,G-HMGF,EGNJ,Beech King Air 350,
9762071552069302555,48c2a3,SP-RZD,EPWR,,
9788234959494156001,4074b9,G-SATM,,,
13569623930844219352,400e4a,G-GDFJ,,BOEING 737-804,EXS
4717442105202742656,4074b9,G-SATM,,,
12516567942165583696,405aa1,G-TCHI,EGHI,SPITFIRE MK.T IX Spitfire,
15385654998763204589,4cadf4,EI-IHI,LEAL,Boeing 737 MAX 8-200,RYR
1124689365417839356,4d2383,9H-VVC,EPKK,,
4611651898646964995,4ca8da,EI-ENO,,BOEING 737-8AS,RYR
11166745891611823909,4077bb,G-DRTW,,,
17171142529723170303,407e3f,G-ECLH,EHBK,,
9031094409204773436,400e4a,G-GDFJ,LEPA,BOEING 737-804,EXS
16351269237905431756,424462,VQ-BXH,EHRD,Falcon 8X,
2496490502833943487,4074b9,G-SATM,,,
10803057098615507655,4cadf4,EI-IHI,,Boeing 737 MAX 8-200,RYR
2513870076743754518,4ca25a,EI-DHE,LEPA,BOEING 737-8AS,RYR
14721500853461797755,4080b1,G-OLGE,EGDM,Cirrus SR20,
5761426059981184915,4cae55,EI-IJE,LEAL,Boeing 737 MAX 8-200,RYR
7591321651718623473,4077bb,G-DRTW,,,
16004795848249625728,400e09,G-VFIT,,AIRBUS A340-642,VIR
1378990351852775047,4d21ed,9H-QAE,LEMG,737-8AS (W),RYR
925347631960789616,4d2383,9H-VVC,,,
11723463379590067652,4074b9,G-SATM,EGTE,,
17348889201469898907,406ae8,G-TAWS,,BOEING 737-8K5,TOM
17176273072168719088,405bd3,G-CJKK,EGDM,SCHLEICHER ASK 21,
16854244483319970674,400e4a,G-GDFJ,,BOEING 737-804,EXS
10579082372731804585,4080b1,G-OLGE,EGHL,Cirrus SR20,
6412516154356570705,4035ec,G-BUFH,,PIPER PA-28-161 Cherokee Warrior Ii,
9333063429056360102,407bdc,G-RUKB,EGPH,,RUK
15654945123140938749,4077bb,G-DRTW,,,
12105067147760301843,400f0b,G-VRED,,AIRBUS A340-642,VIR
10871081814930290069,407152,G-DSAA,EGDY,AW169,
10573355600183176995,4cae55,EI-IJE,LPFR,Boeing 737 MAX 8-200,RYR
13625919729993101631,4d2383,9H-VVC,LEPA,,
9499913675844739539,407152,G-DSAA,EGHI,AW169,
9162428209744046516,407152,G-DSAA,EGGD,AW169,
10220129079492655544,407152,G-DSAA,EGHI,AW169,
14579913801152026258,4074b9,G-SATM,,,
6920187350367957435,404dba,G-CDLA,EGKA,PEGASUS QUIK Quik,
15684239926324200530,4035ec,G-BUFH,,PIPER PA-28-161 Cherokee Warrior Ii,
8722685055732561095,403c75,G-BWUH,,PIPER PA-28-181 Cherokee Archer Iii,
9437345439425594930,44019c,,EDTY,,
152895441894651999,40632c,G-DBOD,,CESSNA 172S Skyhawk,
6208750413976266968,45da05,OY-VPE,,Vulcanair P68 Observer 2,
6294225742922446104,4cae55,EI-IJE,LEAL,Boeing 737 MAX 8-200,RYR
2769603739536720688,401ca5,G-BEWR,,REIMS CESSNA F172N Skyhawk,
12368573453094708279,4074b9,G-SATM,EGHI,,
11559596593771449610,400e4a,G-GDFJ,LPFR,BOEING 737-804,EXS
17938118054072523684,40825a,,EGHI,,
580465914348111614,404f24,G-ZAVI,EGDM,IKARUS C42 FB100 Ikarus,
9976504688608440237,404176,G-BYJH,EGHL,GROB G109B,
6050131966333670867,40824b,,EGKA,,
2956837810404643970,407ce8,G-CMFR,EGHL,,
10933963040676507790,4035ec,G-BUFH,,PIPER PA-28-161 Cherokee Warrior Ii,
8344892894157286506,40632d,G-NXOE,EGLF,CESSNA 172S Skyhawk,
1098402600451339566,404cab,G-OVII,,VANS RV-7,
2587904092102480904,406845,G-RVWJ,EGHI,VANS RV-9A,
12188282801966374365,4d2383,9H-VVC,LPFR,,
16252622130947231729,407e87,G-CMKJ,EGLK,,
2701876459568615207,407b44,G-GMAF,EGHL,,
511092007198490927,404f24,G-ZAVI,EGDM,IKARUS C42 FB100 Ikarus,
17396102527699174441,4074b9,G-SATM,,,
11838558626189449099,40116c,G-CDOK,,IKARUS C42 FB100 Ikarus,
9816830672430467491,4ca912,EI-EPD,LEMG,BOEING 737-8AS,RYR
10473886744086479689,407d14,G-PTSI,EGDY,,
3955154629682927415,403467,G-BTMK,,CESSNA R172K Hawk Xp,
4957510105072575899,4cae4b,EI-IHY,,Boeing 737 MAX 8-200,RYR
13206491628111903735,405bd3,G-CJKK,EGVN,SCHLEICHER ASK 21,
15873705838334848985,4062e5,G-LOOC,EGHI,CESSNA 172S Skyhawk,
16451547434466719123,4077bb,G-DRTW,,,
3881878374825234227,4cae55,EI-IJE,LEGE,Boeing 737 MAX 8-200,RYR
5386178894871740487,406ae8,G-TAWS,,BOEING 737-8K5,TOM
17682656288382055706,401589,G-ARVV,EGDM,PIPER PA-28-160 Cherokee,
13328840212562414179,406cbc,G-WLTS,EGGD,BELL 429,
18161320492134986011,4035ec,G-BUFH,,PIPER PA-28-161 Cherokee Warrior Ii,
4991341852039802801,4080b1,G-OLGE,EGJA,Cirrus SR20,
16061929192926110517,45da05,OY-VPE,EGHL,Vulcanair P68 Observer 2,
680177821917380863,4ca9d2,EI-EVJ,LPFR,BOEING 737-8AS,RYR
7757785099269645793,400e4a,G-GDFJ,,BOEING 737-804,EXS
13968969182367446595,400e46,G-SCOL,EGHI,GIPPSLAND GA-8 Airvan,
10047741705896913870,4035ec,G-BUFH,,PIPER PA-28-161 Cherokee Warrior Ii,
17548094775848655876,406b9f,G-RANN,EGJB,BEECH B300 Super Kingair 350,
12641669809900024893,407d60,G-OJFA,EGLK,,
18027856054933640683,407e3f,G-ECLH,EHBK,,
3283036864168700059,4d2383,9H-VVC,LEAL,,
7451677794687680863,4cae55,EI-IJE,LEPA,Boeing 737 MAX 8-200,RYR
1312760432188977099,400a90,G-VNAP,,AIRBUS A340-642,
13381848098440383577,4ca95e,EI-HAW,LPFR,,
6902553768304031451,4d2383,9H-VVC,LFBE,,
15721386113823663496,4009d1,G-FRAP,,FAN JET FALCON SERIES D Falcon 20d,
11694682561473698281,400e15,G-FRAD,,FAN JET FALCON SERIES E Falcon 20e,
5264365981158469366,406f24,G-XCID,,SAAB 91D SAFIR Safir,
10972994716293887386,40116e,G-PORK,,GRUMMAN AA-5B Tiger,
17381733131390905737,4048d4,G-CCBH,,PIPER PA-28-235 Cherokee Pathfinder,
16586704261016151353,4077bb,G-DRTW,LEAL,,
16915956107142081906,406ae8,G-TAWS,,BOEING 737-8K5,TOM
14414348091856272250,401f8f,G-BJBW,EGHL,PIPER PA-28-161 Cherokee Warrior Ii,
6671290114000617222,a3278f,N302JG,EGTK,TBM 700,
2642441593360351315,4035ec,G-BUFH,,PIPER PA-28-161 Cherokee Warrior Ii,
12041325283979299263,4cae55,EI-IJE,,Boeing 737 MAX 8-200,RYR
5883248189793802792,401e04,G-BGYH,EGKA,PIPER PA-28-161 Cherokee Warrior Ii,
11395829661742537340,4035ec,G-BUFH,,PIPER PA-28-161 Cherokee Warrior Ii,
15426625734667067572,402aee,G-BOJW,,PIPER PA-28-161 Cherokee Warrior Ii,
10684792184372985017,401c3f,G-BDZD,,CESSNA F172M Skyhawk,
10405772153055161661,4ca263,EI-DHG,LEAL,BOEING 737-8AS,RYR
15213291459360305019,407a16,G-CLNO,EGLK,KFA Safari,
10183811921050876477,400e4a,G-GDFJ,,BOEING 737-804,EXS
2557337191396296911,402ae1,G-BOHA,,PIPER PA-28-161 Cherokee Warrior Ii,
9801494661805328317,4035ec,G-BUFH,,PIPER PA-28-161 Cherokee Warrior Ii,
17920073164183287959,4d21f7,9H-QAK,LEMG,,
1207474862251907356,4d2383,9H-VVC,LEPA,,
10561164455160489140,4080c7,,EGHL,,
15086221918185376915,401ca5,G-BEWR,,REIMS CESSNA F172N Skyhawk,
9719462767202578396,4d2502,9H-VVQ,,Boeing 737 MAX 8-200,RYR
6610247296335510961,40632c,G-DBOD,EGHI,CESSNA 172S Skyhawk,
4817799857119114330,4cac56,EI-HGT,LMML,,
14819266653433658313,4035ec,G-BUFH,EGDM,PIPER PA-28-161 Cherokee Warrior Ii,
2662199960886751810,407f0d,G-RUKK,EGPH,Boeing 737-8AS,RYR
14002015830005426902,4d2245,9H-QEG,LEPA,,
2350497007790635688,4cae55,EI-IJE,LICT,Boeing 737 MAX 8-200,RYR
15681858127784553939,4d2383,9H-VVC,LEMI,,
5537535144753464476,4077bb,G-DRTW,,,
9482233239947953337,406ae8,G-TAWS,,BOEING 737-8K5,TOM
13703656761006713773,407152,G-DSAA,EGDY,AW169,
12831618893199738324,4ca708,EI-EBL,LEMG,BOEING 737-8AS,RYR
7793544191536244293,48c2a9,SP-RZK,EPKK,,
15380093347237477783,401ca5,G-BEWR,EGHL,REIMS CESSNA F172N Skyhawk,
18210142118890275906,40766a,G-CKYL,EGGD,,
10698834172809511906,407990,G-SADB,EGBJ,,
16454120570685098701,4cae55,EI-IJE,LEMI,Boeing 737 MAX 8-200,RYR
350562874760122841,a2cd3f,N28SN,EGJB,SR22T,
6037472145782715192,4009d1,G-FRAP,,FAN JET FALCON SERIES D Falcon 20d,
10689380155375248747,406dc6,G-CIPG,EGGD,BRISTELL NG5 SPEED WING,
16833826690579832124,4009d2,G-FRAR,,FAN JET FALCON SERIES D Falcon 20d,
8596591601790063824,407b26,G-FLXY,EGDM,,
3333079649851644574,401ca5,G-BEWR,,REIMS CESSNA F172N Skyhawk,
7431866628636314986,407152,G-DSAA,EGDY,AW169,
2532613507724095903,407340,G-CKDE,EGHL,GROB G109B,
1423144010285744242,404bfe,G-TECS,EGHL,TECNAM P2002-EA SIERRA Sierra,
12258805341628525365,400b1c,G-BZTN,EGHI,EUROPA XS Europa,
13630983649320288761,406299,G-TWIS,EGDY,SILENCE TWISTER Twister,
5664120120064683769,43c9dc,,EGTE,,
1103311714798408497,40632c,G-DBOD,EGHI,CESSNA 172S Skyhawk,
16469398833117581119,40632d,G-NXOE,EGLF,CESSNA 172S Skyhawk,
1585378011629556475,40216d,G-CLEA,EGVA,PIPER PA-28-161 Cherokee Warrior Ii,
310353219446567680,4046c6,G-FXBT,,AEROPRAKT A22 FOXBAT Foxbat,
1837366183012139495,401e04,G-BGYH,EGGD,PIPER PA-28-161 Cherokee Warrior Ii,
12012552405711634459,40766a,G-CKYL,,,
8964664141288122046,401780,G-AWEI,EGHL,DRUINE D.62B CONDOR Condor,
2456319211342318172,40834d,,EGLF,,
14677107934447899793,4065af,G-DIGA,EGHI,ROBINSON R66 Turbine,
16489587152061136855,400b1c,G-BZTN,EGDY,EUROPA XS Europa,
17451620800311045731,4ca9d2,EI-EVJ,LPFR,BOEING 737-8AS,RYR
5375417801967874941,407935,G-CLKB,EGDY,,
8338994098980262353,402aee,G-BOJW,EGHI,PIPER PA-28-161 Cherokee Warrior Ii,
13385536448440416600,4cadb7,EI-IFW,LEMG,,
9421249204970269240,407a04,G-NCDC,EGHL,Skyranger Nynja,
2821400608478844020,4047fd,G-TCNM,EGDY,TECNAM P92-EA ECHO Echo,
16508213975439824670,407990,G-SADB,EGTE,,
1607186771783671462,4011b4,G-FCUM,,ROBINSON R44 II Raven Ii,COV
5820104126296867940,4d2383,9H-VVC,,,
8437332795491900218,406127,G-GCDB,,CIRRUS SR20,
17698319792411383748,403203,G-BSOG,EGBJ,CESSNA 172M Skyhawk,
3268653774784381082,4074b9,G-SATM,,,
496051623482098948,424c0c,M-AMBR,,,
5488771625059233287,407b44,G-GMAF,EGDY,,
3793682834032606437,4009d2,G-FRAR,EGDY,FAN JET FALCON SERIES D Falcon 20d,
5114031782691571187,408360,,,,
16325701637252598440,401ca5,G-BEWR,,REIMS CESSNA F172N Skyhawk,
15544687508427879952,4024ec,G-AFDO,,PIPER J3C-65 Cub,
18252779470317842718,407935,G-CLKB,EGHI,,
8620783460830458899,4011b4,G-FCUM,,ROBINSON R44 II Raven Ii,COV
8750314596076932369,4077bb,G-DRTW,,,
1755196898736280073,4080b1,G-OLGE,,Cirrus SR20,
17774233151091307081,402aee,G-BOJW,EGHL,PIPER PA-28-161 Cherokee Warrior Ii,
15376637306051901101,401e19,G-BHBT,EGHI,MARQUART MA5 CHARGER,
14641139219255924817,407990,G-SADB,,,
16668685434462205808,4019ad,G-AZZR,,CESSNA F150L,
1333519888359562954,4cae55,EI-IJE,EPWR,Boeing 737 MAX 8-200,RYR
4675924648701870088,4048a3,G-KWAK,,SCHEIBE SF25C Falke,
12674563664749854747,406ae8,G-TAWS,,BOEING 737-8K5,TOM
3979036420065621493,401ca5,G-BEWR,,REIMS CESSNA F172N Skyhawk,
14530094443222295999,407453,G-CKRK,EGHI,,
16709426471823231339,406299,G-TWIS,EGHL,SILENCE TWISTER Twister,
15715291103833988322,400db9,G-BFBR,EGDY,PIPER PA-28-161 Cherokee Warrior Ii,
8861883129604317031,493290,CS-LTP,EGJB,,
13976046706241648083,401e04,G-BGYH,,PIPER PA-28-161 Cherokee Warrior Ii,
11208670105873719012,4016ac,G-ATYS,,PIPER PA-28-180 Cherokee,
12340218326669654163,401ca5,G-BEWR,,REIMS CESSNA F172N Skyhawk,
6398119450219798050,406e80,G-CISE,,PULSAR XP Pulsar,
8543848739857675391,4074b9,G-SATM,EGHL,,
17408631962372384610,406798,G-AWWO,EGVN,JODEL DR1050 Ambassadeur,
8228615772747258138,400e09,G-VFIT,,AIRBUS A340-642,VIR
7826401563788769604,4d2383,9H-VVC,LEPA,,
8644298268359679975,4cae55,EI-IJE,,Boeing 737 MAX 8-200,RYR
11964694292234433641,4cadf4,EI-IHI,LEAL,Boeing 737 MAX 8-200,RYR
1894702531791532828,4d23c8,9H-PARTS,LIRA,,
9376333146660304805,4069ca,G-CICG,EGLK,IKARUS C42 FB80 Ikarus,
6232680720078904278,4074b9,G-SATM,EGDY,,
2025535929285334223,4cae55,EI-IJE,LEGE,Boeing 737 MAX 8-200,RYR
4595116967454059739,4cadf4,EI-IHI,EGSS,Boeing 737 MAX 8-200,RYR
1127931562446079840,4082f0,,,,
4325394565664279286,40825a,,EGHI,,
13658005010250767745,4d2383,9H-VVC,LEMG,,
7190849450176177309,4074b9,G-SATM,,,
9112349376944519441,407404,G-SLNG,EGHL,SLING 4,
3174161178360445404,43c941,ZM719,EGDM,,
6281434587077995764,407ab0,G-NJAC,,,
11926211087689975221,406ad0,G-FFMV,,DA 42 M-NG Twin Star,
1922788873258653395,406ae8,G-TAWS,,BOEING 737-8K5,TOM
101805408919744168,4074b9,G-SATM,EGHL,,
5985043460611891776,ab7f65,N84VK,EGNJ,PA-24-250,
18046894688747349350,a50fb9,N425RR,EGNJ,PA-42-720,
17755325993314621873,401e04,G-BGYH,EGHL,PIPER PA-28-161 Cherokee Warrior Ii,
11378683172049983271,4cae55,EI-IJE,LEPA,Boeing 737 MAX 8-200,RYR
11965669983866712358,402aee,G-BOJW,EGDY,PIPER PA-28-161 Cherokee Warrior Ii,
17088427459290394459,4643c5,OH-ZRH,ETAR,PC-12/47E,
15504713928359820272,407b44,G-GMAF,,,
14863877074341465114,4cab83,EI-LIM,LFPB,AGUSTA AW139,
15179822856132957685,4074b9,G-SATM,,,
12164081463634283419,4070ed,G-JZHZ,,BOEING 737-800,EXS
10342217687026766718,45da05,OY-VPE,EGNJ,Vulcanair P68 Observer 2,
13302974635694255713,4077bb,G-DRTW,,,
9474481710649842349,4074b9,G-SATM,,,
11600768902087262470,4caf35,,LPFR,,
12402415119829020328,a954d1,N700CS,,TBM 700,
11370902051229825256,407b44,G-GMAF,EGJB,,
16742403968548558621,4d2383,9H-VVC,LEMG,,
3202776113756013833,4cae55,EI-IJE,LEPA,Boeing 737 MAX 8-200,RYR
11295485022319477509,407bdc,G-RUKB,EGPH,,RUK
7313199992712618521,4ca56c,EI-DWG,,BOEING 737-8AS,RYR
16073817979063561136,4074b9,G-SATM,EGDY,,
9382506970792546879,4045be,G-CBAN,EGDY,BULLDOG SERIES 120 MODEL 121 Bulldog,
17714112214719090621,407404,G-SLNG,EGWU,SLING 4,
17726555292733259596,4cae55,EI-IJE,LEAL,Boeing 737 MAX 8-200,RYR
5254498545133556027,4077bb,G-DRTW,LPFR,,
2807987945971135889,4d2383,9H-VVC,LMML,,
9925150624080288187,4ca738,EI-EBO,LEPA,BOEING 737-8AS,RYR
1934487502852166431,4011b4,G-FCUM,,ROBINSON R44 II Raven Ii,COV
2881633624162932315,4074b9,G-SATM,EGDY,,
17413348014893834941,a7619e,N575GM,EGSC,TB-20 TRINIDAD,
13274534708831895689,40766a,G-CKYL,,,
14920062162825569524,4ca8af,EI-EGD,LPFR,BOEING 737-8AS,RYR
5736356351225340077,40116c,G-CDOK,,IKARUS C42 FB100 Ikarus,
3650412563761636548,4070ed,G-JZHZ,LEPA,BOEING 737-800,EXS
16980814667658039599,401e04,G-BGYH,,PIPER PA-28-161 Cherokee Warrior Ii,
14110753596700690195,40504e,G-JIMZ,EGBJ,VANS RV-4,
16139851493611743336,4035ec,G-BUFH,,PIPER PA-28-161 Cherokee Warrior Ii,
17752973680199685555,424c98,,EGWU,,
12991750306201486663,4034eb,G-DHAH,EGHI,AERONCA 7BCM (CONV) Champion,
3827343510564898435,400b1c,G-BZTN,,EUROPA XS Europa,
16072094667303204681,40116c,G-CDOK,,IKARUS C42 FB100 Ikarus,
4466144715716468944,43bc82,,EGDM,,
415430332658442994,407b44,G-GMAF,EGJB,,
14440325705520242934,401e04,G-BGYH,EGKA,PIPER PA-28-161 Cherokee Warrior Ii,
8344037368377271956,406c43,G-LCYU,EGLC,ERJ 190-100 SR Embraer 190,CFE
12743305468662342475,4035ec,G-BUFH,,PIPER PA-28-161 Cherokee Warrior Ii,
3519179837202592343,40116c,G-CDOK,,IKARUS C42 FB100 Ikarus,
5268401449309773668,4cae55,EI-IJE,LEMG,Boeing 737 MAX 8-200,RYR
16830174618331827919,401589,G-ARVV,EGDM,PIPER PA-28-160 Cherokee,
3671737373505339858,407fd4,,,,
6658788324525671281,400bd3,G-BUJP,,PIPER PA-28-161 Cherokee Warrior Ii,
14280684418540759447,4ca8da,EI-ENO,,BOEING 737-8AS,RYR
9082295829904033338,4035ec,G-BUFH,EGDY,PIPER PA-28-161 Cherokee Warrior Ii,
7951843762498075494,406ae8,G-TAWS,,BOEING 737-8K5,TOM
17054226707812219537,4035ec,G-BUFH,,PIPER PA-28-161 Cherokee Warrior Ii,
5428692079335962456,4077bb,G-DRTW,,,
14325452915139778193,4d2383,9H-VVC,,,
9855348175851271545,4070ed,G-JZHZ,,BOEING 737-800,EXS
4563190457937542204,4080c2,G-RUKN,EGPH,Boeing 737-8AS,RYR
2534659714909617544,4cac1f,EI-HEZ,LMML,,
2966074425186516993,4d2234,9H-QCF,LEMG,Boeing 737-8AS (W),RYR
7813733286469977063,4d21f0,9H-QAH,,737-8AS,MAY
3913002230014536949,4d2303,9H-VUE,,,
7319748859184357581,4d2247,9H-QDF,LPFR,Boeing 737-8AS (W),MMO
670782603879743607,4cae55,EI-IJE,LFBE,Boeing 737 MAX 8-200,RYR
1962313201274829314,406ed0,G-MOSH,EGDM,PIPER PA-28R-201 Cherokee Arrow Iii,
18182328499236805994,407fd7,G-RESA,EGHL,Leonardo AW139,
278058656343023281,4080b1,G-OLGE,,Cirrus SR20,
9651628990403595271,406ae8,G-TAWS,LEPA,BOEING 737-8K5,TOM
15787497676551926543,4070ed,G-JZHZ,LEAL,BOEING 737-800,EXS
1068408716695368956,4b1a2b,HB-JXR,LSGG,,
12195243551730979414,407fd7,G-RESA,,Leonardo AW139,
398170202861712152,4074b9,G-SATM,,,
13059247987672910458,4011b4,G-FCUM,,ROBINSON R44 II Raven Ii,COV
10458650901198053596,4077bb,G-DRTW,,,
9951216531670918965,407673,G-SAPA,EGLF,,
6891822678138053546,401589,G-ARVV,EGDM,PIPER PA-28-160 Cherokee,
7529767070989657720,406127,G-GCDB,EGVA,CIRRUS SR20,
7220766996154689354,4d2383,9H-VVC,LEPA,,
16151800379711000161,4011b4,G-FCUM,EGDY,ROBINSON R44 II Raven Ii,COV
16584419740425593736,4cae55,EI-IJE,LEPA,Boeing 737 MAX 8-200,RYR
4983363717430274236,4ca80e,EI-EKN,,BOEING 737-8AS,RYR
14186418642903057817,48c2ae,SP-RZO,EPWR,,
4321704928556417284,4074b9,G-SATM,,,
2496473052397177922,407152,G-DSAA,,AW169,
13429394018745849125,4d2383,9H-VVC,LEAL,,
307682599148976954,407fd7,G-RESA,,Leonardo AW139,
15697685069513849471,4cae55,EI-IJE,EPKK,Boeing 737 MAX 8-200,RYR
3924897117549069340,4070ed,G-JZHZ,,BOEING 737-800,EXS
17190994866104685054,4ca8da,EI-ENO,,BOEING 737-8AS,RYR
16040497845802518119,400e09,G-VFIT,EHBK,AIRBUS A340-642,VIR
4682805297531942901,407e3f,G-ECLH,,,
15972286480831548015,4077bb,G-DRTW,LEPA,,
9877436661624500382,407152,G-DSAA,EGGD,AW169,
5665665803376775412,407152,G-DSAA,,AW169,
7718876616036379640,4d2215,9H-QBS,EGSS,737 8AS,RYR
10289512989377934707,4082f2,,LFMN,,
12282037092018074195,4074b9,G-SATM,,,
11357341063951005423,4d2383,9H-VVC,,,
9445333898542661002,470bc9,HA-EMB,LFMN,Embraer Phenom 300,
3562553105113909184,4d2245,9H-QEG,LEPA,,
11844963794355652717,4011b4,G-FCUM,,ROBINSON R44 II Raven Ii,COV
8813995758237564146,4932a1,CS-LUA,LFPB,Cessna 680A Citation Latitude,NJE
15839814883005419725,50046c,,EGVA,,
2654255739332952161,4035ec,G-BUFH,,PIPER PA-28-161 Cherokee Warrior Ii,
14982027705439771128,4cae51,EI-IJA,LEAL,Boeing 737 MAX 8-200,RYR
62753024579949516,4074b9,G-SATM,,,
16641856275696016616,407c37,G-NNJA,,,
11925123753127767798,406b9f,G-RANN,LFPB,BEECH B300 Super Kingair 350,
5440666366671056103,4cae00,EI-IHC,,B737-8MAX 200,RYR
17155978328675761347,4cae55,EI-IJE,,Boeing 737 MAX 8-200,RYR
14406945385595944068,406cbc,G-WLTS,,BELL 429,
1522414420285835466,4070ed,G-JZHZ,,BOEING 737-800,EXS
6118936311345083977,4077bb,G-DRTW,,,
7871122238082021663,406ae8,G-TAWS,,BOEING 737-8K5,TOM
10071309247727962374,40822b,,EGCC,,
15430276099490629163,4082f2,,EGWU,,
13379396986099927396,4080b1,G-OLGE,,Cirrus SR20,
5816880668324683668,4080c2,G-RUKN,EGPH,Boeing 737-8AS,RYR
18289831884832294101,407b44,G-GMAF,EGHL,,
17996981890932207195,4d2383,9H-VVC,LPFR,,
18185218012939816966,4cae55,EI-IJE,LEPA,Boeing 737 MAX 8-200,RYR
16926275595473790845,407152,G-DSAA,EGTE,AW169,
12307257694155008342,407152,G-DSAA,EGGD,AW169,
16429638130179151992,407152,G-DSAA,EGHI,AW169,
6714327334952957849,49410f,CS-PHO,EIDW,,
2912974598248300854,4011b4,G-FCUM,EGHI,ROBINSON R44 II Raven Ii,COV
7826666705964766734,4cae55,EI-IJE,LEAL,Boeing 737 MAX 8-200,RYR
18068667903356171556,4077bb,G-DRTW,LPFR,,
18387884699425375885,40190d,G-AYYO,EGGD,JODEL DR1050-M1 Sicile Record,
1730936427756598757,4080b1,G-OLGE,,Cirrus SR20,
8097546050845668000,400f0b,G-VRED,EGNV,AIRBUS A340-642,VIR
7976606577186968968,4035ec,G-BUFH,,PIPER PA-28-161 Cherokee Warrior Ii,
5073347472903171849,40668c,G-WPDB,,EC135 P1,
6924234016800859587,4011b4,G-FCUM,EGGD,ROBINSON R44 II Raven Ii,COV
11463215756205971659,407b44,G-GMAF,EGJB,,
7029367469176408067,4d2383,9H-VVC,LPFR,,
17438490627870092375,400f63,G-VWEB,EGNV,AIRBUS A340-642,VIR
8747124465856184533,4d2234,9H-QCF,LEMG,Boeing 737-8AS (W),RYR
12611719500169107933,4082f0,,,,
8557619665428467568,4035ec,G-BUFH,EGDY,PIPER PA-28-161 Cherokee Warrior Ii,
5079451622170456037,407fd4,,,,
1329443311746214113,4074b9,G-SATM,,,
4692803766943130415,407aae,G-NJAA,EGPH,,
4049125310603589983,401e04,G-BGYH,,PIPER PA-28-161 Cherokee Warrior Ii,
8053655104075408377,404c63,G-CCZL,,IKARUS C42 FB80 Ikarus,
15645388049458343164,407152,G-DSAA,EGGD,AW169,
12093205040610545182,4070ed,G-JZHZ,,BOEING 737-800,EXS
17166158335163439648,40632d,G-NXOE,EGHI,CESSNA 172S Skyhawk,
5622899665483393884,4cac20,EI-HGG,,,
12446754540783777626,406ae8,G-TAWS,,BOEING 737-8K5,TOM
12979664359736070585,407fd4,,EGHI,,
8237377702599663872,400e15,G-FRAD,EGTE,FAN JET FALCON SERIES E Falcon 20e,
2615845233925006281,4cae55,EI-IJE,,Boeing 737 MAX 8-200,RYR
7003383809109482102,4035ec,G-BUFH,,PIPER PA-28-161 Cherokee Warrior Ii,
14918358563713335592,4ca4ea,EI-DPF,LPFR,BOEING 737-8AS,RYR
13974164382304408031,4077bb,G-DRTW,LEPA,,
6203087207605572922,4074b9,G-SATM,,,
8044651858621148691,407e3f,G-ECLH,,,
16318904507218271514,4035ec,G-BUFH,,PIPER PA-28-161 Cherokee Warrior Ii,
16410076569786596448,4035ec,G-BUFH,,PIPER PA-28-161 Cherokee Warrior Ii,
9949061524006466839,407152,G-DSAA,EGGD,AW169,
5543450417784170554,4d2383,9H-VVC,,,
16339917340115401229,407152,G-DSAA,,AW169,
4955468126404029659,4caeca,,LEAL,,
331930122010671823,407152,G-DSAA,EGHI,AW169,
10675666367576131448,407152,G-DSAA,EGDY,AW169,
8413274859319081958,407152,G-DSAA,EGHI,AW169,
9857278199540719717,a3278f,N302JG,EGJB,TBM 700,
5280524286891196164,4ca4ea,EI-DPF,LPFR,BOEING 737-8AS,RYR
9256742976563731673,adc248,N986JT,EGJJ,,
11637229930238857876,4d2383,9H-VVC,,,
3725724670654072139,acfc37,N936CT,EGJB,SR22T,
9211622246124513033,43ec8b,2-SNOW,EGSS,,
11827534738857316820,408360,,,,
16279887407341590147,4009d3,G-FRAS,,FAN JET FALCON Falcon 20,
15842679681550896971,4077bb,G-DRTW,LEAL,,
15013052437824405256,406ae8,G-TAWS,,BOEING 737-8K5,TOM
17151686988816126031,488252,SP-ATT,LIPZ,400 XP,
8387261921181298040,401e04,G-BGYH,,PIPER PA-28-161 Cherokee Warrior Ii,
16494760586034715786,407fd4,,,,
16625804412678119431,4932a4,,,,
10360748695653424888,4076f4,G-KCMI,EGNH,,
13912817007118552393,4caeca,,,,
14080810443105187578,405d8e,G-BWPO,EGTE,,
14267730737711294942,407f58,G-HMGF,EGNJ,Beech King Air 350,
13861308998623936883,4d2243,9H-QCP,LEAL,Boeing 737-8AS (W),RYR
16798026229312577056,4070ed,G-JZHZ,,BOEING 737-800,EXS
5798390842142563163,494142,CS-PJB,LEPA,Embraer Phenom 300E,NJE
11041127635070837463,4d21f0,9H-QAH,,737-8AS,MAY
3019778160764229333,4d2383,9H-VVC,,,
17583038392012348118,4074b9,G-SATM,EGDY,,
17671824307977452865,407765,G-YVIP,EGJJ,,
3721817730157775126,4080c1,G-RUKO,EGPH,Boeing 737-8AS,RYR
3162259740948875777,4cadc0,EI-IFZ,LMML,Boeing 737 MAX 8-200,RYR
17857411620279786912,4d2080,,LEPA,,
10938582328553495597,4d2382,9H-VVA,,,
12857477386792526659,407b44,G-GMAF,EGJB,,
2294739540534031497,4caeca,,,,
2053773009566662705,4d2383,9H-VVC,LEMI,,
1236965531668583585,4077bb,G-DRTW,,,
345834013509217636,406ae8,G-TAWS,,BOEING 737-8K5,TOM
938257977049825194,4d2229,9H-QCI,LEMG,,
16813576893892068364,48c2b8,,EPKK,,
1225669465010707872,4009d2,G-FRAR,,FAN JET FALCON SERIES D Falcon 20d,
12668876598647394577,4009d3,G-FRAS,,FAN JET FALCON Falcon 20,
2830876504574670486,a8aebc,N659FX,LIML,Gulfstream G650ER,LXJ
4139283121665827623,a41855,N363KC,LFBE,SR22T,
7455325439562096805,4caeca,,,,
14877091207981264067,8940d9,,LOWS,,
5944513014430756432,c05f00,C-GJZJ,LMML,CL-600 2B19 (Series 200) (Bombardier),
5899267826142544900,4cae9c,,LEMG,,
1481138782449571421,4d2519,9H-QFB,LPFR,Boeing 737-8AS,RYR
4748807406986934996,4009d3,G-FRAS,,FAN JET FALCON Falcon 20,
8994278644959980635,4009d2,G-FRAR,,FAN JET FALCON SERIES D Falcon 20d,
2613940068772287059,4d2383,9H-VVC,,,
17793934625069651779,400e09,G-VFIT,,AIRBUS A340-642,VIR
4976406947425470264,407446,G-SHUI,EHAM,CESSNA 680A Latitude,EDC
13118875452636661350,4070ed,G-JZHZ,LTAI,BOEING 737-800,EXS
6896817353972777517,407765,G-YVIP,EGTK,,
15457600265808905132,4caeca,,EPWR,,
17305956815356991591,406ae8,G-TAWS,LCPH,BOEING 737-8K5,TOM
12021332849551703157,a6fd91,,EGJB,,
9282563678707818689,4076f4,G-KCMI,EBLG,,
7350483978718001931,4d2383,9H-VVC,LEPA,,
4954079267036869651,4caeca,,,,
12615967911150692448,4cae99,,LEAL,,
12459224602707890945,4caeca,,,,
12468721901657625969,4405ab,OE-FCO,LSZA,,
4239553253112029199,40116c,G-CDOK,,IKARUS C42 FB100 Ikarus,
15962740826441797602,401e94,G-BHUG,EGTE,CESSNA 172N Skyhawk,
1802007630097233826,408360,,EGTE,,
10022787397636377261,4009d3,G-FRAS,,FAN JET FALCON Falcon 20,
4048197525096587948,43eada,M-OVIE,EGLF,Gulfstream Aerospace G650,
15489483173591465970,4d2383,9H-VVC,LEMG,,
12879827686569934234,4060e0,G-CGKR,,GROB G115E Tutor,
17240370470211856828,4080b1,G-OLGE,,Cirrus SR20,
5253476839862098349,4009d2,G-FRAR,,FAN JET FALCON SERIES D Falcon 20d,
1999222916565184897,400abc,G-NESW,EGJJ,PIPER PA-34-220T Seneca Iii,
10347249545227285234,40116c,G-CDOK,,IKARUS C42 FB100 Ikarus,
13468861948209560798,a2cd3f,N28SN,,SR22T,
16557498327976533186,a3e411,N35SN,EGDY,35-33,
12364098737599578919,406ae8,G-TAWS,,BOEING 737-8K5,TOM
7396072586909144756,4074b9,G-SATM,,,
11091720962599924602,40740c,G-ETPE,EGDM,AS350 B3 Ecureuil,
2896077605589969610,4060d4,G-CGKE,,GROB G115E Tutor,
9540887005796762850,4035ec,G-BUFH,,PIPER PA-28-161 Cherokee Warrior Ii,
12467929502005349294,4caeca,,,,
6941652443717713205,4077bb,G-DRTW,,,
7476619445352846944,4060e0,G-CGKR,EGDY,GROB G115E Tutor,
8284217274503619233,4009d3,G-FRAS,,FAN JET FALCON Falcon 20,
6274635500947478912,408360,,,,
4246007120320675130,4074b9,G-SATM,,,
17149935892413084747,4011b4,G-FCUM,,ROBINSON R44 II Raven Ii,COV
920125766763522025,4cadbe,EI-IGL,LPFR,Boeing 737 MAX 8-200,RYR
11354002556866078240,4d2383,9H-VVC,LEMG,,
11556543224499421077,407152,G-DSAA,EGHI,AW169,
16075446342351897620,40775c,G-RUKA,EGPH,,
3638260971746390339,4caeca,,LEPA,,
4229677124283328529,407ce4,G-DRTK,,,
18419835161352583768,4d21f0,9H-QAH,LEMG,737-8AS,MAY
12299244519227029259,460844,,LSGG,,
6459439685774555932,400e46,G-SCOL,,GIPPSLAND GA-8 Airvan,
14492848281814161714,4009d2,G-FRAR,,FAN JET FALCON SERIES D Falcon 20d,
13740235339281199228,4d2383,9H-VVC,LEAL,,
9274221575443384730,400e46,G-SCOL,,GIPPSLAND GA-8 Airvan,
16849168085039564924,4022bd,G-PURR,EGDY,GRUMMAN AA-5A Cheetah,
5097517853489862022,4ca853,EI-EMK,LEPA,BOEING 737-8AS,RYR
473130388739434470,4caeca,,,,
5332033891634604498,407ce4,G-DRTK,LPFR,,
13037286001202885572,4082f3,,EGJJ,,
10843363087718383523,4074b9,G-SATM,,,
12711663984740969477,4077bb,G-DRTW,LEPA,,
13400243333827143857,407e3f,G-ECLH,,,
14913969728304513323,4011b4,G-FCUM,,ROBINSON R44 II Raven Ii,COV
1650602167963948539,43e914,M-LENR,EGNL,King Air 200GT,
2921537803440059690,4006eb,G-GDFK,EGNM,BOEING 737-36N,EXS
16009390120272456685,4ca9d1,EI-EVI,LPFR,BOEING 737-8AS,RYR
18333653217260544313,407fd4,,EGDY,,
15530818892389434652,404793,G-RDHS,EGHI,EUROPA XS Europa,
1097091461967804088,406b9f,G-RANN,LEPA,BEECH B300 Super Kingair 350,
7439822200977636474,4074b9,G-SATM,EGGD,,
392010342257614493,4080b1,G-OLGE,,Cirrus SR20,
16363612851365108752,406157,G-CGCE,EGKA,MAGNI M16C Tandem Trainer,
3545062904376482840,407152,G-DSAA,EGGD,AW169,
7116766008072680482,400fa6,G-INDC,EGHI,CESSNA T303 Crusader,
11143689040892879411,406ae8,G-TAWS,,BOEING 737-8K5,TOM
10085933520954558536,407935,G-CLKB,EGHI,,
2999325816109619317,407c05,G-LIFB,,,
6233173956668512203,407152,G-DSAA,,AW169,
15861415072648637299,4d2383,9H-VVC,LEMG,,
11199010031338831399,4009cb,G-FRAI,EGNV,FAN JET FALCON SERIES E Falcon 20e,
7726837354205299069,406ed0,G-MOSH,EGDM,PIPER PA-28R-201 Cherokee Arrow Iii,
7348755192741986686,407152,G-DSAA,EGHI,AW169,
1434645040609550914,4ca61e,EI-DWR,,BOEING 737-8AS,RYR
14786341836976706640,4caeca,,,,
16016337000999900116,407ce4,G-DRTK,,,
10117293484330140439,4080c1,G-RUKO,EGPH,Boeing 737-8AS,RYR
16933029252556362067,4077bb,G-DRTW,,,
7749170808174476811,4d2385,9H-VUX,LMML,737 MAX 8,MAY
7220163344808923005,4ca621,EI-DWT,,BOEING 737-8AS,RYR
17268347330077688650,4d2208,9H-QBZ,LEMG,,
15391054401027880727,4d2382,9H-VVA,,,
13905417999875483403,4ca97a,EI-ESS,LPFR,BOEING 737-8AS,RYR
9687195497954427602,4caeca,,LFBE,,
1103120913131024864,a4a998,N4T,EGDY,600N,
13333895409739059764,4ca44a,,EDDR,,
11813142292292453151,407ab0,G-NJAC,EDDF,,
13735682913654014713,3ccbf5,D-CENT,EHBK,,
17511212801897046956,407848,G-IIBB,EGNR,,
17991947701805688872,4011b4,G-FCUM,,ROBINSON R44 II Raven Ii,COV
6521979663076578809,a19155,N20TB,EGLK,TB20,
15593062404142152015,400fa6,G-INDC,EGDY,CESSNA T303 Crusader,
17184605340473677104,406ae8,G-TAWS,LEPA,BOEING 737-8K5,TOM
15057042225264814510,406391,G-LHER,,PIPERSPORT,
16806527405626341136,4035ec,G-BUFH,,PIPER PA-28-161 Cherokee Warrior Ii,
1161910806346258273,40837f,,EGHL,,
8929811517808315956,407ce4,G-DRTK,LEAL,,
5179395648289767518,40831a,,EGJJ,,
10672800018750355814,402aee,G-BOJW,EGHI,PIPER PA-28-161 Cherokee Warrior Ii,
110521149576550998,4d2383,9H-VVC,LEPA,,
1864162461964248102,4011b4,G-FCUM,,ROBINSON R44 II Raven Ii,COV
8789848607858362524,400fa6,G-INDC,EGHL,CESSNA T303 Crusader,
12080406487627392827,404c27,G-CDAB,EGTE,GLASAIR SUPER IIS RG Glasair,
13583250401275480122,424c0d,M-ANTA,LFMN,,
10464451980213433428,404601,G-IDID,EGLK,,
5710617657862952107,400b1c,G-BZTN,,EUROPA XS Europa,
2937403537426499355,403e8a,G-CBCL,,GLASTAR,
18372093871274473937,4d224d,9H-QEL,LEMG,,
8453884525511264823,4caeca,,LEPA,,
6813431366224138549,425186,,EGDM,,
2135753798062205387,4031f1,G-BUTZ,,PIPER PA-28-180 Cherokee,
2759940497559053141,4011b4,G-FCUM,EGDY,ROBINSON R44 II Raven Ii,COV
53002495261836591,4077bb,G-DRTW,,,
15045134729394093434,48c2a4,SP-RZE,EPWR,,RYS
797075541909994623,401e04,G-BGYH,,PIPER PA-28-161 Cherokee Warrior Ii,
1479921430273320502,425186,,,,
12491912793437778521,4b1a2b,HB-JXR,LSGG,,
17189088532473728785,4035ec,G-BUFH,EGDY,PIPER PA-28-161 Cherokee Warrior Ii,
17893514915726208387,4080b1,G-OLGE,EGHQ,Cirrus SR20,
2127939151014049957,4011b4,G-FCUM,EGDY,ROBINSON R44 II Raven Ii,COV
15501834585988346813,425186,,,,
17544393581839900142,402aee,G-BOJW,,PIPER PA-28-161 Cherokee Warrior Ii,
8207437983919924332,407c37,G-NNJA,EGHI,,
9820713533935331191,4035ec,G-BUFH,,PIPER PA-28-161 Cherokee Warrior Ii,
18301716713220138524,a3e411,N35SN,,35-33,
5811876439168808777,400bd3,G-BUJP,EGHI,PIPER PA-28-161 Cherokee Warrior Ii,
8040756687349175028,4035ec,G-BUFH,,PIPER PA-28-161 Cherokee Warrior Ii,
13594303085478192275,400e15,G-FRAD,LFMT,FAN JET FALCON SERIES E Falcon 20e,
11528234280147028844,a3e411,N35SN,,35-33,
6445667623945792125,4074b9,G-SATM,,,
16386241071194444495,407b44,G-GMAF,,,
8875445380405929339,4d2383,9H-VVC,LEAL,,
3609007522529502545,406cbc,G-WLTS,EGDY,BELL 429,
15598790015211872438,407152,G-DSAA,EGTE,AW169,
15148790569965521946,4caeca,,EPKK,,
17175733196497615335,4006eb,G-GDFK,EGNT,BOEING 737-36N,EXS
2525580505222900501,407ce4,G-DRTK,LTAI,,
1088336700295058698,4ca857,EI-EMO,,BOEING 737-8AS,RYR
11794190992039387654,4077bb,G-DRTW,LEPA,,
1315566823198872995,407e05,G-DKDK,,,
6591507059093958770,4035ec,G-BUFH,,PIPER PA-28-161 Cherokee Warrior Ii,
16222695730614545012,407b31,G-CLUI,EGGD,,
8180952260490329393,4caeca,,LEMI,,
15353494003716598602,40116c,G-CDOK,EGHL,IKARUS C42 FB100 Ikarus,
4528021702224504736,4046af,G-CBIY,EGGD,AEROTECHNIK EV-97 EUROSTAR Eurostar,
6637020994231462113,4035ec,G-BUFH,,PIPER PA-28-161 Cherokee Warrior Ii,
16119317677090163176,4016ac,G-ATYS,,PIPER PA-28-180 Cherokee,
4818895044147007174,40413c,G-BYHJ,EGLF,PIPER PA-28R-201 Cherokee Arrow Iii,
7197438322406989243,406a10,G-CIBH,EGUB,VANS RV-8A,
1610221980859798673,4ca245,EI-DCO,LEPA,BOEING 737-8AS,RYR
15027415119747324940,4011b4,G-FCUM,,ROBINSON R44 II Raven Ii,COV
11220674393255513367,400e09,G-VFIT,,AIRBUS A340-642,VIR
7586135245212486618,4035ec,G-BUFH,,PIPER PA-28-161 Cherokee Warrior Ii,
9302470203468065122,407ae5,G-RVZZ,EGTE,,
3730225103535628345,4051ab,G-NFLY,EGDY,TECNAM P2002-EA SIERRA Sierra,
11493303726779937525,407b31,G-CLUI,EGHI,,
12545767526437665202,407d70,,EGHL,,
4660227722280200663,4021c7,G-FLEA,EGHI,SOCATA TB10 Tobago,
16494944226984978574,408297,,EGGD,,
3891574485193408397,408239,,EGHL,,
9650220145184331222,407c77,G-IMPT,EGHL,,
2283136346823830545,4046c6,G-FXBT,,AEROPRAKT A22 FOXBAT Foxbat,
7203762999651718199,406346,G-CGLP,,CZAW SPORTCRUISER,
1356795867580883762,404f24,G-ZAVI,EGHQ,IKARUS C42 FB100 Ikarus,
3367884817833898952,4d02bd,LX-JFD,,,
11743314382717461882,4011b4,G-FCUM,,ROBINSON R44 II Raven Ii,COV
7307506427280806426,40101b,G-HBBH,EGHI,IKARUS C42 FB100 Ikarus,
2486808838558358599,4cadbb,EI-IGI,LEAL,Boeing 737 MAX 8-200,RYR
13824847171366918215,402fbf,G-LUSI,EGGD,LUSCOMBE 8F (MODIFIED) Silvaire Observer,
9681880586699276574,404867,G-OJVL,EGGD,VANS RV-6,
15629673107181961243,4cadfe,EI-IHS,LEMG,Boeing 737 MAX 8-200,RYR
12038472433889137655,4065bd,G-CGWH,,CZAW SPORTCRUISER,
8391531991086480531,406a10,G-CIBH,,VANS RV-8A,
11640048365184982532,4021c7,G-FLEA,EGDY,SOCATA TB10 Tobago,
2097493236208558853,494102,CS-PHB,EGKB,Phenom 300,
12656356351965171944,4d2383,9H-VVC,,,
5280113342748857318,40116c,G-CDOK,,IKARUS C42 FB100 Ikarus,
3397810861006864987,4011b4,G-FCUM,,ROBINSON R44 II Raven Ii,COV
11657191194684530008,407ce4,G-DRTK,,,
12849886420925669706,407fd7,G-RESA,EGHL,Leonardo AW139,
11836739953465267350,407ae5,G-RVZZ,,,
16305506658778394798,43f795,,,,
4999484068018452461,4035ec,G-BUFH,,PIPER PA-28-161 Cherokee Warrior Ii,
9023886932124391030,404f24,G-ZAVI,,IKARUS C42 FB100 Ikarus,
17805154042133413906,4077bb,G-DRTW,,,
3488643966983186015,406ae8,G-TAWS,,BOEING 737-8K5,TOM
3682248001685174539,402aee,G-BOJW,,PIPER PA-28-161 Cherokee Warrior Ii,
14050753897567697783,407b44,G-GMAF,,,
4757267777701204459,494104,CS-PHD,,Phenom 300,
6915067474585279559,4046c6,G-FXBT,,AEROPRAKT A22 FOXBAT Foxbat,
15332085672979854385,404395,G-PLPM,EGUB,EUROPA XS Europa,
15385981446521751887,4080b1,G-OLGE,EGTC,Cirrus SR20,
11401161305293474316,4080c1,G-RUKO,EGPH,Boeing 737-8AS,RYR
5562187731072011381,407c05,G-LIFB,,,
1027631131680011360,407152,G-DSAA,,AW169,
1123661519298141252,4cadfe,EI-IHS,LPFR,Boeing 737 MAX 8-200,RYR
7397868532357036337,4d2383,9H-VVC,LEPA,,
2058461430853933940,407152,G-DSAA,EGHI,AW169,
1949105844929395579,407152,G-DSAA,EGGD,AW169,
9981307057478563431,44c9eb,OO-ROK,EBKT,,
10782621493652413049,424c90,,EGBE,,
8749763435329699130,43c2b5,ZZ419,EGXW,King Air Shadow R.1,SHF
18182166630202205847,4080b1,G-OLGE,EGXT,Cirrus SR20,
11430060632318471659,4cadfe,EI-IHS,LEAL,Boeing 737 MAX 8-200,RYR
6623346953592667757,4009d2,G-FRAR,,FAN JET FALCON SERIES D Falcon 20d,
16996088942644689924,407ce4,G-DRTK,LPFR,,
3691138815512052735,43c948,ZM726,EGUB,Boeing Apache AH-64E,AAC
15769872185076945858,404b9d,G-RVJG,EGTE,VANS RV-7,
9902873872137929948,4074b9,G-SATM,,,
10704109895416470394,408223,,EGGW,,
10681759947345971869,4046c6,G-FXBT,EGHI,AEROPRAKT A22 FOXBAT Foxbat,
7951930219472495103,406299,G-TWIS,,SILENCE TWISTER Twister,
8097182490614095245,40154f,G-ARKM,EGHI,PIPER PA-22-108 Colt,
6701939174244656880,49328d,CS-LTM,EGLF,680 Citation Latitude,NJE
6684606219041915233,4ca4f5,EI-DPR,LEMG,BOEING 737-8AS,RYR
9976810994714522421,4074b9,G-SATM,,,
17750326822028589772,401e04,G-BGYH,,PIPER PA-28-161 Cherokee Warrior Ii,
9845802755998996002,4030d6,G-BSAW,,PIPER PA-28-161 Cherokee Warrior Ii,
1221927398690993868,406ae8,G-TAWS,,BOEING 737-8K5,TOM
3699234046337208352,4cae64,EI-IJO,LPFR,Boeing 737 MAX 8-200,RYR
5823807761450504160,4cac89,EI-IFS,,,RYR
13621787779168166282,4080b1,G-OLGE,EGDM,Cirrus SR20,
11662496725449557066,402aee,G-BOJW,,PIPER PA-28-161 Cherokee Warrior Ii,
8645136397276158594,40385c,G-BVGY,EGHI,LUSCOMBE 8E Silvaire Deluxe,
5872034870624109560,4046c6,G-FXBT,,AEROPRAKT A22 FOXBAT Foxbat,
11932194863781450232,403d75,G-BXDI,EGLK,DHC-1 CHIPMUNK 22 Chipmunk,
11308354231174111658,4009d3,G-FRAS,EGHI,FAN JET FALCON Falcon 20,
8375988968176982571,400e15,G-FRAD,,FAN JET FALCON SERIES E Falcon 20e,
15261952434129651060,4077bb,G-DRTW,,,
13176281633558024824,494115,CS-PHU,EDDB,,
13023117849020454446,4cadfe,EI-IHS,,Boeing 737 MAX 8-200,RYR
15289166712575098959,40507c,G-DFUN,EGHL,VANS RV-6,
999811090420740538,407b44,G-GMAF,EGJB,,
2995451997767507984,470bc8,HA-EMA,EGKB,Embraer Phenom 300,
1570002838572537392,407ce4,G-DRTK,LEPA,,
482514606230907600,4d2212,9H-QCB,LPFR,Boeing 737-8AS (W),MAY
4320005697307702642,424c0d,M-ANTA,EHAM,,
12601160548826914470,407c9d,G-CMDW,,,
8585094011767877403,407152,G-DSAA,EGGD,AW169,
3526417192158781525,4074b9,G-SATM,,,
2210662426243024218,407152,G-DSAA,EGHI,AW169,
6988063549824196455,4cadfe,EI-IHS,LEAL,Boeing 737 MAX 8-200,RYR
12595163479612032925,4cae64,EI-IJO,LEPA,Boeing 737 MAX 8-200,RYR
5187346277198792088,4082f0,,EGTE,,
14487735379617444905,4ca763,EI-EFH,LPFR,BOEING 737-8AS,RYR
10807580676638349336,a008cb,N101DW,EGJB,PA-32R-300,
14582252262764791005,400e15,G-FRAD,,FAN JET FALCON SERIES E Falcon 20e,
9113230612080947582,4009d3,G-FRAS,,FAN JET FALCON Falcon 20,
9975300582132949933,4cae64,EI-IJO,,Boeing 737 MAX 8-200,RYR
9913869252434386063,4074b9,G-SATM,,,
14681240270607760538,407ce4,G-DRTK,LEAL,,
12740417441462053404,406ae8,G-TAWS,LEPA,BOEING 737-8K5,TOM
3231915199690843550,4072b3,G-IROX,EGHL,MAGNI M24C Orion,
15874212122054381560,400b1c,G-BZTN,,EUROPA XS Europa,
14208195894560578790,4074b9,G-SATM,,,
5814848483700147996,407ca7,,EGAA,,
15803239587573660236,50020a,T7-SLXP,LPFR,,
13829131848871619843,402ae1,G-BOHA,EGHL,PIPER PA-28-161 Cherokee Warrior Ii,
8980967684295204106,4cadfe,EI-IHS,,Boeing 737 MAX 8-200,RYR
11536202340419972365,4074b9,G-SATM,,,
3879975345370014641,40169b,G-ATVF,,DHC-1 CHIPMUNK 22 (LYCOMING) Chipmunk,
14760072491911502387,400db9,G-BFBR,EGHI,PIPER PA-28-161 Cherokee Warrior Ii,
15774930607599159377,4d2210,9H-QBT,LEAL,,
9488435848330008678,402aee,G-BOJW,,PIPER PA-28-161 Cherokee Warrior Ii,
12597664199879008017,401e04,G-BGYH,EGVO,PIPER PA-28-161 Cherokee Warrior Ii,
16640002016859275984,a7d60d,N6039X,,114-B,
7433704663681034404,4077bb,G-DRTW,,,
8366383686271592747,a7d60d,N6039X,,114-B,
6315952006561318182,4009d3,G-FRAS,,FAN JET FALCON Falcon 20,
4310441692527238913,4d221f,9H-QEI,LEMG,,
6946975430676193900,4cae64,EI-IJO,LEPA,Boeing 737 MAX 8-200,RYR
3052129573959127755,407fd7,G-RESA,EGDM,Leonardo AW139,
12650269551726102294,40834d,,EGVO,,
1834848391095064649,407fd7,G-RESA,,Leonardo AW139,
4064826019848305653,494105,CS-PHE,LSGG,Phenom 300,
4137136831082926499,4074b9,G-SATM,,,
8548434405887250629,401ca5,G-BEWR,EGDY,REIMS CESSNA F172N Skyhawk,
8385516769107675742,4cafd1,EI-GXL,EGPH,,
3584227460083916264,4011b4,G-FCUM,EGUB,ROBINSON R44 II Raven Ii,COV
17764081368574105023,401f4e,G-BIVA,EGGD,PIERRE ROBIN R2112 Alpha,
5159405545410503746,4d244a,9H-VVF,,,
435759117851021275,4cadfc,EI-IHP,LMML,Boeing 737 MAX 8-200,RYR
12270293983075083515,4d2213,9H-QCY,LEPA,737-8AS (W),RYR
2664748455721904484,400a99,G-NEWG,EGNM,,
8902077308561036197,3e5241,D-IWIR,EBLG,Citation CJ2,ECA
12530796927183895289,4cadfe,EI-IHS,,Boeing 737 MAX 8-200,RYR
13109419738192179488,406ae8,G-TAWS,,BOEING 737-8K5,TOM
2566099604951405521,407ce4,G-DRTK,,,
14082394117254104209,4cae64,EI-IJO,LEMI,Boeing 737 MAX 8-200,RYR
17003452141270729974,407152,G-DSAA,EGGD,AW169,
4223856738064523808,4d236c,9H-VUV,LEMG,,
8244316766542912021,48c2b1,,EPKK,,
3231930218755062418,3cf0b8,,EDDG,,
9006763971310062200,4009d2,G-FRAR,,FAN JET FALCON SERIES D Falcon 20d,
8531745839088206196,4009d3,G-FRAS,,FAN JET FALCON Falcon 20,
16282797683301962178,407990,G-SADB,EGBJ,,
4810015338929591813,4b0eb9,HB-FOZ,EGKB,PC-12/45,
18281146542531049901,407152,G-DSAA,,AW169,
2118278646183678357,4074b9,G-SATM,,,
4717808743409283811,4cae64,EI-IJO,,Boeing 737 MAX 8-200,RYR
8683298223008943638,4d02bc,,LFRD,,
16371813106912862552,401ca5,G-BEWR,,REIMS CESSNA F172N Skyhawk,
7823874998231759127,4d2063,9H-RDG,LEVC,P-180 Avanti,
11254029805112579329,4074b9,G-SATM,,,
9451083103515349051,49130f,CS-DXO,EDDF,Citation XLS,NJE
2754101411703909006,4073ff,G-VNAM,EGVA,CESSNA 305A Bird Dog,
11583473103587752915,4d2274,9H-QBC,LEMG,,
9828606080021932217,4ca64e,EI-DYL,LPFR,BOEING 737-8AS,RYR
9211213942114971089,4009d2,G-FRAR,,FAN JET FALCON SERIES D Falcon 20d,
5677456073886371870,400e15,G-FRAD,,FAN JET FALCON SERIES E Falcon 20e,
1283798563032800888,4cadfe,EI-IHS,,Boeing 737 MAX 8-200,RYR
17334583035667243087,401ca5,G-BEWR,,REIMS CESSNA F172N Skyhawk,
11298446770322170233,407990,G-SADB,,,
8306226061473572208,407765,G-YVIP,EGJJ,,
7631455434023608979,43f795,,EGJB,,
10792971287712244153,406daa,G-SPRK,EGHI,VANS RV-4,
6694302138362084480,401e04,G-BGYH,,PIPER PA-28-161 Cherokee Warrior Ii,
16532833523971631404,4b0eb9,HB-FOZ,,PC-12/45,
9146052180872909695,4074b9,G-SATM,,,
10146855498230484072,4077bb,G-DRTW,LTAI,,
18052983959625721854,45da05,OY-VPE,EGNR,Vulcanair P68 Observer 2,
16655934069454605883,407bef,G-ETPP,EGVO,,
3473440981446919166,4cae64,EI-IJO,EPWR,Boeing 737 MAX 8-200,RYR
16650877480067205612,406ae8,G-TAWS,,BOEING 737-8K5,TOM
12889379835849339703,407152,G-DSAA,,AW169,
13485844143324168964,4080b1,G-OLGE,EGTE,Cirrus SR20,
3363728232425586300,407152,G-DSAA,EGHI,AW169,
5343746762078076512,4cadfe,EI-IHS,LEPA,Boeing 737 MAX 8-200,RYR
12921830717079848989,407152,G-DSAA,EGDY,AW169,
2700079769796368041,4cae64,EI-IJO,,Boeing 737 MAX 8-200,RYR
8962082899528348501,43c92e,ZM700,EGVA,,AAC
4838892979386473425,407152,G-DSAA,,AW169,
2999817690716862618,4cae4b,EI-IHY,LEAL,Boeing 737 MAX 8-200,RYR
10723185932394189569,4b0eb9,HB-FOZ,,PC-12/45,
9140104095701539874,407152,G-DSAA,EGDY,AW169,
2342913711008027056,4d024e,LX-FYG,,Cessna 525B Citation CJ3+,FYL
4982697562866248411,a2cd3f,N28SN,EGJB,SR22T,
3742215729201676130,4cae64,EI-IJO,,Boeing 737 MAX 8-200,RYR
7344593223076714352,4060e0,G-CGKR,EGTE,GROB G115E Tutor,
12415709264099789352,4077c2,G-EIMS,EGHI,,
1276397391674617229,407340,G-CKDE,EGHL,GROB G109B,
13698819885959750432,407152,G-DSAA,EGHI,AW169,
11086959716734458266,a828cf,,EGXG,,
8529408934571009848,401ca5,G-BEWR,,REIMS CESSNA F172N Skyhawk,
6713721496797257161,407990,G-SADB,,,
7523461767100588850,40119b,G-BTLB,EGHL,WASSMER WA52 Europa,
5453413109775797016,40714d,G-LDSA,EGHI,SLING 4,
11818074440412401010,4cadfe,EI-IHS,LEMG,Boeing 737 MAX 8-200,RYR
5944210812396084353,4035ec,G-BUFH,,PIPER PA-28-161 Cherokee Warrior Ii,
12231221531426041560,401e56,G-BHJS,,P68B Victor,
16616514595089287270,4074b9,G-SATM,,,
13596918901649459848,407152,G-DSAA,EGGD,AW169,
8588095272179100070,4d02e2,LX-PAK,EICK,BD-700-2A12 Global 7500,
88382564047858088,407152,G-DSAA,EGHI,AW169,
6237835414915140814,401e04,G-BGYH,,PIPER PA-28-161 Cherokee Warrior Ii,
10310485347981607401,401218,G-BXRT,EGDY,PIERRE ROBIN DR400/180 Regent,
6214799242130869280,4080b1,G-OLGE,,Cirrus SR20,
13123713000554942382,440890,OE-GKW,,Gulfstream Aerospace G100,TYW
5833628345801948200,401ca5,G-BEWR,,REIMS CESSNA F172N Skyhawk,
6844034758299991180,406ae8,G-TAWS,,BOEING 737-8K5,TOM
13271346030745010486,401e56,G-BHJS,,P68B Victor,
16800583164239594184,407c37,G-NNJA,EGHI,,
12739803127545980673,484345,P4-BFW,LPPR,,
1646716686614839214,407ce4,G-DRTK,LPMA,,
18033348238453109804,407760,G-WAFI,EGDM,,
12935850884231976567,404273,G-EYOR,EGHI,VANS RV-6,
660556175497078617,4cae64,EI-IJO,LEPA,Boeing 737 MAX 8-200,RYR
5557573058021753496,4011b4,G-FCUM,,ROBINSON R44 II Raven Ii,COV
7389051047983163035,407990,G-SADB,,,
11060761547730598498,402f2f,G-XAVI,EGVA,PIPER PA-28-161 Cherokee Warrior Ii,
7859802453708254859,424b79,M-AMBA,LFMN,,
7452602643707805163,4080b1,G-OLGE,,Cirrus SR20,
15306589354678479451,4060e0,G-CGKR,EGDY,GROB G115E Tutor,
8287365921269997546,4077fb,G-POLX,EGNX,,
15139045587119465093,401ca5,G-BEWR,EGHI,REIMS CESSNA F172N Skyhawk,
14371164759216029896,4077bb,G-DRTW,,,
6350457138339410775,4cae9d,,LPFR,,
15082200947367483326,4009d3,G-FRAS,EGNV,FAN JET FALCON Falcon 20,
17277371134455267889,4cadfe,EI-IHS,LEMG,Boeing 737 MAX 8-200,RYR
11162489627304238090,4cae64,EI-IJO,,Boeing 737 MAX 8-200,RYR
4518808767502142063,40775c,G-RUKA,EGPH,,
8461365874992162452,407152,G-DSAA,EGGD,AW169,
5737411918860751088,407152,G-DSAA,EGHI,AW169,
5096329523457753412,4241e1,VP-CNR,LSGG,,
10134631935794611726,407990,G-SADB,EGDM,,
11055820672899761093,4b10f6,HB-GLA,EGKB,B200,
4784154080687431216,405eb3,G-CFTO,EGHI,IKARUS C42 FB80 Ikarus,
998591195837215586,48412f,P4-KBJ,,A320-271N,KZR
7122461797263216936,4cadfe,EI-IHS,,Boeing 737 MAX 8-200,RYR
344387573791695690,407de9,G-BRPC,EGAA,Britten-Norman BN-2T Islander,FRA
8736513975200578865,402d90,G-WFWA,EGMD,PIPER PA-28-161 Cherokee Warrior Ii,
12440524212792011910,4077bb,G-DRTW,LPFR,,
18009036466419463393,45da05,OY-VPE,,Vulcanair P68 Observer 2,
397202962540968629,4cae64,EI-IJO,LMML,Boeing 737 MAX 8-200,RYR
6602005574435529418,4249bb,VQ-BIJ,EGLF,Dassault Falcon 2000LX,
14005272631271191223,40213b,G-BRGW,EGHI,MINICAB (JB01 STANDARD) Minicab,
10377540274632264872,4d2263,9H-QDZ,LEPA,,
6628464862480586958,401ca5,G-BEWR,,REIMS CESSNA F172N Skyhawk,
9081771859321848545,4035ec,G-BUFH,,PIPER PA-28-161 Cherokee Warrior Ii,
5776918239573609465,401e04,G-BGYH,,PIPER PA-28-161 Cherokee Warrior Ii,
16615307215741628960,4ca263,EI-DHG,LPFR,BOEING 737-8AS,RYR
4844829253669305162,407990,G-SADB,,,
11471038754309606696,407ce4,G-DRTK,,,
5263838845972972457,4035ec,G-BUFH,,PIPER PA-28-161 Cherokee Warrior Ii,
5774559582841008134,400b03,G-CPSS,EGLK,CESSNA 208B Grand Caravan,
5908741600383076304,4009cb,G-FRAI,LSMP,FAN JET FALCON SERIES E Falcon 20e,
13299827327227521760,400b03,G-CPSS,EGVO,CESSNA 208B Grand Caravan,
3034543667864794639,40766a,G-CKYL,EGHI,,
178593844039872989,3cf19d,D-CSUN,,Citation XLS+,AHO
14434211226264588869,406e80,G-CISE,,PULSAR XP Pulsar,
9209318477322072689,406ae8,G-TAWS,,BOEING 737-8K5,TOM
5289435174091160854,4020d3,G-DRGL,EGHI,PIPER L21B Super Cub,
8887028249739853549,4b10f6,HB-GLA,,B200,
9097505920065115182,407fd7,G-RESA,,Leonardo AW139,
2777045745318424198,40116c,G-CDOK,EGDM,IKARUS C42 FB100 Ikarus,
6855274745599252798,4011b4,G-FCUM,,ROBINSON R44 II Raven Ii,COV
13163684701428428879,406f9d,G-DSJT,EGGD,CESSNA 182T Skylane,
4487881799626546296,404807,G-MODE,EGHI,EC120 B Colibri,
5013012910212285829,4cadfe,EI-IHS,LEMG,Boeing 737 MAX 8-200,RYR
12423330205931170513,4035ec,G-BUFH,EGUB,PIPER PA-28-161 Cherokee Warrior Ii,
564389203538433079,4068b3,G-SHBA,EGGW,REIMS CESSNA F152,
12081510083798623010,4ca7b3,EI-EFX,,BOEING 737-8AS,RYR
7088665430250530806,4015c4,G-ASIL,,PIPER PA-28-180 Cherokee,
9268995649240979369,4035ec,G-BUFH,,PIPER PA-28-161 Cherokee Warrior Ii,
13742827164108738119,4077bb,G-DRTW,,,
692488353858212341,400b03,G-CPSS,EGVO,CESSNA 208B Grand Caravan,
9987004334236296321,4cae64,EI-IJO,,Boeing 737 MAX 8-200,RYR
7414527284447650922,407ce4,G-DRTK,,,
3091076128711640878,40775c,G-RUKA,EGPH,,
16686879869442592659,407152,G-DSAA,EGGD,AW169,
14990554674268098228,407152,G-DSAA,EGHI,AW169,
1111625955275895277,4d234e,9H-VUO,LMML,737 MAX 8,RYR
2432752088013800091,4ca4f5,EI-DPR,LEMG,BOEING 737-8AS,RYR
732040196113081372,4d222d,9H-QDB,,,
9633870215200630193,4cade3,EI-IGX,,Boeing 737 MAX 8-200,RYR
5207337411030496996,4cae64,EI-IJO,,Boeing 737 MAX 8-200,RYR
8329942970274248869,4ca4f2,EI-DPN,LPFR,BOEING 737-8AS,RYR
4465055153015708260,4056cc,G-CFAT,,QUIK GT450 Quik,
10911357763579210380,400db9,G-BFBR,,PIPER PA-28-161 Cherokee Warrior Ii,
3690907360496707995,40710f,G-CJFO,EGBJ,DA 42 Twin Star,
1592714408239959094,4035ec,G-BUFH,,PIPER PA-28-161 Cherokee Warrior Ii,
15403883155343520263,4056cc,G-CFAT,,QUIK GT450 Quik,
6985338586626671376,407990,G-SADB,,,
4562210251886872481,4046af,G-CBIY,EGDY,AEROTECHNIK EV-97 EUROSTAR Eurostar,
15038895738119507048,401c3f,G-BDZD,EGKA,CESSNA F172M Skyhawk,
11683208797133962071,38317d,F-JHKD,EGJA,,
5815695860807738947,403369,G-BTCJ,EGHI,LUSCOMBE 8E Silvaire Deluxe,
12884086603344695652,4035ec,G-BUFH,,PIPER PA-28-161 Cherokee Warrior Ii,
8205534541577914041,40118f,G-RILA,EGLF,FLIGHT DESIGN CTSW,
9361312908846381543,405254,G-CESA,EGOS,REPLICA JODEL DR1050 Excellence,
2422923676331777714,404e24,G-EVTO,EGLF,PIPER PA-28-161 Cherokee Warrior Ii,
9824580679700194983,4011b4,G-FCUM,,ROBINSON R44 II Raven Ii,COV
4932053777418357739,40732c,G-CPMW,EGWC,PIPER PA-32R-301 Saratoga Ii Hp,
6572806465245862642,40411c,G-JPMA,EGVA,JABIRU UL,
15204493496088917828,40641f,G-CGPL,EGDY,SONEX,
5927005649484722107,a37605,N322CW,EGJJ,SR22,
13024906053872925720,404ff4,G-CEAT,EGDY,ZENAIR CH 601HDS Zodiac,
6251922535976704189,404c27,G-CDAB,,GLASAIR SUPER IIS RG Glasair,
15904750147572049948,403e04,G-OKEV,EGFH,EUROPA Europa,
6257946147132641084,407ce4,G-DRTK,LEAL,,
14072687164907366784,405eb3,G-CFTO,EGHI,IKARUS C42 FB80 Ikarus,
323547136503679342,406ae8,G-TAWS,LEPA,BOEING 737-8K5,TOM
320833657872730910,40713c,G-CJHT,EGHL,EUROFOX 3K,
517715664685326706,40766a,G-CKYL,EGHI,,
13835694251069073146,403e8a,G-CBCL,,GLASTAR,
3372211330417493447,404f24,G-ZAVI,EGDY,IKARUS C42 FB100 Ikarus,
15895466853496329173,408261,,EGTE,,
17765030863378965000,406f9d,G-DSJT,EGTE,CESSNA 182T Skylane,
7061123006684007371,4077bb,G-DRTW,,,
15770790974473590254,4030d6,G-BSAW,,PIPER PA-28-161 Cherokee Warrior Ii,
7206416006779357538,40766a,G-CKYL,,,
16407139880529356333,4cadfe,EI-IHS,LEPA,Boeing 737 MAX 8-200,RYR
12004012278016414444,401ca5,G-BEWR,,REIMS CESSNA F172N Skyhawk,
18262607278078129485,4ca761,EI-EFF,LEMG,BOEING 737-8AS,RYR
16139661901963083507,a3e411,N35SN,EGJJ,35-33,
14978581483627834516,400b1c,G-BZTN,EGGD,EUROPA XS Europa,
18074699710538806960,4cae64,EI-IJO,LEPA,Boeing 737 MAX 8-200,RYR
3571606899625372510,407c37,G-NNJA,EGTE,,
5129326613802740045,40710f,G-CJFO,,DA 42 Twin Star,
9701430035884863884,4011b4,G-FCUM,,ROBINSON R44 II Raven Ii,COV
3767885119221476212,404273,G-EYOR,EGTE,VANS RV-6,
1848490909153603814,48c2b3,,EPWR,,
3403315982266447824,4080b1,G-OLGE,EGVA,Cirrus SR20,
15103632072129025478,40641f,G-CGPL,EGHI,SONEX,
250401607535375481,404ff4,G-CEAT,EGHI,ZENAIR CH 601HDS Zodiac,
2052661757307531955,407c9d,G-CMDW,,,
16633596231428194014,401ca5,G-BEWR,,REIMS CESSNA F172N Skyhawk,
8363952403565144707,407152,G-DSAA,EGDY,AW169,
18224521258032465288,401291,G-BHWZ,EGTE,PIPER PA-28-181 Cherokee Archer Ii,
14070067902178530566,404c63,G-CCZL,EGHI,IKARUS C42 FB80 Ikarus,
7075577430736204719,4b10f6,HB-GLA,EGFF,B200,
2924465792096394125,40588d,G-CJLJ,EGDM,LS4-B,
6436127280738839906,493292,CS-LTR,LFPB,,
773028989835822901,40766a,G-CKYL,,,
4379297608776386592,4035ec,G-BUFH,,PIPER PA-28-161 Cherokee Warrior Ii,
9390384426676391897,424b79,M-AMBA,EGCC,,
2805529680384434485,4caa5a,EI-EVV,EGSS,BOEING 737-8AS,RYR
4917212595587833095,4cadf2,EI-IHG,LEAL,Boeing 737 MAX 8-200,RYR
4306770832365985726,402aee,G-BOJW,,PIPER PA-28-161 Cherokee Warrior Ii,
7709224604421160295,4cae64,EI-IJO,EPKK,Boeing 737 MAX 8-200,RYR
11868290443658234047,407ce4,G-DRTK,LTAI,,
6037490345665174743,407152,G-DSAA,EGHI,AW169,
18063853676785158098,4d2386,9H-VUY,,,
18445258520338327005,4077bb,G-DRTW,LEPA,,
7169797671515121592,40710f,G-CJFO,EGTE,DA 42 Twin Star,
9375874445458295013,4cae64,EI-IJO,,Boeing 737 MAX 8-200,RYR
4089598515747363426,407d9a,G-CMFF,EGLK,,
11832376226798386689,402c73,G-BPAF,EGVA,PIPER PA-28-161 Cherokee Warrior Ii,
12633285605400687314,40105f,G-BJED,EGAA,BN2T ISLANDER Islander,
8830597869682615911,4048ca,G-CCAV,EGMC,PIPER PA-28-181 Cherokee Archer Ii,
3669458983803408067,404f24,G-ZAVI,,IKARUS C42 FB100 Ikarus,
9131834291730013775,4ca702,EI-EBE,LEPA,BOEING 737-8AS,RYR
6250798476892921015,4035ec,G-BUFH,,PIPER PA-28-161 Cherokee Warrior Ii,
7126543644589749867,403b9b,G-BWOH,EGKA,PIPER PA-28-161 Cadet,
363680701281060013,4016b2,G-DENC,EGHL,CESSNA F150G,
3403315413746254401,404bfe,G-TECS,EGHL,TECNAM P2002-EA SIERRA Sierra,
11465770128873131098,4056cc,G-CFAT,,QUIK GT450 Quik,
13081023313079779111,400fa6,G-INDC,EGHI,CESSNA T303 Crusader,
970339937167672756,407935,G-CLKB,EGHI,,
5616848569288509294,401522,G-AJIT,EGGD,AUSTER KINGSLAND,
326689714497189680,4d236b,9H-VUU,LEAL,,
6011723646309043130,402c73,G-BPAF,EGDY,PIPER PA-28-161 Cherokee Warrior Ii,
11889597560059662146,406f9d,G-DSJT,EGDC,CESSNA 182T Skylane,
3685099416292614934,403c57,G-ULAS,EGDY,DHC-1 CHIPMUNK 22 Chipmunk,
3904626306704616013,402aee,G-BOJW,,PIPER PA-28-161 Cherokee Warrior Ii,
3231523665115474428,a00291,N10CD,EGHL,SR22T,
14342664607054338366,408223,,EGMC,,
13138069571380054565,40710f,G-CJFO,,DA 42 Twin Star,
17229842255727703210,408254,,EGHQ,,
14904016694384595430,403ba4,G-BWPS,EGGD,STREAK SHADOW SA Shadow,
10247678305121706469,4cadef,EI-IHE,LEMG,Boeing 737 MAX 8-200,RYR
11666727954574069537,407c2a,G-CLZN,,,
16064141521781744943,402aee,G-BOJW,EGKA,PIPER PA-28-161 Cherokee Warrior Ii,
9815579592660658905,4cadf2,EI-IHG,,Boeing 737 MAX 8-200,RYR
14156425140275763595,403c57,G-ULAS,EGHI,DHC-1 CHIPMUNK 22 Chipmunk,
11776006413473159910,4050be,G-CEFK,EGHL,EV-97 TEAMEUROSTAR UK Eurostar,
5334072843415827492,4077bb,G-DRTW,,,
17253489175060553980,402632,G-BMGB,,PIPER PA-28R-200 Cherokee Arrow,
6445306583444045095,406e80,G-CISE,,PULSAR XP Pulsar,
787308465096797796,407ce4,G-DRTK,,,
11663864540023057485,406ae8,G-TAWS,,BOEING 737-8K5,TOM
11050569760311937412,4030d6,G-BSAW,EGHI,PIPER PA-28-161 Cherokee Warrior Ii,
16575118605925056530,404d0d,G-ZHKF,EGUB,ESCAPADE 912(2),
10333942157925312098,40632c,G-DBOD,EGHI,CESSNA 172S Skyhawk,
14417881850772983152,403ba4,G-BWPS,,STREAK SHADOW SA Shadow,
18150169214524856062,407caf,G-RUKC,EGPH,,
6298787663557920792,402aee,G-BOJW,,PIPER PA-28-161 Cherokee Warrior Ii,
10980778775825260460,4d20b7,9H-VTC,EGGW,Bombardier Global 5000,
8272257226363869174,4035ec,G-BUFH,,PIPER PA-28-161 Cherokee Warrior Ii,
6941024876241505361,406b9f,G-RANN,EGJB,BEECH B300 Super Kingair 350,
1065840400147687349,4cadef,EI-IHE,LPFR,Boeing 737 MAX 8-200,RYR
4582479428256617559,4cadf2,EI-IHG,LEPA,Boeing 737 MAX 8-200,RYR
212273442970756958,463777,OH-VAD,,Pilatus PC-12 NGX,FSF
10377194522244634547,3ff5a5,D-MTEW,EGKA,,
10686156123429624651,4b10f7,HB-GLB,LFQQ,B200,
8635857887328668921,40710f,G-CJFO,,DA 42 Twin Star,
14388037178818328238,406391,G-LHER,EGHI,PIPERSPORT,
9610090992162184776,4cadf2,EI-IHG,LEAL,Boeing 737 MAX 8-200,RYR
3287883656630422931,401ca5,G-BEWR,,REIMS CESSNA F172N Skyhawk,
12295579549754900146,4077c2,G-EIMS,EGKA,,
8968070904661516117,4077bb,G-DRTW,LPFR,,
5917115593332278966,4861d7,PH-BAR,EGTE,,
6888847743742476174,486860,,EGTE,,
5564359315775144215,40710f,G-CJFO,,DA 42 Twin Star,
7450836323855225533,48625a,PH-BAC,EGTE,,
3078603346288648027,4080b1,G-OLGE,,Cirrus SR20,
13121261428728860270,4035ec,G-BUFH,,PIPER PA-28-161 Cherokee Warrior Ii,
8583426021780620125,4009cb,G-FRAI,,FAN JET FALCON SERIES E Falcon 20e,
4563769524370583081,401e04,G-BGYH,EGGD,PIPER PA-28-161 Cherokee Warrior Ii,
158267945139835699,40101b,G-HBBH,,IKARUS C42 FB100 Ikarus,
4618328503089399402,407d60,G-OJFA,EGJJ,,
12509428735972937342,408360,,,,
17054291147195567624,406c6b,G-BKKP,EGSS,CESSNA 182R Skylane,
8394381588877332848,4cadef,EI-IHE,LPFR,Boeing 737 MAX 8-200,RYR
10094465948153057033,4060d3,G-CGKD,EGDY,GROB G115E Tutor,
3051434240685557654,40154f,G-ARKM,EGHI,PIPER PA-22-108 Colt,
9534395652739290879,401e04,G-BGYH,,PIPER PA-28-161 Cherokee Warrior Ii,
10796568302129690629,4d2268,9H-QDX,LEMG,Boeing 737-8AS,RYR
13226390754054932659,4035ec,G-BUFH,,PIPER PA-28-161 Cherokee Warrior Ii,
5220148708324611955,4080b1,G-OLGE,,Cirrus SR20,
16576510588244683891,abbe20,N856FA,LFAC,PC-6/B2-H2,
15459957539253373233,401e56,G-BHJS,EGDY,P68B Victor,
9565493607271932896,40710f,G-CJFO,,DA 42 Twin Star,
13201271819268844226,406391,G-LHER,EGVA,PIPERSPORT,
17369746537323798408,4060e0,G-CGKR,EGDY,GROB G115E Tutor,
13000578592890422834,4020d3,G-DRGL,EGHI,PIPER L21B Super Cub,
10243092527787509683,49d629,,EDDP,,
13326389925359431144,407ce4,G-DRTK,,,
16584156494065567243,400e15,G-FRAD,EGDY,FAN JET FALCON SERIES E Falcon 20e,
16809205899252755693,4046de,G-CBLY,,GROB G109B,
4538846343030625642,406ae8,G-TAWS,,BOEING 737-8K5,TOM
16613309871822995902,4caf28,,,,
3026674072753363909,4011b4,G-FCUM,,ROBINSON R44 II Raven Ii,COV
10917390775571501287,4cadf2,EI-IHG,,Boeing 737 MAX 8-200,RYR
4834766126013690283,407daa,G-REXB,EGJJ,,
14625798006986336183,401ca5,G-BEWR,,REIMS CESSNA F172N Skyhawk,
8647962609850020232,adc248,N986JT,EGJJ,,
7575547349053743812,406251,G-CGLF,EGGD,MAGNI M16C Tandem Trainer,
6322673347198394778,40710f,G-CJFO,,DA 42 Twin Star,
1739638869038976623,4011b4,G-FCUM,,ROBINSON R44 II Raven Ii,COV
12253731710854204856,4011b4,G-FCUM,EGDY,ROBINSON R44 II Raven Ii,COV
1168585777552081818,4035ec,G-BUFH,,PIPER PA-28-161 Cherokee Warrior Ii,
15179483435942203720,4077bb,G-DRTW,LEPA,,
3860110561803402142,40710f,G-CJFO,EGDM,DA 42 Twin Star,
6923684454816120160,4cada3,EI-IFT,LPFR,,
17688842159098954887,4035ec,G-BUFH,,PIPER PA-28-161 Cherokee Warrior Ii,
16253610392161155354,400a90,G-VNAP,EHBK,AIRBUS A340-642,
16777781790584449394,4cadf2,EI-IHG,LEAL,Boeing 737 MAX 8-200,RYR
2158157322971817729,4cadef,EI-IHE,LEPA,Boeing 737 MAX 8-200,RYR
13217612260416602000,4ca75f,EI-EFD,LPFR,BOEING 737-8AS,RYR
5689620318368390162,400e15,G-FRAD,EGDR,FAN JET FALCON SERIES E Falcon 20e,
10696605362005141646,4cadef,EI-IHE,LFBE,Boeing 737 MAX 8-200,RYR
13658607817658901665,4077c2,G-EIMS,EGHI,,
11927581535270776443,403e5c,G-BXKL,EGVA,BELL 206B Jet Ranger Iii,
1473628730141040949,a41855,N363KC,EGNR,SR22T,
9338204348321297373,40710f,G-CJFO,,DA 42 Twin Star,
9253261986411356875,407ce4,G-DRTK,LEAL,,
2642549832600004906,406ae8,G-TAWS,LEPA,BOEING 737-8K5,TOM
5177488494467289342,4cadf2,EI-IHG,,Boeing 737 MAX 8-200,RYR
13124826252708802551,40710f,G-CJFO,,DA 42 Twin Star,
16060152875129210485,40668c,G-WPDB,,EC135 P1,
4976975357458316790,40738b,G-ETPD,EGHL,G 120TP-A,
11029176773796961752,40738b,G-ETPD,,G 120TP-A,
7281178312863847045,400db9,G-BFBR,,PIPER PA-28-161 Cherokee Warrior Ii,
3463699345744168835,4d2208,9H-QBZ,LEAL,,
16257907367204336213,4077bb,G-DRTW,,,
165629954530025602,4009d3,G-FRAS,,FAN JET FALCON Falcon 20,
18164542534219906065,4d23fb,9H-QES,LEMG,,
15937263621483289801,401e04,G-BGYH,EGTE,PIPER PA-28-161 Cherokee Warrior Ii,
17408966163641521994,402777,G-AZDJ,EGKK,PIPER PA-32-300 Cherokee Six,
9090477246489203634,4cadef,EI-IHE,LEPA,Boeing 737 MAX 8-200,RYR
6711896714148546656,407f0d,G-RUKK,EGPH,Boeing 737-8AS,RYR
8766829042225616070,406127,G-GCDB,EGUB,CIRRUS SR20,
14651607141297063380,4cac88,EI-IFR,,,
11414790542655053877,40710f,G-CJFO,,DA 42 Twin Star,
2942806749750220274,400e15,G-FRAD,EGHQ,FAN JET FALCON SERIES E Falcon 20e,
9421889508046568904,406c60,G-LSCW,EGNX,GULFSTREAM GV-SP Gulfstream G550,GMA
15786444364610328561,407152,G-DSAA,EGDY,AW169,
12319573976042718014,402aee,G-BOJW,,PIPER PA-28-161 Cherokee Warrior Ii,
15386858101892504983,405aa1,G-TCHI,EGTE,SPITFIRE MK.T IX Spitfire,
3105641597054879225,4d24cb,9H-VVJ,LMML,Boeing 737 MAX 8-200,RYR
14723917748843966521,407d36,G-NICU,EGWC,,
7334541878672456866,4ca855,EI-EMM,LEPA,BOEING 737-8AS,RYR
12330707267525023131,4cadf2,EI-IHG,,Boeing 737 MAX 8-200,RYR
13045725742817038310,406ae8,G-TAWS,,BOEING 737-8K5,TOM
10328941989847448268,407ce4,G-DRTK,,,
7796100205834904148,4cadef,EI-IHE,,Boeing 737 MAX 8-200,RYR
8726168976065320679,407152,G-DSAA,EGDY,AW169,
10734901146068233681,4ca225,EI-DCK,,BOEING 737-8AS,RYR
4336124751326212602,48c2a3,SP-RZD,EPKK,,
9634453239520054279,407152,G-DSAA,,AW169,
4735566993922756137,48b9c9,SP-OOK,EGCC,,
11227809230344612555,4077c2,G-EIMS,EGHI,,
7111707697151896735,4009d3,G-FRAS,,FAN JET FALCON Falcon 20,
4833539966695837646,4cadef,EI-IHE,,Boeing 737 MAX 8-200,RYR
2933518640144501446,408360,,,,
403871988540821899,4009d2,G-FRAR,,FAN JET FALCON SERIES D Falcon 20d,
8112779048645133771,3cd8b8,D-CJJK,EGHL,,
3535211687453715841,407815,G-ORWS,,,
9838325995652868596,4080b1,G-OLGE,EGTE,Cirrus SR20,
10677984059926215031,407765,G-YVIP,EGJJ,,
4493754506193266700,4d21f7,9H-QAK,LEMG,,
3370250161599650255,4ca4ee,EI-DPJ,LPFR,BOEING 737-8AS,RYR
15686282263985092783,40710f,G-CJFO,EGBJ,DA 42 Twin Star,
2336149153747357999,404289,G-EHLX,EGHI,PIPER PA-28-181 Cherokee Archer Ii,
5122488221035527439,4cadf2,EI-IHG,,Boeing 737 MAX 8-200,RYR
4697847731017113175,401ca5,G-BEWR,EGHL,REIMS CESSNA F172N Skyhawk,
3921500972085694145,4080c7,,EGHL,,
6746640032388608353,4009d2,G-FRAR,,FAN JET FALCON SERIES D Falcon 20d,
10731789368751217676,407ce4,G-DRTK,LTAI,,
8707816703293840151,4077c2,G-EIMS,EGKA,,
14392575450173865174,4cadef,EI-IHE,EPWR,Boeing 737 MAX 8-200,RYR
14070795762967735020,4009d5,G-FRAU,,FAN JET FALCON Falcon 20,
4162360769792164652,40710f,G-CJFO,,DA 42 Twin Star,
15246525707189221756,406ae8,G-TAWS,,BOEING 737-8K5,TOM
16969553060219877496,494107,CS-PHG,EGLF,Phenom 300,
10761216182366317067,4080c7,,,,
5100262995867064328,407b44,G-GMAF,EGJB,,
16236336489904877260,4cadf2,EI-IHG,,Boeing 737 MAX 8-200,RYR
15200228502621759800,4cadef,EI-IHE,LEGE,Boeing 737 MAX 8-200,RYR
18093450301276381011,4d24eb,9H-VVM,LEAL,Boeing 737 MAX 8-200,RYR
6874313906827093074,4d2089,9H-VJE,,Bombardier Global 6000,
13276167934167997761,406b9f,G-RANN,EGBJ,BEECH B300 Super Kingair 350,
12566444661715302469,4080b1,G-OLGE,,Cirrus SR20,
16526657698446219096,a2cd3f,N28SN,EGJB,SR22T,
8482413805671176451,4cadf2,EI-IHG,,Boeing 737 MAX 8-200,RYR
4283172451486370150,4035ec,G-BUFH,,PIPER PA-28-161 Cherokee Warrior Ii,
12271757852602310734,400e15,G-FRAD,,FAN JET FALCON SERIES E Falcon 20e,
17066590586993984355,4009d2,G-FRAR,,FAN JET FALCON SERIES D Falcon 20d,
9039768170838395471,40710f,G-CJFO,,DA 42 Twin Star,
6294127842563443266,40710f,G-CJFO,,DA 42 Twin Star,
1689946487015915842,40714e,G-OREZ,EGNR,CESSNA 525 Citation M2,
1846586346928508115,4cadef,EI-IHE,LEMG,Boeing 737 MAX 8-200,RYR
10262565306893182160,407ce4,G-DRTK,,,
995873486418364795,400e09,G-VFIT,,AIRBUS A340-642,VIR
17414763098282671978,4082bb,,EGKB,,
11315637217301084407,4035ec,G-BUFH,,PIPER PA-28-161 Cherokee Warrior Ii,
2630675098680804994,4011b4,G-FCUM,EGDY,ROBINSON R44 II Raven Ii,COV
18424350373228306879,406f9d,G-DSJT,EGNL,CESSNA 182T Skylane,
11737615128692407512,40710f,G-CJFO,,DA 42 Twin Star,
6679546289119377402,4080b1,G-OLGE,EGKA,Cirrus SR20,
15749458530125586114,406ae8,G-TAWS,,BOEING 737-8K5,TOM
13380721154950048532,401589,G-ARVV,EGDM,PIPER PA-28-160 Cherokee,
4024150172941462858,406b9f,G-RANN,LEPA,BEECH B300 Super Kingair 350,
15712461244958784380,408360,,EGFF,,
16501105528319682056,4009cb,G-FRAI,,FAN JET FALCON SERIES E Falcon 20e,
3891045355269393260,4035ec,G-BUFH,,PIPER PA-28-161 Cherokee Warrior Ii,
11142243720063514503,43c948,ZM726,EGDM,Boeing Apache AH-64E,AAC
7090807670614924303,4cae51,EI-IJA,,Boeing 737 MAX 8-200,RYR
16904495197463839438,400e15,G-FRAD,,FAN JET FALCON SERIES E Falcon 20e,
12782922735600498531,4011b4,G-FCUM,,ROBINSON R44 II Raven Ii,COV
8649582445459962926,407152,G-DSAA,EGGD,AW169,
7479230425082317079,40710f,G-CJFO,,DA 42 Twin Star,
10990843492859922550,407152,G-DSAA,EGDY,AW169,
3599100922360664505,407523,G-CKVV,EGLF,,
5073207483824543585,407152,G-DSAA,,AW169,
7799075685194605853,4cae60,EI-IJK,LPFR,Boeing 737 MAX 8-200,RYR
17552295644095368262,40710f,G-CJFO,,DA 42 Twin Star,
14523514641809109333,407ce4,G-DRTK,,,
1816310406130008661,4cadef,EI-IHE,LEMG,Boeing 737 MAX 8-200,RYR
2066539196324648287,4077bb,G-DRTW,,,
3064496129089729373,407cb3,G-RUKG,EGPH,,
7042006404764393108,4cae51,EI-IJA,LEPA,Boeing 737 MAX 8-200,RYR
6411280900555737321,40710f,G-CJFO,,DA 42 Twin Star,
14669942228785690595,48412f,P4-KBJ,,A320-271N,KZR
14453502877653375068,4009d1,G-FRAP,EGNV,FAN JET FALCON SERIES D Falcon 20d,
9183763559023801643,4069e9,G-OWTN,EGNH,EMB-145EP,WTN
11908538666537842453,408360,,,,
11769115896985786582,400e15,G-FRAD,,FAN JET FALCON SERIES E Falcon 20e,
10483388741396030299,40154f,G-ARKM,EGGD,PIPER PA-22-108 Colt,
5452209167513100853,4cae51,EI-IJA,,Boeing 737 MAX 8-200,RYR
9864147371343178022,400db9,G-BFBR,EGHL,PIPER PA-28-161 Cherokee Warrior Ii,
15789201009618535583,401e04,G-BGYH,,PIPER PA-28-161 Cherokee Warrior Ii,
9035212070684227891,401ca5,G-BEWR,,REIMS CESSNA F172N Skyhawk,
12827058942782291436,494106,CS-PHF,EDDF,Phenom 300,
1047108478826892528,4cadef,EI-IHE,LMML,Boeing 737 MAX 8-200,RYR
9350914680297812186,40710f,G-CJFO,EGHI,DA 42 Twin Star,
6502413493425008177,4d251d,9H-QFA,LEPA,Boeing 737-8AS,RYR
2065150671782611983,4077bb,G-DRTW,LPFR,,
1336823264333508068,43ea47,M-CDMS,EGNL,King Air 200GT,
11151153883739147300,40116c,G-CDOK,EGDM,IKARUS C42 FB100 Ikarus,
1992395237958805727,407df2,G-DRAK,,,
9208832436760244805,4080e7,G-STUM,EGMC,Diamond DA50 RG,
352770444981850653,407726,G-SRCB,EGHL,,
15342054466476500461,401589,G-ARVV,EGDM,PIPER PA-28-160 Cherokee,
597289631362328612,406ae8,G-TAWS,,BOEING 737-8K5,TOM
2100814693751625737,401d43,G-BFUD,,SCHEIBE SF25E Superfalke,
5057813400471919828,407ce4,G-DRTK,LEPA,,
7934599920608202324,4d227e,9H-QAX,LPFR,,
7540645942508863304,4080b1,G-OLGE,EGTC,Cirrus SR20,
308483888080734734,403726,G-BUUI,,SLINGSBY T67M MKII Firefly,
7041961019943973427,408010,G-CMPF,,Ikarus C42 FB100 Charlie,
3252407122587576016,40116c,G-CDOK,,IKARUS C42 FB100 Ikarus,
8212700518804541544,40710f,G-CJFO,,DA 42 Twin Star,
13497775521075081347,400bd3,G-BUJP,EGHI,PIPER PA-28-161 Cherokee Warrior Ii,
15456909470898116993,4cac20,EI-HGG,LEAL,,
6891897001693019178,401008,G-BIZO,EGDY,PIPER PA-28R-200-2 Cherokee Arrow Ii,
7466573135706299953,4011b4,G-FCUM,EGHI,ROBINSON R44 II Raven Ii,COV
6543659630699212511,406daa,G-SPRK,,VANS RV-4,
6753858239581029553,400e15,G-FRAD,EGDY,FAN JET FALCON SERIES E Falcon 20e,
9321875775497999892,404f24,G-ZAVI,,IKARUS C42 FB100 Ikarus,
18347220917233868603,4075b7,G-XIVA,,,
8337172109683100059,400bd3,G-BUJP,EGDY,PIPER PA-28-161 Cherokee Warrior Ii,
767794902853660120,405eb3,G-CFTO,EGHI,IKARUS C42 FB80 Ikarus,
7340271070014821189,407c9d,G-CMDW,,,
635649384509067308,4035ec,G-BUFH,,PIPER PA-28-161 Cherokee Warrior Ii,
8118650897490238274,4011b4,G-FCUM,,ROBINSON R44 II Raven Ii,COV
2167920368209560154,406daa,G-SPRK,,VANS RV-4,
4106342718669517505,401e04,G-BGYH,,PIPER PA-28-161 Cherokee Warrior Ii,
8725704125925337938,40710f,G-CJFO,,DA 42 Twin Star,
16244287073940204564,4cae51,EI-IJA,LEMG,Boeing 737 MAX 8-200,RYR
2130139124904239731,40435a,G-BZFT,EGHL,REBEL Rebel,
11313688010100651664,40824b,,EGHI,,
3373205644578341170,4035ec,G-BUFH,,PIPER PA-28-161 Cherokee Warrior Ii,
1532815267862268734,4ca894,EI-ENH,,BOEING 737-8AS,RYR
13496586554260857334,4cadef,EI-IHE,,Boeing 737 MAX 8-200,RYR
1601364566796673682,4077bb,G-DRTW,,,
12100093754459876636,407ce4,G-DRTK,,,
6275452237706959443,407cb3,G-RUKG,EGPH,,
556381505959570261,4cadb7,EI-IFW,LMML,,
13303057075406691686,4ca245,EI-DCO,,BOEING 737-8AS,RYR
11659635547372031550,4cad3c,EI-HMT,LEMG,,
12054090753186016937,511181,ES-PVN,ESSA,Learjet 60,
6989698539548087320,4cac88,EI-IFR,,,
5243622687520703969,4067ee,G-TAWK,EGKK,BOEING 737-8K5,TOM
13562531726377160124,4d227e,9H-QAX,LPFR,,
11680979300904872995,4cadef,EI-IHE,,Boeing 737 MAX 8-200,RYR
153013445613599400,4080cc,G-HMGI,EGJB,Beech King Air 350,
14979745384689370860,40710f,G-CJFO,,DA 42 Twin Star,
3072157985569793988,400e09,G-VFIT,,AIRBUS A340-642,VIR
7374092439044545834,407ce4,G-DRTK,LEAL,,
5066716897369009055,494106,CS-PHF,,Phenom 300,
3814415830843971182,4cae51,EI-IJA,,Boeing 737 MAX 8-200,RYR
7679889878007196989,406ed0,G-MOSH,EGDM,PIPER PA-28R-201 Cherokee Arrow Iii,
11454194394520551007,4056cc,G-CFAT,EGLF,QUIK GT450 Quik,
7434045670797818564,4067ee,G-TAWK,,BOEING 737-8K5,TOM
15688258472761638879,4077bb,G-DRTW,,,
10893606955153475994,401ca5,G-BEWR,,REIMS CESSNA F172N Skyhawk,
17843167018419443770,4ca566,EI-DWA,LEMG,BOEING 737-8AS,RYR
7554163327501715423,48c225,SP-RSF,EPWR,737-800WL,RYR
16191084400608125465,4cae98,,,,
7317559872775572372,404d0d,G-ZHKF,EGHL,ESCAPADE 912(2),
13170728713880395724,407152,G-DSAA,EGTE,AW169,
8132057407157252273,407b44,G-GMAF,EGJB,,
15567139718722367340,407152,G-DSAA,EGGD,AW169,
3042696932476626802,407152,G-DSAA,,AW169,
3941711817404095237,8940d9,,,,
17226447302840538272,4cae98,,EPKK,,
6243740890012351710,4cae51,EI-IJA,LEAL,Boeing 737 MAX 8-200,RYR
5947028614908782265,407ce4,G-DRTK,LTAI,,
17267045819748169242,4d226e,9H-QCZ,LEGE,,
7552658088836535030,4067ee,G-TAWK,LGRP,BOEING 737-8K5,TOM
14821427656194929281,4077bb,G-DRTW,,,
9711690283326533052,48c2b2,,EPKK,,
9682706363916463818,494107,CS-PHG,,Phenom 300,
2397868023305761806,406b9f,G-RANN,EDDH,BEECH B300 Super Kingair 350,
5550028149248240148,4cae98,,,,
10576441500932420301,407ce4,G-DRTK,LEMH,,
15178255118703378388,4067ee,G-TAWK,LEPA,BOEING 737-8K5,TOM
1131409228750938851,4ca643,EI-DYA,,BOEING 737-8AS,RYR
17162630513170367406,406cbc,G-WLTS,EGGD,BELL 429,
14473795558166795223,407c05,G-LIFB,EGGD,,
6777375709445219847,4d2503,9H-VVR,LEAL,Boeing 737 MAX 8-200,RYR
6185444022781578823,4cad12,EI-HGZ,LEMG,,
17309673642121951910,407e5a,G-PAAL,,Piper PA-32-301FT,
11656144706732469153,4077bb,G-DRTW,,,
9925848847374391924,40668c,G-WPDB,EGGD,EC135 P1,
7322306789888996628,403daf,G-GDER,,PIERRE ROBIN R1180TD Aiglon,
10950122208063876228,403daf,G-GDER,,PIERRE ROBIN R1180TD Aiglon,
14612205989074677464,4cae51,EI-IJA,,Boeing 737 MAX 8-200,RYR
1543708733511004682,407aae,G-NJAA,,,
12511492605983199570,407c0a,G-TUMS,,,
10798825679672246620,4cae98,,,,
4183982886481953185,40710f,G-CJFO,EGDY,DA 42 Twin Star,
9961360914861687639,407cb1,G-RUKE,EGPH,737-8AS (W),RUK
9683326036825821416,407b44,G-GMAF,EGJB,,
602561973888172925,4067ee,G-TAWK,,BOEING 737-8K5,TOM
9830139253613406924,4077bb,G-DRTW,,,
1534697508983466935,407ce4,G-DRTK,,,
1255572615491575205,406ec5,G-HIOW,,EC135 T3,
4019750617138565693,4cae98,,LPFR,,
8082468591325666145,4cae51,EI-IJA,,Boeing 737 MAX 8-200,RYR
2599248727902476505,4074b9,G-SATM,EGTK,,
14306524411148253019,40710f,G-CJFO,,DA 42 Twin Star,
10802325070108269645,3e47c9,D-ISJP,LEAM,Citation CJ2,ECA
6027982855869436073,4074b9,G-SATM,EGUB,,
15431958145899137736,4077bb,G-DRTW,LPFR,,
10371190465381284935,407fd7,G-RESA,EGVO,Leonardo AW139,
13222926617820547427,4035ec,G-BUFH,,PIPER PA-28-161 Cherokee Warrior Ii,
16480373174132183169,4cae98,,LEAL,,
18303371603379858314,406f87,G-JZHF,LEPA,BOEING 737-8K2,EXS
18428241463950341881,407c77,G-IMPT,EGTE,,
2329111664508255937,4ca61d,EI-DWP,LPFR,BOEING 737-8AS,RYR
14816175320158548194,4ca4f5,EI-DPR,LEMG,BOEING 737-8AS,RYR
1878493109693736296,406ae8,G-TAWS,,BOEING 737-8K5,TOM
7798832470519534183,4035ec,G-BUFH,,PIPER PA-28-161 Cherokee Warrior Ii,
4394612998757484299,4074b9,G-SATM,,,
2633193453342462935,406e80,G-CISE,,PULSAR XP Pulsar,
14270048724806213952,4cadbd,EI-IGK,,Boeing 737 MAX 8-200,RYR
18066659083947432096,406e80,G-CISE,,PULSAR XP Pulsar,
4650902197209131452,4035ec,G-BUFH,,PIPER PA-28-161 Cherokee Warrior Ii,
10238530398083498905,401e04,G-BGYH,EGKA,PIPER PA-28-161 Cherokee Warrior Ii,
5911126280581216520,401c3f,G-BDZD,EGDY,CESSNA F172M Skyhawk,
12576121653575510266,4035ec,G-BUFH,,PIPER PA-28-161 Cherokee Warrior Ii,
14391491308272684805,4cae98,,,,
6481256225796462284,a6fd91,,EGTK,,
1052391468794899146,4d227e,9H-QAX,LPFR,,
2828896711120184595,401e04,G-BGYH,EGKA,PIPER PA-28-161 Cherokee Warrior Ii,
906478619064253416,4080b1,G-OLGE,EGNH,Cirrus SR20,
15046820932425031394,405e23,G-FDZR,,BOEING 737-8K5,TOM
5454012852047289996,407c05,G-LIFB,,,
6238825611974636195,4077bb,G-DRTW,LGRP,,
13211093789597607919,407c05,G-LIFB,,,
16917006574225714256,406f87,G-JZHF,,BOEING 737-8K2,EXS
1731846903840022787,4d234b,9H-VUL,LEPA,,
17738217968750555993,4cae98,,LEAL,,
8118803439282818159,4ca766,EI-EFK,LPFR,BOEING 737-8AS,RYR
8939953182193338114,400d58,G-VWIN,,AIRBUS A340-642,VIR
10346024541806353591,43c5ef,ZM421,EGVN,Airbus A400M Atlas,RRR
80364965450250382,4035ec,G-BUFH,EGDY,PIPER PA-28-161 Cherokee Warrior Ii,
8189938269177261306,400e15,G-FRAD,,FAN JET FALCON SERIES E Falcon 20e,
7438384958558983500,acfc37,N936CT,EGJB,SR22T,
5111495666002154441,4d234b,9H-VUL,LFBE,,
1586352099521440586,400b03,G-CPSS,EGDM,CESSNA 208B Grand Caravan,
6597279952763905827,4009d1,G-FRAP,EGFF,FAN JET FALCON SERIES D Falcon 20d,
15113500942960455949,40747f,G-FLYK,EGJB,,
14608875683064744548,408360,,,,
1939145300607815197,43c5ef,ZM421,,Airbus A400M Atlas,RRR
16333456214873861530,400bd3,G-BUJP,,PIPER PA-28-161 Cherokee Warrior Ii,
3276057950930599550,401ca5,G-BEWR,,REIMS CESSNA F172N Skyhawk,
7873269040191252223,4077bb,G-DRTW,,,
11210189104777955505,401b0b,G-BBRC,EGLK,FUJI FA-200-180 Aero Subaru,
4524833826451365731,401c3f,G-BDZD,,CESSNA F172M Skyhawk,
16893590234113680132,4035ec,G-BUFH,,PIPER PA-28-161 Cherokee Warrior Ii,
9947086379917065441,401e04,G-BGYH,,PIPER PA-28-161 Cherokee Warrior Ii,
7079776155214961735,407df2,G-DRAK,,,
18207475991802115186,4cae98,,,,
18217342800263150543,405eb3,G-CFTO,EGHI,IKARUS C42 FB80 Ikarus,
13380092046663956626,407c05,G-LIFB,EGDY,,
6934104858028117726,406ae8,G-TAWS,LEPA,BOEING 737-8K5,TOM
15808978137590620164,4d20b7,9H-VTC,LSZH,Bombardier Global 5000,
7472589914248693402,4074b9,G-SATM,EGVN,,
2059128799112691809,406127,G-GCDB,,CIRRUS SR20,
7926218110694483860,406127,G-GCDB,,CIRRUS SR20,
4793117579715180806,425186,,EGDY,,
3440703268462022750,4035ec,G-BUFH,,PIPER PA-28-161 Cherokee Warrior Ii,
8252595419499702304,4cad3b,EI-HGS,LEAL,,
10987786272218652381,406f87,G-JZHF,,BOEING 737-8K2,EXS
10689437076038728212,401ca5,G-BEWR,,REIMS CESSNA F172N Skyhawk,
1923359549699849531,424cc5,,EGLF,,
15216573408706734496,4009d2,G-FRAR,,FAN JET FALCON SERIES D Falcon 20d,
1859040236150245069,408360,,,,
9453939761876572972,400bd3,G-BUJP,EGHL,PIPER PA-28-161 Cherokee Warrior Ii,
7927546772598995325,4caf34,,LEMG,,
3270121780026224140,400e15,G-FRAD,,FAN JET FALCON SERIES E Falcon 20e,
563707007479675632,4009d1,G-FRAP,,FAN JET FALCON SERIES D Falcon 20d,
6899967098722153278,407152,G-DSAA,EGHL,AW169,
18399043979288392204,4d234b,9H-VUL,LEPA,,
5902858183512534783,407bc0,G-CLZV,EGHI,,
6320615893513957374,401ca5,G-BEWR,EGDY,REIMS CESSNA F172N Skyhawk,
10364701314880583001,4074b9,G-SATM,,,
7249257531721770397,400a90,G-VNAP,EHBK,AIRBUS A340-642,
4471309463686523031,4cadf5,EI-IHJ,,Boeing 737 MAX 8-200,RYR
120229710756910550,401e04,G-BGYH,,PIPER PA-28-161 Cherokee Warrior Ii,
7213140329999308598,407cb1,G-RUKE,EGPH,737-8AS (W),RUK
9003605065474267377,4d236a,9H-VUT,LMML,,
524413368167361463,4d2302,9H-VUD,LEPA,,RYR
8376071102129096959,4077bb,G-DRTW,,,
2253568679669964816,4cae98,,,,
8189180582453296555,4d234b,9H-VUL,,,
5885306341794030356,4ca4f5,EI-DPR,,BOEING 737-8AS,RYR
8737880931012721813,48c2a0,SP-RZA,EPKK,,
15858055636024830745,4cac55,EI-HGR,LEAL,,
15103473137258269830,493281,CS-LTA,EHAM,Citation Latitude,
724360142957635470,408360,,,,
15056362346677061923,400e15,G-FRAD,,FAN JET FALCON SERIES E Falcon 20e,
1989589543329734720,4009d1,G-FRAP,,FAN JET FALCON SERIES D Falcon 20d,
1747683066273404115,4077c2,G-EIMS,EGHI,,
2264804918950797659,4066ce,G-TAWG,,BOEING 737-8K5,TOM
13125841527585357677,401ca5,G-BEWR,EGGD,REIMS CESSNA F172N Skyhawk,
7298145828408609429,4cae98,,,,
14166830965739289179,4035ec,G-BUFH,,PIPER PA-28-161 Cherokee Warrior Ii,
3351900019868362203,406f87,G-JZHF,LEPA,BOEING 737-8K2,EXS
14465016742215702948,a2cd3f,N28SN,EGJB,SR22T,
1360887250113546087,4077bb,G-DRTW,,,
4729956787448392528,43c942,ZM720,EGVA,,
8515559531124758904,405385,G-SFLB,EGHI,IKARUS C42 FB80 Ikarus,SFU
8270867147329803469,404e39,G-CDNA,EGGD,GROB G109B,
1169395600231573838,4cac89,EI-IFS,LEMG,,RYR
13073685542751193975,4035ec,G-BUFH,,PIPER PA-28-161 Cherokee Warrior Ii,
10379157053035792112,406299,G-TWIS,EGHI,SILENCE TWISTER Twister,
8747305371173156094,4ca766,EI-EFK,LPFR,BOEING 737-8AS,RYR
18128223519359193824,425186,,,,
8415089640089148788,407df2,G-DRAK,,,
4275321674408216175,405bd3,G-CJKK,EGDM,SCHLEICHER ASK 21,
4541551354563425035,42523e,,,,
16444718854523781455,400e15,G-FRAD,,FAN JET FALCON SERIES E Falcon 20e,
13387527425741652333,408360,,,,
3033776347921449815,401ca5,G-BEWR,,REIMS CESSNA F172N Skyhawk,
9219555342954187370,4d234b,9H-VUL,,,
17606677891032223130,406b9f,G-RANN,LEPA,BEECH B300 Super Kingair 350,
7042797188207522440,407c05,G-LIFB,EGDY,,
18128912400937092535,4080b1,G-OLGE,,Cirrus SR20,
13040324703173296522,406127,G-GCDB,,CIRRUS SR20,
1740176177986103546,401e04,G-BGYH,,PIPER PA-28-161 Cherokee Warrior Ii,
16728425278299602886,4074b9,G-SATM,,,
1929738488538383938,406e80,G-CISE,,PULSAR XP Pulsar,
935400639592294181,4011b4,G-FCUM,EGLK,ROBINSON R44 II Raven Ii,COV
2682327922063267637,408010,G-CMPF,,Ikarus C42 FB100 Charlie,
11100135179331000274,4035ec,G-BUFH,,PIPER PA-28-161 Cherokee Warrior Ii,
9159405474696725416,4cae98,,EPWR,,
6938535716075320216,a41855,N363KC,LFRC,SR22T,
11222312739343756940,401ca5,G-BEWR,,REIMS CESSNA F172N Skyhawk,
10370356238220015075,40116c,G-CDOK,,IKARUS C42 FB100 Ikarus,
6818754135848553431,43ed08,2-CLRK,EGJB,,
16339096426915188580,408010,G-CMPF,,Ikarus C42 FB100 Charlie,
9968669159064591133,4011b4,G-FCUM,,ROBINSON R44 II Raven Ii,COV
2256705218746069017,4074b9,G-SATM,,,
13497716238935530882,400b03,G-CPSS,EGDM,CESSNA 208B Grand Caravan,
3444339946729984288,406f87,G-JZHF,,BOEING 737-8K2,EXS
13691669209011454899,407b44,G-GMAF,EGDY,,
17863083056629859598,4066ce,G-TAWG,,BOEING 737-8K5,TOM
16927415270194012485,406e80,G-CISE,,PULSAR XP Pulsar,
8337631225621342711,4077bb,G-DRTW,LGKO,,
1029944167401494955,43c95c,,EGBJ,,
12412759461754522293,4d234b,9H-VUL,LEPA,,
4397723345824095513,4cae98,,,,
5290311121905371895,4cadf0,EI-IHF,LEAL,Boeing 737 MAX 8-200,RYR
18431264143890534722,43c5ef,ZM421,EGVN,Airbus A400M Atlas,RRR
8374229275317241748,4cae98,,,,
5366600408356766652,402c73,G-BPAF,EGVA,PIPER PA-28-161 Cherokee Warrior Ii,
3359686626498566943,4066ce,G-TAWG,LEPA,BOEING 737-8K5,TOM
14347127049355909464,40766a,G-CKYL,,,
5975843517725626760,4077bb,G-DRTW,LGZA,,
3056866483890487625,42483e,VP-CYJ,,,
13170750286763514032,407152,G-DSAA,,AW169,
2915283213516540318,401ca5,G-BEWR,,REIMS CESSNA F172N Skyhawk,
2273929285213103678,493283,CS-LTC,,Citation Latitude,
10758387577945866957,406f87,G-JZHF,,BOEING 737-8K2,EXS
14702418611314774678,400e15,G-FRAD,,FAN JET FALCON SERIES E Falcon 20e,
4844967203282158757,401ca5,G-BEWR,,REIMS CESSNA F172N Skyhawk,
17348605307763574899,408360,,EGHQ,,
15033941010352990348,40762d,G-TSBY,,,
8903455066060411481,4009d2,G-FRAR,EGHQ,FAN JET FALCON SERIES D Falcon 20d,
10444133635422522649,c001bb,C-FARA,EGDM,SC-7 SKYVAN SERIES 3 (Short Brothers),
14329553020504266273,4060d4,G-CGKE,EGDM,GROB G115E Tutor,
11857004419475556444,400d58,G-VWIN,,AIRBUS A340-642,VIR
17382362632482218422,401589,G-ARVV,EGDM,PIPER PA-28-160 Cherokee,
8098027329750822059,402355,G-YULL,,PIPER PA-28-180 Cherokee,
6744737510241513271,4d234b,9H-VUL,LEMG,,
3872739694786666408,4074b9,G-SATM,,,
2242430114484444013,402f77,G-BRJV,EGKK,PIPER PA-28-161 Cadet,
14072685490946492664,406e80,G-CISE,EGHI,PULSAR XP Pulsar,
9066703118619212008,4011b4,G-FCUM,EGGD,ROBINSON R44 II Raven Ii,COV
10333237360181186040,403c57,G-ULAS,EGHI,DHC-1 CHIPMUNK 22 Chipmunk,
16720791741089058938,407765,G-YVIP,EGJJ,,
18106822760733827150,4cae98,,LEPA,,
8173715272768170613,4060db,G-CGKL,EGGD,GROB G115E Tutor,
12283240614498568938,4035ec,G-BUFH,,PIPER PA-28-161 Cherokee Warrior Ii,
15460493344325594064,401ca5,G-BEWR,,REIMS CESSNA F172N Skyhawk,
7632556090682593828,407152,G-DSAA,EGHI,AW169,
12213511321941357235,4045ed,G-WLGC,,PIPER PA-28-181 Cherokee Archer Iii,
13333856159983834084,401e04,G-BGYH,,PIPER PA-28-161 Cherokee Warrior Ii,
13158276144018345773,401e04,G-BGYH,,PIPER PA-28-161 Cherokee Warrior Ii,
12638448777699622659,4051b1,G-SFLA,,IKARUS C42 FB80 Ikarus,SFU
8773097964571944828,407fd8,G-RESB,EGTE,Leonardo AW139,
12274978757452317228,4046c6,G-FXBT,,AEROPRAKT A22 FOXBAT Foxbat,
5413703717585518860,406e80,G-CISE,,PULSAR XP Pulsar,
7539913448892991058,4cac56,EI-HGT,LPFR,,
18356042081570595704,406f87,G-JZHF,LEIB,BOEING 737-8K2,EXS
11339140742225468086,4d234b,9H-VUL,LEMG,,
11631600013089995646,4077bb,G-DRTW,,,
1500834130420379486,4cae98,,LEPA,,
2601086092232797506,407cb1,G-RUKE,EGPH,737-8AS (W),RUK
14498869206715968800,407152,G-DSAA,EGHI,AW169,
7769363549827983432,4d235f,9H-649FX,LFMN,,
4810775758442359883,4009cb,G-FRAI,,FAN JET FALCON SERIES E Falcon 20e,
17953168504120774278,4074b9,G-SATM,,,
15770248064490276373,4d234b,9H-VUL,LEAL,,
9861009872000590999,400b03,G-CPSS,EGDM,CESSNA 208B Grand Caravan,
10314364518635024033,4cae98,,LMML,,
12144689649528855522,4035ec,G-BUFH,,PIPER PA-28-161 Cherokee Warrior Ii,
16456657733964462094,407e4e,G-JZBT,LPFR,Boeing 737-883,EXS
8524728049902601323,4d223b,9H-QCQ,,737-800,
2142407324055759446,a27310,N257SA,EGGD,PA-32-300,
16667450574261030850,406127,G-GCDB,EGHI,CIRRUS SR20,
14691926787705891666,ace467,N93MD,EGLF,Dauphin SA.365 N1,
7782722560892209505,407e3f,G-ECLH,,,
4133715220034283678,401ca5,G-BEWR,EGDM,REIMS CESSNA F172N Skyhawk,
6726920084181919846,4ca4ee,EI-DPJ,LPFR,BOEING 737-8AS,RYR
12098809487943817228,406f87,G-JZHF,LEPA,BOEING 737-8K2,EXS
13079973831771813393,4066ce,G-TAWG,,BOEING 737-8K5,TOM
16255165064363645328,ace467,N93MD,EGHI,Dauphin SA.365 N1,
6367709877895321156,4074b9,G-SATM,,,
12695153560282792449,43ed08,2-CLRK,,,
1905548458530476755,400d74,G-AWUZ,EGKA,CESSNA F172H Skyhawk,
3776879967705746907,4ca303,EI-DLX,,BOEING 737-8AS,RYR
2160871911348562443,406ed0,G-MOSH,EGDM,PIPER PA-28R-201 Cherokee Arrow Iii,
6017649539387508687,460861,OH-DEN,LSZH,Pilatus PC-XII NG 47E,
2999058571957624118,4080b1,G-OLGE,EGVA,Cirrus SR20,
1802767139082756743,4011b4,G-FCUM,EGVA,ROBINSON R44 II Raven Ii,COV
9040805074702929813,4035ec,G-BUFH,,PIPER PA-28-161 Cherokee Warrior Ii,
16342999363650875877,407765,G-YVIP,EGTK,,
6894719480158633001,401e04,G-BGYH,,PIPER PA-28-161 Cherokee Warrior Ii,
455622617354550906,4074b9,G-SATM,,,
8914080499507178327,494114,CS-PHT,LIBR,,
9241285958331768593,43ed08,2-CLRK,EGDC,,
8683361110639553744,401ca5,G-BEWR,,REIMS CESSNA F172N Skyhawk,
14406163091407119847,407fd4,,,,
4094871016859723409,4d234b,9H-VUL,LEMG,,
4120691666782690345,4caee3,,EGBJ,,
1983696368055005896,4035ec,G-BUFH,,PIPER PA-28-161 Cherokee Warrior Ii,
453914925712232468,401ca5,G-BEWR,EGHL,REIMS CESSNA F172N Skyhawk,
12391574427721090501,4ca894,EI-ENH,,BOEING 737-8AS,RYR
1518732250314730754,4080b1,G-OLGE,,Cirrus SR20,
424342535013412855,400b03,G-CPSS,EGVO,CESSNA 208B Grand Caravan,
13498512652877320110,4074b9,G-SATM,EGGD,,
9159989952060267165,45da05,OY-VPE,EGNR,Vulcanair P68 Observer 2,
3755959458682546398,400b03,G-CPSS,EGVO,CESSNA 208B Grand Caravan,
15510226978944450478,4cae98,,,,
3425515707255561044,407812,G-KION,EGNM,525 CitationJet,
979859709173242924,407e4e,G-JZBT,,Boeing 737-883,EXS
10558649794592675582,407cb1,G-RUKE,EGPH,737-8AS (W),RUK
13034701026783923230,406f87,G-JZHF,,BOEING 737-8K2,EXS
12533130716082848979,4066ce,G-TAWG,,BOEING 737-8K5,TOM
3723699545121665200,407b44,G-GMAF,EGCC,,
438393358303337085,407152,G-DSAA,EGFF,AW169,
10902317848176554045,4cadb8,EI-IFX,LMML,,
17336873010635685050,4d2272,9H-QDH,,Boeing 737-8AS,RYR
2865385262843889808,4cad3b,EI-HGS,LEMG,,
1072290108522051536,4caff8,,,,
17593928015686599400,4ca4ee,EI-DPJ,LPFR,BOEING 737-8AS,RYR
993766183343620487,4cae98,,LFBE,,
7724184345980635043,45da05,OY-VPE,,Vulcanair P68 Observer 2,
11575488003556653291,408239,,EGHL,,
10135545367102533043,401b28,G-BBXW,EGBJ,PIPER PA-28-151 Cherokee Warrior,
10482148880391517348,4081da,,EGLK,,
10686788222469069555,40766a,G-CKYL,,,
9467155359154666966,4015c4,G-ASIL,EGDY,PIPER PA-28-180 Cherokee,
1784434370991808779,40793c,G-HAMD,EGFH,,
5376542284877592220,4032ee,G-DLOM,EGSC,SOCATA TB20 Trinidad,
14797394834388530907,406391,G-LHER,EGHI,PIPERSPORT,
12124416828353066762,40116c,G-CDOK,,IKARUS C42 FB100 Ikarus,
8813627350465284572,4074b9,G-SATM,,,
17055889601882666444,4035ec,G-BUFH,,PIPER PA-28-161 Cherokee Warrior Ii,
5465701487520701849,4035ec,G-BUFH,,PIPER PA-28-161 Cherokee Warrior Ii,
11091021293412015214,4066ce,G-TAWG,LEPA,BOEING 737-8K5,TOM
9169686596148819128,407152,G-DSAA,EGDY,AW169,
16797849182761158880,407b66,G-CLRW,EGDY,,
10825226907376142461,42523e,,,,
10727186951942201160,4049c6,G-FJTH,EGDY,AEROPRAKT A22 FOXBAT Foxbat,
13868096600342647496,406daa,G-SPRK,,VANS RV-4,
11792118603349733992,4074b9,G-SATM,EGHI,,
3477466792226460171,406f87,G-JZHF,,BOEING 737-8K2,EXS
12437477062417036398,4011b4,G-FCUM,EGHI,ROBINSON R44 II Raven Ii,COV
6842722105089160817,4035ec,G-BUFH,,PIPER PA-28-161 Cherokee Warrior Ii,
4900331793071540296,407fd8,G-RESB,,Leonardo AW139,
15187601246807686675,4ca6aa,EI-DYW,LEMG,BOEING 737-8AS,RYR
14195486189020341241,404c27,G-CDAB,EGTE,GLASAIR SUPER IIS RG Glasair,
14360321662593067312,4d234b,9H-VUL,LEPA,,
6899136134270456260,403e8a,G-CBCL,EGDY,GLASTAR,
8680996055487943936,40154f,G-ARKM,EGHI,PIPER PA-22-108 Colt,
3362029236489554417,406127,G-GCDB,,CIRRUS SR20,
16339826430569225681,401e04,G-BGYH,,PIPER PA-28-161 Cherokee Warrior Ii,
9455452072458876679,400b1c,G-BZTN,,EUROPA XS Europa,
7452180862025490951,407e4e,G-JZBT,,Boeing 737-883,EXS
11689095574889337193,48c2a0,SP-RZA,EPWR,,
14847334672808048689,4cae98,,LEPA,,
5863548705672490485,405837,G-ORRG,EGVA,CEA DR400/180 Regent,
13116450077198317124,407152,G-DSAA,EGHI,AW169,
3502354393307035913,4015c4,G-ASIL,,PIPER PA-28-180 Cherokee,
9139949999464427690,4075b7,G-XIVA,EGDC,,
13874296578974044680,406fa1,G-FLOE,,ROBINSON R66 Turbine,
706638704914314008,4011b4,G-FCUM,,ROBINSON R44 II Raven Ii,COV
6400543149130071167,403b9b,G-BWOH,EGDM,PIPER PA-28-161 Cadet,
14694191248848691363,401ca5,G-BEWR,EGWC,REIMS CESSNA F172N Skyhawk,
11777836676176590200,403144,G-BSDH,,PIERRE ROBIN DR400/180 Regent,
2711332477763976660,43bc7f,,EGDM,,
4646771849697227667,40116c,G-CDOK,,IKARUS C42 FB100 Ikarus,
15511331678726372266,4caee3,,EGGP,,
11286867251621304979,4074b9,G-SATM,EGGD,,
201209570965998278,407b44,G-GMAF,EGJJ,,
14379270481066347239,4cae98,,EPKK,,
3658420432610152416,4d234b,9H-VUL,,,
13351564464285596438,4066ce,G-TAWG,LGRP,BOEING 737-8K5,TOM
2600020648632345799,406f87,G-JZHF,LEPA,BOEING 737-8K2,EXS
15230014425466142053,4ca894,EI-ENH,,BOEING 737-8AS,RYR
11246947536593385465,407e4e,G-JZBT,LTAI,Boeing 737-883,EXS
6298888939151753348,407152,G-DSAA,EGHI,AW169,
17033581020757474882,48c2b6,,EPKK,,
16934396829726227803,500310,T7-VRF,EGTC,Honda HA-420 HondaJet,
17111220038338827824,407152,G-DSAA,EGDY,AW169,
6510208193614406066,43ed08,2-CLRK,EGPF,,
1276678877816530441,4074b9,G-SATM,,,
18423082210822672682,4cae98,,,,
14461068093257301272,406f9d,G-DSJT,EGHL,CESSNA 182T Skylane,
18324530184743481928,400e09,G-VFIT,,AIRBUS A340-642,VIR
10171077362811421292,4066ce,G-TAWG,LEPA,BOEING 737-8K5,TOM
1067160386996468101,4d2503,9H-VVR,LEPA,Boeing 737 MAX 8-200,RYR
16603853998280492510,407b44,G-GMAF,EGKB,,
5692562332721064210,407e4e,G-JZBT,,Boeing 737-883,EXS
1397392264646996524,4035ec,G-BUFH,,PIPER PA-28-161 Cherokee Warrior Ii,
7351920603362158408,406f87,G-JZHF,,BOEING 737-8K2,EXS
2391068145408531361,4074b9,G-SATM,,,
8506733686219111447,4d244a,9H-VVF,LEAL,,
7859621913358219348,4cad3b,EI-HGS,LEMG,,
188103313679489640,4d234b,9H-VUL,,,
16577753636381312973,407152,G-DSAA,EGDY,AW169,
14611440210526711751,407d36,G-NICU,EGKK,,
13759589982549724217,4cae98,,,,
10034441839437713089,407152,G-DSAA,EGHI,AW169,
15783836784450155995,407cb1,G-RUKE,EGPH,737-8AS (W),RUK
3428610704612752019,4080b1,G-OLGE,EGVA,Cirrus SR20,
13892771644002351780,407b44,G-GMAF,EGTK,,
16507009085392414334,4ca4f2,EI-DPN,EGCC,BOEING 737-8AS,RYR
7747827846056959711,4066ce,G-TAWG,,BOEING 737-8K5,TOM
3489279689614605615,407e4e,G-JZBT,,Boeing 737-883,EXS
15309401649568703222,406f87,G-JZHF,LEIB,BOEING 737-8K2,EXS
14377120687386657651,424c9d,,EGSS,,
5423209643890530324,4cae98,,LPFR,,
16325149735383426912,4d223b,9H-QCQ,LEPA,737-800,
11513221019552625811,407152,G-DSAA,EGGD,AW169,
16816432700301600358,407b44,G-GMAF,EGJB,,
1209461766173859256,400df9,G-VANA,EGKA,GIPPSLAND GA-8 Airvan,
14392832574728769572,43ec2e,2-RNWL,EGJJ,,
11945760066212361872,403d79,G-ILDA,EGLK,SPITFIRE MK.T IX Spitfire,
2705199527465505553,403d79,G-ILDA,EGDY,SPITFIRE MK.T IX Spitfire,
11080538721141243860,4009cb,G-FRAI,,FAN JET FALCON SERIES E Falcon 20e,
18248965283542602427,4074b9,G-SATM,EGTE,,
16614052555202743110,4009d2,G-FRAR,EGDY,FAN JET FALCON SERIES D Falcon 20d,
4103326632938166788,3e1dcb,D-ICMD,EDDL,,
18058377073240397124,407fd8,G-RESB,EGHL,Leonardo AW139,
633430608625180601,4cae98,,,,
91843586622678614,400978,G-FPLD,EGNV,BEECH B200 Super Kingair,
12661171163908605090,4016ac,G-ATYS,EGVO,PIPER PA-28-180 Cherokee,
5974509021917353170,400b03,G-CPSS,EGLK,CESSNA 208B Grand Caravan,
14603646874533628958,4070e8,G-JZHU,LPFR,BOEING 737-800,EXS
2249283354914430381,43c95c,,EGDM,,
15092706986569322565,440376,OE-7137,EGGP,WT9 Dynamic,
6661569644010713605,4035ec,G-BUFH,,PIPER PA-28-161 Cherokee Warrior Ii,
2270412605703231674,401113,G-CSLL,EGTE,Piper PA-28R-201 Cherokee Arrow III,
3672384602273189460,4076b0,G-TAWY,,,
15770055512380070143,403d79,G-ILDA,EGHI,SPITFIRE MK.T IX Spitfire,
10662900378067106562,4080b1,G-OLGE,EGDM,Cirrus SR20,
11556561843644170500,4074b9,G-SATM,,,
16472416105952245260,493296,CS-LTV,LEMG,,
7901084956306149609,401ca5,G-BEWR,,REIMS CESSNA F172N Skyhawk,
2821666432606114067,407e4e,G-JZBT,LEPA,Boeing 737-883,EXS
16005232979301581969,4cad3b,EI-HGS,LPFR,,
12992512246396367846,43c5ea,ZM416,EGVN,,
10666486011455717211,4035ec,G-BUFH,EGDY,PIPER PA-28-161 Cherokee Warrior Ii,
2263402863459715173,403d79,G-ILDA,,SPITFIRE MK.T IX Spitfire,
9056892390722230348,40705f,G-NJOY,EGJB,PIPER PA-28-181 Cherokee Archer Ii,
6772863483339405792,4d2235,9H-QDC,LEMG,,
5433906340929661361,407b44,G-GMAF,EGGD,,
2332007231517477201,401e04,G-BGYH,EGKA,PIPER PA-28-161 Cherokee Warrior Ii,
10731118666631297596,401e04,G-BGYH,EGDY,PIPER PA-28-161 Cherokee Warrior Ii,
5619460747838504530,4cad4f,EI-HGE,,,
11344032704136424806,4060db,G-CGKL,EGDY,GROB G115E Tutor,
16341051077290995998,4080b1,G-OLGE,EGHL,Cirrus SR20,
6712755338331702516,408360,,,,
14573358307436483630,4009cb,G-FRAI,,FAN JET FALCON SERIES E Falcon 20e,
15545531914075562689,4009d2,G-FRAR,,FAN JET FALCON SERIES D Falcon 20d,
5374128280347842925,4060e0,G-CGKR,EGDY,GROB G115E Tutor,
3701406620593318152,4cae98,,,,
15302755837741331388,407152,G-DSAA,,AW169,
293684135042080813,493284,CS-LTD,EHAM,Textron Aviation Citation Latitude,
9262614908742072497,403d79,G-ILDA,,SPITFIRE MK.T IX Spitfire,
1771284654827014406,400964,G-SIRS,EGLF,CESSNA 560XL Citation Excel,LNX
5844871270207567220,401c3f,G-BDZD,,CESSNA F172M Skyhawk,
12370987067768415174,4cafcf,EI-GXJ,LPFR,,
18292985338098927456,4080b1,G-OLGE,EGDY,Cirrus SR20,
13365739571934682139,4070e8,G-JZHU,,BOEING 737-800,EXS
6317316543224771200,407e4e,G-JZBT,LGRP,Boeing 737-883,EXS
11031353263594926146,407b44,G-GMAF,EGJB,,
7596938124867660912,4076b0,G-TAWY,LTAI,,
4510874174528954668,4cae98,,LEPA,,
16378357615208926665,4cad3b,EI-HGS,LEAL,,
11449152459063003909,4ca4ee,EI-DPJ,LPFR,BOEING 737-8AS,RYR
15556523746886070184,401ca5,G-BEWR,,REIMS CESSNA F172N Skyhawk,
12140057166580749500,4cae98,,LFBE,,
694209515762846647,40766a,G-CKYL,,,
17867084029602158073,404433,G-BZOZ,EGDY,VANS RV-6,
10685847581027619479,407fd4,,,,
7842916243487938564,407e4e,G-JZBT,,Boeing 737-883,EXS
9618391208248304039,401ca5,G-BEWR,,REIMS CESSNA F172N Skyhawk,
17861011373105172590,4046c6,G-FXBT,,AEROPRAKT A22 FOXBAT Foxbat,
3292291703094442673,4cad3b,EI-HGS,,,
17614284001418697456,4035ec,G-BUFH,,PIPER PA-28-161 Cherokee Warrior Ii,
2028195464654296517,4076b0,G-TAWY,LEPA,,
5114020541372031306,404195,G-MICI,EGWU,CESSNA 182S Skylane,
4000038271363261844,4080b1,G-OLGE,,Cirrus SR20,
6586674314828459358,4035ec,G-BUFH,EGHL,PIPER PA-28-161 Cherokee Warrior Ii,
4475527779524268194,4070e8,G-JZHU,,BOEING 737-800,EXS
2881140120704921675,4cada4,EI-IFV,,,
12793562067190077433,408360,,,,
17237046152978860141,406127,G-GCDB,EGWU,CIRRUS SR20,
17252351982027629551,4075a4,G-CKWO,EGDY,,
16911284992320750614,4cae9e,,LEMG,,
18110544190451787540,4009cb,G-FRAI,,FAN JET FALCON SERIES E Falcon 20e,
6627335892111464886,4080b1,G-OLGE,EGHL,Cirrus SR20,
2787142761450267128,4cae98,,LEPA,,
9729666330155461303,40710f,G-CJFO,,DA 42 Twin Star,
6566863316567487788,407cb1,G-RUKE,EGPH,737-8AS (W),RUK
9194991193639356416,4035ec,G-BUFH,,PIPER PA-28-161 Cherokee Warrior Ii,
4763575962446111569,4d24cb,9H-VVJ,,Boeing 737 MAX 8-200,RYR
3024632368134827552,4cac86,EI-HMZ,LMML,,
16857572971633344645,43c5ef,ZM421,EGVA,Airbus A400M Atlas,RRR
11644175841650122074,4d2304,9H-VUF,LEPA,,RYR
13139546601805556584,407b44,G-GMAF,EGJB,,
14003144015585646008,407e4e,G-JZBT,,Boeing 737-883,EXS
17705822832184816944,4cad3b,EI-HGS,,,
12432821572747102799,4cae98,,,,
11409155849927578226,40665e,G-TAWC,EGGW,BOEING 737-8K5,TOM
4701289938650742623,4cad3c,EI-HMT,LEMG,,
7654429058819374534,48c2a6,SP-RZG,EPKK,,
17139117979527810633,4cac1e,EI-HEN,,737-8-200 MAX,RYR
14451706566004580797,40710f,G-CJFO,,DA 42 Twin Star,
13343622665367906573,407734,G-MGPS,EGDY,,
3782579945445781895,4cae98,,,,
7618497005070270752,48b9c9,SP-OOK,,,
5992193215753226027,4009cb,G-FRAI,EGDY,FAN JET FALCON SERIES E Falcon 20e,
2261999280874937143,408360,,,,
5719311647844525536,407e4e,G-JZBT,LEPA,Boeing 737-883,EXS
8582404085463659185,4076b0,G-TAWY,,,
13842595019058251813,4070e8,G-JZHU,,BOEING 737-800,EXS
5590696566971705359,40710f,G-CJFO,,DA 42 Twin Star,
9736281426915419062,4cadc1,EI-IGO,LEMG,Boeing 737 MAX 8-200,RYR
6614519033427229466,4cafc0,EI-GSK,LPFR,737-8AS,RYR
8107012587746963133,4cad3b,EI-HGS,,,
6192419481343773328,4009cb,G-FRAI,,FAN JET FALCON SERIES E Falcon 20e,
4604493719534232931,401e04,G-BGYH,,PIPER PA-28-161 Cherokee Warrior Ii,
17996550747084361372,408360,,,,
2747584835595300640,40710f,G-CJFO,,DA 42 Twin Star,
13334968370538951592,a1bde0,N211GS,,55,
4858885886678736676,4cae98,,EPWR,,
7611310404019579510,407734,G-MGPS,EGHI,,
13622936543901045958,407e4e,G-JZBT,,Boeing 737-883,EXS
16727768359509630728,4076b0,G-TAWY,,,
14370378400136658436,4070e8,G-JZHU,LGKO,BOEING 737-800,EXS
11976847114680294265,4cad3b,EI-HGS,LEPA,,
11134236605078160906,4cae98,,,,
7532536583434174613,400e09,G-VFIT,,AIRBUS A340-642,VIR
1428527846044772776,4cae4c,EI-IHZ,,Boeing 737 MAX 8-200,RYR
12005412180160880521,408360,,,,
6193964247715632159,4009cb,G-FRAI,EGJA,FAN JET FALCON SERIES E Falcon 20e,
3789254657732341831,4cae98,,,,
11266361734431561347,43c5ea,ZM416,EGVN,,
16591446932151441737,400a90,G-VNAP,,AIRBUS A340-642,
1003562096833644836,405a8d,G-YROC,EGHL,ROTORSPORT UK MT-03,
6044030619202845509,4076b0,G-TAWY,LEPA,,
17634056685494677692,4070e8,G-JZHU,LGZA,BOEING 737-800,EXS
6374375412041870620,407e4e,G-JZBT,,Boeing 737-883,EXS
8885306079843868956,4009cb,G-FRAI,EGDR,FAN JET FALCON SERIES E Falcon 20e,
17928897038461840045,408360,,,,
4259751399241934447,50020a,T7-SLXP,EGLL,,
17386853395144685291,405bb7,G-CJNK,,LS8-18,
15415558396268400269,4cad3b,EI-HGS,LEMG,,
8756204715084006129,40588d,G-CJLJ,EGDM,LS4-B,
335108370975046027,43c95c,,EGDM,,
3066838788708277636,4cae98,,LEPA,,
15145665091721357015,3e1dcb,D-ICMD,EGHQ,,
16340667018984738426,4cade5,EI-IGZ,LPFR,Boeing 737 MAX 8-200,RYR
13705792271828231187,407b44,G-GMAF,EGJB,,
9791536817639466035,408010,G-CMPF,,Ikarus C42 FB100 Charlie,
1478506487699163158,4070e8,G-JZHU,LPMA,BOEING 737-800,EXS
4904349333583470279,407e4e,G-JZBT,LEIB,Boeing 737-883,EXS
13605670310086409943,4cad3b,EI-HGS,LEMG,,
12969144605427673441,4932a2,,EGLF,,
8847315021178042896,407cb3,G-RUKG,EGPH,,
6763623728117396989,4cae98,,LEPA,,
186526045876380329,407734,G-MGPS,,,
6222003869138304115,4009cb,G-FRAI,,FAN JET FALCON SERIES E Falcon 20e,
17765622103781563847,408360,,,,
6953041645494033143,4009d2,G-FRAR,,FAN JET FALCON SERIES D Falcon 20d,
11340189194537786147,4051b1,G-SFLA,EGHL,IKARUS C42 FB80 Ikarus,SFU
11562391180682604359,aa1b9f,,EGWU,,
2738783574125496672,40766a,G-CKYL,,,
14985796939075938080,4cad3b,EI-HGS,,,
12493404635246139821,4cae98,,LMML,,
13399828258176173374,4070e8,G-JZHU,LPFR,BOEING 737-800,EXS
2383631539959021137,4ca761,EI-EFF,LEPA,BOEING 737-8AS,RYR
10915942423812250246,4cafc0,EI-GSK,LPFR,737-8AS,RYR
14101871702839366588,404f24,G-ZAVI,,IKARUS C42 FB100 Ikarus,
10100988078891477551,3e1dcb,D-ICMD,EDDL,,
12865906741870594254,407e4e,G-JZBT,LEPA,Boeing 737-883,EXS
11510330146563618362,c05f00,C-GJZJ,LMML,CL-600 2B19 (Series 200) (Bombardier),
13781519709503617391,4076b0,G-TAWY,,,
6223219895513135880,401a8a,G-BAWG,EGKA,PIPER PA-28R-200-2 Cherokee Arrow Ii,
6529189536150099242,4ca8d4,EI-ENI,,BOEING 737-8AS,RYR
1071281474974086800,461852,OH-JFM,EGHL,,
12930009442292542914,40710f,G-CJFO,EGTE,DA 42 Twin Star,
12821910756820221790,407924,G-TAJB,EGWC,,
4152550079390457307,400db9,G-BFBR,,PIPER PA-28-161 Cherokee Warrior Ii,
1607392416060281324,424b8b,M-AJOR,EGLF,,
5618456239718098948,4035ec,G-BUFH,,PIPER PA-28-161 Cherokee Warrior Ii,
384006444250312567,401e04,G-BGYH,,PIPER PA-28-161 Cherokee Warrior Ii,
6278296457158554763,400e09,G-VFIT,,AIRBUS A340-642,VIR
5062772916127084427,4073b5,G-GARE,EGNR,CESSNA 560XL Citation Xls+,
7224421110308880174,4035ec,G-BUFH,,PIPER PA-28-161 Cherokee Warrior Ii,
9071962255490496158,4cad3b,EI-HGS,LEMG,,
9379335617233854291,40710f,G-CJFO,,DA 42 Twin Star,
6807716544785641330,4ca894,EI-ENH,,BOEING 737-8AS,RYR
4771835565973970431,4070e8,G-JZHU,,BOEING 737-800,EXS
7370368828403284977,4cae98,,,,
3321520234316751466,40665e,G-TAWC,,BOEING 737-8K5,TOM
16018763054526387994,407e4e,G-JZBT,,Boeing 737-883,EXS
12914012002882219870,407cb3,G-RUKG,EGPH,,
1546650433346748990,407734,G-MGPS,EGDY,,
17138852714438367210,407b44,G-GMAF,EGSS,,
1198442180093885297,4d226d,9H-QBR,,,
14700005137322996340,4caecc,,LMML,,
13052662948227500766,4cadf5,EI-IHJ,LEMG,Boeing 737 MAX 8-200,RYR
16993369868350919082,4d24cb,9H-VVJ,,Boeing 737 MAX 8-200,RYR
9977213958831895792,4d226c,9H-QAZ,LPFR,,
5413533747139349645,4cae98,,LFBE,,
11457019440891270548,40710f,G-CJFO,,DA 42 Twin Star,
6262630712113765078,40641f,G-CGPL,EGDY,SONEX,
4156567466472239953,407924,G-TAJB,,,
2977611877829982194,500227,T7-36A,EGTC,,
12698493534178834600,404f24,G-ZAVI,,IKARUS C42 FB100 Ikarus,
8102095976571229318,4035ec,G-BUFH,,PIPER PA-28-161 Cherokee Warrior Ii,
14607925097556375504,43c5e0,ZM406,EGVN,A400M Atlas C.1,SHF
15644029133076404940,4070e8,G-JZHU,,BOEING 737-800,EXS
11559503196535648795,404867,G-OJVL,,VANS RV-6,
5655531024659946139,407734,G-MGPS,EGFF,,
10428840377780711548,406ed0,G-MOSH,,PIPER PA-28R-201 Cherokee Arrow Iii,
15973322766103341452,40665e,G-TAWC,LEPA,BOEING 737-8K5,TOM
3981098946178899069,408309,,,,
5468348998674619253,401e56,G-BHJS,EGNC,P68B Victor,
11490960348875508494,407e4e,G-JZBT,,Boeing 737-883,EXS
7132486004141015413,4cad3b,EI-HGS,LEPA,,
17091355222587952576,43ed08,2-CLRK,EGJB,,
17656959921821091707,4035ec,G-BUFH,,PIPER PA-28-161 Cherokee Warrior Ii,
6189582384273385597,403e8a,G-CBCL,,GLASTAR,
6514226460920693664,400b1c,G-BZTN,,EUROPA XS Europa,
1065746394144912281,406a97,G-CICK,,SPITFIRE MK.T IX Spitfire,
17090472557925865007,4062e5,G-LOOC,EGKA,CESSNA 172S Skyhawk,
12069671689992550729,4d2518,9H-QFE,LEMG,Boeing 737-8AS,RYR
5147751931775624340,4cae98,,LEPA,,
15963898351946361120,406127,G-GCDB,EGUB,CIRRUS SR20,
18002211675129542608,48c2b1,,EPWR,,
5284129817958694866,406127,G-GCDB,,CIRRUS SR20,
11004041281256027511,406a97,G-CICK,,SPITFIRE MK.T IX Spitfire,
14981612431101844257,408309,,EGDY,,
7693401566356486563,407734,G-MGPS,,,
5585209743679188727,40822b,,,,
3850606884859362878,407734,G-MGPS,EGHI,,
8519551956016318777,407b44,G-GMAF,EGJB,,
10629204192198056046,408309,,,,
10557383579808605059,4cad3b,EI-HGS,LEAL,,
837552547578969716,4cae98,,EPKK,,
18250704410590199871,4070e8,G-JZHU,LTAI,BOEING 737-800,EXS
2186698290533471143,4076b0,G-TAWY,LGRP,,
10024899261600514334,4ca97c,EI-ESV,,BOEING 737-8AS,RYR
11225455804948423779,407e4e,G-JZBT,LEPA,Boeing 737-883,EXS
2155851912291299080,48c2a6,SP-RZG,EPKK,,
5760731587641555812,408309,,,,
6492978720918839934,4035ec,G-BUFH,EGDY,PIPER PA-28-161 Cherokee Warrior Ii,
13601383994989276445,406a97,G-CICK,,SPITFIRE MK.T IX Spitfire,
13869562495761124332,401ca5,G-BEWR,EGGP,REIMS CESSNA F172N Skyhawk,
6075466092518916880,4076b0,G-TAWY,LEPA,,
10359278892216393026,4cad3b,EI-HGS,,,
10121872546177947938,407e4e,G-JZBT,,Boeing 737-883,EXS
15766815609446367122,403c57,G-ULAS,,DHC-1 CHIPMUNK 22 Chipmunk,
7877735616464220281,408309,,,,
16187892364325983320,4070e8,G-JZHU,,BOEING 737-800,EXS
13619680552891494059,4cada4,EI-IFV,LEAL,,
4229598100595745504,406a97,G-CICK,,SPITFIRE MK.T IX Spitfire,
5274261269161569264,400e15,G-FRAD,LFBD,FAN JET FALCON SERIES E Falcon 20e,
14041656547260099862,47183b,HA-JEP,LHDC,Citation III,
18259675383188232457,4035ec,G-BUFH,,PIPER PA-28-161 Cherokee Warrior Ii,
16844989016591299110,4d2229,9H-QCI,LEPA,,
12618746219049052610,4035ec,G-BUFH,,PIPER PA-28-161 Cherokee Warrior Ii,
12126231643417818279,4d2504,9H-VVS,LEMG,Boeing 737 MAX 8-200,RYR
3318313004899136251,406a97,G-CICK,,SPITFIRE MK.T IX Spitfire,
10789130618601743664,406a97,G-CICK,,SPITFIRE MK.T IX Spitfire,
72666795794421548,408309,,,,
3910020783529629692,4cae98,,,,
11049180712816729668,4035ec,G-BUFH,,PIPER PA-28-161 Cherokee Warrior Ii,
5964927121601718780,4cad3b,EI-HGS,,,
1585973035289767953,407cb1,G-RUKE,EGPH,737-8AS (W),RUK
9503259423493267286,491306,CS-DXF,LSZH,560XLS Citation Excel,
13135926755322827413,407734,G-MGPS,EGGD,,
4962884792101446318,4076b0,G-TAWY,,,
6288274127323543488,4070e8,G-JZHU,LEIB,BOEING 737-800,EXS
3513411480569499444,407e4e,G-JZBT,,Boeing 737-883,EXS
14091522558942028809,4cae98,,LEPA,,
12965728701887218858,4cad3b,EI-HGS,LPFR,,
16111133548621664118,400a90,G-VNAP,,AIRBUS A340-642,
14226382007701015180,4cae98,,LEAL,,
17346431378414063056,46316e,OH-SSS,LFLI,PC-12/47E NG,HDL
5592643990512257714,407e4e,G-JZBT,LPFR,Boeing 737-883,EXS
5792165455129987130,408360,,,,
7592644341024518667,4009d2,G-FRAR,,FAN JET FALCON SERIES D Falcon 20d,
8551261870203588852,408010,G-CMPF,,Ikarus C42 FB100 Charlie,
18315508543872071881,491221,CS-DQA,EGSS,Citation XLS,
17128159198743338573,43ed08,2-CLRK,EGDY,,
8030428068406845812,4076b0,G-TAWY,,,
12898124816492679914,493290,CS-LTP,,,
4663030104969824741,4070e8,G-JZHU,LEPA,BOEING 737-800,EXS
10940178446070259313,408309,,,,
17851812927332701971,4cad3b,EI-HGS,LPFR,,
7150002227094323444,4060db,G-CGKL,EGGD,GROB G115E Tutor,
5470715854860399584,406ec5,G-HIOW,,EC135 T3,
13741714032758643986,4083f2,,EGTC,,
11796828674820893620,406ec5,G-HIOW,,EC135 T3,
18121595742395061170,43ed08,2-CLRK,,,
15167446036687889861,4d2236,9H-QDT,LEMG,,
13880300318100480411,3e2282,D-IEGO,EBAW,,
4850115378903488540,4009cb,G-FRAI,,FAN JET FALCON SERIES E Falcon 20e,
10766324207520421445,408309,,,,
11006902308081272749,4caf2a,,,,
185637965218411838,4009d2,G-FRAR,EGDY,FAN JET FALCON SERIES D Falcon 20d,
5362562363823166548,4080c9,,,,
18360614075655731747,4cae98,,,,
1160258862068248969,407fd7,G-RESA,EGKA,Leonardo AW139,
8907830303117709998,407b44,G-GMAF,EGJB,,
6876300756680554160,407734,G-MGPS,EGDY,,
16211037461481368150,401ca5,G-BEWR,,REIMS CESSNA F172N Skyhawk,
12751640213495817205,4cafcf,EI-GXJ,LPFR,,
16553979050921274324,407734,G-MGPS,,,
16325148182780537510,408309,,,,
6549844917825819665,401ca5,G-BEWR,,REIMS CESSNA F172N Skyhawk,
7824142377934437503,401ca5,G-BEWR,,REIMS CESSNA F172N Skyhawk,
4704926969998339286,407e4e,G-JZBT,LGRP,Boeing 737-883,EXS
10714953245406818085,4076b0,G-TAWY,LTAI,,
6282463310156582201,4cad3b,EI-HGS,LEAL,,
15355614391211378285,4cae98,,LEPA,,
18260517337026047275,4070e8,G-JZHU,,BOEING 737-800,EXS
13993620841450408603,4d226c,9H-QAZ,LPFR,,
5515483564352992446,407dca,G-HMGC,EGHQ,,
12882761825175848965,400e15,G-FRAD,,FAN JET FALCON SERIES E Falcon 20e,
4353473119172166683,4009d2,G-FRAR,,FAN JET FALCON SERIES D Falcon 20d,
5909721000493947254,4009cb,G-FRAI,,FAN JET FALCON SERIES E Falcon 20e,
14878230494631711463,a008cb,N101DW,EGMC,PA-32R-300,
17830945915143963721,400a99,G-NEWG,EGCC,,
10157487053297304587,4070e8,G-JZHU,LEAL,BOEING 737-800,EXS
13772114730435175039,40665e,G-TAWC,LEPA,BOEING 737-8K5,TOM
16114039679909508871,4077c2,G-EIMS,EGHI,,
4241678992696121085,48e9f2,,LHBP,,
18057522087388034406,407c8c,G-WOFT,EGGD,Agusta A109E Power,
10193306162945760772,4cae98,,,,
15646114312516923766,40839a,,EGDY,,
3695508314779298656,407734,G-MGPS,EGGD,,
1062759998759220010,4ca894,EI-ENH,,BOEING 737-8AS,RYR
10174610143110618507,4d222a,9H-QCT,LEAL,,
2748734381947222886,407e4e,G-JZBT,,Boeing 737-883,EXS
6695585485447035327,400e15,G-FRAD,,FAN JET FALCON SERIES E Falcon 20e,
2821541575099474906,407734,G-MGPS,,,
14789294271515139570,4caea0,,LEMG,,
3449642662549392803,408360,,EGNV,,
3170284811765211161,a8cb1a,N666GA,EGDY,AA-5B,
8770470199545799780,407734,G-MGPS,EGHI,,
84200684799513475,400db9,G-BFBR,EGKA,PIPER PA-28-161 Cherokee Warrior Ii,
4599149352631799295,4cae4c,EI-IHZ,,Boeing 737 MAX 8-200,RYR
18295534869888694846,403f72,G-MRAJ,EGHI,HUGHES 369E Hughes 500,
18027493786105043105,407cb1,G-RUKE,EGPH,737-8AS (W),RUK
4065776437464608679,43c932,ZM704,EGDM,,
17431209538733349655,4caecc,,LMML,,
7681925799469825975,48e9f2,,LEPA,,
3914117898291085803,4caee3,,EGBJ,,
11652930948952563939,4cad10,EI-HGX,LEPA,,
15730356344902640604,400f0b,G-VRED,EHBK,AIRBUS A340-642,VIR
17812159486997239701,4cae98,,,,
4767336636446512803,4070e8,G-JZHU,,BOEING 737-800,EXS
12632385680651591801,4cad3b,EI-HGS,,,
13517234817062921443,406ca3,G-POWK,EGSS,AIRBUS A320-233,AWC
8927836400228294632,4cadf5,EI-IHJ,LEMG,Boeing 737 MAX 8-200,RYR
7542027728716730370,48c2ab,SP-RZL,,,
2580947414536713693,4ca95e,EI-HAW,LEAL,,
8796294146730824357,4009cd,G-FRAK,EGNV,FAN JET FALCON SERIES D Falcon 20d,
12048748201356698163,4009cb,G-FRAI,,FAN JET FALCON SERIES E Falcon 20e,
10408382197473276798,408360,,,,
2550873790928262892,4cad2b,EI-HEW,EGDY,,
13764794667475027710,4009d1,G-FRAP,,FAN JET FALCON SERIES D Falcon 20d,
14511138049379271784,4067ee,G-TAWK,LEMH,BOEING 737-8K5,TOM
11224328098678992723,4070e8,G-JZHU,LEPA,BOEING 737-800,EXS
8706567469554254812,400978,G-FPLD,EGNV,BEECH B200 Super Kingair,
17394299439024769855,4009d2,G-FRAR,,FAN JET FALCON SERIES D Falcon 20d,
7346083266880170943,408309,,,,
112742985896513234,407e4e,G-JZBT,,Boeing 737-883,EXS
17095370400137404567,4080b1,G-OLGE,,Cirrus SR20,
4743385108585497289,402ae1,G-BOHA,EGHI,PIPER PA-28-161 Cherokee Warrior Ii,
11193718403637108819,4caea0,,LEMG,,
9457455081227749380,4cafc0,EI-GSK,LPFR,737-8AS,RYR
306981997794065766,4cae98,,GCLP,,
3763549662540225459,408360,,,,
6207398118305846878,4009cb,G-FRAI,,FAN JET FALCON SERIES E Falcon 20e,
10629475831381500560,40710f,G-CJFO,EGBJ,DA 42 Twin Star,
8817276061861241204,4080cc,G-HMGI,EGNJ,Beech King Air 350,
2133903868145420352,406127,G-GCDB,EGFF,CIRRUS SR20,
7089421166186995718,407734,G-MGPS,EGGD,,
15262735456955003254,400e46,G-SCOL,EGDM,GIPPSLAND GA-8 Airvan,
4767540547581666307,400978,G-FPLD,,BEECH B200 Super Kingair,
4525150408484154407,400e15,G-FRAD,EGHQ,FAN JET FALCON SERIES E Falcon 20e,
17140432382304499115,400e46,G-SCOL,,GIPPSLAND GA-8 Airvan,
9035537632762300007,407b44,G-GMAF,EGJB,,
14359206376727831312,4cad2b,EI-HEW,EPWR,,
3753169080915166581,407734,G-MGPS,EGHI,,
595172397772613962,401ca5,G-BEWR,,REIMS CESSNA F172N Skyhawk,
742908661097126605,401e04,G-BGYH,,PIPER PA-28-161 Cherokee Warrior Ii,
10499294627229459703,a6e07b,N542MP,EGTK,HA-420,
6684740716084139314,401ca5,G-BEWR,EGTE,REIMS CESSNA F172N Skyhawk,
16982524203435055884,401ca5,G-BEWR,,REIMS CESSNA F172N Skyhawk,
9135076396748820413,4070e8,G-JZHU,LTAI,BOEING 737-800,EXS
377237849191553021,406daa,G-SPRK,EGVN,VANS RV-4,
636988707335537621,40665e,G-TAWC,,BOEING 737-8K5,TOM
11545608682879075991,407e4e,G-JZBT,LGKO,Boeing 737-883,EXS
5454139633360220267,4cae98,,LEPA,,
7052113888711416093,4cad2b,EI-HEW,,,
15653772402017775275,408162,,EGDY,,
9714169673414011418,4d221f,9H-QEI,,,
15625741990216709863,4caeca,,LMML,,
5697037488323365647,4cac23,EI-HGL,LEMG,,
5334553096295347366,4d234f,9H-VUP,,,
17042804030644457391,407b57,G-WKTO,EGXP,,
10747665588488745787,4ca4ee,EI-DPJ,LPFR,BOEING 737-8AS,RYR
6743244782034967825,4080ab,,EGKA,,
6268417719564651995,404f24,G-ZAVI,EGDM,IKARUS C42 FB100 Ikarus,
13627261253506289272,4caea0,,LFBE,,
9951128066864420475,49d62d,,EGNT,,
3675748419693049370,4041c2,G-MAIN,EGHL,MAINAIR BLADE 912 Blade,
9307003052041200953,3cfdec,D-CXLS,EDLN,Citation XLS+,AHO
10287017658174078821,40714e,G-OREZ,EGNR,CESSNA 525 Citation M2,
314700074460626250,402917,G-GFIG,EGUB,CESSNA 152,
14269787847548498530,40665e,G-TAWC,LEIB,BOEING 737-8K5,TOM
3570506770347995374,406f66,G-YROG,EGLC,MAGNI M24C Orion,
5755334908883405278,407c77,G-IMPT,EGHI,,
4955121553868336231,4035ec,G-BUFH,,PIPER PA-28-161 Cherokee Warrior Ii,
14842987661091887702,acfc37,N936CT,EGJB,SR22T,
502799213793742782,401ca5,G-BEWR,,REIMS CESSNA F172N Skyhawk,
17490497800788230265,40710f,G-CJFO,,DA 42 Twin Star,
1989550905879692149,4067ee,G-TAWK,LEPA,BOEING 737-8K5,TOM
16749837779323565909,4064c2,G-CGTD,EGDY,EV-97 TEAMEUROSTAR UK Eurostar,
1767190156216016729,4070e8,G-JZHU,LEAL,BOEING 737-800,EXS
17666735870265200682,408087,G-LMTI,EGPD,ATR 72-600,LOG
10471652969557670559,407e87,G-CMKJ,EGLK,,
15332871851667332814,404896,G-OJEH,,PIPER PA-28-181 Cherokee Archer Ii,
1528680965905187577,407459,G-WJSG,,,
16674551940668090074,400d74,G-AWUZ,EGKA,CESSNA F172H Skyhawk,
7536581156692256002,4072b3,G-IROX,EGLK,MAGNI M24C Orion,
15780315562932250644,40766a,G-CKYL,,,
6570945236550718346,4035ec,G-BUFH,,PIPER PA-28-161 Cherokee Warrior Ii,
2351756999227968745,402dba,G-BPIZ,,GULFSTREAM AA-5B Tiger,
11374450218266716622,4cad28,EI-HES,LEPA,,
13111604516974580545,404c27,G-CDAB,,GLASAIR SUPER IIS RG Glasair,
18130491901512495051,4ca24f,EI-DCW,LEMG,BOEING 737-8AS,RYR
805226514081797962,400b1c,G-BZTN,EGVA,EUROPA XS Europa,
12261720753971190413,406127,G-GCDB,EGVN,CIRRUS SR20,
16538208337054848028,403e8a,G-CBCL,EGVA,GLASTAR,
8010958795292766934,404896,G-OJEH,EGDY,PIPER PA-28-181 Cherokee Archer Ii,
1504024282150417672,407e7d,G-JZBX,,Boeing 737-8HX,EXS
14888626707820082080,407e9a,,EGHL,,
13356632895384103000,406127,G-GCDB,,CIRRUS SR20,
801390636691210538,4caea0,,LEPA,,
2238323862164356009,405070,G-CEEC,EGTE,X'AIR HAWK X'air,
10576467426246474655,a41855,N363KC,LFRC,SR22T,
10718211356880559458,408010,G-CMPF,EGHI,Ikarus C42 FB100 Charlie,
12813437142841912039,48c2a0,SP-RZA,EPWR,,
11145581550631358988,401e04,G-BGYH,EGDY,PIPER PA-28-161 Cherokee Warrior Ii,
5667038224012340362,4035ec,G-BUFH,,PIPER PA-28-161 Cherokee Warrior Ii,
5841301533664646186,40824b,,EGHI,,
10007907428897115601,406a97,G-CICK,,SPITFIRE MK.T IX Spitfire,
9914830518541139342,40180f,G-AXGS,EGDY,DRUINE D.62B CONDOR Condor,
9366845907344813732,40766a,G-CKYL,,,
4757982193664834783,407e3a,G-SOLE,EGNJ,,
9384199515840823028,402ae1,G-BOHA,,PIPER PA-28-161 Cherokee Warrior Ii,
2538315588086091044,405385,G-SFLB,,IKARUS C42 FB80 Ikarus,SFU
2871657793552570235,401857,G-AXTA,EGDY,PIPER PA-28-140 Cherokee,
10192599895971417322,40301d,G-PHTG,EGLK,SOCATA TB10 Tobago,
4819395520751667306,408166,,LEPA,,
11851983212976895381,4035ec,G-BUFH,,PIPER PA-28-161 Cherokee Warrior Ii,
1615892184107439126,4cad28,EI-HES,LEAL,,
14160229731722305250,4caea0,,EPKK,,
1520006599705805767,40665e,G-TAWC,,BOEING 737-8K5,TOM
14577104355952040253,4070e8,G-JZHU,,BOEING 737-800,EXS
6839945432887335152,4ca6aa,EI-DYW,LEGE,BOEING 737-8AS,RYR
756138867356337149,407e7d,G-JZBX,LEPA,Boeing 737-8HX,EXS
378591579198510120,48c2ab,SP-RZL,,,
6219401239728044907,4076b0,G-TAWY,EGKK,,
4296129749090092561,406c23,G-NILT,,EV-97 EUROSTAR SL MICROLIGHT Eurostar,
7909214487359269702,401ac5,G-BBGI,EGHL,FUJI FA-200-160 Aero Subaru,
7049243881264487906,40320a,G-VFAS,,PIPER PA-28R-200 Cherokee Arrow,
6181634901149391824,4caea0,,,,
17433820467254578302,401c3f,G-BDZD,,CESSNA F172M Skyhawk,
2056468062949132845,40665e,G-TAWC,LEPA,BOEING 737-8K5,TOM
10403580121549847210,403d78,G-BXCW,,DENNEY KITFOX MK3 Kitfox,FOX
8982756902924506958,402632,G-BMGB,EGDM,PIPER PA-28R-200 Cherokee Arrow,
2949760192405536007,401e94,G-BHUG,EGTE,CESSNA 172N Skyhawk,
9813874757128492671,4076b0,G-TAWY,LEMH,,
2828261124759611771,4ac996,SE-RLV,ESSB,,
7318383484839176237,40825a,,EGHI,,
9897234176711217066,40802b,,EGTE,,
13247543756931819305,4caa5c,EI-EVX,LEPA,BOEING 737-8AS,RYR
11857032142512842606,407e7d,G-JZBX,LEMH,Boeing 737-8HX,EXS
18380022500579148285,40766a,G-CKYL,,,
5331167614779276840,4070e8,G-JZHU,,BOEING 737-800,EXS
2701117942702008785,4011ae,G-AYII,EGDM,PIPER PA-28R-200 Cherokee Arrow,
1800155618931399443,4cae9f,,LEAL,,
15240246643103055884,40275c,G-AZCV,EGKA,BEAGLE B121 SERIES 2 Pup,
3331769467622117065,407d0d,G-CMCZ,EGLK,,
1219015352878087137,40713c,G-CJHT,EGHL,EUROFOX 3K,
11198433792036441279,40301d,G-PHTG,EGLF,SOCATA TB10 Tobago,
2597381088379897323,493282,CS-LTB,EGLC,Citation Latitude,
7114081116519846673,4035ec,G-BUFH,,PIPER PA-28-161 Cherokee Warrior Ii,
1822919409406435966,40710f,G-CJFO,,DA 42 Twin Star,
14217425145831718899,4035ec,G-BUFH,,PIPER PA-28-161 Cherokee Warrior Ii,
15217759127449806277,403467,G-BTMK,EGDM,CESSNA R172K Hawk Xp,
2777164774422890221,4cad28,EI-HES,GCFV,,
5295149046391540504,4d22ff,9H-VUA,LEMG,,RYR
14127431732458691547,407765,G-YVIP,EGJJ,,
5468251381119486673,405eb3,G-CFTO,EGTE,IKARUS C42 FB80 Ikarus,
3001433333223038880,a5313e,N4334Y,EGGD,DHC-2 MK. I(L20A),
1625493647651915682,4035ec,G-BUFH,,PIPER PA-28-161 Cherokee Warrior Ii,
12173774414352445611,49130d,CS-DXM,LFMN,Citation XLS,NJE
11812508467352944202,401ca5,G-BEWR,,REIMS CESSNA F172N Skyhawk,
11244182369987870666,40710f,G-CJFO,,DA 42 Twin Star,
2055543987339161167,4caea0,,,,
1011485481169310366,4030d6,G-BSAW,EGVA,PIPER PA-28-161 Cherokee Warrior Ii,
12475984664877487905,406a97,G-CICK,EGHI,SPITFIRE MK.T IX Spitfire,
4279078839328685230,407734,G-MGPS,EGGD,,
1006950602869756158,4011b4,G-FCUM,EGTE,ROBINSON R44 II Raven Ii,COV
16745890991948137652,407cb1,G-RUKE,EGPH,737-8AS (W),RUK
2551655443554154209,401ce9,G-BFGD,EGHI,REIMS CESSNA F172N Skyhawk,
10748489610854939129,407734,G-MGPS,EGDY,,
18189960870112717367,4035ec,G-BUFH,,PIPER PA-28-161 Cherokee Warrior Ii,
14907591285622456388,408010,G-CMPF,EGLK,Ikarus C42 FB100 Charlie,
1187386917695072781,4076b0,G-TAWY,LGKF,,
16439002048569783194,404d0b,G-ORCA,EGGD,VANS RV-4,
15160600866195673025,4070e8,G-JZHU,LEIB,BOEING 737-800,EXS
6538729491066545082,408087,G-LMTI,EGNX,ATR 72-600,LOG
16795812503761625699,4caea0,,LPFR,,
6811472226314678691,4cad28,EI-HES,LEPA,,
16518776908531714446,462dd1,OH-RJD,LSGG,,
110354326459177674,40824b,,,,
17702582754698096634,402563,G-WAVE,EGHI,GROB G109B,
10156952082028627969,401ca5,G-BEWR,,REIMS CESSNA F172N Skyhawk,
14340667547001314577,4070e8,G-JZHU,LPFR,BOEING 737-800,EXS
10618145293286221944,4caea0,,LEAL,,
13102562743500779352,402a3d,G-PDSI,EGLK,CESSNA 172N Skyhawk,
6587108625494970142,40665e,G-TAWC,,BOEING 737-8K5,TOM
7546706364783291330,4076b0,G-TAWY,LGZA,,
17594342549534915000,40710f,G-CJFO,,DA 42 Twin Star,
17760640539235288524,4052ba,G-REVE,EGDY,VANS RV-6,
18325991367240735435,407f58,G-HMGF,EGPK,Beech King Air 350,
12360426929031485196,407e7d,G-JZBX,LEPA,Boeing 737-8HX,EXS
7805722295279682380,402355,G-YULL,,PIPER PA-28-180 Cherokee,
15946531025993713930,4024ec,G-AFDO,EGHI,PIPER J3C-65 Cub,
2104991263473085735,4cad28,EI-HES,LPFR,,
13145385896040652985,4035ec,G-BUFH,,PIPER PA-28-161 Cherokee Warrior Ii,
17089359890980434460,401c76,G-BEMW,EGHL,PIPER PA-28-181 Cherokee Archer Ii,
2933963209313933247,4ca24f,EI-DCW,LEMG,BOEING 737-8AS,RYR
4383583327511672513,4011b4,G-FCUM,EGHI,ROBINSON R44 II Raven Ii,COV
13279426631461932120,40381a,G-BVEP,EGHI,LUSCOMBE 8A Silvaire,
5344130314877824606,4cad3c,EI-HMT,,,
4872516522083319449,404f67,G-WYVN,,DG-1000T,
2672676356725334821,4011b4,G-FCUM,EGHI,ROBINSON R44 II Raven Ii,COV
16695946152721379806,405fd0,G-OSRL,,LEARJET 45 Learjet,BZE
5574428038763783961,402aee,G-BOJW,EGDY,PIPER PA-28-161 Cherokee Warrior Ii,
16477362007999359325,4caea0,,LEGE,,
11407137412183473869,4052ba,G-REVE,EGHI,VANS RV-6,
9321063062357703510,4035ec,G-BUFH,,PIPER PA-28-161 Cherokee Warrior Ii,
3828496681501406695,4d0249,LX-LOE,,Hawker Beechcraft Corp Hawker 4000,FYL
4781217894381732084,4cafb3,EI-GSG,LPFR,737-8AS,RYR
18320088358818835936,407b44,G-GMAF,EGJB,,
12765009194671011809,400d78,G-CHIP,EGTE,PIPER PA-28-181 Cherokee Archer Ii,
11124359678351300991,40710f,G-CJFO,,DA 42 Twin Star,
2030717965946598034,4070e8,G-JZHU,,BOEING 737-800,EXS
13160252024207963266,407e7d,G-JZBX,,Boeing 737-8HX,EXS
9226824308281165213,4076b0,G-TAWY,,,
15442672379764575107,40665e,G-TAWC,,BOEING 737-8K5,TOM
17831837904576719929,4caea0,,,,
4819553324659536190,4d2223,9H-QEK,LPFR,737-8AS (W),MAY
6800960042715795940,402923,G-EGBJ,EGXP,PIPER PA-28-161 Cherokee Warrior Ii,
2171217717023790186,a486b5,N391CC,EDDL,PA-46-500TP,
9313286522478429683,4076fe,G-REXA,EGNX,,
13611127896216234282,407ae1,G-FHFX,EINN,EMB-550 Praetor 600,FLJ
3403626419278686339,4035ec,G-BUFH,EGHL,PIPER PA-28-161 Cherokee Warrior Ii,
11905622889670915644,407734,G-MGPS,EGDY,,
12845113444874624769,4077c9,G-CLDA,EGOS,,
14828723208058723182,40101b,G-HBBH,,IKARUS C42 FB100 Ikarus,
14059409021976642967,407734,G-MGPS,EGHI,,
2237696844474399948,4cad28,EI-HES,,,
17631893598763369912,400e15,G-FRAD,EGDX,FAN JET FALCON SERIES E Falcon 20e,
9632394193916928109,4060e0,G-CGKR,EGDY,GROB G115E Tutor,
5372032689044813447,405385,G-SFLB,EGKA,IKARUS C42 FB80 Ikarus,SFU
14553218083354126582,460812,OH-DBM,LFPB,,
5114076849238157819,407d70,,EGHQ,,
1531694680150792234,407e7d,G-JZBX,LEAL,Boeing 737-8HX,EXS
5424562240496401492,407fd4,,,,
8034823578113005384,4035ec,G-BUFH,,PIPER PA-28-161 Cherokee Warrior Ii,
9965769071864873696,401e04,G-BGYH,,PIPER PA-28-161 Cherokee Warrior Ii,
1641834573993675370,400d78,G-CHIP,,PIPER PA-28-181 Cherokee Archer Ii,
7321311303248703332,40710f,G-CJFO,,DA 42 Twin Star,
6198427474111072433,4011b4,G-FCUM,,ROBINSON R44 II Raven Ii,COV
12504062694084124303,4caea0,,,,
2254912212805646363,491312,CS-DXR,LEMD,Citation XLS,
14486124419334676796,407d60,G-OJFA,EGJJ,,
12961608181971172891,4035ec,G-BUFH,,PIPER PA-28-161 Cherokee Warrior Ii,
6186164350445721853,4035ec,G-BUFH,,PIPER PA-28-161 Cherokee Warrior Ii,
2085360169163647673,4d2272,9H-QDH,,Boeing 737-8AS,RYR
16038409243630927878,40525b,G-CEVC,EGKA,VANS RV-4,
7781544820142212064,4070e8,G-JZHU,,BOEING 737-800,EXS
7390690225957407801,4cae51,EI-IJA,LEMG,Boeing 737 MAX 8-200,RYR
6795200242408035861,401e04,G-BGYH,,PIPER PA-28-161 Cherokee Warrior Ii,
9177792613143543499,4cad28,EI-HES,LEPA,,
11996786801889954717,3ce8c7,,EHGG,,
17480081794990016021,407cb0,G-RUKD,EGPH,,
11144678321021824961,4067ee,G-TAWK,EGFF,BOEING 737-8K5,TOM
9631574473788922848,407ab0,G-NJAC,EGPK,,
7573159362715021302,4caff6,,LMML,,
2901768296573961071,40710f,G-CJFO,,DA 42 Twin Star,
5980857785067244372,403c75,G-BWUH,,PIPER PA-28-181 Cherokee Archer Iii,
470455863171998115,407b44,G-GMAF,EGJB,,
3227541441663409242,4035ec,G-BUFH,EGDY,PIPER PA-28-161 Cherokee Warrior Ii,
58292134444837509,4d244a,9H-VVF,LEPA,,
10366768444045914892,4caecc,,,,
12089925461390185946,40665e,G-TAWC,LEPA,BOEING 737-8K5,TOM
11753846187688032470,407e7d,G-JZBX,,Boeing 737-8HX,EXS
2201707100928910069,4caea0,,,,
10071949949986584536,4cad28,EI-HES,,,
13072200983562488211,4ca646,EI-DYD,LEMG,BOEING 737-8AS,RYR
13156248231209052651,48c2a6,SP-RZG,,,
11159854763147070029,4cae52,EI-IJB,LEAL,Boeing 737 MAX 8-200,RYR
13220042343861658609,406cca,G-VMOZ,,VANS RV-8,
15575755718408551361,4009d2,G-FRAR,,FAN JET FALCON SERIES D Falcon 20d,
989095344373429438,3cf0b8,,LFMN,,
12329855357278523974,4009cb,G-FRAI,,FAN JET FALCON SERIES E Falcon 20e,
10133026040076257294,400e15,G-FRAD,,FAN JET FALCON SERIES E Falcon 20e,
2931250851387820258,404f24,G-ZAVI,EGFH,IKARUS C42 FB100 Ikarus,
17672504237675262834,4009d6,G-FRAW,EGNV,FAN JET FALCON Falcon 20,
3761391691498214318,4067ee,G-TAWK,LEMH,BOEING 737-8K5,TOM
4587892406099923269,4035ec,G-BUFH,,PIPER PA-28-161 Cherokee Warrior Ii,
9836093470794982053,401a35,G-BASJ,EGBJ,PIPER PA-28-180 Cherokee,
5799879499969407150,40665e,G-TAWC,LEIB,BOEING 737-8K5,TOM
235548641182411058,402cb4,G-GZDO,EGHI,CESSNA 172N Skyhawk,
4313432454806103500,a133b3,N177FH,EGOS,177RG,
15529309488117209372,406663,G-CRSR,EGLK,SPORTCRUISER,
7386740851802329482,4cad28,EI-HES,LEMI,,
2412272478657958878,401ca5,G-BEWR,,REIMS CESSNA F172N Skyhawk,
11246133383139696231,402ae1,G-BOHA,EGHI,PIPER PA-28-161 Cherokee Warrior Ii,
8053666750813480430,40116c,G-CDOK,,IKARUS C42 FB100 Ikarus,
2397467239227454774,40710f,G-CJFO,,DA 42 Twin Star,
4733677435264339806,406e24,G-XFTF,EGHI,BRISTELL NG5 SPEED WING,
2110780202888853608,4082f3,,EGLF,,
6947796654550787423,4070e8,G-JZHU,LEPA,BOEING 737-800,EXS
1190405743495721110,407b3c,G-TTEA,EGTE,,
3510274331062815462,407e7d,G-JZBX,,Boeing 737-8HX,EXS
14377504907561970806,4035ec,G-BUFH,,PIPER PA-28-161 Cherokee Warrior Ii,
9484823353131364314,4cae57,EI-IJG,LEMG,Boeing 737 MAX 8-200,RYR
16671819051418573135,401ca5,G-BEWR,,REIMS CESSNA F172N Skyhawk,
1344621592924272800,4cafcf,EI-GXJ,LPFR,,
7185721702326599890,491306,CS-DXF,EDDM,560XLS Citation Excel,
3538104334835002889,4080c7,,,,
9166900054424547605,4caea0,,,,
2426665351699139926,400e15,G-FRAD,,FAN JET FALCON SERIES E Falcon 20e,
2711628108203616563,4009d2,G-FRAR,,FAN JET FALCON SERIES D Falcon 20d,
17613788699962322510,402e63,G-BPVI,,PIPER PA-32R-301 Saratoga Sp,
6519651755675942972,4035ec,G-BUFH,,PIPER PA-28-161 Cherokee Warrior Ii,
4533994826681661935,403c57,G-ULAS,EGHI,DHC-1 CHIPMUNK 22 Chipmunk,
2655813725860920082,401ca5,G-BEWR,,REIMS CESSNA F172N Skyhawk,
8973007567783591846,4051b1,G-SFLA,EGKA,IKARUS C42 FB80 Ikarus,SFU
11582877777363709193,4cad28,EI-HES,EPWR,,
15972903169269250660,4035ec,G-BUFH,EGHL,PIPER PA-28-161 Cherokee Warrior Ii,
13310402289816396197,20418d,,EGDY,,
11106661333688637004,400b03,G-CPSS,EGDM,CESSNA 208B Grand Caravan,
17342316717034842613,4009ca,G-FRAH,EGNV,FAN JET FALCON SERIES D Falcon 20d,
16544032517819783038,40710f,G-CJFO,,DA 42 Twin Star,
16978719060857808450,20418d,,EGHI,,
13939024017007818463,4080c7,,EGDY,,
17546830043215780873,4067ee,G-TAWK,LGRP,BOEING 737-8K5,TOM
1919710443420987024,40665e,G-TAWC,LCPH,BOEING 737-8K5,TOM
662360044699966129,4070e8,G-JZHU,LTAI,BOEING 737-800,EXS
17693007743699783275,4caea0,,LEPA,,
13960544803240289367,4cad28,EI-HES,LEGE,,
16463696261848207750,407e7d,G-JZBX,LGKO,Boeing 737-8HX,EXS
1839945924284616871,20418d,,EGDY,,
1673916312676201299,20418d,,EGHI,,
5596519304122915271,4cad4f,EI-HGE,LEAL,,
5181257245717098813,a008cb,N101DW,EGJB,PA-32R-300,
3617395772906715867,a3278f,N302JG,EGJB,TBM 700,
801477395211615260,407237,G-KKTG,EGKK,CESSNA 182R Skylane,
6560441839947895686,405f67,G-FLYW,EGFE,BEECH 200 Super Kingair,
4681024323387670017,404be9,G-CCXH,EGGD,SKYRANGER J2.2(1) Skyranger,
533291383596967012,4077c2,G-EIMS,EGHI,,
7372821152722166312,4009d1,G-FRAP,,FAN JET FALCON SERIES D Falcon 20d,
6317051937196628188,406002,G-SRRA,,TECNAM P2002-EA SIERRA Sierra,
10038284025229754065,400b32,G-GVFR,EGTC,SOCATA TB20 Trinidad,
7503824342157934830,40710f,G-CJFO,,DA 42 Twin Star,
3077794000470450394,4067ee,G-TAWK,LEPA,BOEING 737-8K5,TOM
15830542835508734033,4cad28,EI-HES,LFMK,,
11031574569286552268,4035ec,G-BUFH,,PIPER PA-28-161 Cherokee Warrior Ii,
1443487231408681319,40116e,G-PORK,EGHL,GRUMMAN AA-5B Tiger,
16222997809889459056,4011ae,G-AYII,EGHI,PIPER PA-28R-200 Cherokee Arrow,
9219449090608252183,40665e,G-TAWC,LGKF,BOEING 737-8K5,TOM
12814629055470648114,407e7d,G-JZBX,,Boeing 737-8HX,EXS
10839911239202846259,494142,CS-PJB,,Embraer Phenom 300E,NJE
183880249228787907,4009d2,G-FRAR,EGNV,FAN JET FALCON SERIES D Falcon 20d,
2313225294011195207,400e15,G-FRAD,EGNV,FAN JET FALCON SERIES E Falcon 20e,
6490910377133695657,406127,G-GCDB,,CIRRUS SR20,
8923266229059188263,4009cb,G-FRAI,EGNV,FAN JET FALCON SERIES E Falcon 20e,
7976382249899759184,4070e8,G-JZHU,LGZA,BOEING 737-800,EXS
8394898891811073790,406b3d,G-NTPS,EGGD,BRISTELL NG5 SPEED WING,
3040346091135144489,406294,G-DUDI,EGDY,ROTORSPORT UK MTOSPORT,
13354861428649084446,400bd3,G-BUJP,EGDY,PIPER PA-28-161 Cherokee Warrior Ii,
2162351941352699549,4035ec,G-BUFH,,PIPER PA-28-161 Cherokee Warrior Ii,
10702034376791702865,4011b4,G-FCUM,,ROBINSON R44 II Raven Ii,COV
3015544824911751588,4caea0,,LEMG,,
12728168967420931342,4035ec,G-BUFH,,PIPER PA-28-161 Cherokee Warrior Ii,
15686196137974817366,406cbc,G-WLTS,EGDY,BELL 429,
18014788706009608286,40738a,G-ETPC,,G 120TP-A,
13625072904585930639,40116e,G-PORK,EGDM,GRUMMAN AA-5B Tiger,
5082138136578742200,406f9d,G-DSJT,LFAT,CESSNA 182T Skylane,
216004331114732103,406391,G-LHER,,PIPERSPORT,
722532734885071959,40710f,G-CJFO,,DA 42 Twin Star,
14578395870869478238,406cbc,G-WLTS,EGDY,BELL 429,
12413340518074894521,40710f,G-CJFO,EGDY,DA 42 Twin Star,
11727230909595529690,43f6c4,,EGTK,,
59369838686359018,401ca5,G-BEWR,,REIMS CESSNA F172N Skyhawk,
15187963523165406826,4cad28,EI-HES,LEPA,,
10365019179962761164,407237,G-KKTG,,CESSNA 182R Skylane,
17823887587904624572,3d29d6,D-EOCC,,172N Skyhawk,
11153363626346307991,4cae8f,,LPFR,,
961998681966470732,4067ee,G-TAWK,,BOEING 737-8K5,TOM
14101821266178455338,407e7d,G-JZBX,LEIB,Boeing 737-8HX,EXS
3986322584806189192,401e04,G-BGYH,,PIPER PA-28-161 Cherokee Warrior Ii,
4537000350785849744,401e04,G-BGYH,,PIPER PA-28-161 Cherokee Warrior Ii,
7634148722601741376,406ec5,G-HIOW,,EC135 T3,
15345898579168048879,4caea0,,LEMG,,
7454052404356237882,407f0d,G-RUKK,EGPH,Boeing 737-8AS,RYR
5150035484549790369,4070e8,G-JZHU,,BOEING 737-800,EXS
9582627164281746557,4cad28,EI-HES,LEPA,,
7520438150358920324,40345f,G-TECC,EGKA,AERONCA 7AC Champion,
9951716075275300875,ad88dc,N971RJ,EGHL,PA-39 Twin Comanche C/R,
7697913515414596711,40811c,,EGLF,,
1324238197755033337,4009d2,G-FRAR,,FAN JET FALCON SERIES D Falcon 20d,
3950647667093880784,400e15,G-FRAD,,FAN JET FALCON SERIES E Falcon 20e,
1374100171507030458,4009cb,G-FRAI,,FAN JET FALCON SERIES E Falcon 20e,
3041399665922961870,4060d6,G-CGKG,EGDY,GROB G115E Tutor,
4540963856755954662,4035ec,G-BUFH,,PIPER PA-28-161 Cherokee Warrior Ii,
9095655320545114632,4cad28,EI-HES,LEAL,,
13008504318230250663,424c51,M-INKE,LFMN,Gulfstream G600,
10822069803813024805,4caea0,,LMML,,
10970458619152736052,4062e5,G-LOOC,EGHI,CESSNA 172S Skyhawk,
14959482577343788237,4070e8,G-JZHU,LPFR,BOEING 737-800,EXS
15032344490551225057,404330,G-BZDP,EGDM,BULLDOG SERIES 120 MODEL 121 Bulldog,
935788736165690889,4ca893,EI-ENG,LEPA,BOEING 737-8AS,RYR
8580920202915030669,4035ec,G-BUFH,,PIPER PA-28-161 Cherokee Warrior Ii,
15865928289452429310,43ea66,M-CDJC,,King Air 200GT,
7059094759303583184,40665e,G-TAWC,LEPA,BOEING 737-8K5,TOM
15015544445131478778,4ca8db,EI-ENP,LPFR,BOEING 737-8AS,RYR
15281122883427196204,405eb3,G-CFTO,EGHI,IKARUS C42 FB80 Ikarus,
12319420886387020312,40710f,G-CJFO,,DA 42 Twin Star,
1620073284559947758,4042ba,G-BZIJ,,ROBIN DR400/500 President,
9018004581128478362,4067ee,G-TAWK,,BOEING 737-8K5,TOM
18447878916530434,407e7d,G-JZBX,LEPA,Boeing 737-8HX,EXS
5315999378579192394,40710f,G-CJFO,,DA 42 Twin Star,
9448927378247103697,406ed0,G-MOSH,,PIPER PA-28R-201 Cherokee Arrow Iii,
9003645217516818894,4ca622,EI-DWV,LEAL,BOEING 737-8AS,RYR
5655256841222659092,43ee47,2-SHEE,EGJB,,
10083118472421441699,401f8f,G-BJBW,EGHL,PIPER PA-28-161 Cherokee Warrior Ii,
10856019668148045047,40766a,G-CKYL,,,
10753168633671513047,a1e06c,N22UB,EGBJ,525C,
5827869048965754427,4080b1,G-OLGE,,Cirrus SR20,
16369395124901781085,4cad28,EI-HES,LEMG,,
4449040808456265279,40710f,G-CJFO,,DA 42 Twin Star,
781566473787732396,4ca8da,EI-ENO,,BOEING 737-8AS,RYR
17019702806823512986,406e80,G-CISE,EGHI,PULSAR XP Pulsar,
12611330345916608128,404f24,G-ZAVI,,IKARUS C42 FB100 Ikarus,
1063739976797653777,4035ec,G-BUFH,,PIPER PA-28-161 Cherokee Warrior Ii,
7587755322411486783,407b44,G-GMAF,EGJB,,
3334387738347656518,4070e8,G-JZHU,,BOEING 737-800,EXS
5063000675792802498,406e80,G-CISE,,PULSAR XP Pulsar,
3849492542975415124,40665e,G-TAWC,,BOEING 737-8K5,TOM
12776720706515525578,4caea0,,,,
5022332817150229133,407e7d,G-JZBX,,Boeing 737-8HX,EXS
1792461026431957361,407f0d,G-RUKK,EGPH,Boeing 737-8AS,RYR
3106783606147687067,4067ee,G-TAWK,LTAI,BOEING 737-8K5,TOM
13458045745039004462,407b44,G-GMAF,EGJB,,
8594431816782861161,4cae90,,LMML,,
16861551506151885370,4d224e,9H-QDY,,,
12306066588582244528,4cae57,EI-IJG,LEMG,Boeing 737 MAX 8-200,RYR
5366163811946463186,4d2500,9H-VVN,,Boeing 737 MAX 8-200,RYR
13707833080784942200,4056cc,G-CFAT,EGDM,QUIK GT450 Quik,
332933321994460964,4ca8af,EI-EGD,LPFR,BOEING 737-8AS,RYR
7020858882309858886,4caea0,,LFBE,,
17769686325521738269,40710f,G-CJFO,,DA 42 Twin Star,
13234629284279865182,404446,G-KIRB,EGKA,EUROPA XS Europa,
16547872692257856316,4035ec,G-BUFH,EGHL,PIPER PA-28-161 Cherokee Warrior Ii,
10122025440555264649,4067ee,G-TAWK,LEIB,BOEING 737-8K5,TOM
4972902803228732300,40766a,G-CKYL,,,
14015292257696517971,40154f,G-ARKM,,PIPER PA-22-108 Colt,
112100054079371539,406845,G-RVWJ,EGDM,VANS RV-9A,
16978006523613075926,4080b1,G-OLGE,EGDY,Cirrus SR20,
7128821945718741769,407d9a,G-CMFF,EGLF,,
11239421012107233175,4070e8,G-JZHU,LEAL,BOEING 737-800,EXS
12234612985318771820,403d79,G-ILDA,,SPITFIRE MK.T IX Spitfire,
6612279674863920791,404923,G-IOIA,EGHL,SKY ARROW 650 T,
13702014850934701347,40116c,G-CDOK,,IKARUS C42 FB100 Ikarus,
12924411532709698891,40219e,G-DUVL,EGLK,REIMS CESSNA F172N Skyhawk,
14367531859238046504,4051b1,G-SFLA,EGDY,IKARUS C42 FB80 Ikarus,SFU
15756451952490142572,4030d6,G-BSAW,EGKA,PIPER PA-28-161 Cherokee Warrior Ii,
5667421374691404727,407e7d,G-JZBX,,Boeing 737-8HX,EXS
17204669751088262882,40665e,G-TAWC,,BOEING 737-8K5,TOM
5722155006053140488,4033bd,G-BTGO,EGVN,PIPER PA-28-140 Cherokee,
10535226059639164142,4035ec,G-BUFH,,PIPER PA-28-161 Cherokee Warrior Ii,
17684625055457233861,4030d6,G-BSAW,,PIPER PA-28-161 Cherokee Warrior Ii,
2398426814001084173,40811a,,EGDM,,
17019996606565582441,4cad28,EI-HES,LEPA,,
8173809986645911521,40710f,G-CJFO,,DA 42 Twin Star,
1786428161380197926,407765,G-YVIP,EGJJ,,
5198319658557530361,407726,G-SRCB,EGHL,,
11321370750513798558,404c27,G-CDAB,EGTE,GLASAIR SUPER IIS RG Glasair,
2764624310892935863,402ec9,G-BRAR,,AERONCA 7AC Champion,
12215828879372217471,407a04,G-NCDC,EGDM,Skyranger Nynja,
4843385216017942660,4ca24d,EI-DCY,LEMG,BOEING 737-8AS,RYR
8345753511232437905,a3dfde,N349MP,,441,
14971390907558390993,a4e246,N41344,EGGD,D17S,
16446619516336930568,4074b9,G-SATM,,,
15296673715170681428,400b1c,G-BZTN,,EUROPA XS Europa,
499400690394381800,401615,G-ASZR,EGKK,LINNET 2 Linnet,
42228354850590688,4074b9,G-SATM,,,
12949722012130573029,48c2b7,,EPWR,,
14108219463948452102,4035ec,G-BUFH,,PIPER PA-28-161 Cherokee Warrior Ii,
7662076968317846360,408239,,EGHL,,
8724976443880251852,40605c,G-EGGZ,EGDY,SKYRANGER SWIFT 912S(1) Skyranger,
5088031701091994826,40766a,G-CKYL,,,
15401993498902965791,4caea0,,LEPA,,
7574604144866664439,4241c2,VP-CYT,,Global Express XRS,
7338726219024176309,401ca5,G-BEWR,EGHL,REIMS CESSNA F172N Skyhawk,
13882247350589117162,40766a,G-CKYL,,,
1814703939787088421,4035ec,G-BUFH,,PIPER PA-28-161 Cherokee Warrior Ii,
12214272342994316390,4083c5,,EGTE,,
7424363140567811111,4035ec,G-BUFH,,PIPER PA-28-161 Cherokee Warrior Ii,
359066813233489888,406e80,G-CISE,,PULSAR XP Pulsar,
10134697237941748008,406391,G-LHER,,PIPERSPORT,
14113455185395741536,4046c6,G-FXBT,,AEROPRAKT A22 FOXBAT Foxbat,
8669347536568113231,40605c,G-EGGZ,EGHI,SKYRANGER SWIFT 912S(1) Skyranger,
3789381134104434776,a3e411,N35SN,,35-33,
6142757202977312317,407fd8,G-RESB,,Leonardo AW139,
14204236828172416344,400bd3,G-BUJP,,PIPER PA-28-161 Cherokee Warrior Ii,
7800220630449350217,402dba,G-BPIZ,,GULFSTREAM AA-5B Tiger,
14063142087734147218,4cad28,EI-HES,LEAL,,
1216798989186325707,4040c9,G-BYJS,EGTE,SOCATA TB20 Trinidad,
2032950098602355000,4067ee,G-TAWK,LCPH,BOEING 737-8K5,TOM
2910706904572484671,407fd8,G-RESB,EGHL,Leonardo AW139,
4574559303846551113,4070e8,G-JZHU,LTAI,BOEING 737-800,EXS
10940112702399293223,40435a,G-BZFT,,REBEL Rebel,
15455599806863545638,408010,G-CMPF,EGTE,Ikarus C42 FB100 Charlie,
13181826881431761610,40665e,G-TAWC,LGRP,BOEING 737-8K5,TOM
3522845211633097857,4caea0,,,,
5311688370194781141,4ca8da,EI-ENO,,BOEING 737-8AS,RYR
13789791748329298288,407e7d,G-JZBX,LEPA,Boeing 737-8HX,EXS
6996694794965185693,407fd8,G-RESB,,Leonardo AW139,
6825639696024724729,48c2a6,SP-RZG,,,
2394874764684272049,48c9cf,SP-TOP,EGLF,,
5638405773982006715,425186,,,,
6082312673944265813,4caea0,,,,
15628747138564782028,344495,EC-LYL,LEMD,Citation XLS+,GES
9248634021724987438,40665e,G-TAWC,,BOEING 737-8K5,TOM
13919639781696082079,4067ee,G-TAWK,LEMH,BOEING 737-8K5,TOM
9292378580146741913,4035ec,G-BUFH,,PIPER PA-28-161 Cherokee Warrior Ii,
4548820149163192400,407e7d,G-JZBX,LEMH,Boeing 737-8HX,EXS
12792745184488122916,401ca5,G-BEWR,,REIMS CESSNA F172N Skyhawk,
16662656390871679180,4ca570,EI-DWK,LEPA,BOEING 737-8AS,RYR
14851276970623205239,3cdde1,D-CLIF,EDDC,EMB-505 Phenom 300,DCL
8492710840688822366,406127,G-GCDB,,CIRRUS SR20,
5832984671136761720,4d24cc,9H-VVK,LEAL,Boeing 737 MAX 8-200,RYR
3338352354305957721,401113,G-CSLL,EGDY,Piper PA-28R-201 Cherokee Arrow III,
12703700820199180465,407aae,G-NJAA,EGGW,,
138217004603735859,4070e8,G-JZHU,,BOEING 737-800,EXS
4366452015010329834,401e04,G-BGYH,EGLF,PIPER PA-28-161 Cherokee Warrior Ii,
17809692949014919486,4cae51,EI-IJA,LEMG,Boeing 737 MAX 8-200,RYR
12093827922576058187,4035ec,G-BUFH,,PIPER PA-28-161 Cherokee Warrior Ii,
4130933533995232504,4cad28,EI-HES,,,
4433619799193730614,406127,G-GCDB,,CIRRUS SR20,
16099059085794709742,3e35cb,,EGJJ,,
1658012691829605071,404ecc,G-MRVL,LFAC,VANS RV-7,
15912192944993732730,4080c7,,EGDM,,
2486427566332893721,4031cf,G-CMPA,,PIPER PA-28RT-201 Cherokee Arrow Iv,
17899020756056683857,408166,,LEPA,,
9348218045193937053,4caea0,,,,
11694603969664227358,406cbc,G-WLTS,EGDY,BELL 429,
8322338586375711505,407765,G-YVIP,EGJB,,
2130408450745047553,4067ee,G-TAWK,LGKF,BOEING 737-8K5,TOM
17836114183720355656,407f1f,G-RUKM,EGPH,Boeing 737-8AS,RYR
4338661856818285886,40665e,G-TAWC,,BOEING 737-8K5,TOM
2312113694421400063,4070e8,G-JZHU,LEIB,BOEING 737-800,EXS
13338717902446383933,407e7d,G-JZBX,,Boeing 737-8HX,EXS
1740345721481952388,4caea0,,LPFR,,
17912849360033755154,4cad28,EI-HES,LEPA,,
