flight_id,flt_id,typecode,icao_aircraft_class,category,is_large_jet,time_window,last_seen,dof,lowest_leveloff_ft,leveloff_d_brock_km,n_leveloffs,village_leveloff_ft,n_village_leveloffs,gate_alt_ft,alt_vs_cda_ft,has_corridor_leveloff,leveloff_over_village,non_cda,breach_hard_floor,approached_over_village,runway_classified
8993013325626937992,RYR65FB ,B38M,,Large jet,True,Day,2026-01-01 07:22:50,2026-01-01 00:00:00,1950.0000624,6.969091538994913,2,2425.0000775999997,1,2425.0000775999997,-410.798613937518,True,True,True,False,True,True
15806879346633850837,RYR46KY ,B738,L2J,Large jet,True,Day,2026-01-01 09:56:00,2026-01-01 00:00:00,2800.0000896,2.2837440054078897,1,2800.0000896,1,2800.0000896,36.521045823429176,True,True,True,False,True,True
6010047280826111016,RUK8BP  ,B738,,Large jet,True,Day,2026-01-01 09:13:05,2026-01-01 00:00:00,,,0,,0,,,False,False,False,False,False,False
3887893277310101865,SRD375  ,,,Other,False,Day,2026-01-01 11:48:25,2026-01-01 00:00:00,,,0,,0,,,False,False,False,False,False,False
11363499212028505284,GMEEP   ,R44,H1P,Helicopter,False,Day,2026-01-01 11:38:40,2026-01-01 00:00:00,,,0,,0,,,False,False,False,False,False,False
9287288634151526382,GCMCZ   ,P28A,L1P,GA / light,False,Day,2026-01-01 12:15:45,2026-01-01 00:00:00,,,0,,0,,,False,False,False,False,False,False
12066306284292334957,GARKM   ,PA22,L1P,GA / light,False,Day,2026-01-01 12:17:35,2026-01-01 00:00:00,,,0,,0,,,False,False,False,False,False,True
8604537628479546086,URO681  ,A346,L4J,Large jet,True,Day,2026-01-01 15:43:00,2026-01-01 00:00:00,50.0000016,18.958374351345984,1,,0,,,True,False,True,False,False,False
12769922573233615122,RYR11MN ,B738,L2J,Large jet,True,Day,2026-01-01 15:04:05,2026-01-01 00:00:00,75.0000024,18.610979615782515,1,,0,,,True,False,True,False,False,False
15286601130700432990,RYR6765 ,B738,L2J,Large jet,True,Day,2026-01-01 15:15:45,2026-01-01 00:00:00,125.000004,18.680522531814034,1,,0,,,True,False,True,False,False,False
11775581418486305650,RYR5AM  ,B738,L2J,Large jet,True,Day,2026-01-01 15:52:00,2026-01-01 00:00:00,75.0000024,18.741726601231992,1,,0,,,True,False,True,False,False,False
17744051451193095379,EZY56BH ,,,Other,False,Day,2026-01-01 16:02:35,2026-01-01 00:00:00,100.0000032,18.548319406920626,1,,0,,,True,False,True,False,False,False
9807171154944434925,GOLAJ   ,R44,H1P,Helicopter,False,Day,2026-01-01 15:59:55,2026-01-01 00:00:00,1300.0000416,16.289031003102576,15,,0,,,True,False,True,False,True,True
6948221040853378376,TOM6TM  ,B738,L2J,Large jet,True,Day,2026-01-01 17:24:30,2026-01-01 00:00:00,75.0000024,18.825840107965313,1,,0,,,True,False,True,False,True,True
7239417739676151662,RYR54WK ,B38M,,Large jet,True,Day,2026-01-01 18:44:00,2026-01-01 00:00:00,100.0000032,18.608139390404308,3,2600.0000832,2,2600.0000832,-485.58565192474407,True,True,True,False,True,True
14797384656424338923,EXS3AS  ,B738,,Large jet,True,Day,2026-01-01 18:14:55,2026-01-01 00:00:00,100.0000032,18.78909959218485,2,2600.0000832,1,,,True,True,True,False,True,True
11329212903210702123,EXS67BH ,B738,L2J,Large jet,True,Evening,2026-01-01 19:43:35,2026-01-01 00:00:00,125.000004,18.637550612742626,4,2100.0000672,3,,,True,True,True,False,True,True
18079956744593448248,RYR20MC ,B738,,Large jet,True,Evening,2026-01-01 21:39:25,2026-01-01 00:00:00,,,0,,0,,,False,False,False,False,False,False
700937874511189644,RYR22HC ,B738,L2J,Large jet,True,Evening,2026-01-01 22:12:35,2026-01-01 00:00:00,100.0000032,18.941529237826835,1,,0,,,True,False,True,False,True,True
17281436811199379632,RYR323H ,B738,L2J,Large jet,True,Evening,2026-01-01 22:30:55,2026-01-01 00:00:00,100.0000032,18.619756700302982,3,3325.0001064000003,2,3325.0001064000003,99.38057506016867,True,True,True,False,True,True
16925516463654653710,SRG375  ,,,Other,False,Night,2026-01-01 23:28:50,2026-01-01 00:00:00,,,0,,0,,,False,False,False,False,False,True
14764438254351512697,RYR54WK ,B738,L2J,Large jet,True,Day,2026-01-11 08:04:25,2026-01-11 00:00:00,3300.0001056,1.3209524190724249,1,3300.0001056,1,3300.0001056,89.46046982701091,True,True,True,False,True,True
5174482861592663394,URO601  ,A346,L4J,Large jet,True,Day,2026-01-11 12:41:35,2026-01-11 00:00:00,2525.0000808,1.3921105772738454,2,2525.0000808,2,2525.0000808,-412.51111876693267,True,True,True,False,True,True
12723529814859562920,RYR20MC ,B738,L2J,Large jet,True,Day,2026-01-11 13:08:55,2026-01-11 00:00:00,50.0000016,19.00251605672824,2,,0,,,True,False,True,False,True,True
9895425069050234401,OHJFM   ,PC12,L1T,Turboprop,False,Day,2026-01-11 13:57:25,2026-01-11 00:00:00,250.000008,17.4791148399535,6,2575.0000824,3,2575.0000824,-435.98769947986784,True,True,True,False,True,True
12371447904565609141,RYR46KY ,B38M,L2J,Large jet,True,Day,2026-01-11 18:31:35,2026-01-11 00:00:00,3050.0000976,1.4800939264305586,1,3050.0000976,2,3050.0000976,183.61024502720147,True,True,True,False,False,True
13223069452676515434,EXS19W  ,B738,,Large jet,True,Day,2026-01-11 17:30:20,2026-01-11 00:00:00,200.0000064,18.411377520232172,2,2875.000092,1,2875.000092,235.88095005917148,True,True,True,False,True,True
17057971779615288341,EZY15CF ,A320,L2J,Large jet,True,Day,2026-01-11 17:25:40,2026-01-11 00:00:00,200.0000064,18.39905462360955,1,,0,,,True,False,True,False,True,True
16226289992328483882,TOM7FT  ,B738,L2J,Large jet,True,Day,2026-01-11 18:46:10,2026-01-11 00:00:00,200.0000064,18.92818650739506,3,2725.0000872,2,2725.0000872,-39.07515585466308,True,True,True,False,True,True
13434763290545994704,RUK8BP  ,B738,,Large jet,True,Day,2026-01-11 18:59:55,2026-01-11 00:00:00,1450.0000464000002,11.547401231209099,7,2700.0000864000003,3,4414.583474599998,1170.077550614717,True,True,True,False,True,True
1149252858001026583,RYR6FY  ,B738,L2J,Large jet,True,Evening,2026-01-11 20:14:00,2026-01-11 00:00:00,300.0000096,18.426634118743138,2,2775.0000888,1,3300.0001056,186.6561473650845,True,True,True,False,True,True
16212200914678067493,RYR949  ,B38M,L2J,Large jet,True,Evening,2026-01-11 20:14:00,2026-01-11 00:00:00,275.00000880000005,18.45887476620814,1,,0,,,True,False,True,False,False,True
12888320409377141537,RYR5AM  ,B738,L2J,Large jet,True,Evening,2026-01-11 22:27:00,2026-01-11 00:00:00,250.000008,18.696923518393103,3,2950.0000944000003,2,3000.000096,354.83568197585555,True,True,True,False,True,True
11331577419906749753,HLE10   ,A169,H2T,Helicopter,False,Night,2026-01-11 23:12:40,2026-01-11 00:00:00,650.0000208,19.235757737245525,1,,0,,,True,False,True,False,False,True
14332793208223171776,RYR20MC ,B738,L2J,Large jet,True,Day,2026-01-12 08:25:50,2026-01-12 00:00:00,275.00000880000005,18.580842569703325,3,3400.0001088000004,1,3400.0001088000004,258.63637148124235,True,True,True,False,True,True
9194916072156632797,GSAJM   ,DA42,L2P,GA / light,False,Day,2026-01-12 10:35:10,2026-01-12 00:00:00,550.0000176000001,17.088465789685483,8,2700.0000864000003,2,2700.0000864000003,-275.97222903913143,True,True,True,False,True,True
7486322093808781957,JFA33J  ,P180,L2T,Turboprop,False,Day,2026-01-12 09:36:25,2026-01-12 00:00:00,2800.0000896,2.770798440594197,4,2800.0000896,4,2800.0000896,-267.97984727831,True,True,True,False,True,True
12801880698757257281,HYP025  ,GL5T,L2J,Business jet,False,Day,2026-01-12 12:32:20,2026-01-12 00:00:00,2850.0000912,3.1583197144037536,1,2850.0000912,1,,,True,True,True,False,True,True
4097909215440496038,CRIMSON1,FA20,L2J,Business jet,False,Day,2026-01-12 11:30:00,2026-01-12 00:00:00,300.0000096,18.39497737943228,5,2325.0000744000004,2,,,True,True,True,False,True,True
13471694803789979506,EZY56BH ,A20N,L2J,Large jet,True,Day,2026-01-12 12:04:25,2026-01-12 00:00:00,300.0000096,18.397891438550552,1,,0,,,True,False,True,False,False,True
14990313979449750215,URO681  ,A346,L4J,Large jet,True,Day,2026-01-12 14:40:10,2026-01-12 00:00:00,2100.0000672,8.19480858800157,4,2825.0000904000003,2,2825.0000904000003,-263.29460704516396,True,True,True,False,True,True
4904912381734604868,RYR11MN ,B738,L2J,Large jet,True,Day,2026-01-12 15:07:40,2026-01-12 00:00:00,300.0000096,18.53670208508642,2,4100.0001312,1,,,True,True,True,False,True,True
11758724118824022598,SRD203B ,BE20,L2T,Turboprop,False,Day,2026-01-12 14:59:55,2026-01-12 00:00:00,1150.0000368,14.994748212885767,4,2800.0000896,2,2800.0000896,-340.56351299825974,True,True,True,False,True,True
15744859535156590711,AMBER2  ,FA20,L2J,Business jet,False,Day,2026-01-12 15:04:35,2026-01-12 00:00:00,300.0000096,18.548319406920626,10,2090.625066900001,6,2250.0000720000003,-508.7922563026791,True,True,True,False,True,True
8870284192862647620,AMBER1  ,FA20,L2J,Business jet,False,Day,2026-01-12 14:50:45,2026-01-12 00:00:00,2075.0000664,8.428475815243381,3,2325.0000744000004,1,2325.0000744000004,-685.4505191308158,True,True,True,False,True,True
16272110353617539731,EXS67DE ,B738,,Large jet,True,Day,2026-01-12 15:23:10,2026-01-12 00:00:00,300.0000096,18.756296813556535,3,2800.0000896,2,3150.0001008,61.81013074556358,True,True,True,False,True,True
8441815851785191224,RYR3971 ,B738,L2J,Large jet,True,Day,2026-01-12 15:25:30,2026-01-12 00:00:00,300.0000096,18.609304029060258,1,,0,,,True,False,True,False,False,True
12116219078680996291,FRA39   ,BN2T,L2T,Turboprop,False,Day,2026-01-12 17:16:10,2026-01-12 00:00:00,2800.0000896,1.5888108877189346,7,2800.0000896,7,2800.0000896,-185.2968856089169,True,True,True,False,True,True
14450887189799503524,GKGRP   ,A109,H2T,Helicopter,False,Day,2026-01-12 16:25:55,2026-01-12 00:00:00,350.0000112,18.952465811664513,8,,0,,,True,False,True,False,True,True
5543300206808537591,TOM8AE  ,B738,L2J,Large jet,True,Day,2026-01-12 17:33:15,2026-01-12 00:00:00,275.00000880000005,18.609304029060258,1,,0,,,True,False,True,False,False,True
12729435174867769962,EXS68M  ,B738,L2J,Large jet,True,Day,2026-01-12 18:07:10,2026-01-12 00:00:00,250.000008,18.902613505633877,2,,0,,,True,False,True,False,False,True
15098167245956320612,PIPE65  ,,,Other,False,Day,2026-01-12 16:35:45,2026-01-12 00:00:00,325.0000104,18.988256169582474,13,,0,,,True,False,True,False,True,True
13520656273178719036,FRA82   ,,,Other,False,Day,2026-01-12 17:50:45,2026-01-12 00:00:00,2550.0000816,6.002804896194782,6,2775.0000888,3,2800.0000896,-134.09017973152413,True,True,True,False,True,True
9565544464767047938,SRD203B ,BE20,L2T,Turboprop,False,Day,2026-01-12 17:25:35,2026-01-12 00:00:00,325.0000104,18.797486090240096,3,6264.0497872264505,1,,,True,True,True,False,True,True
6077689147184483309,HLE10   ,A169,H2T,Helicopter,False,Day,2026-01-12 18:15:15,2026-01-12 00:00:00,,,0,,0,,,False,False,False,False,False,True
4020726294914435198,AMBER1  ,FA20,L2J,Business jet,False,Evening,2026-01-12 21:28:45,2026-01-12 00:00:00,1900.0000608,8.821004600266999,2,2725.0000872,1,2725.0000872,-358.03906487723634,True,True,True,False,True,True
13324424909296781308,AMBER2  ,FA20,L2J,Business jet,False,Evening,2026-01-12 21:25:30,2026-01-12 00:00:00,250.000008,18.487149672557877,2,2095.6897222344824,1,2095.6897222344824,-991.1958430509108,True,True,True,False,True,True
12962975024868336402,RYR46KY ,B738,L2J,Large jet,True,Evening,2026-01-12 22:15:15,2026-01-12 00:00:00,275.00000880000005,18.28754172379052,1,,0,,,True,False,True,False,False,True
4369791765394387599,BAH700  ,,,Other,False,Day,2026-01-13 09:14:15,2026-01-13 00:00:00,275.00000880000005,18.53670208508642,2,2800.0000896,1,2800.0000896,168.16897552085402,True,True,True,False,True,True
3429604841171321498,URO601  ,A346,L4J,Large jet,True,Day,2026-01-13 12:23:00,2026-01-13 00:00:00,300.0000096,18.95082096078313,3,2775.0000888,2,2775.0000888,64.89010209044545,True,True,True,False,True,True
10213545422983334195,MDUBS   ,FA7X,L3J,Business jet,False,Day,2026-01-13 10:24:30,2026-01-13 00:00:00,275.00000880000005,18.57309291886304,3,2800.0000896,1,,,True,True,True,False,True,True
10935462529745735039,EXS257G ,B738,L2J,Large jet,True,Day,2026-01-13 16:02:10,2026-01-13 00:00:00,250.000008,18.653951517956216,1,,0,,,True,False,True,False,False,True
909202131718239614,RYR65FB ,B38M,L2J,Large jet,True,Day,2026-01-13 17:09:10,2026-01-13 00:00:00,250.000008,18.58834867757592,1,,0,,,True,False,True,False,False,True
8601653092078061216,PIPE65  ,,,Other,False,Day,2026-01-13 16:07:55,2026-01-13 00:00:00,,,0,,0,,,False,False,False,False,False,True
6393839885782652297,TOM7KX  ,B738,L2J,Large jet,True,Day,2026-01-13 18:12:35,2026-01-13 00:00:00,225.0000072,18.686753716799394,1,,0,,,True,False,True,False,False,True
11964802912876273863,GMA023  ,BE20,L2T,Turboprop,False,Day,2026-01-13 17:18:20,2026-01-13 00:00:00,200.0000064,18.426634118743138,2,,0,,,True,False,True,False,True,True
7908508916681891924,FJO649  ,GLF6,L2J,Business jet,False,Day,2026-01-14 08:54:00,2026-01-14 00:00:00,1975.0000632,5.24693589385162,2,1975.0000632,2,,,True,True,True,False,True,True
10608121771002917574,CRIMSON2,FA20,L2J,Business jet,False,Day,2026-01-14 10:27:50,2026-01-14 00:00:00,1275.0000408,11.882034739703979,1,,0,,,True,False,True,False,False,True
5974364424889648765,SRD375  ,,,Other,False,Day,2026-01-14 11:06:40,2026-01-14 00:00:00,,,0,,0,,,False,False,False,False,False,False
11780412050067358532,FRA82   ,,,Other,False,Day,2026-01-14 11:57:20,2026-01-14 00:00:00,50.0000016,18.75217910938589,1,,0,,,True,False,True,False,False,True
15217505653608464829,URO681  ,A346,L4J,Large jet,True,Day,2026-01-14 13:45:25,2026-01-14 00:00:00,2675.0000856,1.5321795604509043,1,2675.0000856,1,2675.0000856,-208.18067922314594,True,True,True,False,True,True
397926138341013209,GOLGE   ,SR20,,Other,False,Day,2026-01-14 12:48:30,2026-01-14 00:00:00,1300.0000416,12.913927161394906,3,,0,,,True,False,True,False,False,True
18296826493183425858,GKGRP   ,A109,H2T,Helicopter,False,Day,2026-01-14 11:55:15,2026-01-14 00:00:00,950.0000304,14.250482440909577,2,,0,,,True,False,True,False,True,True
8436102616260995626,GBUFH   ,P28A,L1P,GA / light,False,Day,2026-01-14 12:52:00,2026-01-14 00:00:00,900.0000288,14.781653693278683,4,,0,,,True,False,True,False,False,True
14014117297102386344,SRD203B ,BE20,L2T,Turboprop,False,Day,2026-01-14 12:33:00,2026-01-14 00:00:00,1500.000048,4.465905041558551,5,1500.000048,2,,,True,True,True,False,True,True
18109814399161881314,GRIGH   ,P32R,L1P,GA / light,False,Day,2026-01-14 12:56:55,2026-01-14 00:00:00,600.0000192,16.05849914783489,1,,0,,,True,False,True,False,False,True
14657263657792067400,GBEWR   ,C172,L1P,GA / light,False,Day,2026-01-14 13:48:00,2026-01-14 00:00:00,1125.0000360000001,18.57452850422437,10,1975.0000632,1,,,True,True,True,False,True,True
4332056796104063575,,EC35,H2T,Helicopter,False,Day,2026-01-14 12:25:40,2026-01-14 00:00:00,,,0,,0,,,False,False,False,False,False,False
3918197800877389957,CRIMSON2,FA20,L2J,Business jet,False,Day,2026-01-14 14:51:35,2026-01-14 00:00:00,100.0000032,18.853558284470108,3,2025.0000648,2,,,True,True,True,False,True,True
9512096017475202236,CRIMSON1,FA20,L2J,Business jet,False,Day,2026-01-14 14:47:00,2026-01-14 00:00:00,100.0000032,18.578178098781102,3,2075.0000664,2,,,True,True,True,False,True,True
3765405707850581954,NJU5CM  ,,,Other,False,Day,2026-01-14 14:32:45,2026-01-14 00:00:00,100.0000032,18.69069280167029,3,2575.0000824,1,2575.0000824,-382.9833297675,True,True,True,False,True,True
7435206521147734972,GMOSH   ,P28R,L1P,GA / light,False,Day,2026-01-14 14:32:00,2026-01-14 00:00:00,800.0000256,17.925537536881187,1,,0,,,True,False,True,False,False,True
3054617228793123626,GSAJM   ,DA42,L2P,GA / light,False,Day,2026-01-14 15:25:00,2026-01-14 00:00:00,1900.0000608,7.727151154880807,3,2000.000064,2,,,True,True,True,False,True,True
17451251940025060215,BWY30   ,FA20,L2J,Business jet,False,Day,2026-01-14 16:46:55,2026-01-14 00:00:00,125.000004,18.775415502709578,1,,0,,,True,False,True,False,True,True
15322667043798092866,SXN608  ,,,Other,False,Day,2026-01-14 14:42:35,2026-01-14 00:00:00,100.0000032,18.665267672399526,2,2600.0000832,1,2600.0000832,-219.6192870932332,True,True,True,False,True,True
9809494641093059037,GMA023  ,BE20,L2T,Turboprop,False,Day,2026-01-14 17:03:20,2026-01-14 00:00:00,1300.0000416,11.920422234764045,4,2600.0000832,3,2700.0000864000003,-320.3528586675743,True,True,True,False,True,True
12899262859509399928,BAH6    ,GLF6,L2J,Business jet,False,Evening,2026-01-14 20:01:05,2026-01-14 00:00:00,200.0000064,18.61606469013706,2,2675.0000856,1,2650.0000848,-212.33874217934772,True,True,True,False,True,True
16076477351530260618,CRX9A   ,C25A,L2J,Business jet,False,Evening,2026-01-14 19:00:55,2026-01-14 00:00:00,2150.0000688,2.2840333739613454,1,2150.0000688,1,2150.0000688,-756.6211579671144,True,True,True,False,True,True
642730702238118562,RUK8BP  ,B738,,Large jet,True,Day,2026-01-15 09:24:35,2026-01-15 00:00:00,300.0000096,18.718409555420664,2,4200.0001344,1,,,True,True,True,False,True,True
7705415429906729367,HLE10   ,A169,H2T,Helicopter,False,Day,2026-01-15 10:32:45,2026-01-15 00:00:00,700.0000224,14.65158939084657,6,,0,,,True,False,True,False,True,True
11015125663388529277,GMA023  ,BE20,L2T,Turboprop,False,Day,2026-01-15 11:26:35,2026-01-15 00:00:00,400.0000128,18.63246555458007,5,2400.0000768,3,2400.0000768,-326.5878585565629,True,True,True,False,True,True
10334398381642549544,PTN82F  ,PC24,,Business jet,False,Day,2026-01-15 13:47:45,2026-01-15 00:00:00,500.000016,18.365367817549668,3,2950.0000944000003,2,2975.0000952000005,117.04904449911646,True,True,True,False,True,True
5432229979944796044,HLE10   ,A169,H2T,Helicopter,False,Day,2026-01-15 11:51:20,2026-01-15 00:00:00,825.0000264,15.491742331775857,5,,0,,,True,False,True,False,True,True
14641779852299748030,URO601  ,A346,L4J,Large jet,True,Day,2026-01-15 14:42:50,2026-01-15 00:00:00,3025.0000968000004,1.2551365674705113,1,3025.0000968000004,1,3025.0000968000004,-283.3619581429084,True,True,True,False,True,True
9905559562133609558,AMBER2  ,FA20,L2J,Business jet,False,Day,2026-01-15 16:17:10,2026-01-15 00:00:00,475.0000152,18.45434882904346,3,,0,,,True,False,True,False,False,True
11725215191488399232,RYR54WK ,B38M,,Large jet,True,Day,2026-01-15 17:58:20,2026-01-15 00:00:00,425.00001360000005,18.70281189020481,1,,0,,,True,False,True,False,False,True
6368470809865349813,EXS3AS  ,B738,,Large jet,True,Day,2026-01-15 17:18:40,2026-01-15 00:00:00,450.0000144,18.751211996626566,2,2950.0000944000003,1,2950.0000944000003,14.469498815637508,True,True,True,False,True,True
13295476917586311542,TOM6TM  ,B738,L2J,Large jet,True,Evening,2026-01-15 19:03:00,2026-01-15 00:00:00,400.0000128,18.841627337154694,1,,0,,,True,False,True,False,False,True
2465219273251981917,EXS67BH ,B738,L2J,Large jet,True,Evening,2026-01-15 19:20:40,2026-01-15 00:00:00,425.00001360000005,18.48091992974366,1,,0,,,True,False,True,False,True,True
3287635029963774696,GMA023  ,BE20,L2T,Turboprop,False,Day,2026-01-15 18:57:40,2026-01-15 00:00:00,400.0000128,18.475834520759705,3,,0,,,True,False,True,False,True,True
8363538658000266923,HELIOP  ,,,Other,False,Day,2026-01-16 09:24:10,2026-01-16 00:00:00,,,0,,0,,,False,False,False,False,False,False
17353508580016539161,SRD203B ,BE20,L2T,Turboprop,False,Day,2026-01-16 12:25:25,2026-01-16 00:00:00,200.0000064,18.653444790032758,2,,0,,,True,False,True,False,True,True
5477904674630477769,AMBER1  ,FA20,L2J,Business jet,False,Day,2026-01-16 10:17:50,2026-01-16 00:00:00,175.0000056,18.589493701588133,4,2150.0000688,3,,,True,True,True,False,True,True
7423307609691331934,CRIMSON1,FA20,L2J,Business jet,False,Day,2026-01-16 11:26:30,2026-01-16 00:00:00,175.0000056,18.59245999555373,2,2650.0000848,1,2650.0000848,-423.695608626429,True,True,True,False,True,True
1088331619913670894,GBKXF   ,P28R,L1P,GA / light,False,Day,2026-01-16 10:07:50,2026-01-16 00:00:00,1225.0000392,18.51767084026412,3,,0,,,True,False,True,False,False,True
1583833593209588816,RYR6FY  ,B738,L2J,Large jet,True,Day,2026-01-16 12:04:50,2026-01-16 00:00:00,175.0000056,18.73127439956071,1,,0,,,True,False,True,False,True,True
18301450582967074720,GSAJM   ,DA42,L2P,GA / light,False,Day,2026-01-16 10:25:00,2026-01-16 00:00:00,375.000012,17.53254245931432,6,,0,,,True,False,True,False,True,True
13636480360238387781,GBEWR   ,C172,L1P,GA / light,False,Day,2026-01-16 10:31:10,2026-01-16 00:00:00,,,0,,0,,,False,False,False,False,False,True
6398633960577528376,GPORK   ,AA5,L1P,GA / light,False,Day,2026-01-16 11:59:55,2026-01-16 00:00:00,1525.0000488,1.567615305758199,7,1525.0000488,7,1625.000052,-1675.6898207547572,True,True,True,True,True,True
8741981868812481248,GCGMV   ,UNDEFINED,,Other,False,Day,2026-01-16 12:13:20,2026-01-16 00:00:00,,,0,,0,,,False,False,False,False,False,False
16136167607587203031,MOG82P  ,E135,L2J,Large jet,True,Day,2026-01-16 13:03:50,2026-01-16 00:00:00,,,0,,0,,,False,False,False,False,True,True
18044950667721090241,GBEWR   ,C172,L1P,GA / light,False,Day,2026-01-16 12:50:35,2026-01-16 00:00:00,200.0000064,18.385045474496486,6,,0,,,True,False,True,False,False,True
13794918621619347049,GCKYL   ,C42,L1P,GA / light,False,Day,2026-01-16 12:26:10,2026-01-16 00:00:00,,,0,,0,,,False,False,False,False,False,False
14886072472296094043,RYR46KY ,,,Other,False,Day,2026-01-16 14:18:10,2026-01-16 00:00:00,150.0000048,18.736500462053964,1,,0,,,True,False,True,False,False,True
14241005288940753254,,SR20,L1P,GA / light,False,Day,2026-01-16 13:08:30,2026-01-16 00:00:00,,,0,,0,,,False,False,False,False,False,True
12793984639769383803,GGCDB   ,SR20,L1P,GA / light,False,Day,2026-01-16 13:17:30,2026-01-16 00:00:00,275.00000880000005,17.611401885366437,3,,0,,,True,False,True,False,False,True
8227910232933761078,HLE10   ,A169,H2T,Helicopter,False,Day,2026-01-16 14:36:15,2026-01-16 00:00:00,,,0,,0,,,False,False,False,False,False,True
7977953616468022531,GOLGE   ,SR20,,Other,False,Day,2026-01-16 14:15:30,2026-01-16 00:00:00,200.0000064,18.41589822254852,15,,0,,,True,False,True,False,True,True
6280111063355236293,FRA85   ,,,Other,False,Day,2026-01-16 14:59:15,2026-01-16 00:00:00,225.0000072,18.703155009820495,5,1725.0000552,2,,,True,True,True,False,False,True
11076592195222195529,EXS67DE ,B738,,Large jet,True,Day,2026-01-16 16:49:25,2026-01-16 00:00:00,175.0000056,18.766466664913306,1,,0,,,True,False,True,False,False,False
10964726629781666990,GBWUH   ,P28A,L1P,GA / light,False,Day,2026-01-16 15:12:10,2026-01-16 00:00:00,2025.0000648,8.59103327425725,2,2075.0000664,1,,,True,True,True,False,True,True
15669532784198591233,GBUJP   ,P28A,L1P,GA / light,False,Day,2026-01-16 15:32:35,2026-01-16 00:00:00,450.0000144,17.138253277571483,7,2675.0000856,5,2700.0000864000003,-226.3664848915787,True,True,True,False,True,True
15448189077185486330,TOM2TG  ,B738,L2J,Large jet,True,Evening,2026-01-16 19:13:50,2026-01-16 00:00:00,100.0000032,18.653444790032758,1,,0,,,True,False,True,False,False,False
12131418501243598861,RYR65FB ,B738,L2J,Large jet,True,Evening,2026-01-16 19:22:25,2026-01-16 00:00:00,150.0000048,18.587233684773942,2,3150.0001008,1,3150.0001008,112.32893686336229,True,True,True,False,True,True
11219318620915509186,HLE10   ,A169,H2T,Helicopter,False,Day,2026-01-16 18:34:40,2026-01-16 00:00:00,,,0,,0,,,False,False,False,False,True,True
5456787809286127851,RYR20MC ,B38M,L2J,Large jet,True,Evening,2026-01-16 20:58:00,2026-01-16 00:00:00,150.0000048,18.23701352796397,1,,0,,,True,False,True,False,False,True
13557994848651584273,RUK8BP  ,B738,,Large jet,True,Evening,2026-01-16 21:04:30,2026-01-16 00:00:00,125.000004,18.753344939145986,1,,0,,,True,False,True,False,False,True
12887207848384026624,RYR5AM  ,B738,L2J,Large jet,True,Evening,2026-01-16 22:38:50,2026-01-16 00:00:00,125.000004,18.78909959218485,1,,0,,,True,False,True,False,True,True
12771251922126470218,RYR22HC ,B38M,,Large jet,True,Day,2026-01-17 07:02:40,2026-01-17 00:00:00,,,0,,0,,,False,False,False,False,False,False
11551388580005599825,EZS15WP ,A320,L2J,Large jet,True,Day,2026-01-17 08:10:00,2026-01-17 00:00:00,75.0000024,18.946755017434636,1,,0,,,True,False,True,False,False,False
7042733204719894416,LUA463T ,,,Other,False,Day,2026-01-17 11:08:30,2026-01-17 00:00:00,450.0000144,15.948436142977329,4,2500.00008,2,2500.00008,-522.4788964615427,True,True,True,False,True,True
3487255327073168007,RYR11MN ,B738,L2J,Large jet,True,Day,2026-01-17 13:18:45,2026-01-17 00:00:00,,,0,,0,,,False,False,False,False,False,False
5961664914327964447,URO601  ,A346,L4J,Large jet,True,Day,2026-01-17 14:11:10,2026-01-17 00:00:00,3700.0001184,6.655530105858499,2,,0,3625.000116,20.608526127801724,True,False,True,False,True,True
17469644161687325105,GOLAJ   ,R44,H1P,Helicopter,False,Day,2026-01-17 12:07:50,2026-01-17 00:00:00,200.0000064,17.807317705241875,3,,0,,,True,False,True,False,False,True
3139543174841798210,RYR6765 ,B738,L2J,Large jet,True,Day,2026-01-17 15:10:55,2026-01-17 00:00:00,,,0,,0,,,False,False,False,False,False,False
5199289930201388021,GBUFH   ,P28A,L1P,GA / light,False,Day,2026-01-17 14:10:55,2026-01-17 00:00:00,875.0000279999999,16.012769277230475,5,,0,,,True,False,True,False,False,True
1368202984421583750,EZY2696 ,A320,L2J,Large jet,True,Day,2026-01-17 15:35:10,2026-01-17 00:00:00,4100.0001312,3.313736044360599,1,4100.0001312,1,,,True,True,True,False,True,True
4240277312048365639,GOLAJ   ,R44,H1P,Helicopter,False,Day,2026-01-17 15:18:25,2026-01-17 00:00:00,700.0000224,14.84773119124949,2,,0,,,True,False,True,False,True,True
8955764235729139400,GOLGE   ,SR20,,Other,False,Day,2026-01-17 16:09:05,2026-01-17 00:00:00,975.0000312,18.532031205763573,1,,0,,,True,False,True,False,True,True
17062309662264732237,EXS3AS  ,B738,L2J,Large jet,True,Day,2026-01-17 17:42:10,2026-01-17 00:00:00,2425.0000775999997,2.8749355712834648,1,2425.0000775999997,1,2425.0000775999997,-196.79274520290528,True,True,True,False,True,True
10382671798632811265,N35SN   ,BE35,L1P,GA / light,False,Day,2026-01-17 16:41:30,2026-01-17 00:00:00,1800.0000576,10.151347382494277,6,2050.0000656,2,,,True,True,True,False,True,True
134349315612656943,GBEWR   ,C172,L1P,GA / light,False,Day,2026-01-17 16:52:35,2026-01-17 00:00:00,425.00001360000005,15.868193253603064,2,,0,,,True,False,True,False,True,True
10478674705892752575,GMA023  ,BE20,L2T,Turboprop,False,Day,2026-01-17 16:46:15,2026-01-17 00:00:00,1900.0000608,6.266830714800163,2,,0,,,True,False,True,False,True,True
7854455430618293272,,EC35,H2T,Helicopter,False,Evening,2026-01-17 21:08:00,2026-01-17 00:00:00,,,0,,0,,,False,False,False,False,True,True
9805221997139796053,HLE56   ,EC35,H2T,Helicopter,False,Evening,2026-01-17 21:14:25,2026-01-17 00:00:00,700.0000224,16.436873604992176,3,950.0000304,1,,,True,True,True,False,True,True
17099796409355677822,RYR54WK ,B738,L2J,Large jet,True,Day,2026-01-18 07:47:00,2026-01-18 00:00:00,,,0,,0,,,False,False,False,False,True,True
3275033776425349865,URO601  ,A346,L4J,Large jet,True,Day,2026-01-18 12:05:00,2026-01-18 00:00:00,2425.0000775999997,8.798777355125043,1,,0,,,True,False,True,False,True,True
12673547176547708173,MOUSE   ,C510,L2J,Business jet,False,Day,2026-01-18 10:05:20,2026-01-18 00:00:00,1900.0000608,4.074382582051124,2,1900.0000608,1,,,True,True,True,False,True,True
17791396320083794895,RYR20MC ,B738,L2J,Large jet,True,Day,2026-01-18 12:28:10,2026-01-18 00:00:00,4700.0001504,10.099167137129387,1,,0,,,True,False,True,False,False,False
14646941032773156065,SRD375  ,,,Other,False,Day,2026-01-18 11:49:30,2026-01-18 00:00:00,1425.0000456,6.771037976873082,1,,0,,,True,False,True,False,True,True
9214361081837039706,URO681  ,A346,L4J,Large jet,True,Day,2026-01-18 15:10:55,2026-01-18 00:00:00,,,0,,0,,,False,False,False,False,False,False
3889136569954476560,RYR46KY ,B738,L2J,Large jet,True,Day,2026-01-18 16:36:15,2026-01-18 00:00:00,,,0,,0,,,False,False,False,False,False,False
3145530846208308240,EXS19W  ,B738,,Large jet,True,Day,2026-01-18 17:31:50,2026-01-18 00:00:00,,,0,,0,,,False,False,False,False,False,False
4188037465148624989,MRBHF   ,,,Other,False,Day,2026-01-18 15:44:40,2026-01-18 00:00:00,1400.0000448,9.862896753480275,4,1925.0000616,2,,,True,True,True,False,True,True
10048831895400077489,EZY15CF ,A320,L2J,Large jet,True,Day,2026-01-18 16:40:25,2026-01-18 00:00:00,3700.0001184,2.190712775317664,1,3700.0001184,1,3700.0001184,672.899031763096,True,True,True,False,True,True
11093561425908864066,EMC9    ,,,Other,False,Day,2026-01-18 16:33:25,2026-01-18 00:00:00,2450.0000784,5.544195980072761,1,2450.0000784,1,,,True,True,True,False,True,True
17087332765834725380,TOM7FT  ,B738,L2J,Large jet,True,Day,2026-01-18 18:28:00,2026-01-18 00:00:00,,,0,,0,,,False,False,False,False,False,False
14144557682819841529,JFU01A  ,PC12,L1T,Turboprop,False,Day,2026-01-18 17:23:50,2026-01-18 00:00:00,2450.0000784,1.1731674296362913,1,2450.0000784,1,2450.0000784,-496.77639477665616,True,True,True,False,True,True
1383709755598212356,RUK8BP  ,B738,,Large jet,True,Day,2026-01-18 18:10:20,2026-01-18 00:00:00,,,0,,0,,,False,False,False,False,False,False
17463665722564979085,PTN78T  ,PC24,,Business jet,False,Evening,2026-01-18 19:49:25,2026-01-18 00:00:00,2475.0000792,1.692858413361456,1,2475.0000792,1,2475.0000792,-368.1613745461468,True,True,True,False,True,True
8812479903850812624,RYR6FY  ,B738,L2J,Large jet,True,Evening,2026-01-18 19:53:05,2026-01-18 00:00:00,,,0,,0,,,False,False,False,False,False,False
7141177520008121830,RYR5AM  ,B738,L2J,Large jet,True,Evening,2026-01-18 22:44:05,2026-01-18 00:00:00,,,0,,0,,,False,False,False,False,False,False
3638773185498416166,RYR20MC ,B738,L2J,Large jet,True,Day,2026-01-19 07:57:15,2026-01-19 00:00:00,,,0,,0,,,False,False,False,False,False,False
8163828479020758422,PEX32G  ,FA8X,L3J,Business jet,False,Day,2026-01-19 08:07:30,2026-01-19 00:00:00,2500.00008,2.4591267155633196,1,2500.00008,1,2500.00008,-216.21220484524702,True,True,True,False,True,True
5600468189782032474,HELIOP  ,,,Other,False,Day,2026-01-19 11:56:20,2026-01-19 00:00:00,250.000008,17.12566013703348,5,2000.000064,1,,,True,True,True,False,True,True
14554242877989176832,EZY56BH ,,,Other,False,Day,2026-01-19 12:59:05,2026-01-19 00:00:00,25.0000008,18.392664599707008,1,,0,,,True,False,True,False,False,False
1677098777704726139,BWY40   ,FA20,L2J,Business jet,False,Day,2026-01-19 13:59:55,2026-01-19 00:00:00,2025.0000648,4.62055316955345,2,2025.0000648,1,,,True,True,True,False,True,True
8045518395590185571,BAH16   ,GA6C,L2J,Business jet,False,Day,2026-01-19 16:07:35,2026-01-19 00:00:00,50.0000016,18.702008528246253,2,,0,,,True,False,True,False,True,True
15086128832825440541,RYR11MN ,B738,L2J,Large jet,True,Day,2026-01-19 14:35:40,2026-01-19 00:00:00,50.0000016,18.21494377762823,1,,0,,,True,False,True,False,False,False
2364708891985440514,BLUE1   ,FA20,L2J,Business jet,False,Day,2026-01-19 15:07:30,2026-01-19 00:00:00,25.0000008,18.57309291886304,3,2000.000064,2,,,True,True,True,False,True,True
16375297027170996074,EXS67DE ,B738,,Large jet,True,Day,2026-01-19 15:10:50,2026-01-19 00:00:00,25.0000008,18.675515206694214,1,,0,,,True,False,True,False,False,False
15784350830438911423,CRIMSON1,FA20,L2J,Business jet,False,Day,2026-01-19 15:03:10,2026-01-19 00:00:00,25.0000008,18.751211996626566,4,2025.0000648,3,,,True,True,True,False,True,True
6259799808605823383,RYR3971 ,B738,L2J,Large jet,True,Day,2026-01-19 15:44:45,2026-01-19 00:00:00,,,0,,0,,,False,False,False,False,False,False
13479531729667799491,GBWXA   ,RF6,L1P,GA / light,False,Day,2026-01-19 14:52:15,2026-01-19 00:00:00,,,0,,0,,,False,False,False,False,False,False
9552448885850238446,TOM8AE  ,B738,L2J,Large jet,True,Day,2026-01-19 17:29:35,2026-01-19 00:00:00,,,0,,0,,,False,False,False,False,False,False
14938978542504065435,FLJ63T  ,E550,L2J,Business jet,False,Day,2026-01-19 16:34:15,2026-01-19 00:00:00,50.0000016,18.770189543279972,2,2075.0000664,1,,,True,True,True,False,True,True
10797745924022067406,EXS68M  ,B738,L2J,Large jet,True,Day,2026-01-19 17:44:15,2026-01-19 00:00:00,25.0000008,18.64705347867542,1,,0,,,True,False,True,False,False,False
15887743075982766477,FJO649  ,GLF6,L2J,Business jet,False,Evening,2026-01-19 20:38:25,2026-01-19 00:00:00,25.0000008,18.723494549248674,9,2025.0000648,3,2525.0000808,-503.4297313405773,True,True,True,False,True,True
5199358623719669056,PTN44W  ,,,Other,False,Evening,2026-01-19 19:56:15,2026-01-19 00:00:00,50.0000016,18.48210870560175,3,2525.0000808,2,2525.0000808,-522.7175093170727,True,True,True,False,True,True
17068957583902973802,RYR46KY ,B738,L2J,Large jet,True,Evening,2026-01-19 22:25:20,2026-01-19 00:00:00,25.0000008,18.864875478719313,1,,0,,,True,False,True,False,False,False
4751700364065300206,URO601  ,A346,L4J,Large jet,True,Day,2026-01-20 12:02:55,2026-01-20 00:00:00,175.0000056,18.809104911693378,4,2675.0000856,2,2675.0000856,-507.3066674077504,True,True,True,False,True,True
5048492152335194961,ABLE02  ,P28A,L1P,GA / light,False,Day,2026-01-20 10:02:40,2026-01-20 00:00:00,1450.0000464000002,17.800596515782917,1,,0,,,True,False,True,False,True,True
4189540800291277144,SRD375  ,,,Other,False,Day,2026-01-20 11:08:05,2026-01-20 00:00:00,1950.0000624,15.338891074763605,4,,0,,,True,False,True,False,True,True
4478399336228187362,AFGHAN2 ,EC35,H2T,Helicopter,False,Day,2026-01-20 12:26:35,2026-01-20 00:00:00,,,0,,0,,,False,False,False,False,False,False
2344270118023998185,TOY240  ,CL30,L2J,Business jet,False,Day,2026-01-20 15:22:10,2026-01-20 00:00:00,,,0,,0,,,False,False,False,False,False,True
16654221001193929660,VSB10   ,BE20,L2T,Turboprop,False,Day,2026-01-20 14:03:05,2026-01-20 00:00:00,,,0,,0,,,False,False,False,False,False,True
13002007419357676990,EXS257G ,B738,L2J,Large jet,True,Day,2026-01-20 16:31:55,2026-01-20 00:00:00,,,0,,0,,,False,False,False,False,False,True
8658016655485884981,RYR65FB ,B738,L2J,Large jet,True,Day,2026-01-20 17:28:45,2026-01-20 00:00:00,,,0,,0,,,False,False,False,False,False,True
15081843001954010166,TOM7KX  ,B738,L2J,Large jet,True,Day,2026-01-20 18:34:45,2026-01-20 00:00:00,,,0,,0,,,False,False,False,False,False,True
17529255556122993399,LUA463T ,C56X,L2J,Business jet,False,Day,2026-01-21 09:21:40,2026-01-21 00:00:00,725.0000232000001,18.73127439956071,5,3225.0001032,1,3225.0001032,75.78732109458497,True,True,True,False,True,True
6067673346451554726,FRA47   ,BN2T,L2T,Turboprop,False,Day,2026-01-21 12:17:10,2026-01-21 00:00:00,2200.0000704000004,10.791150392810493,10,2750.0000880000002,6,,,True,True,True,False,True,True
4257020785636648559,CLF731A ,E550,,Other,False,Day,2026-01-21 16:21:20,2026-01-21 00:00:00,800.0000256,18.619756700302982,3,3800.0001216,1,3775.0001208000003,822.2882415436861,True,True,True,False,True,True
1669871392724077219,BAH700  ,,,Other,False,Day,2026-01-21 12:24:15,2026-01-21 00:00:00,800.0000256,18.931077906877825,4,3250.000104,1,3250.000104,424.58329256509296,True,True,True,False,True,True
16668397478678062304,N878SC  ,GLEX,L2J,Business jet,False,Evening,2026-01-21 21:37:45,2026-01-21 00:00:00,825.0000264,19.01936136772032,1,,0,,,True,False,True,False,False,True
4250115259220040568,FJO53F  ,E55P,L2J,Business jet,False,Evening,2026-01-21 20:41:10,2026-01-21 00:00:00,,,0,,0,,,False,False,False,False,False,True
1080138864897975082,LOG825P ,E145,L2J,Large jet,True,Evening,2026-01-21 21:55:15,2026-01-21 00:00:00,,,0,,0,,,False,False,False,False,False,True
15084267729952245301,2ANJA   ,,,Other,False,Day,2026-01-22 08:30:50,2026-01-22 00:00:00,2225.0000712,10.537654931702228,3,2750.0000880000002,2,,,True,True,True,False,True,True
10282715461686723979,RUK8BP  ,B738,,Large jet,True,Day,2026-01-22 09:33:25,2026-01-22 00:00:00,,,0,,0,,,False,False,False,False,False,True
5921666076811649907,FRA82   ,,,Other,False,Day,2026-01-22 10:47:00,2026-01-22 00:00:00,2750.0000880000002,16.071957164593655,1,,0,,,True,False,True,False,False,True
1096574961834174972,CRIMSON2,FA20,L2J,Business jet,False,Day,2026-01-22 11:09:40,2026-01-22 00:00:00,,,0,,0,,,False,False,False,False,False,True
12790569379441537507,CRIMSON1,FA20,L2J,Business jet,False,Day,2026-01-22 11:40:45,2026-01-22 00:00:00,2725.0000872,15.990957246941745,4,,0,,,True,False,True,False,False,True
691275088837497832,BDN038  ,A139,H2T,Helicopter,False,Day,2026-01-22 11:57:20,2026-01-22 00:00:00,,,0,,0,,,False,False,False,False,False,True
3846999039078093106,CRIMSON1,FA20,L2J,Business jet,False,Day,2026-01-22 15:40:50,2026-01-22 00:00:00,825.0000264,18.653951517956216,6,2800.0000896,2,,,True,True,True,False,True,True
1660836669244849100,CRIMSON2,FA20,L2J,Business jet,False,Day,2026-01-22 15:14:30,2026-01-22 00:00:00,825.0000264,18.814330768465588,5,2775.0000888,4,3325.0001064000003,390.4990990903648,True,True,True,False,True,True
940744554788585401,RYR54WK ,B38M,,Large jet,True,Day,2026-01-22 18:03:10,2026-01-22 00:00:00,800.0000256,18.369432549315,1,,0,,,True,False,True,False,False,True
2638852714944766428,TOM6TM  ,B738,L2J,Large jet,True,Day,2026-01-22 17:20:05,2026-01-22 00:00:00,800.0000256,18.69183858122567,1,,0,,,True,False,True,False,False,True
17344566439174942063,EXS3AS  ,B738,,Large jet,True,Day,2026-01-22 17:16:35,2026-01-22 00:00:00,825.0000264,18.449263476697432,1,,0,,,True,False,True,False,False,True
5159355742184385211,ORT02A  ,E55P,L2J,Business jet,False,Day,2026-01-22 16:47:55,2026-01-22 00:00:00,3325.0001064000003,2.0007259480453756,1,3325.0001064000003,1,3325.0001064000003,537.0010345861765,True,True,True,False,True,True
474294833270667703,NJU304U ,C56X,L2J,Business jet,False,Day,2026-01-22 17:05:55,2026-01-22 00:00:00,850.0000272000001,18.67035255274534,1,,0,,,True,False,True,False,False,True
7869403431247117909,EXS67BH ,B738,L2J,Large jet,True,Evening,2026-01-22 19:20:50,2026-01-22 00:00:00,775.0000248,18.924684249608955,1,,0,,,True,False,True,False,False,True
14415273920870123354,SLS7D   ,PC12,L1T,Turboprop,False,Day,2026-01-22 18:41:40,2026-01-22 00:00:00,825.0000264,18.56800781200598,4,2825.0000904000003,2,2850.0000912,207.49522571944726,True,True,True,False,True,True
16018328634217610694,MSURF   ,PC12,L1T,Turboprop,False,Evening,2026-01-22 19:03:15,2026-01-22 00:00:00,1600.0000512,14.03046558290626,2,,0,,,True,False,True,False,True,True
1005346424772328920,HLE10   ,A169,H2T,Helicopter,False,Evening,2026-01-22 19:38:00,2026-01-22 00:00:00,,,0,,0,,,False,False,False,False,True,True
12044608160177434003,GMA023  ,BE20,L2T,Turboprop,False,Evening,2026-01-22 19:56:50,2026-01-22 00:00:00,800.0000256,18.387437838558334,4,2700.0000864000003,3,2700.0000864000003,35.59522318286736,True,True,True,False,True,True
12377959745809786194,HLE10   ,A169,H2T,Helicopter,False,Evening,2026-01-22 20:27:10,2026-01-22 00:00:00,700.0000224,18.949890346390724,3,,0,,,True,False,True,False,True,True
1521977146001143221,HLE10   ,A169,H2T,Helicopter,False,Evening,2026-01-22 22:10:35,2026-01-22 00:00:00,,,0,,0,,,False,False,False,False,False,True
1211116380088670696,RYR22HC ,B38M,L2J,Large jet,True,Day,2026-01-24 06:52:20,2026-01-24 00:00:00,,,0,,0,,,False,False,False,False,False,True
3090113743491024789,TOM239  ,B788,L2J,Large jet,True,Day,2026-01-24 07:04:25,2026-01-24 00:00:00,,,0,,0,,,False,False,False,False,False,True
7336750190675307511,EZS15WP ,A320,L2J,Large jet,True,Day,2026-01-24 08:04:50,2026-01-24 00:00:00,,,0,,0,,,False,False,False,False,False,True
6368737895226412899,RYR54WK ,B738,L2J,Large jet,True,Day,2026-01-25 07:36:00,2026-01-25 00:00:00,,,0,,0,,,False,False,False,False,False,True
9622942037483232788,MINKE   ,GA6C,,Other,False,Day,2026-01-25 09:16:15,2026-01-25 00:00:00,,,0,,0,,,False,False,False,False,False,True
9122886314135432259,RYR20MC ,B738,L2J,Large jet,True,Day,2026-01-25 13:32:35,2026-01-25 00:00:00,3625.000116,13.260654800279386,1,,0,,,True,False,True,False,False,True
13313723485652398286,URO601  ,A346,L4J,Large jet,True,Day,2026-01-25 15:13:45,2026-01-25 00:00:00,,,0,,0,,,False,False,False,False,False,True
9294668393621788600,RYR46KY ,B38M,L2J,Large jet,True,Day,2026-01-25 16:27:40,2026-01-25 00:00:00,,,0,,0,,,False,False,False,False,False,True
1694683485884302320,EXS19W  ,B738,,Large jet,True,Day,2026-01-25 17:12:55,2026-01-25 00:00:00,,,0,,0,,,False,False,False,False,False,True
684257121215932830,URO011A ,A346,L4J,Large jet,True,Day,2026-01-25 17:18:05,2026-01-25 00:00:00,525.0000168,18.985670870424112,1,,0,,,True,False,True,False,False,True
1991843839439667435,EZY15CF ,A320,L2J,Large jet,True,Day,2026-01-25 16:35:05,2026-01-25 00:00:00,550.0000176000001,18.907848171436378,2,2875.000092,1,,,True,True,True,False,True,True
11839413261169277686,TOM7FT  ,B738,L2J,Large jet,True,Day,2026-01-25 18:26:45,2026-01-25 00:00:00,525.0000168,18.664121674762285,1,,0,,,True,False,True,False,True,True
17036576891167434404,RUK8BP  ,B738,L2J,Large jet,True,Day,2026-01-25 18:30:10,2026-01-25 00:00:00,525.0000168,18.414734630749617,1,,0,,,True,False,True,False,False,True
8393683609138792259,RYR6FY  ,B738,L2J,Large jet,True,Evening,2026-01-25 20:04:10,2026-01-25 00:00:00,450.0000144,18.753344939145986,1,,0,,,True,False,True,False,False,True
1830370005503797757,URO681  ,A346,L4J,Large jet,True,Evening,2026-01-25 22:23:40,2026-01-25 00:00:00,2925.0000936,8.168779425036991,2,2925.0000936,1,2900.0000928000004,-279.6897896813939,True,True,True,False,True,True
6181217836090785095,RYR5AM  ,B738,L2J,Large jet,True,Evening,2026-01-25 22:46:10,2026-01-25 00:00:00,425.00001360000005,18.64263574375213,1,,0,,,True,False,True,False,True,True
6190046902471618241,ENT3071 ,,,Other,False,Evening,2026-01-25 21:14:00,2026-01-25 00:00:00,450.0000144,18.901615502879952,1,,0,,,True,False,True,False,True,True
6718927059271325927,RYR20MC ,B738,L2J,Large jet,True,Day,2026-01-26 07:47:10,2026-01-26 00:00:00,325.0000104,18.71442995975272,1,,0,,,True,False,True,False,False,True
12847466433101218908,HLE10   ,A169,H2T,Helicopter,False,Day,2026-01-26 08:17:55,2026-01-26 00:00:00,1100.0000352000002,19.229547620270033,1,,0,,,True,False,True,False,True,True
8348567495545650991,HLY72   ,P46T,L1T,Turboprop,False,Day,2026-01-26 08:52:45,2026-01-26 00:00:00,375.000012,18.416462979610664,3,,0,,,True,False,True,False,True,True
2492876027858516061,FRA87   ,FA20,L2J,Business jet,False,Day,2026-01-26 09:56:35,2026-01-26 00:00:00,,,0,,0,,,False,False,False,False,False,True
11136544400423673374,CRIMSON1,FA20,L2J,Business jet,False,Day,2026-01-26 12:15:15,2026-01-26 00:00:00,,,0,,0,,,False,False,False,False,False,True
17263902499215420078,CRIMSON2,FA20,L2J,Business jet,False,Day,2026-01-26 12:25:35,2026-01-26 00:00:00,3325.0001064000003,17.301780715799907,2,,0,,,True,False,True,False,False,True
16177346606736570371,EZY56BH ,A20N,L2J,Large jet,True,Day,2026-01-26 12:17:55,2026-01-26 00:00:00,,,0,,0,,,False,False,False,False,False,True
4213968013873684289,GMA023  ,BE20,L2T,Turboprop,False,Day,2026-01-26 12:04:50,2026-01-26 00:00:00,1700.0000544000002,14.512784196146928,19,,0,,,True,False,True,False,False,True
15586704433885964754,HLE10   ,A169,H2T,Helicopter,False,Day,2026-01-26 11:19:50,2026-01-26 00:00:00,,,0,,0,,,False,False,False,False,True,True
11286616687569234821,AMBER1  ,FA20,L2J,Business jet,False,Day,2026-01-26 12:22:45,2026-01-26 00:00:00,,,0,,0,,,False,False,False,False,False,True
13683741095685160384,BWY30   ,FA20,L2J,Business jet,False,Day,2026-01-26 14:32:50,2026-01-26 00:00:00,,,0,,0,,,False,False,False,False,False,True
420363667616439957,JFA63K  ,,,Other,False,Day,2026-01-26 12:56:55,2026-01-26 00:00:00,,,0,,0,,,False,False,False,False,False,True
253917186250846828,SXN560  ,,,Other,False,Day,2026-01-26 12:28:30,2026-01-26 00:00:00,,,0,,0,,,False,False,False,False,False,True
12618774733632468392,RYR11MN ,,,Other,False,Day,2026-01-26 14:52:55,2026-01-26 00:00:00,,,0,,0,,,False,False,False,False,False,True
16587697148957594677,EXS67DE ,B738,,Large jet,True,Day,2026-01-26 15:19:20,2026-01-26 00:00:00,,,0,,0,,,False,False,False,False,False,True
5082398892137618250,GMOSH   ,P28R,L1P,GA / light,False,Day,2026-01-26 15:30:45,2026-01-26 00:00:00,1800.0000576,16.15944536628229,3,,0,,,True,False,True,False,False,True
4648880484244480836,RYR3971 ,B738,L2J,Large jet,True,Day,2026-01-26 15:26:20,2026-01-26 00:00:00,,,0,,0,,,False,False,False,False,False,True
1735273025214429158,CRIMSON1,FA20,L2J,Business jet,False,Day,2026-01-26 16:44:30,2026-01-26 00:00:00,3450.0001104,13.044630484748241,1,,0,,,True,False,True,False,False,True
13454371649091130971,CRIMSON2,,,Other,False,Day,2026-01-26 16:35:15,2026-01-26 00:00:00,4325.0001384,12.28405898916337,2,,0,,,True,False,True,False,True,True
11925753419010926486,BLUE1   ,FA20,L2J,Business jet,False,Day,2026-01-26 16:39:15,2026-01-26 00:00:00,3350.0001072,13.276369241364666,2,,0,,,True,False,True,False,False,True
7419560919871816419,TOM8AE  ,B738,L2J,Large jet,True,Day,2026-01-26 17:12:45,2026-01-26 00:00:00,450.0000144,18.40211926412485,1,,0,,,True,False,True,False,False,True
2496304591359789900,EXS68M  ,B738,L2J,Large jet,True,Day,2026-01-26 17:55:10,2026-01-26 00:00:00,,,0,,0,,,False,False,False,False,False,True
15737975188871905548,SFY3DB  ,DA42,L2P,GA / light,False,Day,2026-01-26 18:37:45,2026-01-26 00:00:00,3400.0001088000004,17.581122572381908,2,,0,,,True,False,True,False,False,True
17713247006665710489,HLY72   ,P46T,L1T,Turboprop,False,Day,2026-01-26 17:17:35,2026-01-26 00:00:00,,,0,,0,,,False,False,False,False,False,True
15485248083792860039,JFU20A  ,PC12,L1T,Turboprop,False,Evening,2026-01-26 19:06:40,2026-01-26 00:00:00,,,0,,0,,,False,False,False,False,False,True
5995842785193229982,NJU4RG  ,C56X,L2J,Business jet,False,Evening,2026-01-26 19:43:20,2026-01-26 00:00:00,,,0,,0,,,False,False,False,False,False,True
11126662376010180392,RYR46KY ,B738,L2J,Large jet,True,Evening,2026-01-26 22:25:40,2026-01-26 00:00:00,,,0,,0,,,False,False,False,False,False,True
15008750960187885956,GMA23   ,BE20,L2T,Turboprop,False,Night,2026-01-27 00:02:25,2026-01-26 00:00:00,,,0,,0,,,False,False,False,False,False,True
16822514312393440593,NJE677P ,E55P,L2J,Business jet,False,Day,2026-01-27 08:56:45,2026-01-27 00:00:00,2925.0000936,2.40180797136621,2,2925.0000936,1,2925.0000936,172.24868861693403,True,True,True,False,True,True
1130263123519091361,HLE22   ,B429,H2T,Helicopter,False,Day,2026-01-27 09:21:25,2026-01-27 00:00:00,1525.0000488,17.21916400180534,9,2875.000092,1,,,True,True,True,False,True,True
15293136465042800031,URO601  ,A346,L4J,Large jet,True,Day,2026-01-27 12:23:20,2026-01-27 00:00:00,875.0000279999999,19.02036472591915,3,3475.0001112,2,3500.0001119999997,810.3519143842746,True,True,True,False,True,True
13636984014070090411,CMT57   ,G12T,L1T,Turboprop,False,Day,2026-01-27 13:21:15,2026-01-27 00:00:00,2375.0000760000003,5.87386482784564,1,2375.0000760000003,1,,,True,True,True,False,False,True
13424691147272945227,GFFMV   ,DA42,L2P,GA / light,False,Day,2026-01-27 16:08:15,2026-01-27 00:00:00,,,0,,0,,,False,False,False,False,False,True
3795967278254823024,EXS257G ,B738,,Large jet,True,Day,2026-01-27 16:01:25,2026-01-27 00:00:00,800.0000256,18.810585798636883,1,,0,,,True,False,True,False,False,True
12608041937392799443,CRIMSON1,FA20,L2J,Business jet,False,Day,2026-01-27 16:06:35,2026-01-27 00:00:00,825.0000264,18.59457879216893,4,,0,,,True,False,True,False,True,True
934691440777104117,OXF45   ,PA34,L2P,GA / light,False,Day,2026-01-27 16:23:35,2026-01-27 00:00:00,1625.000052,14.195773590994895,9,2775.0000888,7,3325.0001064000003,315.3155693929316,True,True,True,False,True,True
12120778549006699208,RYR65FB ,B738,L2J,Large jet,True,Day,2026-01-27 17:12:35,2026-01-27 00:00:00,800.0000256,18.75744417048047,1,,0,,,True,False,True,False,False,True
10480217148322777600,GMA23   ,BE20,L2T,Turboprop,False,Day,2026-01-27 15:45:10,2026-01-27 00:00:00,850.0000272000001,18.55160707022867,5,2800.0000896,3,3300.0001056,264.4957986380832,True,True,True,False,True,True
7954954020006329828,GSTVO   ,B505,H1T,Helicopter,False,Day,2026-01-27 16:35:20,2026-01-27 00:00:00,,,0,,0,,,False,False,False,False,False,False
17033711622651984694,TOM7KX  ,B738,L2J,Large jet,True,Day,2026-01-27 18:24:10,2026-01-27 00:00:00,750.000024,18.767613410058264,3,3275.0001048,1,3275.0001048,596.8152260530378,True,True,True,False,True,True
14515956318912561542,EMC9    ,,,Other,False,Day,2026-01-28 08:46:10,2026-01-28 00:00:00,600.0000192,18.416462979610664,3,2600.0000832,1,,,True,True,True,False,True,True
14967125199785554870,GCICG   ,C42,L1P,GA / light,False,Day,2026-01-28 10:31:30,2026-01-28 00:00:00,,,0,,0,,,False,False,False,False,True,True
2698348077089001424,FRA82   ,,,Other,False,Day,2026-01-28 10:35:10,2026-01-28 00:00:00,,,0,,0,,,False,False,False,False,False,True
11942344343685000419,FRA93   ,FA20,L2J,Business jet,False,Day,2026-01-28 10:27:30,2026-01-28 00:00:00,,,0,,0,,,False,False,False,False,False,True
11879363396001776946,GFFMV   ,DA42,L2P,GA / light,False,Day,2026-01-28 11:53:50,2026-01-28 00:00:00,,,0,,0,,,False,False,False,False,False,True
9409937344824756307,AMBER1  ,FA20,L2J,Business jet,False,Day,2026-01-28 11:31:55,2026-01-28 00:00:00,,,0,,0,,,False,False,False,False,False,True
7619328156408297982,FRA95   ,FA20,L2J,Business jet,False,Day,2026-01-28 10:29:25,2026-01-28 00:00:00,,,0,,0,,,False,False,False,False,False,True
16570481014316284482,SFY3DB  ,DA42,L2P,GA / light,False,Day,2026-01-28 10:58:05,2026-01-28 00:00:00,,,0,,0,,,False,False,False,False,False,True
14463929895202108131,GKIMB   ,DR30,L1P,GA / light,False,Day,2026-01-28 11:16:45,2026-01-28 00:00:00,1625.000052,17.33892170550097,2,,0,,,True,False,True,False,False,True
8213975909999252036,GBUFH   ,P28A,L1P,GA / light,False,Day,2026-01-28 12:07:30,2026-01-28 00:00:00,2350.0000752,17.86102620211784,1,,0,,,True,False,True,False,False,True
11738821393524113297,GCBZX   ,MCR1,L1P,GA / light,False,Day,2026-01-28 11:51:05,2026-01-28 00:00:00,2325.0000744000004,18.961426199356254,2,,0,,,True,False,True,False,False,True
3885415057822876114,GOXFE   ,PA34,L2P,GA / light,False,Day,2026-01-28 12:34:00,2026-01-28 00:00:00,1600.0000512,18.39677905385419,3,,0,,,True,False,True,False,False,True
16250496545837944302,N302JG  ,TBM7,L1T,Turboprop,False,Day,2026-01-28 11:33:50,2026-01-28 00:00:00,,,0,,0,,,False,False,False,False,False,True
17197036374885711343,GBEWR   ,C172,L1P,GA / light,False,Day,2026-01-28 12:55:35,2026-01-28 00:00:00,1425.0000456,15.101588640430766,3,,0,,,True,False,True,False,True,True
7621852431414685541,GEYOR   ,RV6,L1P,GA / light,False,Day,2026-01-28 12:02:55,2026-01-28 00:00:00,,,0,,0,,,False,False,False,False,False,False
8032620590950106651,GOLAJ   ,R44,H1P,Helicopter,False,Day,2026-01-28 13:05:25,2026-01-28 00:00:00,875.0000279999999,17.816546001264648,2,,0,,,True,False,True,False,False,True
4609039755085659123,VCG1EZ  ,C25M,L2J,Business jet,False,Day,2026-01-28 13:37:45,2026-01-28 00:00:00,3050.0000976,3.3194322764626176,1,3050.0000976,1,,,True,True,True,False,True,True
14704199573908926338,HLE10   ,A169,H2T,Helicopter,False,Day,2026-01-28 13:23:15,2026-01-28 00:00:00,,,0,,0,,,False,False,False,False,False,True
14365225454415584941,BTNIA16 ,G115,L1P,GA / light,False,Day,2026-01-28 14:07:30,2026-01-28 00:00:00,,,0,,0,,,False,False,False,False,False,False
7865277906758456124,SFY3DB  ,DA42,L2P,GA / light,False,Day,2026-01-28 13:57:45,2026-01-28 00:00:00,2500.00008,7.002483681883706,3,3004.3389391140486,1,3004.3389391140486,187.12751625123747,True,True,True,False,True,True
10664442255277351315,GBUFH   ,P28A,L1P,GA / light,False,Day,2026-01-28 14:39:05,2026-01-28 00:00:00,800.0000256,16.84525194193523,23,,0,,,True,False,True,False,False,True
14502995957748429204,HLE10   ,A169,H2T,Helicopter,False,Day,2026-01-28 14:02:45,2026-01-28 00:00:00,1100.0000352000002,18.557422335441235,2,,0,,,True,False,True,False,False,True
8687916270816775581,CZMI    ,SKRA,L1P,GA / light,False,Day,2026-01-28 14:57:55,2026-01-28 00:00:00,,,0,,0,,,False,False,False,False,False,False
3621496291816956408,GBEWR   ,C172,L1P,GA / light,False,Day,2026-01-28 15:10:05,2026-01-28 00:00:00,2275.0000728,19.640711654581605,2,,0,,,True,False,True,False,False,True
2745589990290248920,GCLKB   ,C172,L1P,GA / light,False,Day,2026-01-28 15:01:40,2026-01-28 00:00:00,2300.0000736,4.32971144503351,5,2300.0000736,5,2300.0000736,-1140.053876673791,True,True,True,False,True,True
3606140191386374549,GINDC   ,C303,L2P,GA / light,False,Day,2026-01-28 15:03:30,2026-01-28 00:00:00,,,0,,0,,,False,False,False,False,False,True
9544355059694956854,GEGBW   ,P28A,L1P,GA / light,False,Day,2026-01-28 15:42:00,2026-01-28 00:00:00,,,0,,0,,,False,False,False,False,False,False
9621521965180878183,GOONE   ,M20P,L1P,GA / light,False,Day,2026-01-28 16:28:05,2026-01-28 00:00:00,1075.0000344,16.25343088646664,2,,0,,,True,False,True,False,True,True
3811429296117007851,SFY3DB  ,DA42,L2P,GA / light,False,Day,2026-01-28 16:29:00,2026-01-28 00:00:00,775.0000248,17.49492310648124,3,2450.0000784,1,,,True,True,True,False,True,True
3320127083499412980,N363KC  ,S22T,L1P,GA / light,False,Day,2026-01-28 16:53:05,2026-01-28 00:00:00,525.0000168,18.39905462360955,2,,0,,,True,False,True,False,False,True
16039020749556629932,FRA93   ,FA20,L2J,Business jet,False,Day,2026-01-28 16:45:45,2026-01-28 00:00:00,525.0000168,18.810585798636883,3,2525.0000808,2,,,True,True,True,False,True,True
1070497589715359906,HLE10   ,A169,H2T,Helicopter,False,Day,2026-01-28 17:58:30,2026-01-28 00:00:00,,,0,,0,,,False,False,False,False,False,False
4933119949106624264,GDIGA   ,R66,H1T,Helicopter,False,Day,2026-01-28 18:06:35,2026-01-28 00:00:00,,,0,,0,,,False,False,False,False,False,False
13762125944670201817,SFY3DB  ,DA42,L2P,GA / light,False,Day,2026-01-28 18:59:55,2026-01-28 00:00:00,725.0000232000001,17.70631168964897,6,2450.0000784,2,,,True,True,True,False,True,True
1359065740186513417,GBUFH   ,P28A,L1P,GA / light,False,Evening,2026-01-28 19:05:10,2026-01-28 00:00:00,825.0000264,16.69599791001042,10,,0,,,True,False,True,False,False,True
1239816432812818194,HLE10   ,A169,H2T,Helicopter,False,Evening,2026-01-28 19:45:40,2026-01-28 00:00:00,,,0,,0,,,False,False,False,False,False,False
13540857280744646987,GBUFH   ,P28A,L1P,GA / light,False,Evening,2026-01-28 19:45:35,2026-01-28 00:00:00,1900.0000608,16.41203841795718,1,,0,,,True,False,True,False,False,True
2834257197694768181,MZPGJ   ,,,Other,False,Day,2026-01-29 08:33:10,2026-01-29 00:00:00,,,0,,0,,,False,False,False,False,False,True
331546354149276961,RUK8BP  ,B738,,Large jet,True,Day,2026-01-29 09:25:20,2026-01-29 00:00:00,,,0,,0,,,False,False,False,False,False,True
2823391773991630891,AMBER1  ,FA20,L2J,Business jet,False,Day,2026-01-29 10:19:25,2026-01-29 00:00:00,3475.0001112,9.53086262437393,3,,0,,,True,False,True,False,False,True
15851452486864114843,AMBER2  ,FA20,L2J,Business jet,False,Day,2026-01-29 10:34:20,2026-01-29 00:00:00,3500.0001119999997,9.075423525145148,5,,0,,,True,False,True,False,False,True
4166481568944203998,GFFMV   ,DA42,L2P,GA / light,False,Day,2026-01-29 11:32:35,2026-01-29 00:00:00,1200.0000384,14.071752399128973,5,,0,,,True,False,True,False,True,True
9458787943977126113,URO601  ,A346,L4J,Large jet,True,Day,2026-01-29 12:44:20,2026-01-29 00:00:00,,,0,,0,,,False,False,False,False,False,True
139880982923309180,FRA82   ,,,Other,False,Day,2026-01-29 11:57:50,2026-01-29 00:00:00,,,0,,0,,,False,False,False,False,False,True
6740132170330888306,BDN029  ,AS50,H1T,Helicopter,False,Day,2026-01-29 12:20:45,2026-01-29 00:00:00,,,0,,0,,,False,False,False,False,False,False
4605893152185667606,VJH373  ,C56X,L2J,Business jet,False,Day,2026-01-29 13:49:35,2026-01-29 00:00:00,,,0,,0,,,False,False,False,False,False,True
10408323805559371610,OHMAN   ,PC12,L1T,Turboprop,False,Day,2026-01-29 14:28:10,2026-01-29 00:00:00,575.0000184,18.602912848433892,3,2550.0000816,2,2575.0000824,-344.3482252934523,True,True,True,False,True,True
15346251849110153185,GCMYJ   ,,,Other,False,Day,2026-01-29 14:43:05,2026-01-29 00:00:00,1775.0000568,2.551897953308044,4,1775.0000568,4,1775.0000568,-1736.1713118821217,True,True,True,True,True,True
8942284949523263089,JFU02A  ,PC12,L1T,Turboprop,False,Day,2026-01-29 13:55:25,2026-01-29 00:00:00,,,0,,0,,,False,False,False,False,False,True
4677322706393237796,TASMAN71,FA20,L2J,Business jet,False,Day,2026-01-29 16:22:45,2026-01-29 00:00:00,,,0,,0,,,False,False,False,False,False,True
1840344117166769381,N56A    ,BE20,L2T,Turboprop,False,Day,2026-01-29 15:52:25,2026-01-29 00:00:00,,,0,,0,,,False,False,False,False,False,True
4373044894436021141,SRD375  ,,,Other,False,Day,2026-01-29 16:15:20,2026-01-29 00:00:00,,,0,,0,,,False,False,False,False,False,True
10628462422592557954,FRA85   ,,,Other,False,Day,2026-01-29 15:58:55,2026-01-29 00:00:00,,,0,,0,,,False,False,False,False,False,True
17754056433714484619,RYR54WK ,B738,L2J,Large jet,True,Day,2026-01-29 18:02:15,2026-01-29 00:00:00,,,0,,0,,,False,False,False,False,False,True
10932915903820814594,SLAYR62 ,,,Other,False,Day,2026-01-29 15:30:30,2026-01-29 00:00:00,,,0,,0,,,False,False,False,False,False,False
10660821013212374993,TOM6TM  ,B738,L2J,Large jet,True,Day,2026-01-29 17:23:35,2026-01-29 00:00:00,,,0,,0,,,False,False,False,False,False,True
2376706322868327654,EXS3AS  ,B738,,Large jet,True,Day,2026-01-29 17:26:25,2026-01-29 00:00:00,,,0,,0,,,False,False,False,False,False,True
14314940274521269617,GMA019  ,BE20,L2T,Turboprop,False,Day,2026-01-29 17:31:10,2026-01-29 00:00:00,,,0,,0,,,False,False,False,False,False,True
10010496497710567853,GMA23   ,BE20,L2T,Turboprop,False,Day,2026-01-29 17:16:40,2026-01-29 00:00:00,,,0,,0,,,False,False,False,False,False,True
1784695343225280826,EXS67BH ,B738,L2J,Large jet,True,Evening,2026-01-29 19:34:55,2026-01-29 00:00:00,,,0,,0,,,False,False,False,False,False,True
14580579690277864535,NJE5NH  ,C56X,L2J,Business jet,False,Evening,2026-01-29 19:32:05,2026-01-29 00:00:00,,,0,,0,,,False,False,False,False,False,True
17912361331331454722,BLUE1   ,FA20,L2J,Business jet,False,Day,2026-01-30 10:27:10,2026-01-30 00:00:00,700.0000224,18.78909959218485,1,,0,,,True,False,True,False,False,True
9175256900216805351,CRIMSON1,FA20,L2J,Business jet,False,Day,2026-01-30 10:24:50,2026-01-30 00:00:00,700.0000224,18.589493701588133,2,,0,,,True,False,True,False,False,True
1318809092836170576,VCG1EZ  ,C25M,L2J,Business jet,False,Day,2026-01-30 09:51:40,2026-01-30 00:00:00,700.0000224,18.703977885009394,1,,0,,,True,False,True,False,True,True
2319769774844967877,BOO305  ,,,Other,False,Day,2026-01-30 09:43:40,2026-01-30 00:00:00,700.0000224,18.6975856474559,1,,0,,,True,False,True,False,False,True
12358360678743075885,CNTOR63 ,A400,L4T,Turboprop,False,Day,2026-01-30 10:42:15,2026-01-30 00:00:00,2150.0000688,9.062338854928747,6,2200.0000704000004,4,,,True,True,True,False,True,True
12661818302536397446,RYR6FY  ,B738,L2J,Large jet,True,Day,2026-01-30 12:06:30,2026-01-30 00:00:00,700.0000224,18.958374351345984,2,3250.000104,1,3250.000104,471.78072871120594,True,True,True,False,True,True
315123040527007135,FRA69   ,CL60,L2J,Business jet,False,Day,2026-01-30 11:49:05,2026-01-30 00:00:00,,,0,,0,,,False,False,False,False,True,True
8946566609288737362,GMA100T ,BE20,L2T,Turboprop,False,Day,2026-01-30 12:11:20,2026-01-30 00:00:00,725.0000232000001,18.771551699230038,46,,0,,,True,False,True,False,False,True
13865008131727091780,GBEWR   ,C172,L1P,GA / light,False,Day,2026-01-30 12:43:10,2026-01-30 00:00:00,1350.0000432000002,14.943673687949246,17,2675.0000856,2,,,True,True,True,False,True,True
12043787010457553365,RYR46KY ,B738,L2J,Large jet,True,Day,2026-01-30 13:57:35,2026-01-30 00:00:00,,,0,,0,,,False,False,False,False,False,True
8350815570250227668,SFY3DB  ,DA42,L2P,GA / light,False,Day,2026-01-30 12:25:35,2026-01-30 00:00:00,1450.0000464000002,18.201862337626967,5,2700.0000864000003,1,,,True,True,True,False,True,True
13519058180776732391,AMBER1  ,FA20,L2J,Business jet,False,Day,2026-01-30 14:40:05,2026-01-30 00:00:00,3800.0001216,14.95708155944105,3,,0,,,True,False,True,False,False,True
4971111028252545513,SXN45G  ,LJ45,L2J,Business jet,False,Day,2026-01-30 13:23:55,2026-01-30 00:00:00,2750.0000880000002,5.747644924674656,3,2750.0000880000002,3,,,True,True,True,False,True,True
4031760748805111137,GOLGE   ,SR20,,Other,False,Day,2026-01-30 13:19:15,2026-01-30 00:00:00,800.0000256,18.475834520759705,4,,0,,,True,False,True,False,False,True
4646362177229940989,SFY3DB  ,DA42,L2P,GA / light,False,Day,2026-01-30 15:06:10,2026-01-30 00:00:00,,,0,,0,,,False,False,False,False,False,True
2954477165186620938,EXS67DE ,B738,,Large jet,True,Day,2026-01-30 16:56:05,2026-01-30 00:00:00,5075.000162400001,19.368571411653214,1,,0,,,True,False,True,False,False,True
17970644824397327679,TOM2TG  ,B738,L2J,Large jet,True,Day,2026-01-30 18:05:00,2026-01-30 00:00:00,850.0000272000001,18.766466664913306,1,,0,,,True,False,True,False,True,True
15902879687660511362,FRA79   ,FA20,L2J,Business jet,False,Day,2026-01-30 17:58:40,2026-01-30 00:00:00,850.0000272000001,18.756296813556535,4,2850.0000912,3,,,True,True,True,False,True,True
11565270706307735846,RYR65FB ,B738,L2J,Large jet,True,Evening,2026-01-30 20:59:40,2026-01-30 00:00:00,750.000024,18.741042580570227,1,,0,,,True,False,True,False,False,True
132728547528978372,RYR20MC ,,,Other,False,Evening,2026-01-30 21:33:55,2026-01-30 00:00:00,775.0000248,18.518805978716333,2,4125.000132,1,,,True,True,True,False,True,True
11354579692935981780,RUK8BP  ,B738,,Large jet,True,Evening,2026-01-30 20:49:40,2026-01-30 00:00:00,775.0000248,18.726048413816446,3,3125.0001,2,,,True,True,True,False,True,True
4934473134339525546,GMA023  ,BE20,L2T,Turboprop,False,Evening,2026-01-30 21:23:15,2026-01-30 00:00:00,775.0000248,18.53670208508642,3,3300.0001056,1,3250.000104,105.19280973763125,True,True,True,False,True,True
342833836448362655,RYR5AM  ,B738,L2J,Large jet,True,Evening,2026-01-30 22:52:45,2026-01-30 00:00:00,750.000024,18.804353948520514,1,,0,,,True,False,True,False,False,True
4469764927480835781,RYR22HC ,,,Other,False,Day,2026-01-31 07:11:40,2026-01-31 00:00:00,550.0000176000001,18.518805978716333,2,3050.0000976,1,,,True,True,True,False,True,True
1315660684744361598,EZS15WP ,A20N,L2J,Large jet,True,Day,2026-01-31 08:07:35,2026-01-31 00:00:00,525.0000168,18.550462535928062,1,,0,,,True,False,True,False,False,True
11551867676398400389,LJC3    ,C55B,L2J,Business jet,False,Day,2026-01-31 08:36:25,2026-01-31 00:00:00,500.000016,18.37349180422242,2,,0,,,True,False,True,False,True,True
13792946543314627420,,P28A,L1P,GA / light,False,Day,2026-01-31 09:46:35,2026-01-31 00:00:00,,,0,,0,,,False,False,False,False,False,False
17533271187693223295,GBEWR   ,C172,L1P,GA / light,False,Day,2026-01-31 10:54:45,2026-01-31 00:00:00,1175.0000376,16.888162072434685,4,,0,,,True,False,True,False,False,True
13646201590923482371,GBZTN   ,EUPA,L1P,GA / light,False,Day,2026-01-31 11:23:25,2026-01-31 00:00:00,,,0,,0,,,False,False,False,False,False,True
18115354789062933752,RYR11MN ,B738,L2J,Large jet,True,Day,2026-01-31 13:14:00,2026-01-31 00:00:00,400.0000128,18.785867651263583,1,,0,,,True,False,True,False,False,True
13318031099510190846,GBUFH   ,P28A,L1P,GA / light,False,Day,2026-01-31 12:31:00,2026-01-31 00:00:00,925.0000296,16.908061678427906,17,,0,,,True,False,True,False,False,True
11901629029682164175,GBZTN   ,EUPA,L1P,GA / light,False,Day,2026-01-31 12:29:35,2026-01-31 00:00:00,1250.00004,18.648315406926148,1,,0,,,True,False,True,False,False,True
2024021034251388653,GCBZX   ,MCR1,L1P,GA / light,False,Day,2026-01-31 12:33:00,2026-01-31 00:00:00,,,0,,0,,,False,False,False,False,False,True
7576488274988683671,RYR6765 ,B738,L2J,Large jet,True,Day,2026-01-31 15:16:00,2026-01-31 00:00:00,375.000012,18.96882580909973,1,,0,,,True,False,True,False,False,True
18210369268778996155,GARMC   ,DHC1,L1P,GA / light,False,Day,2026-01-31 14:05:45,2026-01-31 00:00:00,,,0,,0,,,False,False,False,False,False,True
9901750809955837259,,EC35,H2T,Helicopter,False,Day,2026-01-31 14:01:10,2026-01-31 00:00:00,,,0,,0,,,False,False,False,False,False,False
14398295558576267930,EZY2696 ,A320,L2J,Large jet,True,Day,2026-01-31 16:05:05,2026-01-31 00:00:00,375.000012,18.831175573102723,1,,0,,,True,False,True,False,True,True
15415132572135356026,EXS3AS  ,B738,,Large jet,True,Day,2026-01-31 17:24:05,2026-01-31 00:00:00,375.000012,18.653444790032758,1,,0,,,True,False,True,False,False,True
9568491537797178164,GOLGE   ,SR20,,Other,False,Day,2026-01-31 16:41:20,2026-01-31 00:00:00,400.0000128,18.62623505753309,9,,0,,,True,False,True,False,True,True
3083391801852142729,LJC3    ,C55B,L2J,Business jet,False,Day,2026-01-31 17:27:15,2026-01-31 00:00:00,375.000012,18.59245999555373,3,2875.000092,2,2875.000092,22.822483195264795,True,True,True,False,True,True
16911882689332743678,GMA023  ,BE20,L2T,Turboprop,False,Day,2026-01-31 17:27:25,2026-01-31 00:00:00,400.0000128,18.535206459029382,6,2375.0000760000003,4,2400.0000768,-635.1539212835473,True,True,True,False,True,True
15856015478907988012,EXS63KS ,B738,L2J,Large jet,True,Evening,2026-01-31 20:03:55,2026-01-31 00:00:00,350.0000112,18.815670496072705,2,2850.0000912,1,2850.0000912,77.36208942119174,True,True,True,False,True,True
9039199238689786432,HLE10   ,A169,H2T,Helicopter,False,Night,2026-02-01 01:28:10,2026-02-01 00:00:00,,,0,,0,,,False,False,False,False,False,False
13685935427998017499,RYR54WK ,B738,L2J,Large jet,True,Day,2026-02-01 07:52:15,2026-02-01 00:00:00,,,0,,0,,,False,False,False,False,False,True
17961068323092954460,NJE274E ,E55P,L2J,Business jet,False,Day,2026-02-01 09:11:05,2026-02-01 00:00:00,2825.0000904000003,2.1022466600155507,1,2825.0000904000003,1,2825.0000904000003,-188.77071560581726,True,True,True,False,True,True
9461880158852671310,RYR20MC ,B738,L2J,Large jet,True,Day,2026-02-01 13:05:00,2026-02-01 00:00:00,375.000012,18.659036559976496,3,3850.0001232,2,3850.0001232,447.62962210398337,True,True,True,False,True,True
8939252489266282966,GOOZE   ,,,Other,False,Day,2026-02-01 12:59:55,2026-02-01 00:00:00,,,0,,0,,,False,False,False,False,True,True
9957952498709947965,URO681  ,A346,L4J,Large jet,True,Day,2026-02-01 14:52:10,2026-02-01 00:00:00,400.0000128,18.951980873047372,1,,0,,,True,False,True,False,False,True
2006769089175190001,,PA32,,Other,False,Day,2026-02-01 13:46:10,2026-02-01 00:00:00,,,0,,0,,,False,False,False,False,True,True
5034449391093748672,GPAAL   ,PA32,,Other,False,Day,2026-02-01 13:57:00,2026-02-01 00:00:00,1325.0000424,14.438678366187304,1,,0,,,True,False,True,False,True,True
17098838629606586513,JFA68U  ,P180,L2T,Turboprop,False,Day,2026-02-01 14:04:55,2026-02-01 00:00:00,2900.0000928000004,1.1892580877966477,1,2900.0000928000004,1,2900.0000928000004,-343.19061810781795,True,True,True,False,True,True
8111851338404925708,EIX50N  ,,,Other,False,Day,2026-02-01 15:05:10,2026-02-01 00:00:00,425.00001360000005,18.726048413816446,1,,0,,,True,False,True,False,False,True
5139709607697441677,EXS19W  ,B738,,Large jet,True,Day,2026-02-01 17:07:45,2026-02-01 00:00:00,400.0000128,18.526249148917426,2,3275.0001048,1,3275.0001048,380.43857870229067,True,True,True,False,True,True
1917048358518670423,RYR46KY ,B738,,Large jet,True,Day,2026-02-01 17:04:00,2026-02-01 00:00:00,375.000012,18.653951517956216,1,,0,,,True,False,True,False,True,True
1055128977468491683,EZY15CF ,A320,L2J,Large jet,True,Day,2026-02-01 16:44:20,2026-02-01 00:00:00,400.0000128,18.946755017434636,1,,0,,,True,False,True,False,False,True
9461837069686117779,GMA023  ,BE20,L2T,Turboprop,False,Day,2026-02-01 15:58:45,2026-02-01 00:00:00,425.00001360000005,18.698751962948077,2,2875.000092,1,2875.000092,-124.03523709536057,True,True,True,False,True,True
12689138598054458233,FSF603A ,PC12,L1T,Turboprop,False,Day,2026-02-01 16:49:45,2026-02-01 00:00:00,1000.000032,15.309666320354022,5,2375.0000760000003,3,2400.0000768,-314.24468626498674,True,True,True,False,True,True
17146119891931476006,TOM7FT  ,B738,L2J,Large jet,True,Day,2026-02-01 17:57:35,2026-02-01 00:00:00,375.000012,18.901615502879952,1,,0,,,True,False,True,False,False,True
11484104567710525449,N101DW  ,P32R,L1P,GA / light,False,Day,2026-02-01 17:15:10,2026-02-01 00:00:00,2850.0000912,4.561528155250205,5,2850.0000912,5,2875.000092,-128.95788299309424,True,True,True,False,True,True
15878382794695088196,RUK8BP  ,B738,L2J,Large jet,True,Day,2026-02-01 18:14:50,2026-02-01 00:00:00,400.0000128,18.60474919224698,1,,0,,,True,False,True,False,False,True
5270076426156892075,RYR6FY  ,B738,L2J,Large jet,True,Evening,2026-02-01 19:44:55,2026-02-01 00:00:00,400.0000128,18.753344939145986,2,3150.0001008,1,3150.0001008,219.54948405205778,True,True,True,False,True,True
10611027133014659650,SLS8V   ,,,Other,False,Evening,2026-02-01 19:11:35,2026-02-01 00:00:00,425.00001360000005,18.70920388396575,1,,0,3425.0001096,552.0882367064974,True,False,True,False,True,True
1303713068521085204,RYR5AM  ,B738,L2J,Large jet,True,Evening,2026-02-01 22:15:45,2026-02-01 00:00:00,400.0000128,18.825840107965313,1,,0,,,True,False,True,False,False,True
13567737513368628849,RYR20MC ,B738,L2J,Large jet,True,Day,2026-02-02 08:26:10,2026-02-02 00:00:00,500.000016,18.68790111929742,1,,0,,,True,False,True,False,False,True
1929535721353503636,SFY3DB  ,DA42,L2P,GA / light,False,Day,2026-02-02 10:20:55,2026-02-02 00:00:00,,,0,,0,,,False,False,False,False,False,True
1492312244447491398,MJHCI   ,C25C,,Business jet,False,Day,2026-02-02 10:37:20,2026-02-02 00:00:00,,,0,,0,,,False,False,False,False,False,True
6150888883516001417,,DA42,L2P,GA / light,False,Day,2026-02-02 10:14:05,2026-02-02 00:00:00,,,0,,0,,,False,False,False,False,False,True
3463059096824062051,GEGBW   ,P28A,L1P,GA / light,False,Day,2026-02-02 11:12:55,2026-02-02 00:00:00,,,0,,0,,,False,False,False,False,False,True
18222545121298197503,VJT678  ,BE20,L2T,Turboprop,False,Day,2026-02-02 12:37:10,2026-02-02 00:00:00,575.0000184,18.487335162903832,3,,0,,,True,False,True,False,False,True
3809690404640382810,EZY56BH ,A320,L2J,Large jet,True,Day,2026-02-02 12:20:40,2026-02-02 00:00:00,,,0,,0,,,False,False,False,False,False,True
2065118402504132442,SRD203B ,BE20,L2T,Turboprop,False,Day,2026-02-02 11:17:15,2026-02-02 00:00:00,,,0,,0,,,False,False,False,False,False,True
12941025125756507812,,DA42,L2P,GA / light,False,Day,2026-02-02 12:54:20,2026-02-02 00:00:00,,,0,,0,,,False,False,False,False,False,True
13508868329361946684,SFY3DB  ,DA42,L2P,GA / light,False,Day,2026-02-02 12:59:55,2026-02-02 00:00:00,,,0,,0,,,False,False,False,False,False,True
11464084632811743081,RYR11MN ,B738,L2J,Large jet,True,Day,2026-02-02 14:56:25,2026-02-02 00:00:00,,,0,,0,,,False,False,False,False,False,True
14956985696436557427,EXS67DE ,B738,,Large jet,True,Day,2026-02-02 15:23:50,2026-02-02 00:00:00,,,0,,0,,,False,False,False,False,False,True
3118529370255597270,RYR3971 ,B738,L2J,Large jet,True,Day,2026-02-02 15:34:35,2026-02-02 00:00:00,,,0,,0,,,False,False,False,False,False,True
2043380854167378642,HLE22   ,B429,H2T,Helicopter,False,Day,2026-02-02 14:29:15,2026-02-02 00:00:00,,,0,,0,,,False,False,False,False,False,False
5552158880493400795,AMBER2  ,,,Other,False,Day,2026-02-02 16:37:25,2026-02-02 00:00:00,,,0,,0,,,False,False,False,False,False,True
13049732001951916949,TOM8AE  ,B738,L2J,Large jet,True,Day,2026-02-02 17:35:35,2026-02-02 00:00:00,,,0,,0,,,False,False,False,False,False,True
16298671116362477235,EXS68M  ,B738,L2J,Large jet,True,Day,2026-02-02 17:38:50,2026-02-02 00:00:00,,,0,,0,,,False,False,False,False,False,True
1966076949664844830,SFY3DB  ,DA42,L2P,GA / light,False,Day,2026-02-02 16:14:45,2026-02-02 00:00:00,1275.0000408,17.578429617493885,4,,0,,,True,False,True,False,False,True
4761878422851111663,TEU7    ,E55P,,Business jet,False,Day,2026-02-02 17:55:20,2026-02-02 00:00:00,,,0,,0,,,False,False,False,False,False,True
7571993200941443805,,DA42,L2P,GA / light,False,Day,2026-02-02 18:41:20,2026-02-02 00:00:00,,,0,,0,,,False,False,False,False,False,True
5001321994719141417,SFY3DB  ,DA42,L2P,GA / light,False,Day,2026-02-02 18:53:45,2026-02-02 00:00:00,1300.0000416,18.246784312073466,1,,0,,,True,False,True,False,False,True
11654989517448804250,RYR46KY ,B738,L2J,Large jet,True,Evening,2026-02-02 22:17:25,2026-02-02 00:00:00,,,0,,0,,,False,False,False,False,False,True
1002144430731737205,LJC9    ,,,Other,False,Day,2026-02-03 10:23:40,2026-02-03 00:00:00,,,0,,0,,,False,False,False,False,False,True
1177339460765452586,CRIMSON1,FA20,L2J,Business jet,False,Day,2026-02-03 10:33:20,2026-02-03 00:00:00,,,0,,0,,,False,False,False,False,False,True
10656929267331659829,CRIMSON2,FA20,L2J,Business jet,False,Day,2026-02-03 10:41:05,2026-02-03 00:00:00,,,0,,0,,,False,False,False,False,False,True
16322929087981360158,BLUE1   ,FA20,L2J,Business jet,False,Day,2026-02-03 10:27:50,2026-02-03 00:00:00,4025.0001288000003,12.505401874979976,1,,0,,,True,False,True,False,False,True
5546475556149081365,BLUE2   ,FA20,L2J,Business jet,False,Day,2026-02-03 10:31:30,2026-02-03 00:00:00,,,0,,0,,,False,False,False,False,False,True
249262277426850621,OXF14   ,PA34,L2P,GA / light,False,Day,2026-02-03 10:59:15,2026-02-03 00:00:00,2475.0000792,16.346142191738316,1,,0,,,True,False,True,False,False,True
4193992001270579900,SFY3DB  ,,,Other,False,Day,2026-02-03 10:24:30,2026-02-03 00:00:00,,,0,,0,,,False,False,False,False,False,True
4806408824419331865,GHOOF   ,,,Other,False,Day,2026-02-03 10:47:35,2026-02-03 00:00:00,,,0,,0,,,False,False,False,False,False,True
2899838969334941322,LJC9    ,,,Other,False,Day,2026-02-03 13:10:45,2026-02-03 00:00:00,,,0,,0,,,False,False,False,False,False,True
5632280063592258203,CRIMSON1,FA20,L2J,Business jet,False,Day,2026-02-03 15:04:30,2026-02-03 00:00:00,2950.0000944000003,13.170349411742798,2,,0,,,True,False,True,False,False,True
13148568732316543980,CRIMSON2,,,Other,False,Day,2026-02-03 15:09:25,2026-02-03 00:00:00,,,0,,0,,,False,False,False,False,False,True
14332846671737484048,BLUE1   ,FA20,L2J,Business jet,False,Day,2026-02-03 14:59:35,2026-02-03 00:00:00,,,0,,0,,,False,False,False,False,False,True
4767184480349898285,OXF14   ,PA34,L2P,GA / light,False,Day,2026-02-03 15:22:35,2026-02-03 00:00:00,1950.0000624,18.874955589357878,2,,0,,,True,False,True,False,False,True
7496931666384335126,EXS257G ,B738,,Large jet,True,Day,2026-02-03 16:27:00,2026-02-03 00:00:00,,,0,,0,,,False,False,False,False,False,True
5972834943286955575,GBHJS   ,P68,L2P,GA / light,False,Day,2026-02-03 15:41:10,2026-02-03 00:00:00,,,0,,0,,,False,False,False,False,False,True
1156845064743858188,RYR65FB ,B738,L2J,Large jet,True,Day,2026-02-03 17:26:20,2026-02-03 00:00:00,,,0,,0,,,False,False,False,False,False,True
1512041773968429678,BLNHM43 ,A400,L4T,Turboprop,False,Day,2026-02-03 15:58:50,2026-02-03 00:00:00,,,0,,0,,,False,False,False,False,False,True
15081693490729319542,TOM7KX  ,B738,L2J,Large jet,True,Day,2026-02-03 18:34:55,2026-02-03 00:00:00,,,0,,0,,,False,False,False,False,False,True
10806137605063582220,GMA0958 ,BE20,L2T,Turboprop,False,Evening,2026-02-03 19:46:55,2026-02-03 00:00:00,600.0000192,18.659836899303723,3,3075.0000984,2,3075.0000984,202.16006168194235,True,True,True,False,True,True
136545574986486828,URO915  ,A346,L4J,Large jet,True,Evening,2026-02-03 22:38:30,2026-02-03 00:00:00,,,0,,0,,,False,False,False,False,False,True
15765067854935064127,VLZ13J  ,CL60,L2J,Business jet,False,Evening,2026-02-03 21:11:45,2026-02-03 00:00:00,625.00002,18.665062924794388,2,3100.0000992,1,3100.0000992,314.5596988965249,True,True,True,False,True,True
4094472336138647396,FJO647  ,GL5T,L2J,Business jet,False,Night,2026-02-03 23:29:25,2026-02-03 00:00:00,600.0000192,18.653444790032758,5,3075.0000984,3,3075.0000984,103.1188954609529,True,True,True,False,True,True
8565625197857305034,CRIMSON1,FA20,L2J,Business jet,False,Day,2026-02-04 10:27:15,2026-02-04 00:00:00,,,0,,0,,,False,False,False,False,False,True
7371766338032021488,CRIMSON2,,,Other,False,Day,2026-02-04 10:24:05,2026-02-04 00:00:00,,,0,,0,,,False,False,False,False,False,True
16132929274235814434,BLUE2   ,FA20,L2J,Business jet,False,Day,2026-02-04 10:18:00,2026-02-04 00:00:00,,,0,,0,,,False,False,False,False,False,True
3368302408533615018,NJE482Q ,C68A,L2J,Business jet,False,Day,2026-02-04 10:06:15,2026-02-04 00:00:00,,,0,,0,,,False,False,False,False,False,True
4051186566948756614,REV6ND  ,F406,L2T,Turboprop,False,Day,2026-02-04 10:45:05,2026-02-04 00:00:00,,,0,,0,,,False,False,False,False,False,True
1677621623307537400,GBUFH   ,P28A,L1P,GA / light,False,Day,2026-02-04 10:59:55,2026-02-04 00:00:00,2125.0000680000003,17.247422811581718,2,,0,,,True,False,True,False,True,True
12059030552512243407,CRX8B   ,,,Other,False,Day,2026-02-04 11:13:00,2026-02-04 00:00:00,,,0,,0,,,False,False,False,False,False,True
5389431673514762878,FRA69   ,CL60,L2J,Business jet,False,Day,2026-02-04 11:58:45,2026-02-04 00:00:00,,,0,,0,,,False,False,False,False,False,True
18327802246131662794,GBGYH   ,P28A,L1P,GA / light,False,Day,2026-02-04 14:11:10,2026-02-04 00:00:00,1400.0000448,17.170149518632822,3,,0,,,True,False,True,False,False,True
366884477844863637,GBUFH   ,P28A,L1P,GA / light,False,Day,2026-02-04 12:41:50,2026-02-04 00:00:00,2425.0000775999997,17.088490540539993,1,,0,,,True,False,True,False,False,True
4605336615538842067,SFY3DB  ,,,Other,False,Day,2026-02-04 12:45:55,2026-02-04 00:00:00,,,0,,0,,,False,False,False,False,False,True
17598946952492958230,GCMPA   ,P28T,L1P,GA / light,False,Day,2026-02-04 13:17:55,2026-02-04 00:00:00,3475.0001112,18.017371788804127,1,,0,,,True,False,True,False,False,True
4009708325500523243,HLE10   ,A169,H2T,Helicopter,False,Day,2026-02-04 13:26:25,2026-02-04 00:00:00,1775.0000568,19.684630216088973,1,,0,,,True,False,True,False,False,True
2099367394678760218,GBHJS   ,P68,L2P,GA / light,False,Day,2026-02-04 13:19:20,2026-02-04 00:00:00,,,0,,0,,,False,False,False,False,True,True
14422561446542118117,GCBZX   ,MCR1,L1P,GA / light,False,Day,2026-02-04 13:32:00,2026-02-04 00:00:00,,,0,,0,,,False,False,False,False,False,True
5943905431986463340,BRO05   ,B350,,Turboprop,False,Day,2026-02-04 16:51:50,2026-02-04 00:00:00,750.000024,18.880542785520653,28,5725.0001832,1,,,True,True,True,False,False,True
8963898444512724124,REV6ND  ,F406,L2T,Turboprop,False,Day,2026-02-04 16:32:00,2026-02-04 00:00:00,,,0,,0,,,False,False,False,False,False,True
9040392391815571839,HLE10   ,A169,H2T,Helicopter,False,Day,2026-02-04 13:54:35,2026-02-04 00:00:00,1850.0000592,19.36412405893544,1,,0,,,True,False,True,False,False,True
2806650051702785576,GBUFH   ,P28A,L1P,GA / light,False,Day,2026-02-04 16:30:55,2026-02-04 00:00:00,,,0,,0,,,False,False,False,False,False,True
1746487594116036349,GMA019  ,BE20,L2T,Turboprop,False,Day,2026-02-04 14:53:35,2026-02-04 00:00:00,,,0,,0,,,False,False,False,False,False,True
13907216086302807548,CRIMSON1,FA20,L2J,Business jet,False,Day,2026-02-04 16:23:10,2026-02-04 00:00:00,,,0,,0,,,False,False,False,False,False,True
17999517209326451183,CRIMSON2,,,Other,False,Day,2026-02-04 16:30:05,2026-02-04 00:00:00,,,0,,0,,,False,False,False,False,False,True
9218998676189041463,,P28A,L1P,GA / light,False,Day,2026-02-04 14:38:45,2026-02-04 00:00:00,,,0,,0,,,False,False,False,False,True,True
4499478487570623260,BLUE1   ,FA20,L2J,Business jet,False,Day,2026-02-04 16:34:20,2026-02-04 00:00:00,,,0,,0,,,False,False,False,False,False,True
12313620598280021061,HLE10   ,A169,H2T,Helicopter,False,Day,2026-02-04 15:40:30,2026-02-04 00:00:00,1925.0000616,15.663406626575027,2,,0,,,True,False,True,False,True,True
9757893598156942133,SFY3DB  ,,,Other,False,Day,2026-02-04 15:46:55,2026-02-04 00:00:00,,,0,,0,,,False,False,False,False,False,True
12609149387391128893,GDIGA   ,R66,H1T,Helicopter,False,Day,2026-02-04 15:59:55,2026-02-04 00:00:00,,,0,,0,,,False,False,False,False,False,False
11358336709837675485,SFY3DB  ,,,Other,False,Day,2026-02-04 17:21:00,2026-02-04 00:00:00,1400.0000448,17.117557120747986,6,,0,,,True,False,True,False,False,True
9528709720126208790,GMA864  ,BE20,L2T,Turboprop,False,Evening,2026-02-04 19:37:05,2026-02-04 00:00:00,,,0,,0,,,False,False,False,False,False,True
6745635349397223363,GMA023  ,BE20,L2T,Turboprop,False,Day,2026-02-04 18:38:30,2026-02-04 00:00:00,,,0,,0,,,False,False,False,False,False,True
16107678275762431603,URO683  ,A346,L4J,Large jet,True,Evening,2026-02-04 22:21:30,2026-02-04 00:00:00,,,0,,0,,,False,False,False,False,False,True
8286311334799002728,SRG375  ,,,Other,False,Evening,2026-02-04 22:50:05,2026-02-04 00:00:00,,,0,,0,,,False,False,False,False,False,True
4786800477623371792,URO681  ,A346,L4J,Large jet,True,Day,2026-02-05 07:44:15,2026-02-05 00:00:00,3425.0001096,3.0814749931172147,3,3425.0001096,3,3450.0001104,245.3366156787656,True,True,True,False,True,True
9443116984947497754,RYR65FB ,B38M,,Large jet,True,Day,2026-02-05 07:23:40,2026-02-05 00:00:00,975.0000312,18.55160707022867,5,2975.0000952000005,4,3475.0001112,304.43024760464095,True,True,True,False,True,True
2973296599249981947,FRA90   ,FA20,L2J,Business jet,False,Day,2026-02-05 08:12:00,2026-02-05 00:00:00,4000.000128,16.524488223084635,2,,0,,,True,False,True,False,False,True
8182072289609529069,RYR46KY ,B738,L2J,Large jet,True,Day,2026-02-05 09:49:00,2026-02-05 00:00:00,925.0000296,18.692359481490467,2,3425.0001096,1,3425.0001096,723.6090929380948,True,True,True,False,True,True
6182134004051356927,RUK8BP  ,B738,,Large jet,True,Day,2026-02-05 09:24:00,2026-02-05 00:00:00,,,0,,0,,,False,False,False,False,False,True
16106757751508753935,AMBER1  ,FA20,L2J,Business jet,False,Day,2026-02-05 09:28:00,2026-02-05 00:00:00,4000.000128,11.023129065792245,4,,0,,,True,False,True,False,False,True
8897504981526203281,BLUE1   ,FA20,L2J,Business jet,False,Day,2026-02-05 10:14:15,2026-02-05 00:00:00,,,0,,0,,,False,False,False,False,False,True
3795949244393280930,NJE414R ,E55P,,Business jet,False,Day,2026-02-05 10:03:50,2026-02-05 00:00:00,,,0,,0,,,False,False,False,False,False,True
2822889357489844487,FRA85   ,,,Other,False,Day,2026-02-05 10:35:10,2026-02-05 00:00:00,,,0,,0,,,False,False,False,False,False,True
3040255980917666734,FJO647  ,GL5T,L2J,Business jet,False,Day,2026-02-05 11:19:50,2026-02-05 00:00:00,,,0,,0,,,False,False,False,False,False,True
6933915227805847962,TAY900P ,B734,L2J,Large jet,True,Day,2026-02-05 11:02:35,2026-02-05 00:00:00,975.0000312,18.362177495373018,2,2950.0000944000003,1,,,True,True,True,False,True,True
7840425386226233469,AMBER1  ,FA20,L2J,Business jet,False,Day,2026-02-05 14:00:20,2026-02-05 00:00:00,,,0,,0,,,False,False,False,False,False,True
9351930703056297358,EDG109  ,GLF6,L2J,Business jet,False,Day,2026-02-05 13:03:50,2026-02-05 00:00:00,,,0,,0,,,False,False,False,False,False,True
9635002038165304978,BLUE1   ,FA20,L2J,Business jet,False,Day,2026-02-05 14:02:25,2026-02-05 00:00:00,,,0,,0,,,False,False,False,False,False,True
7735298660940265601,URO601  ,A346,L4J,Large jet,True,Day,2026-02-05 15:23:45,2026-02-05 00:00:00,925.0000296,18.95082096078313,5,2925.0000936,4,3100.0000992,-61.87362338590174,True,True,True,False,True,True
1500844868066428751,AMBER2  ,FA20,L2J,Business jet,False,Day,2026-02-05 14:22:30,2026-02-05 00:00:00,,,0,,0,,,False,False,False,False,False,True
10106580249648969259,RYR11MN ,B738,L2J,Large jet,True,Day,2026-02-05 14:41:50,2026-02-05 00:00:00,925.0000296,18.680522531814034,1,,0,,,True,False,True,False,False,True
14726106541507384358,RYR54WK ,B38M,L2J,Large jet,True,Day,2026-02-05 18:12:15,2026-02-05 00:00:00,,,0,,0,,,False,False,False,False,False,True
7225795901683060835,TOM6TM  ,B738,L2J,Large jet,True,Day,2026-02-05 17:18:20,2026-02-05 00:00:00,925.0000296,18.82478271140997,1,,0,,,True,False,True,False,True,True
17669719657987235063,EXS3AS  ,B738,L2J,Large jet,True,Day,2026-02-05 17:51:10,2026-02-05 00:00:00,,,0,,0,,,False,False,False,False,False,True
6985733736407589184,EXS67BH ,B738,,Large jet,True,Evening,2026-02-05 19:39:00,2026-02-05 00:00:00,,,0,,0,,,False,False,False,False,False,True
14011299844215743105,RYR20MC ,B738,L2J,Large jet,True,Evening,2026-02-05 21:17:25,2026-02-05 00:00:00,925.0000296,18.47074918509212,1,,0,,,True,False,True,False,False,True
2036306208182068693,GMA23   ,BE20,L2T,Turboprop,False,Evening,2026-02-05 20:49:35,2026-02-05 00:00:00,,,0,,0,,,False,False,False,False,False,True
17511770191833157689,SRG375  ,,,Other,False,Night,2026-02-06 00:39:05,2026-02-05 00:00:00,,,0,,0,,,False,False,False,False,False,False
4066028276105070304,CRIMSON1,FA20,L2J,Business jet,False,Day,2026-02-06 10:05:20,2026-02-06 00:00:00,850.0000272000001,18.427777793129586,3,2825.0000904000003,2,,,True,True,True,False,True,True
5505869293908629549,CRIMSON2,,,Other,False,Day,2026-02-06 10:02:35,2026-02-06 00:00:00,875.0000279999999,18.605894614408516,1,,0,,,True,False,True,False,False,True
11274436346775006552,BLUE1   ,FA20,L2J,Business jet,False,Day,2026-02-06 10:10:45,2026-02-06 00:00:00,850.0000272000001,18.723494549248674,2,,0,,,True,False,True,False,True,True
8661517344600022933,NJE9QL  ,E55P,L2J,Business jet,False,Day,2026-02-06 10:08:10,2026-02-06 00:00:00,3325.0001064000003,2.1375199807588423,1,3325.0001064000003,1,3325.0001064000003,375.25361771566577,True,True,True,False,True,True
2643025543837676588,RYR6FY  ,B738,L2J,Large jet,True,Day,2026-02-06 11:51:55,2026-02-06 00:00:00,800.0000256,18.56399888519142,1,,0,,,True,False,True,False,False,True
4546290513450100759,HLE10   ,A169,H2T,Helicopter,False,Day,2026-02-06 10:28:40,2026-02-06 00:00:00,,,0,,0,,,False,False,False,False,False,False
3710053699054691514,SRD203B ,BE20,L2T,Turboprop,False,Day,2026-02-06 11:56:45,2026-02-06 00:00:00,,,0,,0,,,False,False,False,False,False,False
11824041111994832161,RYR46KY ,B738,L2J,Large jet,True,Day,2026-02-06 13:45:15,2026-02-06 00:00:00,775.0000248,18.98362523184541,1,,0,,,True,False,True,False,False,True
9295219033783196507,JFA69B  ,PC12,L1T,Turboprop,False,Day,2026-02-06 15:24:30,2026-02-06 00:00:00,775.0000248,18.55160707022867,5,2725.0000872,3,2725.0000872,-201.6235197216597,True,True,True,False,True,True
12603653183665617862,CRIMSON1,,,Other,False,Day,2026-02-06 14:45:35,2026-02-06 00:00:00,775.0000248,18.609304029060258,5,2750.0000880000002,4,,,True,True,True,False,True,True
11966340015661797110,CRIMSON2,FA20,L2J,Business jet,False,Day,2026-02-06 14:48:15,2026-02-06 00:00:00,775.0000248,18.648218597131358,5,2750.0000880000002,3,2750.0000880000002,71.4777073068417,True,True,True,False,True,True
3113951234511468654,BLUE1   ,FA20,L2J,Business jet,False,Day,2026-02-06 14:49:55,2026-02-06 00:00:00,775.0000248,18.57038968913702,4,2750.0000880000002,3,3275.0001048,339.8868208923459,True,True,True,False,True,True
15754513896092925084,BLUE2   ,FA20,L2J,Business jet,False,Day,2026-02-06 14:04:00,2026-02-06 00:00:00,775.0000248,18.756296813556535,5,2750.0000880000002,3,,,True,True,True,False,True,True
18092753352895165016,CRX9B   ,C25A,L2J,Business jet,False,Day,2026-02-06 14:41:35,2026-02-06 00:00:00,775.0000248,18.724882341561134,7,2925.0000936,6,3100.0000992,24.098982046957644,True,True,True,False,True,True
2753367369934321272,EXS67DE ,B738,,Large jet,True,Day,2026-02-06 16:32:25,2026-02-06 00:00:00,725.0000232000001,18.73127439956071,1,,0,,,True,False,True,False,False,True
551944381189688673,EZY56BH ,A320,L2J,Large jet,True,Day,2026-02-06 15:53:00,2026-02-06 00:00:00,725.0000232000001,18.675515206694214,2,3125.0001,1,3125.0001,480.35892843432293,True,True,True,False,True,True
15606566814359073726,TOM2TG  ,B738,L2J,Large jet,True,Day,2026-02-06 18:17:35,2026-02-06 00:00:00,675.0000216000001,18.531475578346527,2,3225.0001032,1,3225.0001032,547.2894070828534,True,True,True,False,True,True
11598428534275649521,CFE7032 ,E190,L2J,Large jet,True,Day,2026-02-06 16:53:10,2026-02-06 00:00:00,725.0000232000001,18.314838592778855,1,,0,,,True,False,True,False,False,True
2840188749754628756,GBWUH   ,P28A,L1P,GA / light,False,Day,2026-02-06 16:59:55,2026-02-06 00:00:00,,,0,,0,,,False,False,False,False,True,True
10901616310204168315,URO681  ,A346,L4J,Large jet,True,Evening,2026-02-06 21:18:10,2026-02-06 00:00:00,4900.0001568,4.372321648775148,1,4900.0001568,1,,,True,True,True,False,True,True
6040507864325093983,HLE10   ,A169,H2T,Helicopter,False,Day,2026-02-06 18:50:05,2026-02-06 00:00:00,625.00002,18.945571900925884,6,,0,,,True,False,True,False,False,True
1188391291725824393,RYR20MC ,,,Other,False,Evening,2026-02-06 21:02:10,2026-02-06 00:00:00,625.00002,18.68074146297416,1,,0,,,True,False,True,False,False,True
9706737599976447625,HLE10   ,A169,H2T,Helicopter,False,Evening,2026-02-06 20:09:25,2026-02-06 00:00:00,,,0,,0,,,False,False,False,False,False,True
10372407679157351449,RUK8BP  ,B738,,Large jet,True,Evening,2026-02-06 21:08:50,2026-02-06 00:00:00,3350.0001072,2.544666352892835,1,3350.0001072,1,3350.0001072,634.1684518704233,True,True,True,False,True,True
11261532454694664690,RYR65FB ,B38M,,Large jet,True,Evening,2026-02-06 22:12:15,2026-02-06 00:00:00,625.00002,18.767613410058264,1,,0,,,True,False,True,False,False,True
9120985772028549537,RYR5AM  ,B738,L2J,Large jet,True,Evening,2026-02-06 22:45:15,2026-02-06 00:00:00,600.0000192,18.830925022304882,2,,0,,,True,False,True,False,False,True
17680040206681596828,RYR22HC ,B38M,L2J,Large jet,True,Day,2026-02-07 06:54:05,2026-02-07 00:00:00,625.00002,18.886361812993545,1,,0,,,True,False,True,False,False,True
2708278865496917250,EZS15WP ,A20N,L2J,Large jet,True,Day,2026-02-07 08:07:25,2026-02-07 00:00:00,625.00002,18.631374397483995,2,3125.0001,1,3125.0001,247.52389339574938,True,True,True,False,True,True
238523995585045733,LJC6    ,B350,L2T,Turboprop,False,Day,2026-02-07 10:51:05,2026-02-07 00:00:00,575.0000184,18.751211996626566,2,3075.0000984,1,3075.0000984,382.21605487845136,True,True,True,False,True,True
9091638609119314011,URO601  ,A346,L4J,Large jet,True,Day,2026-02-07 13:31:40,2026-02-07 00:00:00,,,0,,0,,,False,False,False,False,False,True
11294913170943342956,RYR11MN ,B738,L2J,Large jet,True,Day,2026-02-07 13:08:50,2026-02-07 00:00:00,525.0000168,18.756296813556535,1,,0,,,True,False,True,False,False,True
8082912182514213770,CGJZJ   ,CRJ2,L2J,Large jet,True,Day,2026-02-07 15:02:05,2026-02-07 00:00:00,550.0000176000001,18.741042580570227,2,3650.0001168,1,3650.0001168,673.2155246868438,True,True,True,False,True,True
11043227720447487957,RYR6765 ,B738,L2J,Large jet,True,Day,2026-02-07 15:04:40,2026-02-07 00:00:00,525.0000168,18.392664599707008,1,,0,,,True,False,True,False,False,True
15124503953982711784,VCG1EZ  ,C25M,L2J,Business jet,False,Day,2026-02-07 14:38:25,2026-02-07 00:00:00,3050.0000976,3.5803546270928273,2,3050.0000976,2,,,True,True,True,False,True,True
3274269416878280947,EZY2696 ,A319,L2J,Large jet,True,Day,2026-02-07 16:05:35,2026-02-07 00:00:00,475.0000152,18.86995998514159,1,,0,,,True,False,True,False,False,True
366487830475850128,EXS3AS  ,B738,,Large jet,True,Day,2026-02-07 17:23:35,2026-02-07 00:00:00,450.0000144,18.919458457228988,1,,0,,,True,False,True,False,False,True
15217689927057944449,OEITH   ,CL60,L2J,Business jet,False,Day,2026-02-07 17:42:05,2026-02-07 00:00:00,500.000016,18.535206459029382,2,2500.00008,1,3000.000096,170.70040953582657,True,True,True,False,True,True
15882603417007834693,RYR46KY ,B738,L2J,Large jet,True,Evening,2026-02-07 22:01:20,2026-02-07 00:00:00,400.0000128,18.50824176622102,1,,0,,,True,False,True,False,False,True
2114600308501471528,URO915  ,A346,L4J,Large jet,True,Day,2026-02-08 06:52:10,2026-02-08 00:00:00,2800.0000896,2.8616167679926034,3,2800.0000896,3,2825.0000904000003,29.00637054129629,True,True,True,False,True,True
5911676903080356069,RYR54WK ,B738,L2J,Large jet,True,Day,2026-02-08 07:45:45,2026-02-08 00:00:00,300.0000096,18.545377103910116,1,,0,,,True,False,True,False,False,True
688958749166444272,TOM179  ,B788,L2J,Large jet,True,Day,2026-02-08 06:22:50,2026-02-08 00:00:00,350.0000112,18.761381703003803,2,,0,,,True,False,True,False,True,True
3253851535745265288,RYR20MC ,B738,L2J,Large jet,True,Day,2026-02-08 12:46:15,2026-02-08 00:00:00,250.000008,18.718409555420664,1,,0,,,True,False,True,False,False,True
17354697359999626083,RYR46KY ,B38M,L2J,Large jet,True,Day,2026-02-08 16:43:35,2026-02-08 00:00:00,250.000008,18.68074146297416,1,,0,,,True,False,True,False,False,True
15604252478920399621,EXS19W  ,B738,,Large jet,True,Day,2026-02-08 17:31:15,2026-02-08 00:00:00,275.00000880000005,18.454812126644004,1,,0,,,True,False,True,False,False,True
5855554067345355521,EZY15CF ,A320,L2J,Large jet,True,Day,2026-02-08 16:37:30,2026-02-08 00:00:00,275.00000880000005,18.64886654876877,1,,0,,,True,False,True,False,False,True
1348746641711336680,TOM7FT  ,B738,L2J,Large jet,True,Day,2026-02-08 18:32:30,2026-02-08 00:00:00,275.00000880000005,18.842794825787887,2,,0,,,True,False,True,False,True,True
14034121770235126029,GRDWN   ,,,Other,False,Day,2026-02-08 17:06:15,2026-02-08 00:00:00,,,0,,0,,,False,False,False,False,False,False
13323314555205739948,GMA23   ,BE20,L2T,Turboprop,False,Day,2026-02-08 16:52:45,2026-02-08 00:00:00,275.00000880000005,18.46642979921257,4,2250.0000720000003,3,2250.0000720000003,-500.01499423815403,True,True,True,False,True,True
1612507313339354378,HLE10   ,A169,H2T,Helicopter,False,Day,2026-02-08 17:12:20,2026-02-08 00:00:00,,,0,,0,,,False,False,False,False,False,True
13329233069618168555,RUK8BP  ,B738,L2J,Large jet,True,Day,2026-02-08 18:14:00,2026-02-08 00:00:00,250.000008,18.924684249608955,3,2250.0000720000003,1,,,True,True,True,False,True,True
614627306383475926,URO681  ,A346,L4J,Large jet,True,Evening,2026-02-08 21:03:10,2026-02-08 00:00:00,,,0,,0,,,False,False,False,False,False,True
6383189563469048079,RYR6FY  ,B738,L2J,Large jet,True,Evening,2026-02-08 20:27:10,2026-02-08 00:00:00,275.00000880000005,18.47074918509212,2,2575.0000824,1,,,True,True,True,False,True,True
9338568420151350490,RYR5AM  ,B738,L2J,Large jet,True,Evening,2026-02-08 22:23:00,2026-02-08 00:00:00,275.00000880000005,18.46410156171471,1,,0,,,True,False,True,False,True,True
2554751354005170658,EXS070C ,B738,L2J,Large jet,True,Evening,2026-02-08 21:27:55,2026-02-08 00:00:00,300.0000096,18.608139390404308,4,2250.0000720000003,2,,,True,True,True,False,True,True
10647070258290090895,EXS050C ,B738,L2J,Large jet,True,Evening,2026-02-08 22:25:25,2026-02-08 00:00:00,275.00000880000005,18.68074146297416,2,3650.0001168,1,3650.0001168,293.50361594428614,True,True,True,False,True,True
716235381983263970,RYR20MC ,B738,L2J,Large jet,True,Day,2026-02-09 08:08:45,2026-02-09 00:00:00,375.000012,18.475718166818453,1,,0,,,True,False,True,False,False,True
14513139516108225152,HHN948  ,C25B,L2J,Business jet,False,Day,2026-02-09 09:27:35,2026-02-09 00:00:00,,,0,,0,,,False,False,False,False,False,True
8521654120815044274,CRIMSON1,FA20,L2J,Business jet,False,Day,2026-02-09 10:42:00,2026-02-09 00:00:00,,,0,,0,,,False,False,False,False,False,True
14926304725800068527,CRIMSON2,FA20,L2J,Business jet,False,Day,2026-02-09 10:39:40,2026-02-09 00:00:00,,,0,,0,,,False,False,False,False,False,True
18067285556522402461,GIDFE   ,B505,H1T,Helicopter,False,Day,2026-02-09 09:59:10,2026-02-09 00:00:00,,,0,,0,,,False,False,False,False,False,False
13290642295766541308,AMBER1  ,FA20,L2J,Business jet,False,Day,2026-02-09 11:32:45,2026-02-09 00:00:00,3400.0001088000004,11.807246609568795,1,,0,,,True,False,True,False,False,True
3257493538011831415,EZY56BH ,A319,L2J,Large jet,True,Day,2026-02-09 12:02:05,2026-02-09 00:00:00,,,0,,0,,,False,False,False,False,False,True
7932862754975609379,JFU01A  ,PC12,L1T,Turboprop,False,Day,2026-02-09 11:27:40,2026-02-09 00:00:00,,,0,,0,,,False,False,False,False,False,True
17958647256970099902,GBWUH   ,P28A,L1P,GA / light,False,Day,2026-02-09 11:47:00,2026-02-09 00:00:00,4425.0001416,17.56220452426752,5,,0,,,True,False,True,False,False,True
11382896186286709827,HLE10   ,A169,H2T,Helicopter,False,Day,2026-02-09 12:25:15,2026-02-09 00:00:00,750.000024,18.106704006776337,2,,0,,,True,False,True,False,False,True
5528955709176557737,URO915  ,A346,L4J,Large jet,True,Day,2026-02-09 15:09:55,2026-02-09 00:00:00,,,0,,0,,,False,False,False,False,False,True
16388601923568913018,RYR11MN ,B738,L2J,Large jet,True,Day,2026-02-09 14:46:55,2026-02-09 00:00:00,,,0,,0,,,False,False,False,False,False,True
564777393618556929,CRIMSON1,FA20,L2J,Business jet,False,Day,2026-02-09 14:39:05,2026-02-09 00:00:00,,,0,,0,,,False,False,False,False,False,True
16984576681884818964,CRIMSON2,FA20,L2J,Business jet,False,Day,2026-02-09 14:41:15,2026-02-09 00:00:00,,,0,,0,,,False,False,False,False,False,True
16136263335866667259,EXS67DE ,B738,,Large jet,True,Day,2026-02-09 15:25:45,2026-02-09 00:00:00,,,0,,0,,,False,False,False,False,False,True
3323775857726067934,RYR3971 ,B738,L2J,Large jet,True,Day,2026-02-09 15:43:05,2026-02-09 00:00:00,,,0,,0,,,False,False,False,False,False,True
16320234455998520232,AMBER1  ,FA20,L2J,Business jet,False,Day,2026-02-09 16:26:10,2026-02-09 00:00:00,,,0,,0,,,False,False,False,False,False,True
56656148836473617,AMBER2  ,,,Other,False,Day,2026-02-09 16:30:40,2026-02-09 00:00:00,,,0,,0,,,False,False,False,False,False,True
13054853250356649981,TOM8AE  ,B738,L2J,Large jet,True,Day,2026-02-09 17:37:35,2026-02-09 00:00:00,,,0,,0,,,False,False,False,False,False,True
5247123708972728558,EXS68M  ,B738,L2J,Large jet,True,Day,2026-02-09 18:10:55,2026-02-09 00:00:00,,,0,,0,,,False,False,False,False,False,True
10250315138408974989,GMA23   ,BE20,L2T,Turboprop,False,Day,2026-02-09 16:41:45,2026-02-09 00:00:00,,,0,,0,,,False,False,False,False,False,True
12457222042981821792,RYR46KY ,B738,L2J,Large jet,True,Evening,2026-02-09 22:38:40,2026-02-09 00:00:00,625.00002,18.685967796054765,1,,0,,,True,False,True,False,False,True
11218358978934155529,AMBER1  ,FA20,L2J,Business jet,False,Day,2026-02-10 11:11:40,2026-02-10 00:00:00,700.0000224,18.56800781200598,4,2675.0000856,3,2675.0000856,-186.2381202035167,True,True,True,False,True,True
8128265070333415688,AMBER2  ,FA20,L2J,Business jet,False,Day,2026-02-10 11:39:15,2026-02-10 00:00:00,725.0000232000001,18.84802050385341,3,2725.0000872,1,,,True,True,True,False,True,True
3695790768171360955,GKMTE   ,SR22,L1P,GA / light,False,Day,2026-02-10 11:02:10,2026-02-10 00:00:00,700.0000224,18.519858477294154,4,2675.0000856,2,,,True,True,True,False,True,True
12010164115951768607,HLE10   ,A169,H2T,Helicopter,False,Day,2026-02-10 10:31:25,2026-02-10 00:00:00,,,0,,0,,,False,False,False,False,False,True
7711423947421796095,SRD375  ,,,Other,False,Day,2026-02-10 10:59:55,2026-02-10 00:00:00,,,0,,0,,,False,False,False,False,True,True
9623452510470860200,,SR22,L1P,GA / light,False,Day,2026-02-10 11:00:35,2026-02-10 00:00:00,,,0,,0,,,False,False,False,False,True,True
6281756651210309444,URO601  ,A346,L4J,Large jet,True,Day,2026-02-10 14:14:35,2026-02-10 00:00:00,3275.0001048,5.542559423069515,1,3275.0001048,1,,,True,True,True,False,True,True
15898694455042567479,TYJ520  ,,,Other,False,Day,2026-02-10 12:27:25,2026-02-10 00:00:00,750.000024,18.50863544705882,1,,0,,,True,False,True,False,True,True
7920162245100041679,EMC7    ,PC12,,Turboprop,False,Day,2026-02-10 12:47:25,2026-02-10 00:00:00,775.0000248,18.421548512465332,1,,0,,,True,False,True,False,False,True
760406672948768659,URO683  ,A346,L4J,Large jet,True,Day,2026-02-10 14:02:35,2026-02-10 00:00:00,3275.0001048,1.1734272786356716,1,3275.0001048,1,3275.0001048,205.19089300865062,True,True,True,False,True,True
5469479887121033979,EXS257G ,B738,L2J,Large jet,True,Day,2026-02-10 16:07:35,2026-02-10 00:00:00,825.0000264,18.881277394109556,1,,0,,,True,False,True,False,False,True
15195652771732987440,EXS2610 ,B738,,Large jet,True,Day,2026-02-10 17:08:05,2026-02-10 00:00:00,875.0000279999999,18.597686383462058,2,3350.0001072,1,3350.0001072,682.081712898655,True,True,True,False,True,True
8687682663445387701,RYR65FB ,B738,L2J,Large jet,True,Day,2026-02-10 17:23:40,2026-02-10 00:00:00,900.0000288,18.314120846657527,1,,0,,,True,False,True,False,False,True
6594728606817301978,TOM7KX  ,B738,L2J,Large jet,True,Day,2026-02-10 18:08:35,2026-02-10 00:00:00,875.0000279999999,18.8750445638201,3,3500.0001119999997,1,3500.0001119999997,892.750367377178,True,True,True,False,True,True
17756792662277056472,SLS7C   ,PC12,L1T,Turboprop,False,Evening,2026-02-10 19:13:10,2026-02-10 00:00:00,900.0000288,18.605894614408516,2,3400.0001088000004,1,,,True,True,True,False,True,True
6397033253716374679,CRIMSON1,FA20,L2J,Business jet,False,Day,2026-02-11 10:15:10,2026-02-11 00:00:00,775.0000248,18.61721081774379,3,2500.00008,1,,,True,True,True,False,True,True
11678394408422037181,CRIMSON2,FA20,L2J,Business jet,False,Day,2026-02-11 10:12:20,2026-02-11 00:00:00,2425.0000775999997,7.986344609968838,3,2525.0000808,1,,,True,True,True,False,True,True
6545422512477979103,EXS2NW  ,B738,L2J,Large jet,True,Day,2026-02-11 10:19:05,2026-02-11 00:00:00,775.0000248,18.73127439956071,3,3750.00012,2,3775.0001208000003,822.9302135784583,True,True,True,False,True,True
15562897868671550334,GFFMV   ,DA42,L2P,GA / light,False,Day,2026-02-11 11:41:00,2026-02-11 00:00:00,2775.0000888,2.543222920355606,2,2775.0000888,2,2775.0000888,4.694916184872,True,True,True,False,True,True
4268526803818738163,GIDFE   ,B505,H1T,Helicopter,False,Day,2026-02-11 10:14:40,2026-02-11 00:00:00,,,0,,0,,,False,False,False,False,False,False
17821685725956236647,GPAAL   ,PA32,,Other,False,Day,2026-02-11 10:51:30,2026-02-11 00:00:00,1625.000052,15.073987313283101,1,,0,,,True,False,True,False,False,True
17155070548591920419,CLB385  ,BE20,L2T,Turboprop,False,Day,2026-02-11 11:58:35,2026-02-11 00:00:00,800.0000256,18.541436897088346,8,,0,,,True,False,True,False,True,True
14615204329477559200,HLE10   ,A169,H2T,Helicopter,False,Day,2026-02-11 11:19:05,2026-02-11 00:00:00,,,0,,0,,,False,False,False,False,False,True
1751286458141928429,GEMCX   ,,,Other,False,Day,2026-02-11 11:44:00,2026-02-11 00:00:00,1075.0000344,17.000615957087206,1,,0,,,True,False,True,False,False,True
9824553787795661525,GEMCV   ,,,Other,False,Day,2026-02-11 11:48:10,2026-02-11 00:00:00,825.0000264,18.61606469013706,6,3775.0001208000003,4,3775.0001208000003,784.1922321227034,True,True,True,False,True,True
5740633126275645385,BTNIA11 ,G115,L1P,GA / light,False,Day,2026-02-11 12:42:55,2026-02-11 00:00:00,,,0,,0,,,False,False,False,False,False,False
1303168901846348079,GMA019  ,BE20,L2T,Turboprop,False,Day,2026-02-11 13:06:05,2026-02-11 00:00:00,800.0000256,18.758570988382235,6,3300.0001056,4,3300.0001056,355.2200780210278,True,True,True,False,True,True
2223390598632153058,GOLAJ   ,R44,H1P,Helicopter,False,Day,2026-02-11 13:39:05,2026-02-11 00:00:00,,,0,,0,,,False,False,False,False,False,True
3945719662109461718,EXS069J ,B738,,Large jet,True,Day,2026-02-11 14:06:25,2026-02-11 00:00:00,875.0000279999999,18.57561609084729,1,,0,,,True,False,True,False,False,True
12246137070586781450,HLE10   ,A169,H2T,Helicopter,False,Day,2026-02-11 14:01:20,2026-02-11 00:00:00,,,0,,0,,,False,False,False,False,False,True
14626938863936556111,BLUE1   ,FA20,L2J,Business jet,False,Day,2026-02-11 15:31:40,2026-02-11 00:00:00,900.0000288,18.726048413816446,3,3350.0001072,2,3400.0001088000004,489.59369620725556,True,True,True,False,True,True
16863793118179436406,CRIMSON1,FA20,L2J,Business jet,False,Day,2026-02-11 15:28:15,2026-02-11 00:00:00,900.0000288,18.703155009820495,2,3400.0001088000004,1,,,True,True,True,False,True,True
1988905172270300545,CRIMSON2,,,Other,False,Day,2026-02-11 15:40:50,2026-02-11 00:00:00,950.0000304,18.751211996626566,2,,0,,,True,False,True,False,False,True
9003495420934598942,SYG1029 ,,,Other,False,Day,2026-02-11 14:46:00,2026-02-11 00:00:00,875.0000279999999,18.436804686254554,3,4600.0001472,1,,,True,True,True,False,False,True
321520477790964995,NJU2VY  ,C56X,L2J,Business jet,False,Day,2026-02-11 16:40:55,2026-02-11 00:00:00,975.0000312,18.68166892516978,3,3450.0001104,1,,,True,True,True,False,True,True
17507661379370867406,GOLAJ   ,R44,H1P,Helicopter,False,Day,2026-02-11 15:18:35,2026-02-11 00:00:00,1025.0000328,17.677581804851233,2,,0,,,True,False,True,False,False,True
11181385295138248190,PIPE65  ,,,Other,False,Day,2026-02-11 16:16:25,2026-02-11 00:00:00,1000.000032,18.90144681946562,14,,0,,,True,False,True,False,False,True
12604346674869884946,GMA23   ,BE20,L2T,Turboprop,False,Day,2026-02-11 16:37:00,2026-02-11 00:00:00,2925.0000936,3.1393086282520817,4,2925.0000936,3,2950.0000944000003,-0.8600600879381091,True,True,True,False,True,True
6044133825377733339,RYR65FB ,B38M,L2J,Large jet,True,Day,2026-02-12 07:19:15,2026-02-12 00:00:00,850.0000272000001,18.609304029060258,1,,0,,,True,False,True,False,False,True
5980075955280028905,RYR46KY ,B738,L2J,Large jet,True,Day,2026-02-12 10:00:30,2026-02-12 00:00:00,800.0000256,18.614530326158466,1,,0,,,True,False,True,False,False,True
7463417474778253424,MMD1118 ,F2TH,L2J,Business jet,False,Day,2026-02-12 09:34:50,2026-02-12 00:00:00,850.0000272000001,18.67028902727943,3,3325.0001064000003,2,3325.0001064000003,454.7007716091939,True,True,True,False,True,True
4485816623880839771,RUK8BP  ,B738,L2J,Large jet,True,Day,2026-02-12 09:39:45,2026-02-12 00:00:00,800.0000256,18.497320237320654,3,2800.0000896,2,3075.0000984,339.30044022323955,True,True,True,False,True,True
12304312106584053669,AMBER2  ,FA20,L2J,Business jet,False,Day,2026-02-12 10:40:10,2026-02-12 00:00:00,750.000024,18.687133392372946,4,3250.000104,3,3275.0001048,362.3861437040209,True,True,True,False,True,True
13272236672275939428,URO601  ,A346,L4J,Large jet,True,Day,2026-02-12 12:20:45,2026-02-12 00:00:00,675.0000216000001,18.97521958987307,2,3250.000104,1,3250.000104,-38.807910846309824,True,True,True,False,True,True
7125454537423444372,N302JG  ,TBM7,L1T,Turboprop,False,Day,2026-02-12 10:23:45,2026-02-12 00:00:00,800.0000256,18.46566392279759,4,2325.0000744000004,1,,,True,True,True,False,True,True
6406230869843291851,N29FR   ,GLEX,L2J,Business jet,False,Day,2026-02-12 11:41:10,2026-02-12 00:00:00,775.0000248,18.48091992974366,4,3250.000104,2,3250.000104,-156.40450810191533,True,True,True,False,True,True
14782417716009352039,AMBER1  ,FA20,L2J,Business jet,False,Day,2026-02-12 13:50:20,2026-02-12 00:00:00,725.0000232000001,18.583263351707963,4,3225.0001032,3,3250.000104,260.47008117797805,True,True,True,False,True,True
9521780217544416206,RYR11MN ,B738,L2J,Large jet,True,Day,2026-02-12 14:07:30,2026-02-12 00:00:00,700.0000224,18.664121674762285,1,,0,,,True,False,True,False,False,True
6519869139066595034,EXS3AS  ,B738,L2J,Large jet,True,Day,2026-02-12 17:13:55,2026-02-12 00:00:00,3025.0000968000004,4.541953238361526,2,3025.0000968000004,2,3150.0001008,439.475394734814,True,True,True,False,True,True
10964134293710355199,TOM6TM  ,B738,L2J,Large jet,True,Day,2026-02-12 17:17:55,2026-02-12 00:00:00,,,0,,0,,,False,False,False,False,False,True
15889060558227812182,HLE10   ,A169,H2T,Helicopter,False,Day,2026-02-12 14:32:10,2026-02-12 00:00:00,,,0,,0,,,False,False,False,False,False,False
15464503549646417242,EZY56BH ,A320,L2J,Large jet,True,Day,2026-02-12 16:07:05,2026-02-12 00:00:00,650.0000208,18.465264991611882,1,,0,,,True,False,True,False,False,True
15568209976002582909,RYR54WK ,,,Other,False,Day,2026-02-12 18:28:35,2026-02-12 00:00:00,625.00002,18.421124721951475,2,3125.0001,1,3125.0001,489.9520450795476,True,True,True,False,True,True
8352143178245708168,UAD50   ,G115,L1P,GA / light,False,Day,2026-02-12 16:44:40,2026-02-12 00:00:00,,,0,,0,,,False,False,False,False,False,True
16388747063918538793,N363KC  ,S22T,L1P,GA / light,False,Day,2026-02-12 16:14:20,2026-02-12 00:00:00,675.0000216000001,18.36332089153419,4,,0,,,True,False,True,False,False,True
15944192162668394477,EXS67BH ,B738,,Large jet,True,Evening,2026-02-12 19:11:15,2026-02-12 00:00:00,600.0000192,19.003962748976658,3,3325.0001064000003,1,3325.0001064000003,673.983430837829,True,True,True,False,True,True
16120774030418355492,GMA23   ,BE20,L2T,Turboprop,False,Evening,2026-02-12 19:07:00,2026-02-12 00:00:00,2600.0000832,7.178284202033399,1,,0,,,True,False,True,False,True,True
18432617371140520244,RYR20MC ,B738,,Large jet,True,Evening,2026-02-12 21:26:15,2026-02-12 00:00:00,,,0,,0,,,False,False,False,False,False,True
2163392679001414492,HLE10   ,A169,H2T,Helicopter,False,Evening,2026-02-12 22:32:10,2026-02-12 00:00:00,,,0,,0,,,False,False,False,False,False,True
3316048742317784163,HLE10   ,A169,H2T,Helicopter,False,Night,2026-02-12 23:24:45,2026-02-12 00:00:00,,,0,,0,,,False,False,False,False,False,True
2115111169514938026,URO915  ,A346,L4J,Large jet,True,Day,2026-02-13 06:53:30,2026-02-13 00:00:00,,,0,,0,,,False,False,False,False,False,True
9689784298294986118,LOG8TR  ,E145,L2J,Large jet,True,Day,2026-02-13 08:48:20,2026-02-13 00:00:00,700.0000224,18.626148191058572,1,,0,,,True,False,True,False,False,True
15630136950130679629,T7BDA   ,GL5T,L2J,Business jet,False,Day,2026-02-13 08:54:05,2026-02-13 00:00:00,700.0000224,18.583263351707963,3,3175.0001016,2,3175.0001016,222.5618843004445,True,True,True,False,True,True
2638390092398252891,AMBER1  ,FA20,L2J,Business jet,False,Day,2026-02-13 10:11:20,2026-02-13 00:00:00,2650.0000848,3.9055535970761373,4,2650.0000848,4,,,True,True,True,False,True,True
4465666475982007627,AMBER2  ,,,Other,False,Day,2026-02-13 10:19:35,2026-02-13 00:00:00,700.0000224,18.384806500530047,3,2650.0000848,2,,,True,True,True,False,True,True
16687600034670258131,CRIMSON1,FA20,L2J,Business jet,False,Day,2026-02-13 10:31:20,2026-02-13 00:00:00,675.0000216000001,18.67035255274534,2,3175.0001016,1,3175.0001016,-71.84178924722391,True,True,True,False,True,True
793085810982361879,BTNIA18 ,G115,L1P,GA / light,False,Day,2026-02-13 10:38:25,2026-02-13 00:00:00,,,0,,0,,,False,False,False,False,False,False
3495255840351746831,VSB80   ,PC24,,Business jet,False,Day,2026-02-13 10:28:30,2026-02-13 00:00:00,675.0000216000001,18.45434882904346,2,2675.0000856,1,2675.0000856,-20.10961247678324,True,True,True,False,True,True
16395013248554502678,RYR6FY  ,B738,L2J,Large jet,True,Day,2026-02-13 12:11:45,2026-02-13 00:00:00,625.00002,18.67028902727943,1,,0,,,True,False,True,False,False,True
16403545642964109086,LOG942F ,E145,L2J,Large jet,True,Day,2026-02-13 10:48:05,2026-02-13 00:00:00,,,0,,0,,,False,False,False,False,False,True
2816956716057356037,VJT779  ,GL7T,L2J,Business jet,False,Day,2026-02-13 12:09:45,2026-02-13 00:00:00,675.0000216000001,18.718409555420664,3,3150.0001008,1,,,True,True,True,False,True,True
1074144546248740548,GOLGE   ,SR20,,Other,False,Day,2026-02-13 12:17:10,2026-02-13 00:00:00,650.0000208,18.637550612742626,23,,0,,,True,False,True,False,False,True
16727810883303719563,BTNIA10 ,G115,L1P,GA / light,False,Day,2026-02-13 12:43:50,2026-02-13 00:00:00,,,0,,0,,,False,False,False,False,False,False
11539272202278610370,AMBER1  ,FA20,L2J,Business jet,False,Day,2026-02-13 14:17:30,2026-02-13 00:00:00,,,0,,0,,,False,False,False,False,False,True
3158316052938293097,HLE10   ,A169,H2T,Helicopter,False,Day,2026-02-13 13:40:20,2026-02-13 00:00:00,,,0,,0,,,False,False,False,False,False,True
6091924701572862800,RYR46KY ,B738,L2J,Large jet,True,Day,2026-02-13 15:22:00,2026-02-13 00:00:00,,,0,,0,,,False,False,False,False,False,True
5685809469015187628,EXS67DE ,B738,,Large jet,True,Day,2026-02-13 16:54:40,2026-02-13 00:00:00,575.0000184,18.641827041357175,2,2600.0000832,1,,,True,True,True,False,True,True
10429649554605630374,EZY56BH ,A320,L2J,Large jet,True,Day,2026-02-13 16:15:40,2026-02-13 00:00:00,,,0,,0,,,False,False,False,False,False,True
15650674676613616614,ABLE03  ,P28A,L1P,GA / light,False,Day,2026-02-13 15:34:20,2026-02-13 00:00:00,1800.0000576,17.230517291401572,2,,0,,,True,False,True,False,True,True
8312505360931814560,GMA019  ,BE20,L2T,Turboprop,False,Day,2026-02-13 16:39:40,2026-02-13 00:00:00,600.0000192,18.392664599707008,5,3100.0000992,3,4700.0001504,1365.643203556136,True,True,True,False,True,True
2073824941531839216,SXN79W  ,,,Other,False,Day,2026-02-13 16:42:00,2026-02-13 00:00:00,2625.0000840000002,4.6145976511780145,1,2625.0000840000002,1,,,True,True,True,False,True,True
16650850169563161120,TOM2TG  ,B738,L2J,Large jet,True,Day,2026-02-13 18:57:15,2026-02-13 00:00:00,500.000016,18.821902882752976,1,,0,,,True,False,True,False,False,True
12891495456210110882,VCG2BG  ,C25A,L2J,Business jet,False,Evening,2026-02-13 19:03:10,2026-02-13 00:00:00,525.0000168,18.498952549253122,1,,0,,,True,False,True,False,False,True
13830927659221484333,RYR20MC ,,,Other,False,Evening,2026-02-13 20:58:15,2026-02-13 00:00:00,,,0,,0,,,False,False,False,False,False,True
11684197618032849343,RYR65FB ,B738,L2J,Large jet,True,Evening,2026-02-13 22:44:00,2026-02-13 00:00:00,,,0,,0,,,False,False,False,False,False,True
9985264026922490431,RYR5AM  ,B738,L2J,Large jet,True,Night,2026-02-13 23:07:20,2026-02-13 00:00:00,,,0,,0,,,False,False,False,False,False,True
15647536051869928635,RUK8BP  ,B738,L2J,Large jet,True,Evening,2026-02-13 22:10:45,2026-02-13 00:00:00,3925.0001256000005,18.805047502324598,1,,0,,,True,False,True,False,False,True
8705019232143196726,RYR22HC ,B38M,L2J,Large jet,True,Day,2026-02-14 07:23:00,2026-02-14 00:00:00,,,0,,0,,,False,False,False,False,False,True
8354180824692901964,URO915  ,A346,L4J,Large jet,True,Day,2026-02-14 08:18:15,2026-02-14 00:00:00,,,0,,0,,,False,False,False,False,False,False
521691206534893011,EZS15WP ,A320,L2J,Large jet,True,Day,2026-02-14 08:13:45,2026-02-14 00:00:00,2050.0000656,6.219667370596048,1,,0,,,True,False,True,False,True,True
14135844923241467078,GBEWR   ,C172,L1P,GA / light,False,Day,2026-02-14 09:43:10,2026-02-14 00:00:00,375.000012,16.059989354019365,12,,0,,,True,False,True,False,False,True
16664858941405475690,GBUFH   ,P28A,L1P,GA / light,False,Day,2026-02-14 10:25:10,2026-02-14 00:00:00,1200.0000384,15.660269290159334,6,1600.0000512,4,1600.0000512,-1244.835524032552,True,True,True,True,False,True
3359315082086875394,MAMBA   ,GA6C,L2J,Business jet,False,Day,2026-02-14 10:27:35,2026-02-14 00:00:00,1850.0000592,6.790669525685336,2,1900.0000608,1,,,True,True,True,False,True,True
5242945014943284853,,R44,H1P,Helicopter,False,Day,2026-02-14 11:01:55,2026-02-14 00:00:00,,,0,,0,,,False,False,False,False,False,True
15523230795547068886,GOLAJ   ,R44,H1P,Helicopter,False,Day,2026-02-14 11:19:15,2026-02-14 00:00:00,,,0,,0,,,False,False,False,False,False,True
16352232541317209539,GBBND   ,DHC1,L1P,GA / light,False,Day,2026-02-14 11:59:05,2026-02-14 00:00:00,,,0,,0,,,False,False,False,False,False,False
7173625826755163758,GCDMY   ,P28A,L1P,GA / light,False,Day,2026-02-14 11:35:15,2026-02-14 00:00:00,,,0,,0,,,False,False,False,False,False,False
4261297657685542105,RYR11MN ,B738,L2J,Large jet,True,Day,2026-02-14 13:19:10,2026-02-14 00:00:00,,,0,,0,,,False,False,False,False,False,True
4772024364494813992,N624CS  ,S22T,L1P,GA / light,False,Day,2026-02-14 12:30:30,2026-02-14 00:00:00,1675.0000536,17.138221447083072,1,,0,,,True,False,True,False,False,True
7831408792120257411,GAWWO   ,DR10,L1P,GA / light,False,Day,2026-02-14 12:14:40,2026-02-14 00:00:00,,,0,,0,,,False,False,False,False,False,False
10960734894620466710,GOJVL   ,RV6,L1P,GA / light,False,Day,2026-02-14 12:46:45,2026-02-14 00:00:00,1475.0000472000002,16.872885395951126,2,,0,,,True,False,True,False,False,True
12079102456613257964,TOM27G  ,B738,L2J,Large jet,True,Day,2026-02-14 13:55:35,2026-02-14 00:00:00,,,0,,0,,,False,False,False,False,False,False
9812998254329130401,GDBOD   ,C172,L1P,GA / light,False,Day,2026-02-14 12:44:45,2026-02-14 00:00:00,,,0,,0,,,False,False,False,False,True,True
17906708989373139480,GPDSI   ,C172,L1P,GA / light,False,Day,2026-02-14 12:34:25,2026-02-14 00:00:00,,,0,,0,,,False,False,False,False,False,False
6450563227232316658,URO601  ,A346,L4J,Large jet,True,Day,2026-02-14 14:53:30,2026-02-14 00:00:00,,,0,,0,,,False,False,False,False,False,False
1669524268893745156,GBOHA   ,P28A,L1P,GA / light,False,Day,2026-02-14 12:59:50,2026-02-14 00:00:00,1725.0000552,1.577467444693347,1,1725.0000552,1,1775.0000568,-1297.4628487300047,True,True,True,True,True,True
424655558424506127,PARA8356,,,Other,False,Day,2026-02-14 12:50:30,2026-02-14 00:00:00,,,0,,0,,,False,False,False,False,False,True
7838858299647341273,GBUFH   ,P28A,L1P,GA / light,False,Day,2026-02-14 13:18:25,2026-02-14 00:00:00,1000.000032,18.30254472767907,5,,0,,,True,False,True,False,True,True
1166671636149768874,,P28A,L1P,GA / light,False,Day,2026-02-14 12:50:05,2026-02-14 00:00:00,,,0,,0,,,False,False,False,False,False,True
1010236227172070154,,,,Other,False,Day,2026-02-14 12:44:35,2026-02-14 00:00:00,,,0,,0,,,False,False,False,False,False,True
15961635556917352422,GEPEE   ,,,Other,False,Day,2026-02-14 13:22:05,2026-02-14 00:00:00,,,0,,0,,,False,False,False,False,False,False
1390281409361289922,RYR6765 ,B738,L2J,Large jet,True,Day,2026-02-14 15:41:45,2026-02-14 00:00:00,2350.0000752,3.7044268233489617,1,2350.0000752,1,,,True,True,True,False,True,True
15294261490047693528,GBZTN   ,EUPA,L1P,GA / light,False,Day,2026-02-14 13:47:35,2026-02-14 00:00:00,,,0,,0,,,False,False,False,False,False,True
3878413649402949359,GCBCL   ,GLST,L1P,GA / light,False,Day,2026-02-14 13:45:20,2026-02-14 00:00:00,,,0,,0,,,False,False,False,False,False,True
6036570264638369131,GIMPT   ,EFOX,L1P,GA / light,False,Day,2026-02-14 14:32:25,2026-02-14 00:00:00,,,0,,0,,,False,False,False,False,False,False
7764576977897142099,GXIVA   ,RV14,L1P,GA / light,False,Day,2026-02-14 14:10:10,2026-02-14 00:00:00,,,0,,0,,,False,False,False,False,False,True
306171653827848618,NJU4RG  ,C56X,L2J,Business jet,False,Day,2026-02-14 14:13:25,2026-02-14 00:00:00,,,0,,0,,,False,False,False,False,False,True
11994210276170193972,GOJEH   ,P28A,L1P,GA / light,False,Day,2026-02-14 14:38:25,2026-02-14 00:00:00,1500.000048,4.1851526954308005,1,1500.000048,1,,,True,True,True,False,False,True
6831989402164324414,GCBZX   ,MCR1,L1P,GA / light,False,Day,2026-02-14 13:50:00,2026-02-14 00:00:00,,,0,,0,,,False,False,False,False,False,True
16658720651614069096,CGJZJ   ,CRJ2,L2J,Large jet,True,Day,2026-02-14 16:34:10,2026-02-14 00:00:00,1350.0000432000002,7.674422563777515,2,2375.0000760000003,1,,,True,True,True,False,True,True
7468083245660471182,,P28A,L1P,GA / light,False,Day,2026-02-14 14:03:30,2026-02-14 00:00:00,,,0,,0,,,False,False,False,False,False,False
11987510966334125098,EXS3AS  ,B738,,Large jet,True,Day,2026-02-14 17:56:55,2026-02-14 00:00:00,2325.0000744000004,3.6141318603083596,1,2325.0000744000004,1,,,True,True,True,False,True,True
17582131695302407446,GCMSA   ,AS50,,Other,False,Day,2026-02-14 15:37:15,2026-02-14 00:00:00,,,0,,0,,,False,False,False,False,False,False
11258516800178405786,GBUFH   ,P28A,L1P,GA / light,False,Day,2026-02-14 15:10:50,2026-02-14 00:00:00,,,0,,0,,,False,False,False,False,False,True
12434827601861697259,EZY2696 ,A320,L2J,Large jet,True,Day,2026-02-14 16:07:45,2026-02-14 00:00:00,,,0,,0,,,False,False,False,False,False,False
4403114525840538614,GOLAJ   ,R44,H1P,Helicopter,False,Day,2026-02-14 16:23:40,2026-02-14 00:00:00,200.0000064,17.956038278576678,10,,0,,,True,False,True,False,False,True
8664181725828570743,N803SR  ,SR22,L1P,GA / light,False,Day,2026-02-14 16:10:55,2026-02-14 00:00:00,,,0,,0,,,False,False,False,False,True,True
8990508288844206324,GCBNO   ,ULAC,,Other,False,Day,2026-02-14 16:05:40,2026-02-14 00:00:00,,,0,,0,,,False,False,False,False,False,False
7705545080447250945,,ULAC,,Other,False,Day,2026-02-14 16:02:30,2026-02-14 00:00:00,,,0,,0,,,False,False,False,False,False,False
8561522355014034169,,DR40,L1P,GA / light,False,Day,2026-02-14 16:11:10,2026-02-14 00:00:00,,,0,,0,,,False,False,False,False,True,True
411659326608851961,HLE10   ,A169,H2T,Helicopter,False,Day,2026-02-14 17:16:40,2026-02-14 00:00:00,,,0,,0,,,False,False,False,False,False,False
13914486993425513040,GBUFH   ,P28A,L1P,GA / light,False,Day,2026-02-14 17:38:45,2026-02-14 00:00:00,900.0000288,16.82617674821482,2,,0,,,True,False,True,False,False,True
5948450714130538512,GMA23   ,BE20,L2T,Turboprop,False,Day,2026-02-14 18:39:55,2026-02-14 00:00:00,1550.0000496,5.013980817500069,2,1550.0000496,1,,,True,True,True,False,True,True
7960572006182423681,HLE10   ,A169,H2T,Helicopter,False,Evening,2026-02-14 19:31:30,2026-02-14 00:00:00,,,0,,0,,,False,False,False,False,False,False
8509766525932143385,RYR46KY ,B738,L2J,Large jet,True,Evening,2026-02-14 22:21:30,2026-02-14 00:00:00,,,0,,0,,,False,False,False,False,False,False
14338526298536900683,RYR54WK ,B738,L2J,Large jet,True,Day,2026-02-15 08:13:15,2026-02-15 00:00:00,225.0000072,18.69069280167029,2,2725.0000872,1,2725.0000872,53.17838302392374,True,True,True,False,True,True
9472863189355431768,RYR20MC ,B738,L2J,Large jet,True,Day,2026-02-15 14:34:05,2026-02-15 00:00:00,425.00001360000005,18.389891903173083,1,,0,,,True,False,True,False,False,True
5674311727569568991,EXS3638 ,B738,L2J,Large jet,True,Day,2026-02-15 13:56:45,2026-02-15 00:00:00,2900.0000928000004,4.362004442073307,1,2900.0000928000004,1,,,True,True,True,False,True,True
10457086510638658266,RYR46KY ,B38M,L2J,Large jet,True,Day,2026-02-15 16:47:45,2026-02-15 00:00:00,450.0000144,18.35375147899967,1,,0,,,True,False,True,False,False,True
1608159936676742055,EZY15CF ,A320,L2J,Large jet,True,Day,2026-02-15 16:44:45,2026-02-15 00:00:00,450.0000144,18.761381703003803,2,3300.0001056,1,3300.0001056,251.30504594839203,True,True,True,False,True,True
10224686513949082637,EXS19W  ,B738,,Large jet,True,Day,2026-02-15 17:51:45,2026-02-15 00:00:00,450.0000144,18.55160707022867,1,,0,,,True,False,True,False,False,True
15749851228370662781,TOM7FT  ,B738,L2J,Large jet,True,Day,2026-02-15 18:58:50,2026-02-15 00:00:00,425.00001360000005,18.780641538725412,9,2125.0000680000003,4,2925.0000936,-301.49469586196983,True,True,True,False,True,True
13652213882912102744,2JSEG   ,EA50,L2J,Business jet,False,Day,2026-02-15 16:53:00,2026-02-15 00:00:00,2425.0000775999997,2.039581391680215,4,2425.0000775999997,3,2450.0000784,-731.3153967489543,True,True,True,False,True,True
10294597980845944784,HLE10   ,A169,H2T,Helicopter,False,Day,2026-02-15 16:33:45,2026-02-15 00:00:00,1350.0000432000002,19.179654816396113,2,,0,,,True,False,True,False,False,True
12826281503879665457,RUK8BP  ,B738,L2J,Large jet,True,Day,2026-02-15 18:08:15,2026-02-15 00:00:00,425.00001360000005,18.958374351345984,2,4175.0001336,1,,,True,True,True,False,True,True
3709860987006244326,HLE10   ,A169,H2T,Helicopter,False,Day,2026-02-15 17:32:00,2026-02-15 00:00:00,675.0000216000001,18.884912506606558,1,,0,,,True,False,True,False,False,True
17080336165561979540,RYR5AM  ,B738,L2J,Large jet,True,Night,2026-02-16 00:14:10,2026-02-16 00:00:00,375.000012,18.77269813872957,2,3125.0001,1,3125.0001,354.25813939387126,True,True,True,False,True,True
16919428249560381949,HLE10   ,A169,H2T,Helicopter,False,Night,2026-02-16 00:34:30,2026-02-16 00:00:00,,,0,,0,,,False,False,False,False,False,True
16333954376062450089,HLE10   ,A169,H2T,Helicopter,False,Night,2026-02-16 02:44:20,2026-02-16 00:00:00,,,0,,0,,,False,False,False,False,False,True
17622640057773040310,RYR20MC ,,,Other,False,Day,2026-02-16 07:49:55,2026-02-16 00:00:00,375.000012,18.896530867433142,1,,0,,,True,False,True,False,False,True
7527090728823627821,N209PB  ,PC12,L1T,Turboprop,False,Day,2026-02-16 08:30:45,2026-02-16 00:00:00,425.00001360000005,18.918017195301584,2,2950.0000944000003,1,2950.0000944000003,-207.73724040623983,True,True,True,False,True,True
5703343673358020088,GBUFH   ,P28A,L1P,GA / light,False,Day,2026-02-16 10:21:00,2026-02-16 00:00:00,825.0000264,16.421234475954268,4,,0,,,True,False,True,False,True,True
1449222722672209004,GEIMS   ,B505,H1T,Helicopter,False,Day,2026-02-16 09:59:55,2026-02-16 00:00:00,,,0,,0,,,False,False,False,False,False,False
12124402169510467697,GBGYH   ,P28A,L1P,GA / light,False,Day,2026-02-16 10:38:15,2026-02-16 00:00:00,,,0,,0,,,False,False,False,False,False,True
12774686066706733833,EZY56BH ,A320,L2J,Large jet,True,Day,2026-02-16 12:18:35,2026-02-16 00:00:00,2050.0000656,9.102791082893448,3,3325.0001064000003,2,3375.000108,343.64376456844684,True,True,True,False,True,True
9024949046946564747,GESAR   ,,,Other,False,Day,2026-02-16 12:17:50,2026-02-16 00:00:00,,,0,,0,,,False,False,False,False,False,True
8621763807612766645,RYR11MN ,B738,L2J,Large jet,True,Day,2026-02-16 14:57:35,2026-02-16 00:00:00,350.0000112,18.64705347867542,1,,0,,,True,False,True,False,False,True
12161807069817105159,EXS67DE ,B738,,Large jet,True,Day,2026-02-16 15:45:55,2026-02-16 00:00:00,350.0000112,18.597686383462058,2,2375.0000760000003,1,,,True,True,True,False,True,True
7676197575995901413,GEGBW   ,P28A,L1P,GA / light,False,Day,2026-02-16 14:09:20,2026-02-16 00:00:00,450.0000144,18.357490387367736,1,,0,,,True,False,True,False,True,True
8227317373224128500,RYR3971 ,B738,L2J,Large jet,True,Day,2026-02-16 15:56:50,2026-02-16 00:00:00,350.0000112,18.50240562959885,1,,0,,,True,False,True,False,True,True
13155889514235577018,GESAR   ,,,Other,False,Day,2026-02-16 14:48:40,2026-02-16 00:00:00,,,0,,0,,,False,False,False,False,False,True
1862646768260073089,TOM8AE  ,B738,L2J,Large jet,True,Day,2026-02-16 17:35:35,2026-02-16 00:00:00,300.0000096,18.723494549248674,2,2800.0000896,1,2800.0000896,-215.47240377734306,True,True,True,False,True,True
8454103706917372588,EXS68M  ,B738,L2J,Large jet,True,Day,2026-02-16 17:45:10,2026-02-16 00:00:00,300.0000096,18.621149837404563,2,2800.0000896,1,,,True,True,True,False,True,True
13830475500567746793,GETPI   ,A109,H2T,Helicopter,False,Day,2026-02-16 14:54:35,2026-02-16 00:00:00,,,0,,0,,,False,False,False,False,False,False
10958576710797807348,NJE432H ,E55P,L2J,Business jet,False,Day,2026-02-16 15:12:25,2026-02-16 00:00:00,2875.000092,1.0233059800962552,3,2875.000092,3,2875.000092,-393.4120889102551,True,True,True,False,True,True
9373469698129381567,PNTHR77 ,H64,,Other,False,Evening,2026-02-16 19:37:45,2026-02-16 00:00:00,,,0,,0,,,False,False,False,False,False,False
7053139739604822588,RYR46KY ,B738,L2J,Large jet,True,Evening,2026-02-16 22:46:05,2026-02-16 00:00:00,175.0000056,18.76902331660114,1,,0,,,True,False,True,False,False,True
5257465167805531056,AMBER1  ,FA20,L2J,Business jet,False,Day,2026-02-17 11:44:00,2026-02-17 00:00:00,1350.0000432000002,8.864867787325458,6,1375.0000440000001,1,,,True,True,True,False,True,True
8921454949031733490,GBGYH   ,P28A,L1P,GA / light,False,Day,2026-02-17 11:09:40,2026-02-17 00:00:00,775.0000248,15.943259891178338,2,,0,,,True,False,True,False,False,True
297006829131907997,GEIMS   ,B505,H1T,Helicopter,False,Day,2026-02-17 09:57:15,2026-02-17 00:00:00,,,0,,0,,,False,False,False,False,False,False
15976596599227606835,,D6CR,L1P,GA / light,False,Day,2026-02-17 09:54:50,2026-02-17 00:00:00,1700.0000544000002,1.7287450821997572,1,1700.0000544000002,1,1400.0000448,-1687.5970287673595,True,True,True,True,True,True
6791491628001210824,GAWEI   ,D6CR,L1P,GA / light,False,Day,2026-02-17 09:59:55,2026-02-17 00:00:00,1825.0000584,10.546718505223692,2,,0,,,True,False,True,False,True,True
11237694856499983136,N93MD   ,AS65,H2T,Helicopter,False,Day,2026-02-17 11:21:10,2026-02-17 00:00:00,,,0,,0,,,False,False,False,False,True,True
13511246956091821671,GTSAS   ,P28A,L1P,GA / light,False,Day,2026-02-17 10:59:55,2026-02-17 00:00:00,1650.0000528,2.4162474127015017,4,1650.0000528,4,1675.0000536,-1460.6146012543256,True,True,True,True,True,True
5430634512697669132,N71CW   ,C180,L1P,GA / light,False,Day,2026-02-17 11:54:45,2026-02-17 00:00:00,800.0000256,13.883405417451856,3,,0,,,True,False,True,False,True,True
4361646946972110529,GMA516  ,C25M,L2J,Business jet,False,Day,2026-02-17 12:08:00,2026-02-17 00:00:00,1850.0000592,5.973658888562661,4,1850.0000592,3,1875.00006,-830.063169449021,True,True,True,True,True,True
1022438215904507664,GZDEE   ,EFOX,,Other,False,Day,2026-02-17 13:34:15,2026-02-17 00:00:00,,,0,,0,,,False,False,False,False,False,True
15328550458954048546,GCLKB   ,C172,L1P,GA / light,False,Day,2026-02-17 13:25:55,2026-02-17 00:00:00,1700.0000544000002,2.4750663791459893,10,1700.0000544000002,8,1700.0000544000002,-1425.6187483067345,True,True,True,True,True,True
1905324970245415194,EXS257G ,B738,,Large jet,True,Day,2026-02-17 16:25:40,2026-02-17 00:00:00,2600.0000832,0.5788925753682654,1,2600.0000832,1,2600.0000832,-460.8959636049117,True,True,True,False,True,True
5025013700545598560,HLE10   ,A169,H2T,Helicopter,False,Day,2026-02-17 13:16:55,2026-02-17 00:00:00,,,0,,0,,,False,False,False,False,False,False
17054541315784609399,,P28A,L1P,GA / light,False,Day,2026-02-17 13:13:55,2026-02-17 00:00:00,,,0,,0,,,False,False,False,False,True,True
4785076191864627653,GCLKB   ,C172,L1P,GA / light,False,Day,2026-02-17 14:22:20,2026-02-17 00:00:00,1700.0000544000002,3.7668712661442156,8,1700.0000544000002,7,1700.0000544000002,-1431.2276584218669,True,True,True,True,True,True
848234707751067241,GBUFH   ,P28A,L1P,GA / light,False,Day,2026-02-17 15:06:50,2026-02-17 00:00:00,1050.0000336,18.075104988932793,5,,0,,,True,False,True,False,False,True
5799190075571824179,GBEWR   ,C172,L1P,GA / light,False,Day,2026-02-17 14:44:15,2026-02-17 00:00:00,500.000016,15.670870944696643,2,,0,,,True,False,True,False,False,True
4532926684196236978,ZZ145   ,,,Other,False,Day,2026-02-17 15:21:15,2026-02-17 00:00:00,,,0,,0,,,False,False,False,False,False,False
10072084040877598601,EZY56BH ,A319,L2J,Large jet,True,Day,2026-02-17 15:40:45,2026-02-17 00:00:00,2075.0000664,3.3557592996325796,2,2075.0000664,2,2100.0000672,-592.9288638013713,True,True,True,False,True,True
17955870602994689604,N93MD   ,AS65,H2T,Helicopter,False,Day,2026-02-17 15:59:55,2026-02-17 00:00:00,,,0,,0,,,False,False,False,False,False,True
16344207395996599893,EXS2610 ,B738,L2J,Large jet,True,Day,2026-02-17 17:02:05,2026-02-17 00:00:00,,,0,,0,,,False,False,False,False,False,False
15265639522676242584,TOM7KX  ,B738,L2J,Large jet,True,Day,2026-02-17 18:09:25,2026-02-17 00:00:00,,,0,,0,,,False,False,False,False,False,False
10606035282429504945,GOLGE   ,SR20,,Other,False,Day,2026-02-17 15:18:05,2026-02-17 00:00:00,450.0000144,15.50006414895108,2,,0,,,True,False,True,False,False,True
4367941444486177068,CRIMSON1,FA20,L2J,Business jet,False,Day,2026-02-17 16:31:00,2026-02-17 00:00:00,1925.0000616,6.880474127841111,1,,0,,,True,False,True,False,False,True
10233688410287030540,GEIMS   ,B505,H1T,Helicopter,False,Day,2026-02-17 15:34:45,2026-02-17 00:00:00,,,0,,0,,,False,False,False,False,False,False
7515789810793389829,CRIMSON2,,,Other,False,Day,2026-02-17 16:19:10,2026-02-17 00:00:00,1900.0000608,4.630034710902032,5,1900.0000608,4,,,True,True,True,False,True,True
16362784049911156880,GCBZX   ,MCR1,L1P,GA / light,False,Day,2026-02-17 15:16:50,2026-02-17 00:00:00,700.0000224,15.404810248733428,1,,0,,,True,False,True,False,True,True
1971066909363107623,BDN029  ,A109,H2T,Helicopter,False,Day,2026-02-17 17:21:15,2026-02-17 00:00:00,1400.0000448,8.547780262720421,3,,0,,,True,False,True,False,False,True
12842405211915334878,N71CW   ,C180,L1P,GA / light,False,Day,2026-02-17 15:41:35,2026-02-17 00:00:00,1625.000052,19.702509048053813,2,,0,,,True,False,True,False,True,True
10751610781138539466,GRVNS   ,RV4,L1P,GA / light,False,Day,2026-02-17 15:43:20,2026-02-17 00:00:00,1975.0000632,19.95759031467674,1,,0,,,True,False,True,False,True,True
10310108561821995747,RYR65FB ,B738,L2J,Large jet,True,Day,2026-02-17 17:38:25,2026-02-17 00:00:00,1900.0000608,5.891936082327022,1,1900.0000608,1,,,True,True,True,False,True,True
10258405858554756503,GBWUH   ,P28A,L1P,GA / light,False,Day,2026-02-17 17:29:35,2026-02-17 00:00:00,400.0000128,17.042458378287737,21,1375.0000440000001,8,,,True,True,True,False,True,True
1530193771879666013,GBUFH   ,P28A,L1P,GA / light,False,Day,2026-02-17 17:48:30,2026-02-17 00:00:00,1125.0000360000001,14.139004164803687,2,,0,,,True,False,True,False,False,True
4252626227205336293,GMA019  ,BE20,L2T,Turboprop,False,Day,2026-02-17 17:26:55,2026-02-17 00:00:00,1100.0000352000002,11.980892732887677,1,,0,,,True,False,True,False,True,True
10158735732587624223,FRA75   ,FA20,L2J,Business jet,False,Day,2026-02-17 18:24:10,2026-02-17 00:00:00,1925.0000616,5.718837840347908,2,1925.0000616,1,,,True,True,True,False,True,True
5028778504662659001,SRD375  ,,,Other,False,Evening,2026-02-17 21:18:15,2026-02-17 00:00:00,,,0,,0,,,False,False,False,False,True,True
18017072799132819286,NJE4QC  ,C680,L2J,Business jet,False,Day,2026-02-18 10:18:00,2026-02-18 00:00:00,,,0,,0,,,False,False,False,False,False,True
459896128811228868,BWY40   ,FA20,L2J,Business jet,False,Day,2026-02-18 12:32:45,2026-02-18 00:00:00,,,0,,0,,,False,False,False,False,False,True
4566334458965322073,EIX27S  ,,,Other,False,Day,2026-02-18 14:43:00,2026-02-18 00:00:00,,,0,,0,,,False,False,False,False,False,True
8114482423307286942,CRIMSON1,FA20,L2J,Business jet,False,Day,2026-02-18 16:38:35,2026-02-18 00:00:00,,,0,,0,,,False,False,False,False,False,True
12993294464117835262,CRIMSON2,,,Other,False,Day,2026-02-18 16:41:35,2026-02-18 00:00:00,,,0,,0,,,False,False,False,False,False,True
85186878351227885,RYR65FB ,,,Other,False,Day,2026-02-19 07:24:35,2026-02-19 00:00:00,500.000016,18.76902331660114,1,,0,,,True,False,True,False,False,True
14699483438442219143,2SHEE   ,EA50,L2J,Business jet,False,Day,2026-02-19 09:18:05,2026-02-19 00:00:00,450.0000144,18.974051651895532,2,2950.0000944000003,1,2950.0000944000003,-520.9921531860809,True,True,True,False,True,True
1349314484356670580,RYR46KY ,B38M,L2J,Large jet,True,Day,2026-02-19 10:02:40,2026-02-19 00:00:00,375.000012,18.958374351345984,2,2375.0000760000003,1,,,True,True,True,False,True,True
3151928639390959191,RUK8BP  ,B738,L2J,Large jet,True,Day,2026-02-19 09:27:30,2026-02-19 00:00:00,425.00001360000005,18.29276871371585,1,,0,,,True,False,True,False,False,True
11780272373082082398,JSY1L   ,C25A,,Business jet,False,Day,2026-02-19 10:34:55,2026-02-19 00:00:00,375.000012,18.597686383462058,2,,0,,,True,False,True,False,True,True
3684986630846912455,URO683  ,A346,L4J,Large jet,True,Day,2026-02-19 13:15:10,2026-02-19 00:00:00,225.0000072,18.70281189020481,1,,0,,,True,False,True,False,False,True
10393179830176475568,CRIMSON1,FA20,L2J,Business jet,False,Day,2026-02-19 12:17:25,2026-02-19 00:00:00,300.0000096,18.74727522163525,8,1800.0000576,3,1825.0000584,-851.3460515998363,True,True,True,True,True,True
6288756157154459907,CRIMSON2,FA20,L2J,Business jet,False,Day,2026-02-19 12:06:45,2026-02-19 00:00:00,300.0000096,18.729725878929077,4,2275.0000728,3,2325.0000744000004,-382.03235986273194,True,True,True,False,True,True
17623884610930719774,RYR11MN ,B738,L2J,Large jet,True,Day,2026-02-19 13:52:00,2026-02-19 00:00:00,250.000008,18.55877231524978,1,,0,,,True,False,True,False,False,True
7752727508443370366,EXS3AS  ,B738,,Large jet,True,Day,2026-02-19 17:31:45,2026-02-19 00:00:00,100.0000032,18.598851666262576,1,,0,,,True,False,True,False,True,True
17143951830548301078,GOLAJ   ,R44,H1P,Helicopter,False,Day,2026-02-19 14:49:50,2026-02-19 00:00:00,975.0000312,16.606940686768773,2,,0,,,True,False,True,False,False,True
13919361437270361342,AMBER1  ,FA20,L2J,Business jet,False,Day,2026-02-19 16:47:30,2026-02-19 00:00:00,150.0000048,18.631374397483995,3,2125.0000680000003,2,2125.0000680000003,-623.0646345801351,True,True,True,False,True,True
8184347393297937304,AMBER2  ,FA20,L2J,Business jet,False,Day,2026-02-19 16:44:50,2026-02-19 00:00:00,125.000004,18.77269813872957,2,2150.0000688,1,,,True,True,True,False,False,True
12424954960193962980,RYR54WK ,B738,L2J,Large jet,True,Day,2026-02-19 18:10:40,2026-02-19 00:00:00,50.0000016,18.69183858122567,2,2900.0000928000004,1,2850.0000912,74.46787058667587,True,True,True,False,True,True
165199874497277792,EZY56BH ,A20N,L2J,Large jet,True,Day,2026-02-19 16:16:15,2026-02-19 00:00:00,150.0000048,18.556692266539574,2,,0,,,True,False,True,False,True,True
2459249285858504419,TOM6TM  ,B738,L2J,Large jet,True,Day,2026-02-19 17:49:05,2026-02-19 00:00:00,100.0000032,18.641827041357175,1,,0,,,True,False,True,False,False,False
1882679681968630996,SRD375  ,,,Other,False,Day,2026-02-19 17:20:05,2026-02-19 00:00:00,1175.0000376,15.954871571156618,3,1200.0000384,1,,,True,True,True,False,True,True
7200206573705404155,EIX27S  ,,,Other,False,Day,2026-02-19 17:35:45,2026-02-19 00:00:00,125.000004,18.221332189862736,1,,0,,,True,False,True,False,False,False
3602069333795316415,,H64,H2T,Helicopter,False,Day,2026-02-19 17:16:55,2026-02-19 00:00:00,,,0,,0,,,False,False,False,False,False,True
16129175934543862790,GMOSH   ,P28R,L1P,GA / light,False,Day,2026-02-19 18:26:10,2026-02-19 00:00:00,1700.0000544000002,4.942578159902236,6,1700.0000544000002,6,,,True,True,True,False,False,True
10994906965955697510,RYR20MC ,,,Other,False,Evening,2026-02-19 20:46:45,2026-02-19 00:00:00,,,0,,0,,,False,False,False,False,False,False
2104728643783073711,EXS67BH ,B738,L2J,Large jet,True,Evening,2026-02-19 19:55:50,2026-02-19 00:00:00,25.0000008,18.724882341561134,1,,0,,,True,False,True,False,False,False
5667479878123649470,SLAYR62 ,,,Other,False,Evening,2026-02-19 20:15:30,2026-02-19 00:00:00,,,0,,0,,,False,False,False,False,False,False
7182165390760807470,GMA23   ,BE20,L2T,Turboprop,False,Evening,2026-02-19 21:20:45,2026-02-19 00:00:00,2000.000064,3.656444641277074,1,2000.000064,1,2000.000064,-681.8035340710392,True,True,True,False,True,True
11186064989622890445,FRA90   ,FA20,L2J,Business jet,False,Day,2026-02-20 09:28:20,2026-02-20 00:00:00,1350.0000432000002,5.171357619954746,3,1350.0000432000002,2,,,True,True,True,False,True,True
382580844993922676,TOM9238 ,B788,L2J,Large jet,True,Day,2026-02-20 09:15:45,2026-02-20 00:00:00,1825.0000584,1.9725122282393246,2,1825.0000584,2,1825.0000584,-1015.5807585120756,True,True,True,True,True,True
11483256175909550488,GBGYH   ,P28A,L1P,GA / light,False,Day,2026-02-20 09:59:55,2026-02-20 00:00:00,400.0000128,16.81441071628003,2,,0,,,True,False,True,False,False,True
7935612040878194457,RYR6FY  ,B738,L2J,Large jet,True,Day,2026-02-20 12:22:30,2026-02-20 00:00:00,,,0,,0,,,False,False,False,False,False,False
16048342236715474919,NJU6UA  ,,,Other,False,Day,2026-02-20 12:07:50,2026-02-20 00:00:00,25.0000008,17.938494333220238,3,1875.00006,2,,,True,True,True,False,True,True
8731781720742340991,,EC35,H2T,Helicopter,False,Day,2026-02-20 11:03:25,2026-02-20 00:00:00,,,0,,0,,,False,False,False,False,True,True
1494288444018505140,GWPDB   ,EC35,H2T,Helicopter,False,Day,2026-02-20 11:14:50,2026-02-20 00:00:00,,,0,,0,,,False,False,False,False,False,True
16836401344216695738,GESAR   ,,,Other,False,Day,2026-02-20 11:52:45,2026-02-20 00:00:00,,,0,,0,,,False,False,False,False,False,True
1139237937321470004,SAH48P  ,BE40,L2J,Business jet,False,Day,2026-02-20 13:48:00,2026-02-20 00:00:00,600.0000192,14.899375305702645,3,2475.0000792,2,2500.00008,-518.7058195230011,True,True,True,False,True,True
16244334313178715789,LJC6    ,B350,L2T,Turboprop,False,Day,2026-02-20 15:20:25,2026-02-20 00:00:00,350.0000112,16.415255887607604,23,1925.0000616,14,2475.0000792,-930.0371915954752,True,True,True,False,True,True
13991096762327016118,RYR46KY ,B38M,,Large jet,True,Day,2026-02-20 14:38:45,2026-02-20 00:00:00,1925.0000616,2.968202366770101,3,1925.0000616,3,1925.0000616,-752.2334367113788,True,True,True,True,True,True
16155098725278232254,LOG827P ,AT76,L2T,Turboprop,False,Day,2026-02-20 14:25:05,2026-02-20 00:00:00,2425.0000775999997,0.7093568779553014,3,2425.0000775999997,3,2425.0000775999997,-640.7734544016243,True,True,True,False,True,True
9362994113936398904,SXN608  ,,,Other,False,Day,2026-02-20 14:50:50,2026-02-20 00:00:00,350.0000112,16.413465952977862,2,2475.0000792,1,2475.0000792,-734.9159184405139,True,True,True,False,True,True
9261894167515025717,EZY56BH ,A20N,L2J,Large jet,True,Day,2026-02-20 16:09:15,2026-02-20 00:00:00,,,0,,0,,,False,False,False,False,False,False
1132663583796276850,EXS67DE ,B738,L2J,Large jet,True,Day,2026-02-20 17:02:10,2026-02-20 00:00:00,,,0,,0,,,False,False,False,False,True,True
17409639797297002308,TOM2TG  ,B738,L2J,Large jet,True,Day,2026-02-20 18:38:15,2026-02-20 00:00:00,2625.0000840000002,2.8596218094978325,1,2625.0000840000002,1,2625.0000840000002,-1.6160221275918047,True,True,True,False,True,True
8510393495686331527,GMA019  ,BE20,L2T,Turboprop,False,Day,2026-02-20 16:05:05,2026-02-20 00:00:00,200.0000064,17.202547510066424,6,2000.000064,3,2400.0000768,-430.63290788199583,True,True,True,False,True,True
15397288281804793459,RYR65FB ,,,Other,False,Evening,2026-02-20 19:47:55,2026-02-20 00:00:00,,,0,,0,,,False,False,False,False,False,False
1364275826063506677,RYR20MC ,,,Other,False,Evening,2026-02-20 21:25:10,2026-02-20 00:00:00,2350.0000752,2.7561500555419434,1,2350.0000752,1,2350.0000752,-296.1515710440658,True,True,True,False,True,True
8875982548967145607,RYR5AM  ,B738,L2J,Large jet,True,Night,2026-02-20 23:16:45,2026-02-20 00:00:00,,,0,,0,,,False,False,False,False,False,False
11009655356572282894,RUK8BP  ,B38M,L2J,Large jet,True,Evening,2026-02-20 20:43:55,2026-02-20 00:00:00,2875.000092,0.7682098252109967,1,2875.000092,1,2875.000092,-146.8363232642605,True,True,True,False,True,True
15975131257221138382,GMA023  ,BE20,L2T,Turboprop,False,Night,2026-02-20 23:26:25,2026-02-20 00:00:00,1400.0000448,10.308879071183185,1,,0,,,True,False,True,False,True,True
15947246623209953138,RYR22HC ,,,Other,False,Day,2026-02-21 07:20:25,2026-02-21 00:00:00,2625.0000840000002,1.8885003810650827,2,2625.0000840000002,2,2625.0000840000002,-167.856230654118,True,True,True,False,True,True
11302036357658872288,EZS15WP ,A320,L2J,Large jet,True,Day,2026-02-21 08:22:00,2026-02-21 00:00:00,1750.0000559999999,2.1309498682999553,1,1750.0000559999999,1,1750.0000559999999,-1002.4040245364467,True,True,True,True,True,True
1727562593289503523,URO683  ,A346,L4J,Large jet,True,Day,2026-02-21 13:39:30,2026-02-21 00:00:00,,,0,,0,,,False,False,False,False,False,False
17630747670782985425,RYR11MN ,B738,L2J,Large jet,True,Day,2026-02-21 13:28:15,2026-02-21 00:00:00,,,0,,0,,,False,False,False,False,False,False
11589962227807700801,BIO05   ,P68,,Other,False,Day,2026-02-21 12:50:25,2026-02-21 00:00:00,300.0000096,15.53851882846605,4,2275.0000728,3,2275.0000728,-838.0105679099238,True,True,True,False,True,True
13143841066347123813,MAMBA   ,GA6C,L2J,Business jet,False,Day,2026-02-21 12:54:55,2026-02-21 00:00:00,,,0,,0,,,False,False,False,False,False,False
6266618298129578748,RYR6765 ,B738,L2J,Large jet,True,Day,2026-02-21 15:11:15,2026-02-21 00:00:00,,,0,,0,,,False,False,False,False,False,False
18127643238533042324,FHANN   ,PC12,L1T,Turboprop,False,Day,2026-02-21 14:12:25,2026-02-21 00:00:00,2350.0000752,2.814799456061805,3,2350.0000752,3,2350.0000752,-697.9834077533765,True,True,True,False,True,True
6740728033980744627,FRA39   ,BN2T,L2T,Turboprop,False,Day,2026-02-21 15:41:35,2026-02-21 00:00:00,300.0000096,15.446693876529835,6,2300.0000736,3,2300.0000736,-660.1680825454523,True,True,True,False,True,True
16481507282251219310,EZY2696 ,A320,L2J,Large jet,True,Day,2026-02-21 15:56:35,2026-02-21 00:00:00,,,0,,0,,,False,False,False,False,True,True
14678933387573412481,EXS3AS  ,B738,L2J,Large jet,True,Day,2026-02-21 17:31:20,2026-02-21 00:00:00,,,0,,0,,,False,False,False,False,False,False
5757375286774066038,RYR46KY ,B738,L2J,Large jet,True,Evening,2026-02-21 22:21:35,2026-02-21 00:00:00,,,0,,0,,,False,False,False,False,False,False
12023646011348661962,RYR54WK ,B738,L2J,Large jet,True,Day,2026-02-22 08:00:05,2026-02-22 00:00:00,,,0,,0,,,False,False,False,False,False,False
2715289622322230601,BNI5U   ,C525,,Business jet,False,Day,2026-02-22 08:37:30,2026-02-22 00:00:00,2875.000092,5.564279098680723,1,2875.000092,1,2875.000092,-1.8976104312819189,True,True,True,False,True,True
12706248541251549549,RYR20MC ,B738,L2J,Large jet,True,Day,2026-02-22 12:42:30,2026-02-22 00:00:00,4050.0001296,7.545785729249122,1,,0,,,True,False,True,False,False,False
17601766016877231983,NJU7ZT  ,,,Other,False,Day,2026-02-22 15:29:00,2026-02-22 00:00:00,1900.0000608,3.2499510098848217,1,1900.0000608,1,,,True,True,True,False,False,True
5779467188817154936,EXS19W  ,B738,L2J,Large jet,True,Day,2026-02-22 17:25:45,2026-02-22 00:00:00,,,0,,0,,,False,False,False,False,False,False
10786281423728327442,RYR46KY ,,,Other,False,Day,2026-02-22 16:31:10,2026-02-22 00:00:00,1900.0000608,5.116856491915675,2,1900.0000608,2,2200.0000704000004,-609.3622794355701,True,True,True,False,True,True
525035049941002620,GBUFH   ,P28A,L1P,GA / light,False,Day,2026-02-22 15:37:50,2026-02-22 00:00:00,975.0000312,16.331050077831016,1,,0,,,True,False,True,False,False,True
5149768759486947441,GBWUH   ,P28A,L1P,GA / light,False,Day,2026-02-22 15:59:55,2026-02-22 00:00:00,,,0,,0,,,False,False,False,False,False,True
3234457410729025911,GMA023  ,BE20,L2T,Turboprop,False,Day,2026-02-22 15:25:05,2026-02-22 00:00:00,2900.0000928000004,9.727780455808256,3,2900.0000928000004,2,2900.0000928000004,-90.80779587729648,True,True,True,False,True,True
13009395984255742805,EZY15CF ,A20N,L2J,Large jet,True,Day,2026-02-22 17:17:05,2026-02-22 00:00:00,1925.0000616,2.048924897119292,1,1925.0000616,1,1925.0000616,-841.9648301663535,True,True,True,True,True,True
755257751857990871,EXS062J ,B738,,Large jet,True,Day,2026-02-22 16:14:30,2026-02-22 00:00:00,,,0,,0,2900.0000928000004,-80.36177525614812,False,False,False,False,True,True
10682447497246871489,TOM7FT  ,B738,L2J,Large jet,True,Day,2026-02-22 18:13:20,2026-02-22 00:00:00,2375.0000760000003,4.1771872524430425,1,2375.0000760000003,1,,,True,True,True,False,True,True
5304582623206773461,JFA18W  ,PC12,L1T,Turboprop,False,Day,2026-02-22 16:34:35,2026-02-22 00:00:00,1900.0000608,3.27920954381009,1,1900.0000608,1,,,True,True,True,False,True,True
15584205263844538156,GBWUH   ,P28A,L1P,GA / light,False,Day,2026-02-22 16:59:55,2026-02-22 00:00:00,,,0,,0,,,False,False,False,False,False,True
11529362535782786769,GBUFH   ,P28A,L1P,GA / light,False,Day,2026-02-22 17:38:20,2026-02-22 00:00:00,300.0000096,16.221423017678305,3,,0,,,True,False,True,False,True,True
5190285454294518269,RUK8BP  ,B738,L2J,Large jet,True,Day,2026-02-22 18:08:35,2026-02-22 00:00:00,3300.0001056,1.2799351565932695,1,3300.0001056,1,3300.0001056,-17.909393021353935,True,True,True,False,True,True
15105843629513336852,RYR6FY  ,B38M,,Large jet,True,Evening,2026-02-22 19:49:25,2026-02-22 00:00:00,1875.00006,5.709972286557582,1,1875.00006,1,,,True,True,True,False,True,True
1806453093849111996,FSF748K ,PC12,,Turboprop,False,Day,2026-02-22 18:53:15,2026-02-22 00:00:00,2400.0000768,2.4884366440004,1,2400.0000768,1,2400.0000768,-1042.1207689800449,True,True,True,False,True,True
2705674515872751253,RYR5AM  ,B738,L2J,Large jet,True,Evening,2026-02-22 22:21:05,2026-02-22 00:00:00,,,0,,0,,,False,False,False,False,True,True
7562601085571687793,RYR20MC ,B738,L2J,Large jet,True,Day,2026-02-23 08:02:45,2026-02-23 00:00:00,,,0,,0,,,False,False,False,False,False,False
3138533592918744130,LUA299N ,,,Other,False,Day,2026-02-23 09:31:35,2026-02-23 00:00:00,1900.0000608,5.16850280655404,4,1900.0000608,3,2400.0000768,-540.2077630544786,True,True,True,False,True,True
6636770124785792717,CRIMSON1,FA20,L2J,Business jet,False,Day,2026-02-23 10:26:00,2026-02-23 00:00:00,2375.0000760000003,3.2673759156561477,2,2375.0000760000003,2,,,True,True,True,False,True,True
7472740350373709310,CRIMSON2,FA20,L2J,Business jet,False,Day,2026-02-23 10:27:20,2026-02-23 00:00:00,2350.0000752,4.838156165547446,4,2350.0000752,4,2425.0000775999997,-478.30561199274325,True,True,True,False,True,True
13435873544821863282,GBGYH   ,P28A,L1P,GA / light,False,Day,2026-02-23 10:08:50,2026-02-23 00:00:00,1000.000032,17.127897247688153,1,,0,,,True,False,True,False,False,True
10812288455705126826,BTNIA18 ,G115,L1P,GA / light,False,Day,2026-02-23 11:23:45,2026-02-23 00:00:00,,,0,,0,,,False,False,False,False,False,False
14903626518053060973,URO681  ,A346,L4J,Large jet,True,Day,2026-02-23 13:51:40,2026-02-23 00:00:00,,,0,,0,,,False,False,False,False,False,False
2353648801870977730,BIO05   ,P68,,Other,False,Day,2026-02-23 14:32:25,2026-02-23 00:00:00,1725.0000552,14.806310586056616,10,,0,,,True,False,True,False,True,True
17075815450546666754,EZY56BH ,A20N,,Large jet,True,Day,2026-02-23 12:19:15,2026-02-23 00:00:00,2400.0000768,4.205510488450031,2,2400.0000768,2,2600.0000832,-325.5410720726609,True,True,True,False,True,True
1690695957194390179,GBUFH   ,P28A,L1P,GA / light,False,Day,2026-02-23 11:38:00,2026-02-23 00:00:00,275.00000880000005,15.570319757010337,3,,0,,,True,False,True,False,False,True
17825385091546612881,GMCLJ   ,S22T,L1P,GA / light,False,Day,2026-02-23 12:43:35,2026-02-23 00:00:00,1000.000032,12.151941596283171,9,1900.0000608,3,2400.0000768,-394.5621048242647,True,True,True,False,True,True
17007049435285400573,BRMIDE92,FA20,L2J,Business jet,False,Day,2026-02-23 12:34:35,2026-02-23 00:00:00,2375.0000760000003,2.8661218934830783,2,2375.0000760000003,2,2400.0000768,-632.6511930323636,True,True,True,False,True,True
9859849955514938212,RRR4150 ,A400,L4T,Turboprop,False,Day,2026-02-23 15:55:40,2026-02-23 00:00:00,1250.00004,8.974891164781317,2,,0,,,True,False,True,False,False,True
16183928684256285319,PAV651  ,C25A,L2J,Business jet,False,Day,2026-02-23 14:42:00,2026-02-23 00:00:00,,,0,,0,,,False,False,False,False,True,True
4191490863971848369,GBEWR   ,C172,L1P,GA / light,False,Day,2026-02-23 13:32:00,2026-02-23 00:00:00,975.0000312,14.369309091706057,1,,0,,,True,False,True,False,False,True
10400690145802425779,RYR11MN ,B738,L2J,Large jet,True,Day,2026-02-23 14:59:40,2026-02-23 00:00:00,,,0,,0,,,False,False,False,False,False,False
3108161837621358274,RYR3971 ,B738,L2J,Large jet,True,Day,2026-02-23 15:28:35,2026-02-23 00:00:00,2725.0000872,2.568462947055561,1,2725.0000872,1,2725.0000872,49.452495747927514,True,True,True,False,True,True
3132958077848139981,EXS67DE ,B738,,Large jet,True,Day,2026-02-23 15:51:35,2026-02-23 00:00:00,2425.0000775999997,1.3581258495681585,1,2425.0000775999997,1,2425.0000775999997,-597.9448421593988,True,True,True,False,True,True
217053371921614796,JSY2J   ,C25A,,Business jet,False,Day,2026-02-23 16:26:40,2026-02-23 00:00:00,2450.0000784,0.688146168279463,1,2450.0000784,1,2450.0000784,-716.9749240900906,True,True,True,False,True,True
14797558260740653133,LJC2    ,,,Other,False,Day,2026-02-23 17:52:30,2026-02-23 00:00:00,425.00001360000005,15.617426042237591,4,2425.0000775999997,2,2425.0000775999997,-481.4096160920494,True,True,True,False,True,True
15664567158375453200,CRIMSON1,FA20,L2J,Business jet,False,Day,2026-02-23 16:47:10,2026-02-23 00:00:00,1900.0000608,3.4300201478545,2,1900.0000608,2,,,True,True,True,False,True,True
5829046615763465862,CRIMSON2,FA20,L2J,Business jet,False,Day,2026-02-23 16:40:10,2026-02-23 00:00:00,1875.00006,5.849162619390831,4,1875.00006,3,,,True,True,True,False,True,True
5814515304095121203,EXS68M  ,B738,L2J,Large jet,True,Day,2026-02-23 18:10:55,2026-02-23 00:00:00,2425.0000775999997,4.006167190177471,1,2425.0000775999997,1,,,True,True,True,False,True,True
13464321528434018682,TOM8AE  ,B738,L2J,Large jet,True,Day,2026-02-23 17:37:30,2026-02-23 00:00:00,2425.0000775999997,3.4821655335837356,1,2425.0000775999997,1,,,True,True,True,False,True,True
848662012459617055,GMA023  ,BE20,L2T,Turboprop,False,Day,2026-02-23 16:08:15,2026-02-23 00:00:00,200.0000064,17.144316188858824,4,2900.0000928000004,2,2900.0000928000004,-241.8978441209738,True,True,True,False,True,True
7085463212843384920,RYR46KY ,B738,L2J,Large jet,True,Evening,2026-02-23 22:32:40,2026-02-23 00:00:00,,,0,,0,,,False,False,False,False,False,False
2742420749938514339,BTNIA10 ,G115,L1P,GA / light,False,Day,2026-02-24 10:08:25,2026-02-24 00:00:00,,,0,,0,,,False,False,False,False,False,False
16937853406357969052,URO683  ,A346,L4J,Large jet,True,Day,2026-02-24 13:51:15,2026-02-24 00:00:00,2450.0000784,3.364979474771167,2,2450.0000784,2,,,True,True,True,False,True,True
11397613142834734812,2WOOD   ,C55B,L2J,Business jet,False,Day,2026-02-24 13:08:10,2026-02-24 00:00:00,2425.0000775999997,2.2449214661719132,1,2425.0000775999997,1,2425.0000775999997,-565.7940720628535,True,True,True,False,True,True
594034066433987256,BRMIDE12,FA20,L2J,Business jet,False,Day,2026-02-24 12:37:35,2026-02-24 00:00:00,2425.0000775999997,3.4929989020188343,1,2425.0000775999997,1,,,True,True,True,False,True,True
4678001497303254976,VSB10   ,BE20,L2T,Turboprop,False,Day,2026-02-24 12:10:55,2026-02-24 00:00:00,2425.0000775999997,2.5678523530761748,1,2425.0000775999997,1,2425.0000775999997,-612.0610358030253,True,True,True,False,True,True
13080150493837169944,HLE10   ,A169,H2T,Helicopter,False,Day,2026-02-24 11:50:30,2026-02-24 00:00:00,,,0,,0,,,False,False,False,False,False,True
7192614114710539150,HLE10   ,A169,H2T,Helicopter,False,Day,2026-02-24 12:36:50,2026-02-24 00:00:00,,,0,,0,,,False,False,False,False,False,True
7133324996337441914,BIO05   ,P68,,Other,False,Day,2026-02-24 16:27:30,2026-02-24 00:00:00,1075.0000344,12.211568727166838,3,,0,,,True,False,True,False,False,True
5554318968732321107,EXS257G ,B738,L2J,Large jet,True,Day,2026-02-24 15:53:25,2026-02-24 00:00:00,,,0,,0,,,False,False,False,False,False,False
11688432305333318902,EZY56BH ,A20N,,Large jet,True,Day,2026-02-24 15:33:50,2026-02-24 00:00:00,,,0,,0,,,False,False,False,False,False,False
11608509107068844801,EXS2610 ,B738,,Large jet,True,Day,2026-02-24 17:00:30,2026-02-24 00:00:00,,,0,,0,,,False,False,False,False,False,False
7702610325630556155,UKP154  ,P68,L2P,GA / light,False,Day,2026-02-24 16:17:10,2026-02-24 00:00:00,1275.0000408,15.656077484345758,3,,0,,,True,False,True,False,True,True
10768031875354554075,TOM7KX  ,B738,L2J,Large jet,True,Day,2026-02-24 18:34:25,2026-02-24 00:00:00,,,0,,0,,,False,False,False,False,False,False
2547544880438911266,RYR65FB ,B738,L2J,Large jet,True,Day,2026-02-24 17:25:10,2026-02-24 00:00:00,2450.0000784,3.0964083360815735,1,2450.0000784,1,,,True,True,True,False,True,True
14617426591659086232,SRD375  ,A139,,Other,False,Day,2026-02-24 16:57:15,2026-02-24 00:00:00,200.0000064,17.648127579980653,12,1450.0000464000002,7,,,True,True,True,False,True,True
14958469266406073413,GEIMS   ,B505,H1T,Helicopter,False,Day,2026-02-24 16:59:55,2026-02-24 00:00:00,,,0,,0,,,False,False,False,False,False,False
5363488139669738997,MSURF   ,PC12,L1T,Turboprop,False,Evening,2026-02-24 19:44:30,2026-02-24 00:00:00,,,0,,0,,,False,False,False,False,False,False
14376317649215946498,VQBIJ   ,F2TH,L2J,Business jet,False,Evening,2026-02-24 19:58:50,2026-02-24 00:00:00,2975.0000952000005,7.5466110437402705,2,2975.0000952000005,1,2975.0000952000005,-198.44765233868384,True,True,True,False,True,True
14177438643467987329,CRIMSON1,FA20,L2J,Business jet,False,Day,2026-02-25 12:11:10,2026-02-25 00:00:00,,,0,,0,2425.0000775999997,-365.81701448599415,False,False,False,False,True,True
4481828943481218407,CRIMSON2,FA20,L2J,Business jet,False,Day,2026-02-25 12:08:20,2026-02-25 00:00:00,1400.0000448,9.484718834823603,3,1900.0000608,1,,,True,True,True,False,True,True
16346543322179417313,GFELC   ,SR22,L1P,GA / light,False,Day,2026-02-25 11:17:35,2026-02-25 00:00:00,1600.0000512,8.94297269710213,4,2200.0000704000004,3,2425.0000775999997,-784.2484048006377,True,True,True,False,True,True
6991297508390392706,BLUE1   ,FA20,L2J,Business jet,False,Day,2026-02-25 12:26:40,2026-02-25 00:00:00,1925.0000616,5.7644874428237145,1,1925.0000616,1,2400.0000768,-528.6257420351521,True,True,True,False,True,True
11877340110578617580,BRMIDE12,FA20,L2J,Business jet,False,Day,2026-02-25 12:49:45,2026-02-25 00:00:00,1875.00006,4.858146787779696,2,1875.00006,1,,,True,True,True,False,True,True
8811251134613338669,GCHIP   ,P28A,L1P,GA / light,False,Day,2026-02-25 12:33:20,2026-02-25 00:00:00,,,0,,0,,,False,False,False,False,False,True
2153693182681947389,GBJBW   ,P28A,L1P,GA / light,False,Day,2026-02-25 12:52:50,2026-02-25 00:00:00,,,0,,0,,,False,False,False,False,False,False
7922963581457223058,GBZTN   ,EUPA,L1P,GA / light,False,Day,2026-02-25 12:37:25,2026-02-25 00:00:00,,,0,,0,,,False,False,False,False,False,True
5601991287201055646,GBXDI   ,DHC1,L1P,GA / light,False,Day,2026-02-25 13:31:55,2026-02-25 00:00:00,1025.0000328,14.06296446455464,2,,0,,,True,False,True,False,False,True
533684012255735289,GCPSS   ,C208,L1T,Turboprop,False,Day,2026-02-25 14:59:55,2026-02-25 00:00:00,,,0,,0,,,False,False,False,False,False,False
11922758162739675535,,ULAC,,Other,False,Day,2026-02-25 12:55:55,2026-02-25 00:00:00,,,0,,0,,,False,False,False,False,False,False
8946097619233273098,GKY518  ,GLEX,L2J,Business jet,False,Day,2026-02-25 13:51:55,2026-02-25 00:00:00,2425.0000775999997,6.4534923982633865,3,2450.0000784,2,,,True,True,True,False,True,True
688477922843591440,N363KC  ,S22T,L1P,GA / light,False,Day,2026-02-25 13:55:35,2026-02-25 00:00:00,325.0000104,16.09112846356629,2,,0,,,True,False,True,False,True,True
8710466685099084307,GBHJS   ,P68,L2P,GA / light,False,Day,2026-02-25 14:24:25,2026-02-25 00:00:00,600.0000192,14.737484057537397,2,2350.0000752,1,2350.0000752,-422.01019377854163,True,True,True,False,True,True
11565609792388627479,GCKYL   ,C42,L1P,GA / light,False,Day,2026-02-25 15:05:20,2026-02-25 00:00:00,,,0,,0,,,False,False,False,False,False,False
16860595706932596304,GBEWR   ,C172,L1P,GA / light,False,Day,2026-02-25 13:59:55,2026-02-25 00:00:00,1125.0000360000001,14.03876890829119,2,,0,,,True,False,True,False,True,True
3508518907127414176,GBXRT   ,DR40,L1P,GA / light,False,Day,2026-02-25 14:39:20,2026-02-25 00:00:00,,,0,,0,,,False,False,False,False,False,False
17528997363774000442,BTNIA11 ,G115,L1P,GA / light,False,Day,2026-02-25 15:43:15,2026-02-25 00:00:00,,,0,,0,,,False,False,False,False,False,False
5970096556824316098,N258RP  ,BE58,L2P,GA / light,False,Day,2026-02-25 14:57:50,2026-02-25 00:00:00,1000.000032,10.467452560350917,3,,0,,,True,False,True,False,True,True
10217411883811236563,GBEWR   ,C172,L1P,GA / light,False,Day,2026-02-25 15:44:40,2026-02-25 00:00:00,1150.0000368,15.569356195072034,2,,0,,,True,False,True,False,False,True
4184125977263323881,BLUE1   ,FA20,L2J,Business jet,False,Day,2026-02-25 16:34:35,2026-02-25 00:00:00,1250.00004,10.23448148988535,2,,0,,,True,False,True,False,True,True
4034640538834938836,CRIMSON1,FA20,L2J,Business jet,False,Day,2026-02-25 16:29:40,2026-02-25 00:00:00,775.0000248,13.213295523609974,3,,0,,,True,False,True,False,True,True
6265355302547999096,AOM057M ,LJ45,,Business jet,False,Day,2026-02-25 17:41:40,2026-02-25 00:00:00,1925.0000616,6.341155047848626,1,,0,4116.6667984,1056.5746970246546,True,False,True,False,True,True
2578439590682690259,CRIMSON2,FA20,L2J,Business jet,False,Day,2026-02-25 16:26:15,2026-02-25 00:00:00,,,0,,0,,,False,False,False,False,False,True
15177668988266058637,GMA281  ,BE20,L2T,Turboprop,False,Day,2026-02-25 17:04:20,2026-02-25 00:00:00,,,0,,0,,,False,False,False,False,False,False
1122290191458686487,GMA023  ,BE20,L2T,Turboprop,False,Day,2026-02-25 15:54:15,2026-02-25 00:00:00,900.0000288,13.514999405156537,2,3508.4906783094325,1,,,True,True,True,False,True,True
13196732026456094937,GCKYL   ,C42,L1P,GA / light,False,Day,2026-02-25 16:37:30,2026-02-25 00:00:00,,,0,,0,,,False,False,False,False,False,True
1922893803134100268,,P28A,L1P,GA / light,False,Day,2026-02-25 16:20:35,2026-02-25 00:00:00,,,0,,0,,,False,False,False,False,True,True
14594620632413561486,GBGYH   ,P28A,L1P,GA / light,False,Day,2026-02-25 16:45:40,2026-02-25 00:00:00,1125.0000360000001,15.04019809539702,1,,0,,,True,False,True,False,False,True
7262760926164609662,GBEWR   ,C172,L1P,GA / light,False,Day,2026-02-25 18:09:00,2026-02-25 00:00:00,375.000012,15.946966636061669,2,,0,,,True,False,True,False,False,True
10093830393678078213,GMOSH   ,P28R,L1P,GA / light,False,Evening,2026-02-25 19:52:40,2026-02-25 00:00:00,1400.0000448,14.787732565286726,2,,0,,,True,False,True,False,False,True
1413558019223569063,GBEWR   ,C172,L1P,GA / light,False,Evening,2026-02-25 19:35:05,2026-02-25 00:00:00,325.0000104,16.64638884341762,6,,0,,,True,False,True,False,False,True
8710721209404525860,RYR65FB ,B38M,,Large jet,True,Day,2026-02-26 07:41:55,2026-02-26 00:00:00,,,0,,0,,,False,False,False,False,False,False
5366919953975939339,RYR46KY ,B738,L2J,Large jet,True,Day,2026-02-26 10:03:50,2026-02-26 00:00:00,,,0,,0,,,False,False,False,False,False,False
3251047873469279813,RUK8BP  ,B738,L2J,Large jet,True,Day,2026-02-26 09:19:05,2026-02-26 00:00:00,2350.0000752,4.270585627052593,2,2350.0000752,2,,,True,True,True,False,True,True
16455358526211874404,CRIMSON1,FA20,L2J,Business jet,False,Day,2026-02-26 10:22:05,2026-02-26 00:00:00,,,0,,0,,,False,False,False,False,True,True
9017170827874087738,CRIMSON2,FA20,L2J,Business jet,False,Day,2026-02-26 10:25:20,2026-02-26 00:00:00,2300.0000736,4.530229661363197,2,2300.0000736,2,,,True,True,True,False,True,True
9689730006755471146,URO601  ,A346,L4J,Large jet,True,Day,2026-02-26 12:40:20,2026-02-26 00:00:00,2400.0000768,1.1725265892429064,1,2400.0000768,1,2400.0000768,-888.7781940906139,True,True,True,False,True,True
8056904057694188322,AMBER1  ,FA20,L2J,Business jet,False,Day,2026-02-26 11:40:35,2026-02-26 00:00:00,2325.0000744000004,3.492065099310111,3,2325.0000744000004,3,,,True,True,True,False,True,True
8471338716558195829,URO683  ,A346,L4J,Large jet,True,Day,2026-02-26 14:44:50,2026-02-26 00:00:00,2623.623937166973,2.0480593207333384,1,2623.623937166973,1,2623.623937166973,-155.16972666408446,True,True,True,False,True,True
10942042230635140312,MJSTA   ,GL5T,L2J,Business jet,False,Day,2026-02-26 13:37:40,2026-02-26 00:00:00,2325.0000744000004,4.776824477459729,2,2325.0000744000004,2,,,True,True,True,False,True,True
1190353900872721610,RYR11MN ,B38M,L2J,Large jet,True,Day,2026-02-26 14:15:05,2026-02-26 00:00:00,3375.000108,0.6176299387539905,3,3375.000108,3,3375.000108,205.75325810604545,True,True,True,False,True,True
14220493000068040600,AMBER2  ,FA20,L2J,Business jet,False,Day,2026-02-26 15:45:55,2026-02-26 00:00:00,1950.0000624,4.843278631985257,2,1950.0000624,2,,,True,True,True,False,True,True
4187704615364590812,EXS3AS  ,B738,,Large jet,True,Day,2026-02-26 17:59:55,2026-02-26 00:00:00,,,0,,0,,,False,False,False,False,True,True
3932579450852181012,GMA281  ,BE20,L2T,Turboprop,False,Day,2026-02-26 16:41:20,2026-02-26 00:00:00,1025.0000328,12.441990042170243,5,1775.0000568,1,,,True,True,True,False,True,True
15089840098315951083,EZY56BH ,A320,L2J,Large jet,True,Day,2026-02-26 16:00:05,2026-02-26 00:00:00,3279.6876049499992,18.94792319779501,1,,0,,,True,False,True,False,False,True
5369388576159172398,JFU93X  ,PC12,L1T,Turboprop,False,Day,2026-02-26 15:21:40,2026-02-26 00:00:00,2425.0000775999997,3.0609454726659058,5,2425.0000775999997,2,2575.0000824,-708.4216007544524,True,True,True,False,True,True
15509557481545518845,RYR54WK ,B38M,L2J,Large jet,True,Day,2026-02-26 18:19:50,2026-02-26 00:00:00,,,0,,0,,,False,False,False,False,True,True
7132480006456911653,ETP08   ,PC21,L1T,Turboprop,False,Day,2026-02-26 16:06:30,2026-02-26 00:00:00,1450.0000464000002,7.4401110622866,5,,0,,,True,False,True,False,False,True
16108056709280828239,TOM6TM  ,B738,L2J,Large jet,True,Day,2026-02-26 18:09:50,2026-02-26 00:00:00,1925.0000616,6.310976913373354,1,,0,,,True,False,True,False,True,True
15021614405327168756,EXS67BH ,B738,,Large jet,True,Evening,2026-02-26 19:49:10,2026-02-26 00:00:00,4082.1740436730515,2.35200888083885,1,4082.1740436730515,1,4228.781647926059,1293.3026086448162,True,True,True,False,True,True
11432035040007872625,HLE10   ,A169,H2T,Helicopter,False,Day,2026-02-26 17:24:40,2026-02-26 00:00:00,,,0,,0,,,False,False,False,False,False,True
1633957637112857349,VIP01   ,,,Other,False,Day,2026-02-26 17:59:55,2026-02-26 00:00:00,4904.375156940005,17.029062218667967,3,5448.66088864286,1,7000.000223999999,4157.456617770329,True,True,True,False,True,True
12417953219171014976,RYR20MC ,B738,L2J,Large jet,True,Evening,2026-02-26 20:59:55,2026-02-26 00:00:00,,,0,,0,,,False,False,False,False,True,True
16729965081541084490,MSAIL   ,PC12,L1T,Turboprop,False,Day,2026-02-27 09:39:30,2026-02-27 00:00:00,,,0,,0,,,False,False,False,False,True,True
9634046988869046513,SXAQD   ,C208,,Turboprop,False,Day,2026-02-27 13:37:55,2026-02-27 00:00:00,925.0000296,13.751269779985611,4,2125.0000680000003,1,2125.0000680000003,-771.6054119024952,True,True,True,False,True,True
8006733858219737365,SXAQC   ,C208,L1T,Turboprop,False,Day,2026-02-27 13:31:00,2026-02-27 00:00:00,2400.0000768,4.7304713702138,2,2400.0000768,2,2625.0000840000002,-107.08631067926126,True,True,True,False,True,True
17056521339474959022,RYR6FY  ,B738,L2J,Large jet,True,Day,2026-02-27 12:06:10,2026-02-27 00:00:00,100.0000032,18.907839386986527,1,,0,,,True,False,True,False,False,False
7191419579946115329,ENT3006 ,B738,L2J,Large jet,True,Day,2026-02-27 13:19:00,2026-02-27 00:00:00,125.000004,18.53126701699023,2,2977.8509724842097,1,,,True,True,True,False,True,True
12069074120341003921,RYR46KY ,B738,L2J,Large jet,True,Day,2026-02-27 14:34:35,2026-02-27 00:00:00,100.0000032,18.593434076328997,1,,0,,,True,False,True,False,False,False
8574454709497330913,EZY56BH ,A319,L2J,Large jet,True,Day,2026-02-27 15:53:30,2026-02-27 00:00:00,,,0,,0,,,False,False,False,False,True,True
11127202179507506683,EXS67DE ,B738,,Large jet,True,Day,2026-02-27 17:07:45,2026-02-27 00:00:00,100.0000032,18.810585798636883,2,,0,,,True,False,True,False,True,True
500259101835671453,TOM2TG  ,B738,L2J,Large jet,True,Day,2026-02-27 18:32:35,2026-02-27 00:00:00,2125.0000680000003,2.552183620505131,3,2125.0000680000003,2,2125.0000680000003,-555.6324127242292,True,True,True,False,True,True
16636604781692682995,ETP78   ,PC21,L1T,Turboprop,False,Day,2026-02-27 16:26:00,2026-02-27 00:00:00,1525.0000488,10.760142169567398,5,1650.0000528,1,,,True,True,True,False,True,True
9022297510246534414,EXS9JH  ,B738,L2J,Large jet,True,Day,2026-02-27 18:29:40,2026-02-27 00:00:00,3749.369867878993,3.132756649146055,1,3749.369867878993,1,,,True,True,True,False,True,True
16934654571327425634,RYR65FB ,B738,L2J,Large jet,True,Evening,2026-02-27 19:26:20,2026-02-27 00:00:00,,,0,,0,,,False,False,False,False,False,False
9469496798501630027,RYR20MC ,B38M,L2J,Large jet,True,Evening,2026-02-27 20:52:45,2026-02-27 00:00:00,1525.0000488,10.431658619546605,3,3350.0001072,1,3300.0001056,237.146247652679,True,True,True,False,True,True
16604645246560784743,RYR5AM  ,B738,L2J,Large jet,True,Night,2026-02-27 23:18:55,2026-02-27 00:00:00,200.0000064,18.293931160214125,1,,0,,,True,False,True,False,False,True
14768573189020221931,RUK8BP  ,B738,L2J,Large jet,True,Evening,2026-02-27 21:29:50,2026-02-27 00:00:00,125.000004,18.901615502879952,5,2650.0000848,2,2650.0000848,-43.471386854299,True,True,True,False,True,True
15825595246348687525,RYR22HC ,B38M,,Large jet,True,Day,2026-02-28 07:05:55,2026-02-28 00:00:00,,,0,,0,,,False,False,False,False,False,False
16395297710663014808,EZS15WP ,A320,,Large jet,True,Day,2026-02-28 08:12:15,2026-02-28 00:00:00,2450.0000784,1.6740463604558653,1,2450.0000784,1,2450.0000784,-393.80971518260594,True,True,True,False,True,True
13726314619953698061,GBUFH   ,P28A,L1P,GA / light,False,Day,2026-02-28 10:33:10,2026-02-28 00:00:00,725.0000232000001,16.040317818788292,14,,0,,,True,False,True,False,False,True
7445195767900218029,URO601  ,A346,L4J,Large jet,True,Day,2026-02-28 12:36:05,2026-02-28 00:00:00,3075.0000984,1.8814813216207391,1,3075.0000984,1,3075.0000984,-353.10140061114726,True,True,True,False,True,True
6914918801096007324,GBEWR   ,C172,L1P,GA / light,False,Day,2026-02-28 11:59:55,2026-02-28 00:00:00,325.0000104,14.380695025915115,4,,0,,,True,False,True,False,False,True
16573224095760515975,GTBEZ   ,,,Other,False,Day,2026-02-28 10:59:05,2026-02-28 00:00:00,,,0,,0,,,False,False,False,False,False,False
3970363972236302625,RYR11MN ,B738,L2J,Large jet,True,Day,2026-02-28 13:05:35,2026-02-28 00:00:00,2425.0000775999997,2.8449902294686544,1,2425.0000775999997,1,2425.0000775999997,-265.8482114982776,True,True,True,False,True,True
476799281551949213,GBKXF   ,P28R,L1P,GA / light,False,Day,2026-02-28 12:01:55,2026-02-28 00:00:00,600.0000192,13.544642900730398,5,,0,,,True,False,True,False,False,True
7439029785839309464,GOLAJ   ,R44,H1P,Helicopter,False,Day,2026-02-28 12:10:30,2026-02-28 00:00:00,1775.0000568,16.05358895788009,1,,0,,,True,False,True,False,True,True
10063724579977349753,GMEEP   ,R44,H1P,Helicopter,False,Day,2026-02-28 12:51:30,2026-02-28 00:00:00,,,0,,0,,,False,False,False,False,False,False
17424979949898233463,GBASJ   ,P28A,L1P,GA / light,False,Day,2026-02-28 16:11:05,2026-02-28 00:00:00,,,0,,0,,,False,False,False,False,False,True
5009497394455074374,GBFBR   ,P28A,L1P,GA / light,False,Day,2026-02-28 13:52:40,2026-02-28 00:00:00,,,0,,0,,,False,False,False,False,False,True
10699516198548761082,GBUFH   ,P28A,L1P,GA / light,False,Day,2026-02-28 13:52:20,2026-02-28 00:00:00,300.0000096,15.94277140466878,12,,0,,,True,False,True,False,True,True
7079323343517460200,RYR6765 ,B738,L2J,Large jet,True,Day,2026-02-28 15:17:00,2026-02-28 00:00:00,,,0,,0,,,False,False,False,False,False,False
9418438404964211041,JFA79Y  ,PC12,,Turboprop,False,Day,2026-02-28 15:28:05,2026-02-28 00:00:00,975.0000312,10.958756406105636,1,,0,,,True,False,True,False,True,True
7812525205199379921,GBGYH   ,P28A,L1P,GA / light,False,Day,2026-02-28 14:59:55,2026-02-28 00:00:00,975.0000312,15.389278999916389,5,,0,,,True,False,True,False,False,True
17754356335609132432,EXS3AS  ,B738,,Large jet,True,Day,2026-02-28 17:27:50,2026-02-28 00:00:00,,,0,,0,,,False,False,False,False,False,False
8336542304188540330,GBEWR   ,C172,L1P,GA / light,False,Day,2026-02-28 14:08:50,2026-02-28 00:00:00,,,0,,0,,,False,False,False,False,True,True
17323780885134121144,GOLAJ   ,R44,H1P,Helicopter,False,Day,2026-02-28 15:07:00,2026-02-28 00:00:00,1000.000032,15.973304528252434,1,,0,,,True,False,True,False,False,True
9149192716047223541,EXS062J ,B738,L2J,Large jet,True,Day,2026-02-28 14:11:05,2026-02-28 00:00:00,3350.0001072,2.422224651889362,1,3350.0001072,1,3350.0001072,-171.29151275646063,True,True,True,False,True,True
12474752513183679892,UPAVON  ,,,Other,False,Day,2026-02-28 14:23:25,2026-02-28 00:00:00,,,0,,0,,,False,False,False,False,False,False
10311742990114857933,GLIFB   ,AP32,L1P,GA / light,False,Day,2026-02-28 15:24:40,2026-02-28 00:00:00,,,0,,0,,,False,False,False,False,True,True
7764115957345050139,GXIVA   ,RV14,L1P,GA / light,False,Day,2026-02-28 15:11:05,2026-02-28 00:00:00,,,0,,0,,,False,False,False,False,False,True
5344611906784339619,EZY2696 ,A20N,L2J,Large jet,True,Day,2026-02-28 15:54:50,2026-02-28 00:00:00,1825.0000584,6.222769672172566,2,,0,,,True,False,True,False,True,True
7209523699106137569,GASIL   ,P28A,L1P,GA / light,False,Day,2026-02-28 15:34:15,2026-02-28 00:00:00,,,0,,0,,,False,False,False,False,False,False
15821124776952801206,,P28A,L1P,GA / light,False,Day,2026-02-28 16:33:20,2026-02-28 00:00:00,,,0,,0,,,False,False,False,False,False,False
1426943797899090778,URO683  ,A346,L4J,Large jet,True,Evening,2026-02-28 21:53:15,2026-02-28 00:00:00,2600.0000832,2.970863984920433,1,2600.0000832,1,2600.0000832,-19.18595228305321,True,True,True,False,True,True
2818427285841494564,RYR46KY ,B738,L2J,Large jet,True,Evening,2026-02-28 22:04:25,2026-02-28 00:00:00,2325.0000744000004,3.8450941722974195,1,2325.0000744000004,1,,,True,True,True,False,True,True
14151318300008944097,GMA023  ,BE20,L2T,Turboprop,False,Evening,2026-02-28 21:47:00,2026-02-28 00:00:00,300.0000096,15.762143827400703,3,2300.0000736,2,2300.0000736,-1001.2543644151101,True,True,True,False,True,True
2811839198004028214,HLE10   ,A169,H2T,Helicopter,False,Night,2026-02-28 23:33:45,2026-02-28 00:00:00,,,0,,0,,,False,False,False,False,False,False
10813747843662805631,RYR54WK ,B738,L2J,Large jet,True,Day,2026-03-01 07:47:00,2026-03-01 00:00:00,,,0,,0,,,False,False,False,False,False,False
2078417971504529455,RYR20MC ,B738,L2J,Large jet,True,Day,2026-03-01 12:21:45,2026-03-01 00:00:00,,,0,,0,,,False,False,False,False,False,False
7525408236946724499,SRG375  ,,,Other,False,Day,2026-03-01 12:24:20,2026-03-01 00:00:00,,,0,,0,,,False,False,False,False,False,False
4477868613028783933,JFA14X  ,PC12,L1T,Turboprop,False,Day,2026-03-01 15:02:00,2026-03-01 00:00:00,2425.0000775999997,4.2952452701397394,2,2425.0000775999997,2,,,True,True,True,False,True,True
15467726308149745730,RYR46KY ,B38M,L2J,Large jet,True,Day,2026-03-01 16:37:10,2026-03-01 00:00:00,1925.0000616,8.022836145443542,3,2250.0000720000003,1,,,True,True,True,False,True,True
4107234991605444825,EXS19W  ,B738,,Large jet,True,Day,2026-03-01 17:23:10,2026-03-01 00:00:00,2700.0000864000003,3.3410030159454074,1,2700.0000864000003,1,,,True,True,True,False,True,True
17363142341698688622,EZY15CF ,A320,L2J,Large jet,True,Day,2026-03-01 16:40:55,2026-03-01 00:00:00,,,0,,0,,,False,False,False,False,False,False
5302178791106702583,RYR22HC ,B38M,,Large jet,True,Day,2026-03-01 17:42:45,2026-03-01 00:00:00,,,0,,0,,,False,False,False,False,False,False
3563209239515919505,GETHO   ,,,Other,False,Day,2026-03-01 16:05:35,2026-03-01 00:00:00,,,0,,0,,,False,False,False,False,False,True
4228589275143993645,TOM7FT  ,B738,L2J,Large jet,True,Day,2026-03-01 18:28:10,2026-03-01 00:00:00,1975.0000632,5.516172915477939,2,1975.0000632,1,,,True,True,True,False,True,True
18408797243723835252,GFLEA   ,TOBA,L1P,GA / light,False,Day,2026-03-01 16:56:05,2026-03-01 00:00:00,,,0,,0,,,False,False,False,False,True,True
6747446473780330070,RUK8BP  ,B738,L2J,Large jet,True,Day,2026-03-01 18:12:00,2026-03-01 00:00:00,3200.0001024,1.0493832010882709,2,3200.0001024,2,3200.0001024,35.17305424360484,True,True,True,False,True,True
13338870254051958246,FSF223A ,,,Other,False,Day,2026-03-01 18:06:25,2026-03-01 00:00:00,2375.0000760000003,4.77485193723529,2,2375.0000760000003,2,2475.0000792,-405.6504361314319,True,True,True,False,True,True
12523783798800860050,RYR6FY  ,B738,,Large jet,True,Evening,2026-03-01 19:44:20,2026-03-01 00:00:00,2111.363703927275,18.767613410058264,4,2400.0000768,3,2525.0000808,-430.2837581287163,True,True,True,False,True,True
7104132222142834391,URO601  ,A346,L4J,Large jet,True,Evening,2026-03-01 20:43:30,2026-03-01 00:00:00,1601.0870077565203,18.561777535925607,1,,0,,,True,False,True,False,False,True
6770105259921500592,RYR5AM  ,B738,L2J,Large jet,True,Evening,2026-03-01 22:10:10,2026-03-01 00:00:00,,,0,,0,,,False,False,False,False,False,False
1341633874266976214,HLE10   ,A169,H2T,Helicopter,False,Evening,2026-03-01 22:18:30,2026-03-01 00:00:00,,,0,,0,,,False,False,False,False,False,True
13048765866398133741,RYR20MC ,B738,L2J,Large jet,True,Day,2026-03-02 07:44:15,2026-03-02 00:00:00,3425.0001096,1.4545903485958334,1,3425.0001096,1,3425.0001096,102.56278343229496,True,True,True,False,True,True
6395078264765827885,EZY56BH ,A20N,,Large jet,True,Day,2026-03-02 12:18:50,2026-03-02 00:00:00,,,0,,0,,,False,False,False,False,False,False
9940259676654343303,N363KC  ,S22T,L1P,GA / light,False,Day,2026-03-02 11:49:25,2026-03-02 00:00:00,2475.0000792,4.290016823724105,1,2475.0000792,1,,,True,True,True,False,True,True
572233200333182469,GDENC   ,C150,L1P,GA / light,False,Day,2026-03-02 12:24:15,2026-03-02 00:00:00,,,0,,0,,,False,False,False,False,False,False
9656102205795382697,URO681  ,A346,L4J,Large jet,True,Day,2026-03-02 13:48:55,2026-03-02 00:00:00,3125.0001,0.8167236497494252,2,3125.0001,2,3125.0001,66.75301492976178,True,True,True,False,True,True
7230634081020821466,GMDDE   ,H500,H1T,Helicopter,False,Day,2026-03-02 13:44:45,2026-03-02 00:00:00,875.0000279999999,15.988056435253093,2,,0,,,True,False,True,False,True,True
10435023492279280623,RYR11MN ,,,Other,False,Day,2026-03-02 14:47:10,2026-03-02 00:00:00,,,0,,0,,,False,False,False,False,False,False
16975135735151824076,CRIMSON2,FA20,L2J,Business jet,False,Day,2026-03-02 14:49:35,2026-03-02 00:00:00,1775.0000568,3.070795469228747,2,1775.0000568,1,,,True,True,True,False,True,True
15169339202378929378,CRIMSON1,FA20,L2J,Business jet,False,Day,2026-03-02 14:59:45,2026-03-02 00:00:00,1325.0000424,11.319006404985203,3,,0,,,True,False,True,False,False,True
17427979684300550469,ETP01   ,AS50,H1T,Helicopter,False,Day,2026-03-02 14:22:35,2026-03-02 00:00:00,,,0,,0,,,False,False,False,False,False,False
8242586137030387036,GBZTN   ,EUPA,L1P,GA / light,False,Day,2026-03-02 13:45:55,2026-03-02 00:00:00,,,0,,0,,,False,False,False,False,False,True
5565195430142795368,RYR3971 ,B738,L2J,Large jet,True,Day,2026-03-02 15:26:15,2026-03-02 00:00:00,,,0,,0,,,False,False,False,False,False,False
10455250077240975075,EXS67DE ,B738,,Large jet,True,Day,2026-03-02 15:46:15,2026-03-02 00:00:00,2450.0000784,3.366004217302033,1,2450.0000784,1,,,True,True,True,False,True,True
13856008862640362838,BTNIA18 ,G115,L1P,GA / light,False,Day,2026-03-02 16:19:45,2026-03-02 00:00:00,,,0,,0,,,False,False,False,False,False,False
10810437898632611511,N302JG  ,TBM7,L1T,Turboprop,False,Day,2026-03-02 15:41:35,2026-03-02 00:00:00,,,0,,0,,,False,False,False,False,True,True
4341572332707989713,UGLY51  ,,,Other,False,Day,2026-03-02 17:17:30,2026-03-02 00:00:00,,,0,,0,,,False,False,False,False,False,False
17015710960290828614,TOM8AE  ,B738,L2J,Large jet,True,Day,2026-03-02 17:36:05,2026-03-02 00:00:00,,,0,,0,,,False,False,False,False,False,False
18104698024210466556,BIO05   ,P68,,Other,False,Day,2026-03-02 17:05:50,2026-03-02 00:00:00,1900.0000608,7.094653047617021,1,,0,,,True,False,True,False,True,True
8652287092593785584,GBGYH   ,P28A,L1P,GA / light,False,Day,2026-03-02 15:54:40,2026-03-02 00:00:00,1025.0000328,16.192864652390035,2,,0,,,True,False,True,False,True,True
8952943489523564239,GMA023  ,BE20,L2T,Turboprop,False,Evening,2026-03-02 20:15:55,2026-03-02 00:00:00,2900.0000928000004,1.8056820680410801,1,2900.0000928000004,1,2800.0000896,-172.25921809150304,True,True,True,False,True,True
11094128530066343314,RYR46KY ,B738,L2J,Large jet,True,Evening,2026-03-02 22:19:40,2026-03-02 00:00:00,,,0,,0,,,False,False,False,False,False,False
13925805431395314145,CRIMSON1,FA20,L2J,Business jet,False,Day,2026-03-03 10:10:20,2026-03-03 00:00:00,,,0,,0,,,False,False,False,False,False,True
8981041988189919483,CRIMSON2,FA20,L2J,Business jet,False,Day,2026-03-03 09:59:35,2026-03-03 00:00:00,,,0,,0,,,False,False,False,False,False,True
12432132476910313147,PYN04   ,BE20,L2T,Turboprop,False,Day,2026-03-03 10:59:45,2026-03-03 00:00:00,,,0,,0,,,False,False,False,False,False,True
8588980010210435494,URO601  ,A346,L4J,Large jet,True,Day,2026-03-03 12:05:40,2026-03-03 00:00:00,2150.0000688,1.9594232035741597,3,2150.0000688,3,2150.0000688,-920.4747447425948,True,True,True,False,True,True
16979451024635684208,BDN068  ,A109,H2T,Helicopter,False,Day,2026-03-03 10:12:05,2026-03-03 00:00:00,,,0,,0,,,False,False,False,False,False,False
14777524764686228531,URO681  ,A346,L4J,Large jet,True,Day,2026-03-03 13:50:35,2026-03-03 00:00:00,,,0,,0,,,False,False,False,False,False,False
16703621741276863143,GBGYH   ,P28A,L1P,GA / light,False,Day,2026-03-03 12:32:10,2026-03-03 00:00:00,1175.0000376,16.383138561494082,2,,0,,,True,False,True,False,True,True
12409174502811344042,GBWUH   ,P28A,L1P,GA / light,False,Day,2026-03-03 11:59:55,2026-03-03 00:00:00,,,0,,0,,,False,False,False,False,False,False
4397420249099955868,EXS257G ,B738,L2J,Large jet,True,Day,2026-03-03 16:18:25,2026-03-03 00:00:00,,,0,,0,,,False,False,False,False,False,False
121874849902223201,GETPM   ,DA42,L2P,GA / light,False,Day,2026-03-03 14:09:55,2026-03-03 00:00:00,,,0,,0,,,False,False,False,False,False,True
10653609599296777606,GCCZL   ,C42,L1P,GA / light,False,Day,2026-03-03 14:12:55,2026-03-03 00:00:00,,,0,,0,,,False,False,False,False,False,True
8885698564802439456,GCKYL   ,C42,L1P,GA / light,False,Day,2026-03-03 14:14:25,2026-03-03 00:00:00,,,0,,0,,,False,False,False,False,False,True
2911533710195159701,GBGYH   ,P28A,L1P,GA / light,False,Day,2026-03-03 14:56:35,2026-03-03 00:00:00,,,0,,0,,,False,False,False,False,False,True
4722030268677273312,EZY56BH ,A319,L2J,Large jet,True,Day,2026-03-03 15:19:45,2026-03-03 00:00:00,,,0,,0,,,False,False,False,False,False,True
15598339899198336225,EXS2610 ,B738,,Large jet,True,Day,2026-03-03 17:08:30,2026-03-03 00:00:00,,,0,,0,,,False,False,False,False,False,False
15194653056443889174,GBUFH   ,P28A,L1P,GA / light,False,Day,2026-03-03 15:14:45,2026-03-03 00:00:00,1075.0000344,16.53867611625763,1,,0,,,True,False,True,False,True,True
1594984146100819545,GCDOK   ,C42,L1P,GA / light,False,Day,2026-03-03 15:53:35,2026-03-03 00:00:00,,,0,,0,,,False,False,False,False,False,False
16564447887917769175,RYR65FB ,B738,L2J,Large jet,True,Day,2026-03-03 17:38:00,2026-03-03 00:00:00,,,0,,0,,,False,False,False,False,False,True
3147052003432560585,GBZDA   ,P28A,L1P,GA / light,False,Day,2026-03-03 16:47:50,2026-03-03 00:00:00,,,0,,0,,,False,False,False,False,False,True
4306935441548695786,PTN28W  ,PC24,,Business jet,False,Day,2026-03-03 17:32:35,2026-03-03 00:00:00,,,0,,0,,,False,False,False,False,False,True
7110161106916316810,FRA58   ,FA20,L2J,Business jet,False,Day,2026-03-03 16:55:35,2026-03-03 00:00:00,,,0,,0,,,False,False,False,False,False,True
14225060656842513836,GBWXB   ,RF6,L1P,GA / light,False,Day,2026-03-03 17:10:45,2026-03-03 00:00:00,,,0,,0,,,False,False,False,False,True,True
2155977349828588070,TOM7KX  ,B738,L2J,Large jet,True,Day,2026-03-03 18:55:00,2026-03-03 00:00:00,,,0,,0,,,False,False,False,False,False,True
12854164009007623845,GCISE   ,PULS,L1P,GA / light,False,Day,2026-03-03 16:54:00,2026-03-03 00:00:00,,,0,,0,,,False,False,False,False,False,False
17112010910467829353,,PULS,L1P,GA / light,False,Day,2026-03-03 16:44:35,2026-03-03 00:00:00,,,0,,0,,,False,False,False,False,False,False
9974874017824766178,RYR46KY ,B738,L2J,Large jet,True,Day,2026-03-03 18:56:30,2026-03-03 00:00:00,,,0,,0,,,False,False,False,False,False,False
424249513991609325,GMA023  ,BE20,L2T,Turboprop,False,Evening,2026-03-03 20:07:20,2026-03-03 00:00:00,1700.0000544000002,6.930765563617992,2,2000.000064,1,,,True,True,True,False,True,True
16988688518713342496,N497XP  ,BE40,L2J,Business jet,False,Day,2026-03-04 09:06:10,2026-03-04 00:00:00,1200.0000384,9.6976148340657,1,,0,,,True,False,True,False,True,True
14495268143645574619,SAH59P  ,BE40,L2J,Business jet,False,Day,2026-03-04 08:42:45,2026-03-04 00:00:00,775.0000248,12.00626991726725,1,,0,,,True,False,True,False,True,True
9221833888056739777,SXN560  ,,,Other,False,Day,2026-03-04 12:18:55,2026-03-04 00:00:00,1700.0000544000002,4.570811788680889,1,1700.0000544000002,2,10025.000320800002,6440.540655901818,True,True,True,False,True,True
11881986587830669605,FRA96   ,FA20,L2J,Business jet,False,Day,2026-03-04 11:25:45,2026-03-04 00:00:00,2650.0000848,11.937875038736033,1,,0,,,True,False,True,False,False,True
2538257967443703267,REV6ND  ,F406,L2T,Turboprop,False,Day,2026-03-04 14:30:10,2026-03-04 00:00:00,,,0,,0,,,False,False,False,False,False,True
837810129786404260,CRIMSON1,FA20,L2J,Business jet,False,Day,2026-03-04 10:50:00,2026-03-04 00:00:00,,,0,,0,,,False,False,False,False,False,True
9885434506663872507,NJE9YU  ,E55P,L2J,Business jet,False,Day,2026-03-04 11:37:30,2026-03-04 00:00:00,,,0,,0,,,False,False,False,False,False,True
16421065935221240155,REV6AF  ,F406,L2T,Turboprop,False,Day,2026-03-04 13:42:40,2026-03-04 00:00:00,,,0,,0,,,False,False,False,False,False,True
6516572680843022641,VJT607  ,C56X,L2J,Business jet,False,Day,2026-03-04 12:46:30,2026-03-04 00:00:00,,,0,,0,,,False,False,False,False,False,True
8642728630488495872,GBGYH   ,P28A,L1P,GA / light,False,Day,2026-03-04 13:55:20,2026-03-04 00:00:00,1375.0000440000001,16.229287992945245,3,,0,,,True,False,True,False,True,True
4891998515115969348,,AS50,H1T,Helicopter,False,Day,2026-03-04 12:56:05,2026-03-04 00:00:00,,,0,,0,,,False,False,False,False,False,False
1036047991658382414,GMERL   ,P28T,L1P,GA / light,False,Day,2026-03-04 13:49:50,2026-03-04 00:00:00,900.0000288,15.825178522947715,1,,0,,,True,False,True,False,True,True
16013421578461220044,GBEWR   ,C172,L1P,GA / light,False,Day,2026-03-04 14:31:00,2026-03-04 00:00:00,1550.0000496,16.44341644339458,1,,0,,,True,False,True,False,True,True
12256776955704023419,GBUFH   ,P28A,L1P,GA / light,False,Day,2026-03-04 14:40:10,2026-03-04 00:00:00,,,0,,0,,,False,False,False,False,True,True
4559570802710011492,EXS68M  ,B738,L2J,Large jet,True,Day,2026-03-04 15:12:20,2026-03-04 00:00:00,,,0,,0,,,False,False,False,False,False,False
9068301620122221694,GBXDI   ,DHC1,L1P,GA / light,False,Day,2026-03-04 15:13:20,2026-03-04 00:00:00,,,0,,0,,,False,False,False,False,False,True
17055818872383347986,PTN28W  ,PC24,,Business jet,False,Day,2026-03-04 16:13:55,2026-03-04 00:00:00,,,0,,0,,,False,False,False,False,True,True
9764617059425550350,FRA96   ,FA20,L2J,Business jet,False,Day,2026-03-04 16:10:10,2026-03-04 00:00:00,2700.0000864000003,6.4484601136404045,5,,0,,,True,False,True,False,True,True
4371806693995842273,GPAAL   ,PA32,,Other,False,Day,2026-03-04 14:57:25,2026-03-04 00:00:00,,,0,,0,,,False,False,False,False,False,True
1508394385588628017,CRIMSON1,FA20,L2J,Business jet,False,Day,2026-03-04 16:36:45,2026-03-04 00:00:00,1300.0000416,14.650969515171424,6,,0,,,True,False,True,False,False,True
1687793269030186387,CRIMSON2,,,Other,False,Day,2026-03-04 16:33:45,2026-03-04 00:00:00,1275.0000408,15.714865699129172,5,,0,,,True,False,True,False,False,True
7415926928111999020,GMA023  ,BE20,L2T,Turboprop,False,Day,2026-03-04 15:26:55,2026-03-04 00:00:00,,,0,,0,,,False,False,False,False,False,True
7590723028692235870,MSURF   ,PC12,L1T,Turboprop,False,Day,2026-03-04 15:28:40,2026-03-04 00:00:00,,,0,,0,,,False,False,False,False,False,True
9644123469129431773,GBGYH   ,P28A,L1P,GA / light,False,Day,2026-03-04 15:59:55,2026-03-04 00:00:00,,,0,,0,,,False,False,False,False,False,True
15060258400131132958,GBEWR   ,C172,L1P,GA / light,False,Day,2026-03-04 16:48:50,2026-03-04 00:00:00,200.0000064,18.225896918458105,6,,0,,,True,False,True,False,False,True
5828129854715818334,GBUFH   ,P28A,L1P,GA / light,False,Day,2026-03-04 16:45:10,2026-03-04 00:00:00,950.0000304,17.208693612087195,3,,0,,,True,False,True,False,False,True
5996674847955089308,GBUJP   ,P28A,L1P,GA / light,False,Day,2026-03-04 17:59:55,2026-03-04 00:00:00,1400.0000448,16.085522454181202,1,,0,,,True,False,True,False,True,True
3727080572156076842,RYR65FB ,B38M,L2J,Large jet,True,Day,2026-03-05 07:13:00,2026-03-05 00:00:00,,,0,,0,,,False,False,False,False,False,False
10859193545362634394,RYR46KY ,B38M,L2J,Large jet,True,Day,2026-03-05 09:55:45,2026-03-05 00:00:00,,,0,,0,,,False,False,False,False,False,True
10129210479696443385,RUK8BP  ,B738,L2J,Large jet,True,Day,2026-03-05 09:15:35,2026-03-05 00:00:00,,,0,,0,,,False,False,False,False,False,False
11436474599769755537,AMBER3  ,,,Other,False,Day,2026-03-05 10:48:20,2026-03-05 00:00:00,2925.0000936,9.064199797828667,4,2975.0000952000005,1,,,True,True,True,False,True,True
61676376976524850,GBUFH   ,P28A,L1P,GA / light,False,Day,2026-03-05 10:21:55,2026-03-05 00:00:00,650.0000208,17.135639272803033,14,,0,,,True,False,True,False,False,True
2006957612384685122,GCDOK   ,C42,L1P,GA / light,False,Day,2026-03-05 12:07:55,2026-03-05 00:00:00,1575.0000504,3.95421027935912,2,1575.0000504,2,1725.0000552,-1436.1307923588881,True,True,True,True,True,True
5307492251432865213,URO683  ,A346,L4J,Large jet,True,Day,2026-03-05 13:57:15,2026-03-05 00:00:00,,,0,,0,,,False,False,False,False,False,True
4335959979805799190,BDN029  ,AS50,H1T,Helicopter,False,Day,2026-03-05 11:38:25,2026-03-05 00:00:00,,,0,,0,,,False,False,False,False,False,False
1802173059077783108,SAH59P  ,BE40,L2J,Business jet,False,Day,2026-03-05 13:34:45,2026-03-05 00:00:00,,,0,,0,,,False,False,False,False,False,True
7113214978482895871,GBEUP   ,DR40,L1P,GA / light,False,Day,2026-03-05 12:33:00,2026-03-05 00:00:00,,,0,,0,,,False,False,False,False,True,True
4486376836952787407,RYR11MN ,B738,L2J,Large jet,True,Day,2026-03-05 13:53:10,2026-03-05 00:00:00,,,0,,0,,,False,False,False,False,False,True
4440851025057121676,HLE10   ,A169,H2T,Helicopter,False,Day,2026-03-05 12:14:55,2026-03-05 00:00:00,,,0,,0,,,False,False,False,False,False,True
8039903995933917307,NJE576W ,E55P,L2J,Business jet,False,Day,2026-03-05 13:19:20,2026-03-05 00:00:00,,,0,,0,,,False,False,False,False,False,True
14790881799386711027,SFY1TM  ,DA42,L2P,GA / light,False,Day,2026-03-05 13:29:05,2026-03-05 00:00:00,,,0,,0,,,False,False,False,False,False,True
17885751257894954527,SFU55   ,C42,L1P,GA / light,False,Day,2026-03-05 12:53:35,2026-03-05 00:00:00,,,0,,0,,,False,False,False,False,False,False
3208423399394871654,AMBER1  ,FA20,L2J,Business jet,False,Day,2026-03-05 14:05:55,2026-03-05 00:00:00,,,0,,0,,,False,False,False,False,False,False
3759341766234686291,AMBER3  ,,,Other,False,Day,2026-03-05 14:26:30,2026-03-05 00:00:00,2975.0000952000005,10.578685112913666,6,,0,,,True,False,True,False,False,True
8473727957084235697,AMBER2  ,FA20,L2J,Business jet,False,Day,2026-03-05 14:28:15,2026-03-05 00:00:00,,,0,,0,,,False,False,False,False,False,True
18081275073931771457,URO601  ,A346,L4J,Large jet,True,Day,2026-03-05 16:18:25,2026-03-05 00:00:00,,,0,,0,,,False,False,False,False,False,True
1954476166020993911,N       ,C182,L1P,GA / light,False,Day,2026-03-05 14:11:30,2026-03-05 00:00:00,,,0,,0,,,False,False,False,False,False,True
14171086014294018120,GCEVC   ,RV4,L1P,GA / light,False,Day,2026-03-05 14:12:15,2026-03-05 00:00:00,,,0,,0,,,False,False,False,False,True,True
12071792986060692308,,G109,L1P,GA / light,False,Day,2026-03-05 14:03:35,2026-03-05 00:00:00,,,0,,0,,,False,False,False,False,False,False
9343746308758158617,GCBLY   ,G109,L1P,GA / light,False,Day,2026-03-05 14:42:10,2026-03-05 00:00:00,,,0,,0,,,False,False,False,False,False,True
919395470748301862,GMA023  ,BE20,L2T,Turboprop,False,Day,2026-03-05 14:24:40,2026-03-05 00:00:00,,,0,,0,,,False,False,False,False,False,True
5956997480349414970,EXS3AS  ,B738,L2J,Large jet,True,Day,2026-03-05 17:25:25,2026-03-05 00:00:00,,,0,,0,,,False,False,False,False,False,False
4532533957659536263,HLE10   ,A169,H2T,Helicopter,False,Day,2026-03-05 14:20:45,2026-03-05 00:00:00,,,0,,0,,,False,False,False,False,False,True
13726652167978364048,GBGYH   ,P28A,L1P,GA / light,False,Day,2026-03-05 15:22:25,2026-03-05 00:00:00,,,0,,0,,,False,False,False,False,False,True
15250309304027773793,,P32R,L1P,GA / light,False,Day,2026-03-05 14:27:25,2026-03-05 00:00:00,,,0,,0,,,False,False,False,False,False,False
5368550300212561960,GLIFB   ,AP32,L1P,GA / light,False,Day,2026-03-05 15:58:05,2026-03-05 00:00:00,,,0,,0,,,False,False,False,False,False,False
5700641374059711029,SFY1TM  ,DA42,L2P,GA / light,False,Day,2026-03-05 15:29:20,2026-03-05 00:00:00,225.0000072,16.806250415177296,8,,0,,,True,False,True,False,False,True
15910152143781165896,GGCDB   ,SR20,L1P,GA / light,False,Day,2026-03-05 15:12:45,2026-03-05 00:00:00,1100.0000352000002,15.934373690079767,1,,0,,,True,False,True,False,True,True
17525541148923378762,EZY56BH ,A320,L2J,Large jet,True,Day,2026-03-05 15:56:45,2026-03-05 00:00:00,,,0,,0,,,False,False,False,False,False,True
10206117124111319766,RYR54WK ,B738,L2J,Large jet,True,Day,2026-03-05 17:45:35,2026-03-05 00:00:00,,,0,,0,,,False,False,False,False,False,False
16633385123779693308,N363KC  ,S22T,L1P,GA / light,False,Day,2026-03-05 16:04:35,2026-03-05 00:00:00,,,0,,0,,,False,False,False,False,False,True
1756996886392636492,GETPI   ,A109,H2T,Helicopter,False,Day,2026-03-05 16:17:05,2026-03-05 00:00:00,,,0,,0,,,False,False,False,False,False,False
7702104088562791244,GBEWR   ,C172,L1P,GA / light,False,Day,2026-03-05 16:35:20,2026-03-05 00:00:00,1825.0000584,15.880712813203528,1,,0,,,True,False,True,False,True,True
9676897349431935405,,C172,L1P,GA / light,False,Day,2026-03-05 16:03:30,2026-03-05 00:00:00,,,0,,0,,,False,False,False,False,False,False
12753013076048497805,GOLAJ   ,R44,H1P,Helicopter,False,Day,2026-03-05 16:40:40,2026-03-05 00:00:00,900.0000288,18.719798793076105,7,,0,,,True,False,True,False,False,True
8608372297523626158,TOM6TM  ,B738,L2J,Large jet,True,Day,2026-03-05 18:13:25,2026-03-05 00:00:00,,,0,,0,,,False,False,False,False,True,True
4268466903547770503,HLE10   ,A169,H2T,Helicopter,False,Day,2026-03-05 16:25:05,2026-03-05 00:00:00,,,0,,0,,,False,False,False,False,False,True
11019870974231078643,SFY1TM  ,DA42,L2P,GA / light,False,Day,2026-03-05 18:48:55,2026-03-05 00:00:00,1425.0000456,6.7175991898322405,2,2425.0000775999997,1,2450.0000784,-411.8902289360926,True,True,True,False,True,True
13983777211475967733,GBPIZ   ,AA5,L1P,GA / light,False,Day,2026-03-05 17:40:40,2026-03-05 00:00:00,,,0,,0,,,False,False,False,False,False,False
11513422645844430265,EXS67BH ,B738,,Large jet,True,Evening,2026-03-05 19:22:45,2026-03-05 00:00:00,,,0,,0,,,False,False,False,False,False,False
10648035383201244754,HLE10   ,A169,H2T,Helicopter,False,Day,2026-03-05 17:28:05,2026-03-05 00:00:00,,,0,,0,,,False,False,False,False,False,True
10983866586247275794,GBEWR   ,C172,L1P,GA / light,False,Evening,2026-03-05 19:52:15,2026-03-05 00:00:00,650.0000208,16.39194329322402,25,,0,,,True,False,True,False,True,True
8200883063416602224,RYR20MC ,B38M,,Large jet,True,Evening,2026-03-05 21:19:00,2026-03-05 00:00:00,,,0,,0,,,False,False,False,False,False,False
7457366617625159298,SFY1TM  ,DA42,L2P,GA / light,False,Day,2026-03-06 09:59:00,2026-03-06 00:00:00,1025.0000328,10.87160084353999,2,,0,,,True,False,True,False,True,True
13154679049718586043,AWC461  ,A321,L2J,Large jet,True,Day,2026-03-06 10:11:10,2026-03-06 00:00:00,,,0,,0,,,False,False,False,False,False,False
9955810905573113161,RYR6FY  ,B738,L2J,Large jet,True,Day,2026-03-06 12:06:30,2026-03-06 00:00:00,,,0,,0,,,False,False,False,False,False,False
12956290008638772009,AMBER2  ,,,Other,False,Day,2026-03-06 12:44:35,2026-03-06 00:00:00,1750.0000559999999,7.796189311307166,3,2300.0000736,1,2325.0000744000004,-576.5108108235459,True,True,True,False,True,True
4934926296417766949,AMBER1  ,FA20,L2J,Business jet,False,Day,2026-03-06 13:03:40,2026-03-06 00:00:00,1250.00004,4.422423774997784,3,1250.00004,2,,,True,True,True,False,True,True
17155072909840498806,FRA83   ,FA20,L2J,Business jet,False,Day,2026-03-06 12:03:35,2026-03-06 00:00:00,1750.0000559999999,6.8030704878857735,1,,0,,,True,False,True,False,True,True
16080424113320767505,SFY1TM  ,DA42,L2P,GA / light,False,Day,2026-03-06 12:39:05,2026-03-06 00:00:00,425.00001360000005,17.14536942015487,4,,0,,,True,False,True,False,False,True
12577085353704320917,RYR46KY ,B738,L2J,Large jet,True,Day,2026-03-06 13:45:50,2026-03-06 00:00:00,,,0,,0,,,False,False,False,False,False,False
7927859714294575871,OHPBL   ,PC12,L1T,Turboprop,False,Day,2026-03-06 14:00:40,2026-03-06 00:00:00,1750.0000559999999,3.6694697222210557,2,1750.0000559999999,1,,,True,True,True,False,True,True
8681236470594974727,OHRJD   ,PC12,L1T,Turboprop,False,Day,2026-03-06 14:05:35,2026-03-06 00:00:00,2250.0000720000003,2.1296512353545882,3,2250.0000720000003,3,2250.0000720000003,-603.529648040907,True,True,True,False,True,True
3925157165600179636,EZY56BH ,A320,L2J,Large jet,True,Day,2026-03-06 15:52:30,2026-03-06 00:00:00,,,0,,0,,,False,False,False,False,True,True
16504074791387187475,TOM2TG  ,B738,L2J,Large jet,True,Day,2026-03-06 18:16:25,2026-03-06 00:00:00,,,0,,0,,,False,False,False,False,False,False
18186093679600826022,EXS67DE ,B738,,Large jet,True,Day,2026-03-06 17:22:50,2026-03-06 00:00:00,,,0,,0,,,False,False,False,False,False,False
14073867016631150070,RYR65FB ,B38M,L2J,Large jet,True,Evening,2026-03-06 19:56:05,2026-03-06 00:00:00,,,0,,0,,,False,False,False,False,False,False
5866797242700142417,RYR20MC ,B38M,,Large jet,True,Evening,2026-03-06 21:02:50,2026-03-06 00:00:00,,,0,,0,,,False,False,False,False,False,False
2723909705189149996,RYR5AM  ,B738,L2J,Large jet,True,Evening,2026-03-06 22:44:15,2026-03-06 00:00:00,,,0,,0,,,False,False,False,False,False,False
2219670894241584934,RUK8BP  ,B738,,Large jet,True,Evening,2026-03-06 21:42:15,2026-03-06 00:00:00,,,0,,0,,,False,False,False,False,False,False
18063176352314509431,RYR22HC ,B38M,L2J,Large jet,True,Day,2026-03-07 07:04:25,2026-03-07 00:00:00,,,0,,0,,,False,False,False,False,False,False
6920844668060733587,TOM239  ,B788,L2J,Large jet,True,Day,2026-03-07 07:11:55,2026-03-07 00:00:00,,,0,,0,,,False,False,False,False,False,False
931191150047544627,EZS15WP ,A320,L2J,Large jet,True,Day,2026-03-07 08:01:35,2026-03-07 00:00:00,,,0,,0,,,False,False,False,False,False,False
233293295332124098,BNI5T   ,C525,L2J,Business jet,False,Day,2026-03-07 12:32:50,2026-03-07 00:00:00,1150.0000368,8.274609179541391,2,1675.0000536,1,,,True,True,True,False,True,True
16180681441276116795,URO601  ,A346,L4J,Large jet,True,Day,2026-03-07 12:22:25,2026-03-07 00:00:00,,,0,,0,,,False,False,False,False,False,False
8783391278414690546,RYR11MN ,B738,L2J,Large jet,True,Day,2026-03-07 13:10:35,2026-03-07 00:00:00,,,0,,0,,,False,False,False,False,False,False
2482160253958645254,RYR6765 ,B738,L2J,Large jet,True,Day,2026-03-07 15:06:55,2026-03-07 00:00:00,,,0,,0,,,False,False,False,False,False,False
9826799641385702122,N302JG  ,TBM7,L1T,Turboprop,False,Day,2026-03-07 13:32:45,2026-03-07 00:00:00,1675.0000536,4.300379469983166,2,1675.0000536,2,,,True,True,True,False,True,True
14191707879531213589,EZY2696 ,A320,L2J,Large jet,True,Day,2026-03-07 15:40:15,2026-03-07 00:00:00,,,0,,0,,,False,False,False,False,True,True
11935974814341293311,EXS3AS  ,B738,,Large jet,True,Day,2026-03-07 17:15:50,2026-03-07 00:00:00,,,0,,0,,,False,False,False,False,False,False
4497981934763211056,MZPGJ   ,,,Other,False,Day,2026-03-07 17:05:40,2026-03-07 00:00:00,,,0,,0,,,False,False,False,False,False,False
1213453661408774527,GMA023  ,BE20,L2T,Turboprop,False,Day,2026-03-07 17:52:45,2026-03-07 00:00:00,2600.0000832,6.2371708964918335,5,2700.0000864000003,1,2700.0000864000003,-252.68740490741493,True,True,True,False,True,True
2976303277221460287,RYR46KY ,B738,L2J,Large jet,True,Evening,2026-03-07 22:11:05,2026-03-07 00:00:00,2750.0000880000002,3.3969608265863327,1,2750.0000880000002,1,2700.0000864000003,-137.21878985912554,True,True,True,False,True,True
2913769904053432969,RYR54WK ,B738,L2J,Large jet,True,Day,2026-03-08 07:51:00,2026-03-08 00:00:00,,,0,,0,,,False,False,False,False,False,False
5308312742158245513,RYR20MC ,B738,L2J,Large jet,True,Day,2026-03-08 12:33:00,2026-03-08 00:00:00,,,0,,0,,,False,False,False,False,False,False
1333700710703739060,VJH357  ,C56X,L2J,Business jet,False,Day,2026-03-08 16:50:05,2026-03-08 00:00:00,2275.0000728,3.5742911592946953,1,2275.0000728,1,,,True,True,True,False,True,True
11618126750416684294,LJC6    ,B350,L2T,Turboprop,False,Day,2026-03-08 15:39:55,2026-03-08 00:00:00,1775.0000568,2.081485863556586,3,1775.0000568,3,1775.0000568,-1136.117860559773,True,True,True,True,True,True
5121830752991936393,EXS19W  ,B738,,Large jet,True,Day,2026-03-08 17:09:25,2026-03-08 00:00:00,,,0,,0,,,False,False,False,False,False,False
8434794484216007764,SRD375  ,,,Other,False,Day,2026-03-08 16:33:05,2026-03-08 00:00:00,,,0,,0,,,False,False,False,False,True,True
10660061167236190,RYR46KY ,,,Other,False,Day,2026-03-08 17:03:15,2026-03-08 00:00:00,,,0,,0,,,False,False,False,False,False,False
57441288060462245,RYR22HC ,B38M,L2J,Large jet,True,Day,2026-03-08 17:18:20,2026-03-08 00:00:00,,,0,,0,,,False,False,False,False,False,False
9691124973546671753,ENT3010 ,,,Other,False,Day,2026-03-08 18:57:30,2026-03-08 00:00:00,,,0,,0,,,False,False,False,False,False,False
2509756961353784277,EZY15CF ,A320,L2J,Large jet,True,Day,2026-03-08 16:59:25,2026-03-08 00:00:00,,,0,,0,,,False,False,False,False,False,False
13401572435676748487,TOM7FT  ,B738,L2J,Large jet,True,Day,2026-03-08 18:21:05,2026-03-08 00:00:00,,,0,,0,,,False,False,False,False,False,False
5216150544710121093,BIO05   ,P68,,Other,False,Day,2026-03-08 18:01:55,2026-03-08 00:00:00,1025.0000328,17.42269844652306,6,1775.0000568,5,1800.0000576,-1347.477852722286,True,True,True,True,True,True
8135126501819250329,RUK8BP  ,B738,,Large jet,True,Day,2026-03-08 18:27:30,2026-03-08 00:00:00,,,0,,0,,,False,False,False,False,False,False
13576256115113826781,RYR6FY  ,B738,L2J,Large jet,True,Evening,2026-03-08 20:02:30,2026-03-08 00:00:00,,,0,,0,,,False,False,False,False,False,False
6905405962603832250,RYR5AM  ,B738,L2J,Large jet,True,Evening,2026-03-08 22:15:00,2026-03-08 00:00:00,3675.0001176000005,9.947705122601123,1,,0,,,True,False,True,False,False,False
4946560730006519688,URO915  ,A346,L4J,Large jet,True,Evening,2026-03-08 22:07:55,2026-03-08 00:00:00,,,0,,0,,,False,False,False,False,False,False
14979121569156531261,RYR20MC ,B738,L2J,Large jet,True,Day,2026-03-09 07:47:05,2026-03-09 00:00:00,,,0,,0,,,False,False,False,False,False,False
11403450795345111946,EXS062J ,B738,L2J,Large jet,True,Day,2026-03-09 08:29:10,2026-03-09 00:00:00,,,0,,0,,,False,False,False,False,False,False
13232514220797676982,EZY56BH ,A320,L2J,Large jet,True,Day,2026-03-09 12:09:40,2026-03-09 00:00:00,,,0,,0,,,False,False,False,False,False,False
11153039049699695478,RYR11MN ,,,Other,False,Day,2026-03-09 14:39:30,2026-03-09 00:00:00,2350.0000752,2.664594217627754,2,2350.0000752,2,2700.0000864000003,-564.934727941516,True,True,True,False,True,True
8073257169810162942,AMBER1  ,FA20,L2J,Business jet,False,Day,2026-03-09 14:48:30,2026-03-09 00:00:00,1825.0000584,7.15714330335475,4,1875.00006,3,,,True,True,True,False,True,True
117257411337251122,EXS67DE ,B738,,Large jet,True,Day,2026-03-09 15:39:45,2026-03-09 00:00:00,,,0,,0,,,False,False,False,False,False,False
13212457577960716952,MTOMY   ,E50P,L2J,Business jet,False,Day,2026-03-09 14:51:30,2026-03-09 00:00:00,2350.0000752,4.112548912104462,3,2350.0000752,2,,,True,True,True,False,True,True
11176707989956630774,RYR3971 ,B738,L2J,Large jet,True,Day,2026-03-09 15:52:10,2026-03-09 00:00:00,,,0,,0,,,False,False,False,False,False,False
8855795337779378330,TOM8AE  ,B738,L2J,Large jet,True,Day,2026-03-09 18:01:55,2026-03-09 00:00:00,1875.00006,4.598313048474505,2,1875.00006,2,,,True,True,True,False,True,True
984221177286522937,AWC462  ,A321,L2J,Large jet,True,Day,2026-03-09 18:24:45,2026-03-09 00:00:00,,,0,,0,,,False,False,False,False,False,False
15085241211564986375,EXS011P ,B738,L2J,Large jet,True,Evening,2026-03-09 20:40:55,2026-03-09 00:00:00,,,0,,0,,,False,False,False,False,False,False
12048328887598547293,RYR46KY ,B738,L2J,Large jet,True,Evening,2026-03-09 22:27:00,2026-03-09 00:00:00,,,0,,0,,,False,False,False,False,False,False
10572499972506879485,EXS3624 ,B738,L2J,Large jet,True,Evening,2026-03-09 21:44:15,2026-03-09 00:00:00,,,0,,0,,,False,False,False,False,False,False
14788895634266884612,FJO648  ,GLF6,,Business jet,False,Day,2026-03-10 09:01:50,2026-03-10 00:00:00,4925.0001576,14.893403973757328,1,,0,,,True,False,True,False,False,False
186523409865499429,URO601  ,A346,L4J,Large jet,True,Day,2026-03-10 12:07:15,2026-03-10 00:00:00,2425.0000775999997,1.0008268543891126,1,2425.0000775999997,1,2425.0000775999997,-838.0911435438479,True,True,True,False,True,True
14851946678241026743,SFY1TM  ,DA42,L2P,GA / light,False,Day,2026-03-10 09:14:05,2026-03-10 00:00:00,825.0000264,15.850362869945421,3,,0,,,True,False,True,False,False,True
14068076500119625181,GEIMS   ,B505,H1T,Helicopter,False,Day,2026-03-10 09:59:55,2026-03-10 00:00:00,,,0,,0,,,False,False,False,False,False,False
15043307967881239590,GBUFH   ,P28A,L1P,GA / light,False,Day,2026-03-10 10:48:15,2026-03-10 00:00:00,1025.0000328,16.502290910382154,2,,0,,,True,False,True,False,False,True
10214684376694696084,VSB10   ,BE20,L2T,Turboprop,False,Day,2026-03-10 11:55:40,2026-03-10 00:00:00,2425.0000775999997,1.4064246497793251,2,2425.0000775999997,2,2425.0000775999997,-612.4129733138402,True,True,True,False,True,True
13789188400507576138,GBUFH   ,P28A,L1P,GA / light,False,Day,2026-03-10 13:08:10,2026-03-10 00:00:00,1050.0000336,15.768672484746808,2,,0,,,True,False,True,False,False,True
6480872975694286325,FRA69   ,CL60,L2J,Business jet,False,Day,2026-03-10 13:51:45,2026-03-10 00:00:00,1950.0000624,2.525277272440033,4,1950.0000624,2,1950.0000624,-827.1279309320726,True,True,True,True,True,True
3119400036122351461,GBGYH   ,P28A,L1P,GA / light,False,Day,2026-03-10 13:15:05,2026-03-10 00:00:00,,,0,,0,,,False,False,False,False,False,True
18108626889569179711,GSURV   ,BN2T,L2T,Turboprop,False,Day,2026-03-10 13:15:25,2026-03-10 00:00:00,1075.0000344,12.259082917190115,5,2000.000064,3,2025.0000648,-873.6700510802502,True,True,True,False,True,True
16834317020618206503,SFU55   ,C42,L1P,GA / light,False,Day,2026-03-10 12:41:55,2026-03-10 00:00:00,,,0,,0,,,False,False,False,False,False,False
14735418862388241650,VIP01   ,,,Other,False,Day,2026-03-10 12:46:05,2026-03-10 00:00:00,,,0,,0,,,False,False,False,False,False,False
15739017715175591235,EXS257G ,B738,,Large jet,True,Day,2026-03-10 16:29:10,2026-03-10 00:00:00,,,0,,0,,,False,False,False,False,False,False
2024306595558909199,GARKS   ,PA22,L1P,GA / light,False,Day,2026-03-10 14:20:25,2026-03-10 00:00:00,725.0000232000001,16.694963439013712,6,,0,,,True,False,True,False,False,True
13564103527700661990,GBUJP   ,P28A,L1P,GA / light,False,Day,2026-03-10 14:18:40,2026-03-10 00:00:00,,,0,,0,,,False,False,False,False,True,True
14666102755537417196,AMBER1  ,FA20,L2J,Business jet,False,Day,2026-03-10 15:41:25,2026-03-10 00:00:00,2025.0000648,4.474863415703337,1,2025.0000648,1,,,True,True,True,False,True,True
9660482485921897800,EZY56BH ,A320,L2J,Large jet,True,Day,2026-03-10 15:24:20,2026-03-10 00:00:00,2000.000064,3.9837320451531713,1,2000.000064,1,,,True,True,True,False,True,True
631731775151763248,GGCDB   ,SR20,L1P,GA / light,False,Day,2026-03-10 14:56:40,2026-03-10 00:00:00,2050.0000656,6.179061174012871,1,,0,,,True,False,True,False,True,True
16634296808222121162,AMBER3  ,,,Other,False,Day,2026-03-10 16:05:25,2026-03-10 00:00:00,50.0000016,18.641827041357175,3,,0,,,True,False,True,False,False,True
841586094102485743,AMBER2  ,FA20,L2J,Business jet,False,Day,2026-03-10 16:12:05,2026-03-10 00:00:00,1975.0000632,4.558595474853421,3,1975.0000632,3,,,True,True,True,False,False,True
872845070124065307,EXS2610 ,B738,L2J,Large jet,True,Day,2026-03-10 17:31:05,2026-03-10 00:00:00,,,0,,0,,,False,False,False,False,False,False
11757071293933668037,GBUFH   ,P28A,L1P,GA / light,False,Day,2026-03-10 15:53:50,2026-03-10 00:00:00,325.0000104,16.69499339225804,5,,0,,,True,False,True,False,False,True
2752522753819818570,TOM7KX  ,B738,L2J,Large jet,True,Day,2026-03-10 18:57:00,2026-03-10 00:00:00,25.0000008,18.837156711281075,3,2525.0000808,2,2525.0000808,-101.63972674108663,True,True,True,False,True,True
4314775194576270626,GOLAJ   ,R44,H1P,Helicopter,False,Day,2026-03-10 16:37:10,2026-03-10 00:00:00,550.0000176000001,16.021223332726823,2,,0,,,True,False,True,False,False,True
9176579480949639763,BNTIA12 ,G115,L1P,GA / light,False,Day,2026-03-10 15:28:25,2026-03-10 00:00:00,,,0,,0,,,False,False,False,False,False,False
13867174309260514909,SFY1TM  ,DA42,L2P,GA / light,False,Day,2026-03-10 16:27:20,2026-03-10 00:00:00,,,0,,0,,,False,False,False,False,False,True
3646518969202053239,RYR65FB ,B738,L2J,Large jet,True,Day,2026-03-10 18:01:30,2026-03-10 00:00:00,,,0,,0,,,False,False,False,False,False,False
4633970988920166980,GBGYH   ,P28A,L1P,GA / light,False,Day,2026-03-10 17:08:30,2026-03-10 00:00:00,250.000008,17.401297119948737,4,,0,,,True,False,True,False,True,True
6917170656389768761,RYR46KY ,B738,L2J,Large jet,True,Evening,2026-03-10 19:12:50,2026-03-10 00:00:00,25.0000008,18.814330768465588,1,,0,,,True,False,True,False,False,False
11912884493004322131,SFY1TM  ,DA42,L2P,GA / light,False,Day,2026-03-10 18:32:50,2026-03-10 00:00:00,700.0000224,14.297001133483485,8,,0,,,True,False,True,False,True,True
267431158981782319,VIP01   ,,,Other,False,Evening,2026-03-10 19:23:30,2026-03-10 00:00:00,2525.0000808,5.20583612431708,3,2525.0000808,2,2525.0000808,-599.0357323559829,True,True,True,False,True,True
1380550059937060680,SRG363  ,A139,,Other,False,Night,2026-03-10 23:55:30,2026-03-10 00:00:00,,,0,,0,,,False,False,False,False,False,False
8954157330020608424,SFY1TM  ,DA42,L2P,GA / light,False,Day,2026-03-11 09:32:05,2026-03-11 00:00:00,525.0000168,15.220271798937185,5,,0,,,True,False,True,False,False,True
17973914482262551699,GBUFH   ,P28A,L1P,GA / light,False,Day,2026-03-11 09:36:40,2026-03-11 00:00:00,375.000012,15.84743634802166,7,,0,,,True,False,True,False,False,True
6632464137159599886,MZPGJ   ,,,Other,False,Day,2026-03-11 09:47:20,2026-03-11 00:00:00,,,0,,0,,,False,False,False,False,False,False
10243332165023216725,CRIMSON1,FA20,L2J,Business jet,False,Day,2026-03-11 10:15:45,2026-03-11 00:00:00,25.0000008,18.73127439956071,2,,0,,,True,False,True,False,False,True
12809329563842994746,CRIMSON2,,,Other,False,Day,2026-03-11 10:21:35,2026-03-11 00:00:00,75.0000024,18.665267672399526,5,2025.0000648,1,,,True,True,True,False,True,True
12159114820871017980,MDEEP   ,A109,,Other,False,Day,2026-03-11 10:09:55,2026-03-11 00:00:00,1025.0000328,4.008681772150463,5,1025.0000328,5,1075.0000344,-1684.7358047848293,True,True,True,True,True,True
658721282977563538,GBEWR   ,C172,L1P,GA / light,False,Day,2026-03-11 10:54:10,2026-03-11 00:00:00,225.0000072,17.292729688109066,5,,0,,,True,False,True,False,True,True
13096814055459163404,GEIMS   ,B505,H1T,Helicopter,False,Day,2026-03-11 10:19:25,2026-03-11 00:00:00,,,0,,0,,,False,False,False,False,False,False
4967543587015336478,GAZDJ   ,PA32,L1P,GA / light,False,Day,2026-03-11 10:57:25,2026-03-11 00:00:00,1225.0000392,19.60090064623185,1,,0,,,True,False,True,False,True,True
16323076481079809807,MZPGJ   ,,,Other,False,Day,2026-03-11 10:26:30,2026-03-11 00:00:00,,,0,,0,,,False,False,False,False,False,False
15673293512265397661,HLE10   ,A169,H2T,Helicopter,False,Day,2026-03-11 10:50:40,2026-03-11 00:00:00,,,0,,0,,,False,False,False,False,False,True
14820112710226878636,,D150,L1P,GA / light,False,Day,2026-03-11 10:59:55,2026-03-11 00:00:00,,,0,,0,,,False,False,False,False,False,False
315154023796926967,GBUFH   ,P28A,L1P,GA / light,False,Day,2026-03-11 11:28:10,2026-03-11 00:00:00,1050.0000336,18.329160419443834,5,,0,,,True,False,True,False,False,True
12469958668060780129,BIO05   ,P68,,Other,False,Day,2026-03-11 17:13:20,2026-03-11 00:00:00,,,0,,0,,,False,False,False,False,True,True
12211844309432961790,SFY1TM  ,DA42,L2P,GA / light,False,Day,2026-03-11 11:50:50,2026-03-11 00:00:00,1175.0000376,15.629900206076426,1,,0,,,True,False,True,False,True,True
10960742400299360448,GOLAJ   ,R44,H1P,Helicopter,False,Day,2026-03-11 12:23:15,2026-03-11 00:00:00,250.000008,18.152009757013452,7,,0,,,True,False,True,False,False,True
369674991635620939,GDSJT   ,C182,L1P,GA / light,False,Day,2026-03-11 12:27:30,2026-03-11 00:00:00,,,0,,0,,,False,False,False,False,True,True
16296469357031900348,HLE10   ,A169,H2T,Helicopter,False,Day,2026-03-11 12:16:50,2026-03-11 00:00:00,1225.0000392,17.304722541535273,1,,0,,,True,False,True,False,True,True
13084171501146879833,CND093P ,B39M,,Large jet,True,Day,2026-03-11 12:51:35,2026-03-11 00:00:00,,,0,,0,,,False,False,False,False,False,False
8512282222479680784,GGCDB   ,SR20,L1P,GA / light,False,Day,2026-03-11 13:06:40,2026-03-11 00:00:00,1200.0000384,15.656617961680425,1,,0,,,True,False,True,False,False,True
11074272756489393226,SFY1TM  ,DA42,L2P,GA / light,False,Day,2026-03-11 13:58:55,2026-03-11 00:00:00,500.000016,15.227866232480078,6,,0,,,True,False,True,False,False,True
6226652738350141973,GBUFH   ,P28A,L1P,GA / light,False,Day,2026-03-11 14:20:10,2026-03-11 00:00:00,1100.0000352000002,16.38150243664915,2,,0,,,True,False,True,False,False,True
4402168112628666634,PIPE65  ,,,Other,False,Day,2026-03-11 14:57:05,2026-03-11 00:00:00,600.0000192,14.208267690749263,67,650.0000208,9,825.0000264,-2331.135221743978,True,True,True,True,True,True
16584895408958226920,SLS7V   ,PC12,L1T,Turboprop,False,Day,2026-03-11 13:48:25,2026-03-11 00:00:00,1900.0000608,9.365889875941951,1,,0,,,True,False,True,False,True,True
17232334719904400801,GBEWR   ,C172,L1P,GA / light,False,Day,2026-03-11 15:42:00,2026-03-11 00:00:00,500.000016,16.291521547482695,10,1800.0000576,3,,,True,True,True,False,False,True
12361250730628833939,GDSJT   ,C182,L1P,GA / light,False,Day,2026-03-11 15:15:45,2026-03-11 00:00:00,625.00002,15.815516120789505,2,,0,,,True,False,True,False,False,True
13011334318788850860,GOLAJ   ,R44,H1P,Helicopter,False,Day,2026-03-11 14:34:25,2026-03-11 00:00:00,850.0000272000001,18.830760843969582,2,,0,,,True,False,True,False,False,True
6612090369288699941,GDENS   ,CP30,L1P,GA / light,False,Day,2026-03-11 14:52:00,2026-03-11 00:00:00,,,0,,0,,,False,False,False,False,False,False
6291293096210371852,GBFBR   ,P28A,L1P,GA / light,False,Day,2026-03-11 15:04:55,2026-03-11 00:00:00,,,0,,0,,,False,False,False,False,False,True
10869964311620173211,GBGYH   ,P28A,L1P,GA / light,False,Day,2026-03-11 14:58:25,2026-03-11 00:00:00,,,0,,0,,,False,False,False,False,False,False
1136258087438180043,BWY30   ,FA20,L2J,Business jet,False,Day,2026-03-11 16:56:35,2026-03-11 00:00:00,1600.0000512,6.394114035647341,2,,0,,,True,False,True,False,True,True
4324248777676370449,FRA93   ,FA20,L2J,Business jet,False,Day,2026-03-11 15:56:50,2026-03-11 00:00:00,1925.0000616,4.172255151222596,2,1925.0000616,2,,,True,True,True,False,True,True
10890735388326290793,,P28A,L1P,GA / light,False,Day,2026-03-11 15:15:50,2026-03-11 00:00:00,,,0,,0,,,False,False,False,False,False,False
14898257741275284761,GBGYH   ,P28A,L1P,GA / light,False,Day,2026-03-11 15:32:25,2026-03-11 00:00:00,1150.0000368,16.29521252050912,1,,0,,,True,False,True,False,False,True
18423425153452177155,SRG387  ,,,Other,False,Day,2026-03-11 16:45:30,2026-03-11 00:00:00,,,0,,0,,,False,False,False,False,False,True
7132948301118737088,TOM57V  ,B738,L2J,Large jet,True,Evening,2026-03-11 19:44:35,2026-03-11 00:00:00,,,0,,0,,,False,False,False,False,False,False
7609483189215951586,EXS12A  ,B738,,Large jet,True,Evening,2026-03-11 19:38:15,2026-03-11 00:00:00,,,0,,0,,,False,False,False,False,False,False
18232551341062395680,GBFBR   ,P28A,L1P,GA / light,False,Day,2026-03-11 16:36:00,2026-03-11 00:00:00,2750.0000880000002,5.332828275216653,1,2750.0000880000002,1,,,True,True,True,False,True,True
6824637467837912314,LJC6    ,B350,L2T,Turboprop,False,Day,2026-03-11 17:48:55,2026-03-11 00:00:00,2400.0000768,1.5413740336876878,3,2400.0000768,3,2400.0000768,-956.4283776404336,True,True,True,False,True,True
17960271563599844374,GBUFH   ,P28A,L1P,GA / light,False,Day,2026-03-11 18:12:35,2026-03-11 00:00:00,475.0000152,15.060729363137987,4,,0,,,True,False,True,False,False,True
16996536497347100732,GMA540  ,BE20,L2T,Turboprop,False,Evening,2026-03-11 22:22:05,2026-03-11 00:00:00,2850.0000912,10.143108219171525,2,2850.0000912,1,2825.0000904000003,5.559796513416131,True,True,True,False,True,True
17159959118904429150,RYR65FB ,B38M,L2J,Large jet,True,Day,2026-03-12 07:21:00,2026-03-12 00:00:00,,,0,,0,,,False,False,False,False,False,False
4715620738205246149,JFA98Y  ,PC24,L2J,Business jet,False,Day,2026-03-12 08:29:25,2026-03-12 00:00:00,1950.0000624,3.6698023561375512,1,1950.0000624,1,,,True,True,True,False,True,True
10814933250049116551,EXS049A ,B738,L2J,Large jet,True,Day,2026-03-12 08:26:40,2026-03-12 00:00:00,,,0,,0,2950.0000944000003,39.849060675990586,False,False,False,False,True,True
5256192452019372079,RYR46KY ,B38M,L2J,Large jet,True,Day,2026-03-12 09:55:45,2026-03-12 00:00:00,,,0,,0,,,False,False,False,False,False,False
1605787210457034336,RUK8BP  ,B738,L2J,Large jet,True,Day,2026-03-12 09:18:10,2026-03-12 00:00:00,,,0,,0,,,False,False,False,False,False,False
4896190143775463524,VIP01   ,,,Other,False,Day,2026-03-12 08:51:30,2026-03-12 00:00:00,550.0000176000001,15.220592505345536,2,2450.0000784,1,2425.0000775999997,-721.199088859626,True,True,True,False,True,True
11385213501059814996,URO601  ,A346,L4J,Large jet,True,Day,2026-03-12 11:25:55,2026-03-12 00:00:00,2525.0000808,6.087498016036074,1,,0,,,True,False,True,False,True,True
12090770404155482761,NJU7ZT  ,,,Other,False,Day,2026-03-12 09:39:40,2026-03-12 00:00:00,425.00001360000005,16.1159720043797,5,2000.000064,1,,,True,True,True,False,True,True
13056186124591775640,GBUJP   ,P28A,L1P,GA / light,False,Day,2026-03-12 11:06:15,2026-03-12 00:00:00,675.0000216000001,15.648954995266653,17,2200.0000704000004,6,2200.0000704000004,-651.0607106151542,True,True,True,False,True,True
13223908455621678492,HLE56   ,EC35,H2T,Helicopter,False,Day,2026-03-12 10:33:25,2026-03-12 00:00:00,950.0000304,10.143370807249685,1,,0,,,True,False,True,False,True,True
17589968595849245616,RYR11MN ,B738,L2J,Large jet,True,Day,2026-03-12 14:03:05,2026-03-12 00:00:00,75.0000024,18.29276871371585,3,3725.0001192000004,2,3725.0001192000004,133.10696794709065,True,True,True,False,True,True
6172970095560960237,FHANN   ,PC12,L1T,Turboprop,False,Day,2026-03-12 13:27:35,2026-03-12 00:00:00,325.0000104,16.47917110307178,4,2600.0000832,1,2575.0000824,-208.93092185094974,True,True,True,False,True,True
9526704378049943998,SLS8B   ,,,Other,False,Day,2026-03-12 14:37:50,2026-03-12 00:00:00,2000.000064,5.633765249200908,3,2000.000064,3,,,True,True,True,False,True,True
17070236405799215096,EXS3AS  ,B738,L2J,Large jet,True,Day,2026-03-12 17:27:55,2026-03-12 00:00:00,75.0000024,18.924684249608955,2,3200.0001024,1,3200.0001024,165.75087386360383,True,True,True,False,True,True
14327244002260686202,EZY56BH ,A320,L2J,Large jet,True,Day,2026-03-12 16:12:00,2026-03-12 00:00:00,75.0000024,19.003962748976658,3,2625.0000840000002,2,2625.0000840000002,-460.15559292658327,True,True,True,False,True,True
4827208526596786095,RYR54WK ,B738,L2J,Large jet,True,Day,2026-03-12 18:06:10,2026-03-12 00:00:00,125.000004,18.73766725169902,2,2700.0000864000003,1,2700.0000864000003,24.388685342427834,True,True,True,False,True,True
8555354396177171872,TOM6TM  ,B738,L2J,Large jet,True,Day,2026-03-12 18:23:45,2026-03-12 00:00:00,125.000004,18.696923518393103,1,,0,,,True,False,True,False,True,True
12827646103006832027,EXS67BH ,B738,L2J,Large jet,True,Evening,2026-03-12 19:19:10,2026-03-12 00:00:00,150.0000048,18.67028902727943,2,2175.0000696,1,2175.0000696,-493.3067176734371,True,True,True,False,True,True
14329325399056878095,RYR20MC ,,,Other,False,Evening,2026-03-12 21:36:20,2026-03-12 00:00:00,250.000008,18.598851666262576,6,2525.0000808,5,2750.0000880000002,-426.0770873655583,True,True,True,False,True,True
3504657318196046623,AWH98Y  ,C425,L2T,Turboprop,False,Day,2026-03-13 08:13:35,2026-03-13 00:00:00,300.0000096,18.795332141091528,2,2775.0000888,1,,,True,True,True,False,True,True
4862395158773444602,BWY20   ,FA20,L2J,Business jet,False,Day,2026-03-13 09:56:05,2026-03-13 00:00:00,275.00000880000005,18.309611617625762,3,,0,,,True,False,True,False,True,True
7898528774794887519,SFY1TM  ,DA42,L2P,GA / light,False,Day,2026-03-13 09:22:05,2026-03-13 00:00:00,625.00002,15.672188554694573,10,,0,,,True,False,True,False,False,True
5136624052578574974,LJC3    ,C55B,L2J,Business jet,False,Day,2026-03-13 09:20:10,2026-03-13 00:00:00,250.000008,18.680522531814034,3,3275.0001048,2,3275.0001048,314.21178758528185,True,True,True,False,True,True
4261328871464682580,RYR6FY  ,B738,L2J,Large jet,True,Day,2026-03-13 12:06:30,2026-03-13 00:00:00,250.000008,18.836401416925213,1,,0,,,True,False,True,False,False,True
16842097314394742319,GWPDB   ,EC35,H2T,Helicopter,False,Day,2026-03-13 10:59:45,2026-03-13 00:00:00,325.0000104,16.541587423497116,13,,0,,,True,False,True,False,True,True
16485984152734079872,N445SK  ,,,Other,False,Day,2026-03-13 12:37:55,2026-03-13 00:00:00,325.0000104,18.514866047593554,5,3300.0001056,4,3300.0001056,340.5926757027855,True,True,True,False,True,True
15237342215859143895,GBUFH   ,P28A,L1P,GA / light,False,Day,2026-03-13 11:15:45,2026-03-13 00:00:00,275.00000880000005,18.412350537835213,3,,0,,,True,False,True,False,True,True
16432982800456384566,GOLAJ   ,R44,H1P,Helicopter,False,Day,2026-03-13 12:31:30,2026-03-13 00:00:00,1300.0000416,16.521186549186336,1,,0,,,True,False,True,False,False,True
14098673460019780386,GBUFH   ,P28A,L1P,GA / light,False,Day,2026-03-13 12:27:15,2026-03-13 00:00:00,1400.0000448,15.171167393331222,1,,0,,,True,False,True,False,True,True
4919147664421635563,HLE10   ,A169,H2T,Helicopter,False,Day,2026-03-13 12:22:50,2026-03-13 00:00:00,,,0,,0,,,False,False,False,False,False,True
15507680311839645886,RYR46KY ,,,Other,False,Day,2026-03-13 14:46:45,2026-03-13 00:00:00,,,0,,0,,,False,False,False,False,False,True
5508631803846956017,GBUFH   ,P28A,L1P,GA / light,False,Day,2026-03-13 13:35:35,2026-03-13 00:00:00,1425.0000456,15.646287402777801,4,1900.0000608,2,1900.0000608,-1430.5258692219104,True,True,True,True,True,True
14199693197131592518,,EC35,H2T,Helicopter,False,Day,2026-03-13 13:05:35,2026-03-13 00:00:00,,,0,,0,,,False,False,False,False,False,True
13431962162973537612,HLE10   ,A169,H2T,Helicopter,False,Day,2026-03-13 13:53:25,2026-03-13 00:00:00,,,0,,0,,,False,False,False,False,False,True
5041759709805661610,HLE10   ,A169,H2T,Helicopter,False,Day,2026-03-13 14:54:30,2026-03-13 00:00:00,,,0,,0,,,False,False,False,False,False,True
14135201845598512883,TOM2TG  ,B738,L2J,Large jet,True,Day,2026-03-13 18:29:00,2026-03-13 00:00:00,325.0000104,18.880129214700357,2,3125.0001,1,3125.0001,346.6692300821387,True,True,True,False,True,True
12950066419167836530,EXS67DE ,B738,L2J,Large jet,True,Day,2026-03-13 17:08:40,2026-03-13 00:00:00,375.000012,18.335606329725543,1,,0,,,True,False,True,False,False,True
14129382234352527919,EZY56BH ,A20N,L2J,Large jet,True,Day,2026-03-13 16:35:15,2026-03-13 00:00:00,,,0,,0,,,False,False,False,False,False,True
12340636645238673483,AJO721  ,C25A,,Business jet,False,Day,2026-03-13 16:08:20,2026-03-13 00:00:00,375.000012,18.37349180422242,2,2875.000092,1,2875.000092,-90.65931052881979,True,True,True,False,True,True
241847214543427514,GBUFH   ,P28A,L1P,GA / light,False,Day,2026-03-13 17:24:20,2026-03-13 00:00:00,350.0000112,18.36187450993306,10,,0,,,True,False,True,False,False,True
6168063253900550449,HLE10   ,A169,H2T,Helicopter,False,Day,2026-03-13 16:18:25,2026-03-13 00:00:00,,,0,,0,,,False,False,False,False,False,True
3241873748379873335,SFY1TM  ,DA42,L2P,GA / light,False,Day,2026-03-13 17:38:05,2026-03-13 00:00:00,,,0,,0,,,False,False,False,False,False,True
6170489785232297446,EIIRG   ,,,Other,False,Day,2026-03-13 18:26:55,2026-03-13 00:00:00,1775.0000568,3.510900447995783,2,1775.0000568,2,,,True,True,True,False,True,True
3946909115831084452,RYR65FB ,B738,L2J,Large jet,True,Evening,2026-03-13 19:42:40,2026-03-13 00:00:00,350.0000112,18.891446304119544,3,3550.0001136,2,3550.0001136,441.7707422839435,True,True,True,False,True,True
13457083869717759620,FRA81   ,FA20,L2J,Business jet,False,Day,2026-03-13 18:43:35,2026-03-13 00:00:00,350.0000112,18.531475578346527,3,2800.0000896,2,2875.000092,63.83725658371122,True,True,True,False,True,True
3685206451578670543,RYR20MC ,B738,L2J,Large jet,True,Evening,2026-03-13 20:55:00,2026-03-13 00:00:00,350.0000112,18.75217910938589,2,,0,,,True,False,True,False,False,True
7424485131866415923,RYR5AM  ,B738,L2J,Large jet,True,Evening,2026-03-13 22:59:30,2026-03-13 00:00:00,350.0000112,18.609304029060258,1,,0,,,True,False,True,False,False,True
13440857450301701199,GMA23   ,BE20,L2T,Turboprop,False,Evening,2026-03-13 20:46:10,2026-03-13 00:00:00,350.0000112,18.330520728766125,4,,0,,,True,False,True,False,True,True
3550466527035214556,RUK8BP  ,B738,L2J,Large jet,True,Evening,2026-03-13 21:51:15,2026-03-13 00:00:00,375.000012,18.136010399818495,2,3575.0001144000003,1,3575.0001144000003,411.3659050141855,True,True,True,False,True,True
54631327699980752,RYR22HC ,B38M,L2J,Large jet,True,Day,2026-03-14 07:31:25,2026-03-14 00:00:00,225.0000072,18.580842569703325,1,,0,,,True,False,True,False,False,True
10421764789346300857,EZS15WP ,A320,L2J,Large jet,True,Day,2026-03-14 08:12:25,2026-03-14 00:00:00,250.000008,18.907848171436378,1,,0,,,True,False,True,False,False,True
1065581025241244480,GBUFH   ,P28A,L1P,GA / light,False,Day,2026-03-14 09:18:25,2026-03-14 00:00:00,1375.0000440000001,14.963100114994393,2,,0,,,True,False,True,False,False,True
11681528619809042476,N4956C  ,NAVI,L1P,GA / light,False,Day,2026-03-14 09:11:20,2026-03-14 00:00:00,300.0000096,17.802423414675005,2,,0,,,True,False,True,False,True,True
12035389272967502404,N71CW   ,C180,L1P,GA / light,False,Day,2026-03-14 09:10:00,2026-03-14 00:00:00,1925.0000616,13.013873001577085,2,,0,,,True,False,True,False,True,True
616472639403253135,URO601  ,A346,L4J,Large jet,True,Day,2026-03-14 11:46:10,2026-03-14 00:00:00,150.0000048,11.673604963123415,1,,0,,,True,False,True,False,False,False
419066110923824151,N986DT  ,S22T,L1P,GA / light,False,Day,2026-03-14 09:45:00,2026-03-14 00:00:00,,,0,,0,,,False,False,False,False,True,True
3075415266332074249,GOTRV   ,RV6,L1P,GA / light,False,Day,2026-03-14 09:20:45,2026-03-14 00:00:00,1975.0000632,12.548077328328127,1,,0,,,True,False,True,False,True,True
6432783422319974806,GBEWR   ,C172,L1P,GA / light,False,Day,2026-03-14 09:59:55,2026-03-14 00:00:00,,,0,,0,,,False,False,False,False,True,True
2396175123039516068,GBUFH   ,P28A,L1P,GA / light,False,Day,2026-03-14 10:38:05,2026-03-14 00:00:00,200.0000064,18.337935083193184,5,,0,,,True,False,True,False,False,True
11827061727257331500,,P28A,L1P,GA / light,False,Day,2026-03-14 10:00:50,2026-03-14 00:00:00,,,0,,0,,,False,False,False,False,False,True
12671736646278200605,GCGPL   ,SONX,L1P,GA / light,False,Day,2026-03-14 11:54:35,2026-03-14 00:00:00,1750.0000559999999,7.398667943159219,10,1775.0000568,7,,,True,True,True,False,False,True
4347838435778057325,GKY518  ,GLEX,L2J,Business jet,False,Day,2026-03-14 11:12:20,2026-03-14 00:00:00,225.0000072,18.599663955744433,4,,0,,,True,False,True,False,True,True
1832557508815353401,N4956C  ,NAVI,L1P,GA / light,False,Day,2026-03-14 11:39:55,2026-03-14 00:00:00,1150.0000368,15.709892689403416,3,,0,,,True,False,True,False,False,True
3949210738659693141,GBGYH   ,P28A,L1P,GA / light,False,Day,2026-03-14 11:06:25,2026-03-14 00:00:00,,,0,,0,,,False,False,False,False,False,True
4514124825666407251,GCKYL   ,C42,L1P,GA / light,False,Day,2026-03-14 11:32:10,2026-03-14 00:00:00,,,0,,0,,,False,False,False,False,False,True
7537067346039597887,N71CW   ,C180,L1P,GA / light,False,Day,2026-03-14 10:52:35,2026-03-14 00:00:00,775.0000248,15.585761740633286,2,,0,,,True,False,True,False,False,True
1532059911514028079,BIO05   ,P68,,Other,False,Day,2026-03-14 16:40:55,2026-03-14 00:00:00,850.0000272000001,16.583397019878255,1,,0,,,True,False,True,False,True,True
3043531569971173481,GBEWR   ,C172,L1P,GA / light,False,Day,2026-03-14 11:29:45,2026-03-14 00:00:00,325.0000104,17.48297084296461,3,,0,,,True,False,True,False,False,True
8256375588432154769,RYR11MN ,,,Other,False,Day,2026-03-14 13:09:05,2026-03-14 00:00:00,150.0000048,18.685967796054765,2,,0,,,True,False,True,False,False,True
8473083699255716411,,P28R,L1P,GA / light,False,Day,2026-03-14 11:23:55,2026-03-14 00:00:00,,,0,,0,,,False,False,False,False,True,True
12183944786848563514,N35SN   ,BE35,L1P,GA / light,False,Day,2026-03-14 12:52:40,2026-03-14 00:00:00,900.0000288,15.386987051058464,2,,0,,,True,False,True,False,False,True
5901673298454417775,GZAVI   ,C42,L1P,GA / light,False,Day,2026-03-14 12:29:05,2026-03-14 00:00:00,,,0,,0,,,False,False,False,False,False,False
120207369049157554,GCISE   ,PULS,L1P,GA / light,False,Day,2026-03-14 12:51:00,2026-03-14 00:00:00,,,0,,0,,,False,False,False,False,False,True
373580087726478292,GBOJW   ,P28A,L1P,GA / light,False,Day,2026-03-14 12:36:40,2026-03-14 00:00:00,,,0,,0,,,False,False,False,False,False,True
8595502438995291232,GBUFH   ,P28A,L1P,GA / light,False,Day,2026-03-14 12:59:55,2026-03-14 00:00:00,325.0000104,17.871128310526487,23,,0,,,True,False,True,False,False,True
3684496861112400700,GCCZL   ,C42,L1P,GA / light,False,Day,2026-03-14 13:23:00,2026-03-14 00:00:00,,,0,,0,,,False,False,False,False,False,True
14467153994205275547,GOTRV   ,RV6,L1P,GA / light,False,Day,2026-03-14 12:52:10,2026-03-14 00:00:00,600.0000192,15.508958911253083,3,,0,,,True,False,True,False,True,True
15768083281558525407,N4956C  ,NAVI,L1P,GA / light,False,Day,2026-03-14 12:58:40,2026-03-14 00:00:00,,,0,,0,,,False,False,False,False,False,True
8171838149298968437,GCDAB   ,UNDEFINED,,Other,False,Day,2026-03-14 13:15:35,2026-03-14 00:00:00,875.0000279999999,16.767006556956584,4,,0,,,True,False,True,False,False,True
13981254065916100942,GCBCL   ,GLST,L1P,GA / light,False,Day,2026-03-14 13:27:05,2026-03-14 00:00:00,675.0000216000001,16.506310325047526,3,,0,,,True,False,True,False,False,True
15247232722578809591,RYR6765 ,B738,L2J,Large jet,True,Day,2026-03-14 15:41:00,2026-03-14 00:00:00,175.0000056,18.57561609084729,1,,0,,,True,False,True,False,False,True
7054350558119858392,GBXCW   ,FOX,L1P,GA / light,False,Day,2026-03-14 13:59:55,2026-03-14 00:00:00,,,0,,0,,,False,False,False,False,False,True
15625960223724425291,GARMC   ,DHC1,L1P,GA / light,False,Day,2026-03-14 14:38:15,2026-03-14 00:00:00,1550.0000496,12.389843212204031,9,,0,,,True,False,True,False,False,True
5685919784014411578,GCMYM   ,,,Other,False,Day,2026-03-14 14:59:55,2026-03-14 00:00:00,,,0,,0,,,False,False,False,False,False,True
10978573641508331747,UKP154  ,P68,L2P,GA / light,False,Day,2026-03-14 16:00:20,2026-03-14 00:00:00,1875.00006,11.569638142744502,2,,0,,,True,False,True,False,True,True
4904980876599713164,GBUFH   ,P28A,L1P,GA / light,False,Day,2026-03-14 14:29:35,2026-03-14 00:00:00,1100.0000352000002,14.404020994842899,6,,0,,,True,False,True,False,True,True
4332447677092421423,ABLE06  ,,,Other,False,Day,2026-03-14 14:38:55,2026-03-14 00:00:00,,,0,,0,,,False,False,False,False,False,False
12300671823593851226,N35SN   ,BE35,L1P,GA / light,False,Day,2026-03-14 15:06:50,2026-03-14 00:00:00,,,0,,0,,,False,False,False,False,False,True
7304071796407628576,EZY2696 ,A320,L2J,Large jet,True,Day,2026-03-14 15:51:25,2026-03-14 00:00:00,150.0000048,18.562922778277766,1,,0,,,True,False,True,False,False,False
6216031134466701987,GCKYL   ,C42,L1P,GA / light,False,Day,2026-03-14 16:33:00,2026-03-14 00:00:00,,,0,,0,,,False,False,False,False,False,True
9062465513050240115,GGCDB   ,SR20,L1P,GA / light,False,Day,2026-03-14 15:20:30,2026-03-14 00:00:00,1925.0000616,5.780968942574639,3,1925.0000616,1,,,True,True,True,False,True,True
3606392943223846662,GXCRJ   ,RV9,L1P,GA / light,False,Day,2026-03-14 15:29:10,2026-03-14 00:00:00,,,0,,0,,,False,False,False,False,False,False
11752094187953021007,GBGYH   ,P28A,L1P,GA / light,False,Day,2026-03-14 15:36:15,2026-03-14 00:00:00,1075.0000344,15.615798383538616,2,,0,,,True,False,True,False,True,True
5048308581070033688,EXS3AS  ,B738,L2J,Large jet,True,Day,2026-03-14 17:51:55,2026-03-14 00:00:00,100.0000032,18.641827041357175,1,,0,,,True,False,True,False,False,False
16994926829256845619,EMC1    ,,,Other,False,Day,2026-03-14 16:12:30,2026-03-14 00:00:00,200.0000064,18.637550612742626,2,3000.000096,1,3000.000096,146.877703392659,True,True,True,False,True,True
9575003840346687979,GBOHA   ,P28A,L1P,GA / light,False,Day,2026-03-14 16:39:05,2026-03-14 00:00:00,1975.0000632,3.4993673570075656,1,1975.0000632,1,,,True,True,True,False,False,True
209717194918124858,GRVIW   ,RV9,L1P,GA / light,False,Day,2026-03-14 16:34:10,2026-03-14 00:00:00,,,0,,0,,,False,False,False,False,False,True
16454057615671063872,GBUFH   ,P28A,L1P,GA / light,False,Day,2026-03-14 16:36:30,2026-03-14 00:00:00,1225.0000392,15.674686188898846,5,,0,,,True,False,True,False,True,True
11819499039525449006,,PULS,L1P,GA / light,False,Day,2026-03-14 16:11:40,2026-03-14 00:00:00,,,0,,0,,,False,False,False,False,False,False
5904182811689984680,GCISE   ,PULS,L1P,GA / light,False,Day,2026-03-14 16:24:30,2026-03-14 00:00:00,,,0,,0,,,False,False,False,False,False,True
16266574291356308974,GBUJP   ,P28A,L1P,GA / light,False,Day,2026-03-14 17:22:25,2026-03-14 00:00:00,,,0,,0,,,False,False,False,False,False,True
12435950732809493417,N35SN   ,BE35,L1P,GA / light,False,Day,2026-03-14 16:58:45,2026-03-14 00:00:00,600.0000192,15.242336901263872,2,,0,,,True,False,True,False,True,True
9097643170240244644,GCCCE   ,AP22,L1P,GA / light,False,Day,2026-03-14 16:59:55,2026-03-14 00:00:00,,,0,,0,,,False,False,False,False,False,True
4049009075046423405,URO915A ,A346,L4J,Large jet,True,Day,2026-03-14 18:45:30,2026-03-14 00:00:00,50.0000016,18.985670870424112,4,2575.0000824,2,,,True,True,True,False,True,True
6413088197510229906,GMA596  ,BE20,L2T,Turboprop,False,Evening,2026-03-14 19:50:30,2026-03-14 00:00:00,800.0000256,14.112750621352266,2,,0,,,True,False,True,False,True,True
626718050799708816,RYR46KY ,B738,L2J,Large jet,True,Evening,2026-03-14 22:28:35,2026-03-14 00:00:00,,,0,,0,,,False,False,False,False,True,True
10015415607861617105,EXS6010 ,B738,L2J,Large jet,True,Evening,2026-03-14 21:11:40,2026-03-14 00:00:00,50.0000016,18.519858477294154,3,2550.0000816,2,2550.0000816,-277.05523942341733,True,True,True,False,True,True
14811729036131973313,RYR54WK ,B38M,,Large jet,True,Day,2026-03-15 07:35:30,2026-03-15 00:00:00,,,0,,0,,,False,False,False,False,True,True
7784668493031304620,SFY1TM  ,DA42,L2P,GA / light,False,Day,2026-03-15 09:57:40,2026-03-15 00:00:00,225.0000072,16.466912010983055,2,,0,,,True,False,True,False,False,True
6046675276119751543,SRD224E ,B350,,Turboprop,False,Day,2026-03-15 10:14:25,2026-03-15 00:00:00,325.0000104,16.689782880889542,5,2975.0000952000005,2,2975.0000952000005,143.4173782339949,True,True,True,False,True,True
4558470173210667678,RYR20MC ,B738,L2J,Large jet,True,Day,2026-03-15 12:38:00,2026-03-15 00:00:00,25.0000008,18.794184305214326,1,,0,,,True,False,True,False,False,False
1346958202466298117,GBUFH   ,P28A,L1P,GA / light,False,Day,2026-03-15 11:57:00,2026-03-15 00:00:00,275.00000880000005,16.82093460011224,4,,0,,,True,False,True,False,False,True
2774286619124007667,LJC6    ,B350,L2T,Turboprop,False,Day,2026-03-15 14:19:00,2026-03-15 00:00:00,2575.0000824,3.8971036904609333,1,2575.0000824,1,,,True,True,True,False,True,True
9029205743193606086,GOLAJ   ,R44,H1P,Helicopter,False,Day,2026-03-15 11:31:50,2026-03-15 00:00:00,1775.0000568,18.488629098899903,1,,0,,,True,False,True,False,False,True
1822494718122013623,FSF303A ,PC12,,Turboprop,False,Day,2026-03-15 12:42:20,2026-03-15 00:00:00,375.000012,16.38044103361469,4,2500.00008,2,2525.0000808,-343.55706423205265,True,True,True,False,True,True
1748661218806246456,GOLAJ   ,R44,H1P,Helicopter,False,Day,2026-03-15 12:21:10,2026-03-15 00:00:00,,,0,,0,,,False,False,False,False,False,True
9121267606860479157,VCG2LE  ,C25M,L2J,Business jet,False,Day,2026-03-15 14:35:30,2026-03-15 00:00:00,500.000016,16.42571746694014,2,2600.0000832,1,,,True,True,True,False,True,True
11806945769740773069,RYR46KY ,B738,L2J,Large jet,True,Day,2026-03-15 16:34:25,2026-03-15 00:00:00,100.0000032,18.416462979610664,1,,0,,,True,False,True,False,False,False
11795885185328757372,EZY15CF ,A320,L2J,Large jet,True,Day,2026-03-15 16:39:35,2026-03-15 00:00:00,100.0000032,18.587233684773942,7,2600.0000832,5,2625.0000840000002,-520.0622974769453,True,True,True,False,True,True
7594401759050049537,EXS19W  ,B738,L2J,Large jet,True,Day,2026-03-15 17:28:25,2026-03-15 00:00:00,125.000004,18.18764683091775,1,,0,,,True,False,True,False,False,False
7530391063724537388,RYR22HC ,B38M,,Large jet,True,Day,2026-03-15 17:47:15,2026-03-15 00:00:00,100.0000032,18.36840631103062,1,,0,,,True,False,True,False,False,False
4585929312529478225,TOM7FT  ,B738,L2J,Large jet,True,Day,2026-03-15 18:16:55,2026-03-15 00:00:00,50.0000016,18.753344939145986,3,,0,,,True,False,True,False,True,True
4326622285124455771,AJO712  ,C25A,,Business jet,False,Day,2026-03-15 17:02:35,2026-03-15 00:00:00,125.000004,18.526249148917426,3,2100.0000672,2,2125.0000680000003,-500.17580671241785,True,True,True,False,True,True
13553651463828052971,RUK8BP  ,B738,L2J,Large jet,True,Day,2026-03-15 18:09:05,2026-03-15 00:00:00,75.0000024,18.411377520232172,1,,0,,,True,False,True,False,False,False
12279989969283679785,RYR6FY  ,B738,L2J,Large jet,True,Evening,2026-03-15 20:03:40,2026-03-15 00:00:00,25.0000008,18.758570988382235,1,,0,,,True,False,True,False,True,True
3734946530264012468,URO601  ,A346,L4J,Large jet,True,Evening,2026-03-15 20:32:25,2026-03-15 00:00:00,2825.0000904000003,0.597738431201626,1,2825.0000904000003,1,2825.0000904000003,-298.0773457687942,True,True,True,False,True,True
1552911032507978348,JFA63M  ,PC12,L1T,Turboprop,False,Day,2026-03-15 18:56:50,2026-03-15 00:00:00,575.0000184,15.507800121202042,3,2050.0000656,2,2100.0000672,-854.809971021758,True,True,True,False,True,True
3077193727803264679,SRD375  ,,,Other,False,Evening,2026-03-15 19:59:55,2026-03-15 00:00:00,,,0,,0,,,False,False,False,False,False,False
16413930196115283120,RYR5AM  ,B738,L2J,Large jet,True,Evening,2026-03-15 22:45:05,2026-03-15 00:00:00,,,0,,0,,,False,False,False,False,True,True
14878183666077189894,GMA23   ,BE20,L2T,Turboprop,False,Evening,2026-03-15 22:38:00,2026-03-15 00:00:00,700.0000224,14.379579443589138,3,2500.00008,2,2500.00008,-379.05042118403435,True,True,True,False,True,True
7503680833194069967,GMA34   ,BE20,L2T,Turboprop,False,Night,2026-03-15 23:47:25,2026-03-15 00:00:00,1975.0000632,2.337089751034182,4,1975.0000632,4,1975.0000632,-935.6802315633686,True,True,True,True,True,True
754054812628250317,RYR20MC ,B738,L2J,Large jet,True,Day,2026-03-16 07:51:20,2026-03-16 00:00:00,1900.0000608,6.8062452472397945,1,,0,,,True,False,True,False,True,True
13870396184228090486,NJU5CM  ,,,Other,False,Day,2026-03-16 09:38:55,2026-03-16 00:00:00,275.00000880000005,16.42571746694014,1,,0,,,True,False,True,False,True,True
5845683711158871359,HLY72   ,P46T,L1T,Turboprop,False,Day,2026-03-16 10:23:10,2026-03-16 00:00:00,1225.0000392,11.370544678296138,2,,0,,,True,False,True,False,True,True
2810567478976679008,FRA83   ,FA20,L2J,Business jet,False,Day,2026-03-16 10:20:45,2026-03-16 00:00:00,1900.0000608,4.288212984836822,1,1900.0000608,1,,,True,True,True,False,True,True
10468689670345634849,GEIMS   ,B505,H1T,Helicopter,False,Day,2026-03-16 09:59:55,2026-03-16 00:00:00,,,0,,0,,,False,False,False,False,False,False
11366320689392499760,BNTIA32 ,G115,L1P,GA / light,False,Day,2026-03-16 11:31:30,2026-03-16 00:00:00,,,0,,0,,,False,False,False,False,False,False
4118498849955122238,GBEWR   ,C172,L1P,GA / light,False,Day,2026-03-16 11:15:55,2026-03-16 00:00:00,,,0,,0,,,False,False,False,False,False,True
1281613143771613600,JFA93S  ,PC12,L1T,Turboprop,False,Day,2026-03-16 11:55:30,2026-03-16 00:00:00,1575.0000504,6.256675889902665,3,1575.0000504,2,,,True,True,True,False,True,True
1515715641658131334,GMA101T ,,,Other,False,Day,2026-03-16 12:05:05,2026-03-16 00:00:00,2375.0000760000003,1.6748488242273296,3,2375.0000760000003,3,2400.0000768,-590.0835303649587,True,True,True,False,True,True
15519422616656008813,EZY56BH ,A319,L2J,Large jet,True,Day,2026-03-16 12:21:55,2026-03-16 00:00:00,2350.0000752,3.6642711495022295,2,2350.0000752,2,2375.0000760000003,-415.3398775166179,True,True,True,False,True,True
12249234856550113147,CRIMSON1,FA20,L2J,Business jet,False,Day,2026-03-16 12:27:20,2026-03-16 00:00:00,1850.0000592,4.523814615435435,5,1850.0000592,4,2350.0000752,-665.4945112991154,True,True,True,False,True,True
9106392715802045617,CRIMSON2,FA20,L2J,Business jet,False,Day,2026-03-16 12:33:05,2026-03-16 00:00:00,550.0000176000001,14.159017378618556,1,,0,,,True,False,True,False,False,True
14671600518670342857,GBUFH   ,P28A,L1P,GA / light,False,Day,2026-03-16 11:50:15,2026-03-16 00:00:00,750.000024,15.15660443380452,4,,0,,,True,False,True,False,True,True
17003783900394810360,WAD46   ,B350,L2T,Turboprop,False,Day,2026-03-16 13:23:55,2026-03-16 00:00:00,1350.0000432000002,4.240924656448984,3,1350.0000432000002,3,,,True,True,True,False,False,True
16195723744894657824,SFY1TM  ,DA42,L2P,GA / light,False,Day,2026-03-16 12:24:55,2026-03-16 00:00:00,675.0000216000001,14.679427661590566,1,,0,,,True,False,True,False,False,True
5611427402512683144,RYR11MN ,B738,L2J,Large jet,True,Day,2026-03-16 14:53:55,2026-03-16 00:00:00,2375.0000760000003,2.575663646270563,3,2375.0000760000003,3,2400.0000768,-473.2414657454942,True,True,True,False,True,True
9129770727843032452,RYR3971 ,B738,L2J,Large jet,True,Day,2026-03-16 15:28:20,2026-03-16 00:00:00,2300.0000736,4.06911667943394,1,2300.0000736,1,,,True,True,True,False,True,True
3645531109589077972,EXS67DE ,B738,L2J,Large jet,True,Day,2026-03-16 15:37:35,2026-03-16 00:00:00,,,0,,0,,,False,False,False,False,False,False
14447731706282251713,GBUFH   ,P28A,L1P,GA / light,False,Day,2026-03-16 13:55:40,2026-03-16 00:00:00,800.0000256,16.71870899129422,9,,0,,,True,False,True,False,False,True
2053982581961183739,AMBER1  ,FA20,L2J,Business jet,False,Day,2026-03-16 16:05:05,2026-03-16 00:00:00,1875.00006,2.7555024896410933,4,1875.00006,3,1875.00006,-787.2101580505125,True,True,True,True,True,True
15884219470103991196,GBUFH   ,P28A,L1P,GA / light,False,Day,2026-03-16 14:55:20,2026-03-16 00:00:00,950.0000304,15.420105859925375,3,,0,,,True,False,True,False,False,True
9393163346036609873,,EC35,H2T,Helicopter,False,Day,2026-03-16 14:51:45,2026-03-16 00:00:00,,,0,,0,,,False,False,False,False,False,True
136599096388875000,URO915  ,A346,L4J,Large jet,True,Day,2026-03-16 18:03:10,2026-03-16 00:00:00,4825.000154400001,10.107489734808526,3,,0,,,True,False,True,False,False,False
10615509627657922831,TOM8AE  ,B738,L2J,Large jet,True,Day,2026-03-16 17:47:15,2026-03-16 00:00:00,2375.0000760000003,4.166292314902787,2,2375.0000760000003,2,,,True,True,True,False,True,True
2232350681954400964,EXS68M  ,B738,L2J,Large jet,True,Day,2026-03-16 17:42:35,2026-03-16 00:00:00,,,0,,0,,,False,False,False,False,False,False
12372528001896414451,GFFMV   ,DA42,L2P,GA / light,False,Day,2026-03-16 16:14:20,2026-03-16 00:00:00,2400.0000768,2.931505891487013,1,2400.0000768,1,2400.0000768,-604.9435806475799,True,True,True,False,True,True
18231405272637832353,CRX9A   ,C25A,L2J,Business jet,False,Day,2026-03-16 16:15:40,2026-03-16 00:00:00,1875.00006,5.816080011656082,1,1875.00006,1,,,True,True,True,False,True,True
568718710779108477,GBUFH   ,P28A,L1P,GA / light,False,Day,2026-03-16 17:05:10,2026-03-16 00:00:00,250.000008,16.65415915086234,8,,0,,,True,False,True,False,False,True
2740959144508698110,RYR46KY ,B738,L2J,Large jet,True,Evening,2026-03-16 22:44:50,2026-03-16 00:00:00,,,0,,0,,,False,False,False,False,True,True
5154404735296633166,AMBER1  ,FA20,L2J,Business jet,False,Day,2026-03-17 10:41:15,2026-03-17 00:00:00,2425.0000775999997,2.8076825799071092,1,2425.0000775999997,1,2425.0000775999997,-403.703946229291,True,True,True,False,True,True
4211215445479722555,AMBER3  ,,,Other,False,Day,2026-03-17 11:05:05,2026-03-17 00:00:00,1900.0000608,1.9199799149372854,4,1900.0000608,3,1900.0000608,-956.1334487874428,True,True,True,True,True,True
13902026395890505097,AMBER2  ,FA20,L2J,Business jet,False,Day,2026-03-17 11:13:00,2026-03-17 00:00:00,2400.0000768,2.6049127481598693,1,2400.0000768,1,2450.0000784,-329.7852416403239,True,True,True,False,True,True
3148750965186157363,GWLGC   ,P28A,L1P,GA / light,False,Day,2026-03-17 11:49:25,2026-03-17 00:00:00,750.000024,8.257444001014568,7,,0,,,True,False,True,False,True,True
10653320435817511617,GBGYH   ,P28A,L1P,GA / light,False,Day,2026-03-17 12:48:25,2026-03-17 00:00:00,1050.0000336,14.906501527451613,1,,0,,,True,False,True,False,True,True
2597626527239274311,GMA019  ,BE20,L2T,Turboprop,False,Day,2026-03-17 12:11:40,2026-03-17 00:00:00,900.0000288,13.05634569624626,4,2500.00008,3,2500.00008,-620.2113118321163,True,True,True,False,True,True
8871226887976648969,,P28A,L1P,GA / light,False,Day,2026-03-17 12:01:50,2026-03-17 00:00:00,,,0,,0,,,False,False,False,False,False,False
7425865762521861307,RYR9911 ,B738,L2J,Large jet,True,Day,2026-03-17 13:31:15,2026-03-17 00:00:00,,,0,,0,,,False,False,False,False,False,False
1881658458707672974,URO915A ,A346,L4J,Large jet,True,Day,2026-03-17 15:28:35,2026-03-17 00:00:00,2475.0000792,3.680424046638335,3,2475.0000792,3,2475.0000792,-696.6890300870864,True,True,True,False,True,True
1107040488891193662,HLE10   ,A169,H2T,Helicopter,False,Day,2026-03-17 12:34:40,2026-03-17 00:00:00,750.000024,18.405301945889967,2,,0,,,True,False,True,False,False,True
10207860619778650634,HLE56   ,EC35,H2T,Helicopter,False,Day,2026-03-17 12:52:45,2026-03-17 00:00:00,,,0,,0,,,False,False,False,False,False,True
17224493537571652740,GGCDB   ,SR20,L1P,GA / light,False,Day,2026-03-17 13:40:05,2026-03-17 00:00:00,,,0,,0,,,False,False,False,False,True,True
12252797949543385061,EMC45   ,LJ45,L2J,Business jet,False,Day,2026-03-17 14:06:15,2026-03-17 00:00:00,2475.0000792,3.433845760323547,1,2475.0000792,1,,,True,True,True,False,True,True
4389170040010232588,SFY1TM  ,DA42,L2P,GA / light,False,Day,2026-03-17 15:52:50,2026-03-17 00:00:00,200.0000064,17.39597985394388,7,,0,,,True,False,True,False,True,True
14106528666217351325,GBFGD   ,C172,L1P,GA / light,False,Day,2026-03-17 14:59:55,2026-03-17 00:00:00,,,0,,0,,,False,False,False,False,True,True
15087604446571265729,EZY56BH ,A319,,Large jet,True,Day,2026-03-17 15:37:30,2026-03-17 00:00:00,,,0,,0,,,False,False,False,False,False,False
4380840706764097983,HLE56   ,EC35,H2T,Helicopter,False,Day,2026-03-17 14:13:25,2026-03-17 00:00:00,,,0,,0,,,False,False,False,False,False,True
16850472896998758421,EXS257G ,B738,L2J,Large jet,True,Day,2026-03-17 16:24:25,2026-03-17 00:00:00,,,0,,0,,,False,False,False,False,False,False
9991244256911675632,N363KC  ,S22T,L1P,GA / light,False,Day,2026-03-17 15:02:55,2026-03-17 00:00:00,625.00002,15.353137386235469,4,,0,,,True,False,True,False,False,True
8084848242336095944,EXS2610 ,B738,L2J,Large jet,True,Day,2026-03-17 16:51:45,2026-03-17 00:00:00,3975.0001272000004,6.399809810532094,1,,0,,,True,False,True,False,False,False
9606747370653095238,CRIMSON1,FA20,L2J,Business jet,False,Day,2026-03-17 16:11:10,2026-03-17 00:00:00,1475.0000472000002,11.467826531263183,1,,0,,,True,False,True,False,False,True
4313561704543305026,LJC6    ,B350,L2T,Turboprop,False,Day,2026-03-17 17:04:15,2026-03-17 00:00:00,2000.000064,4.855558090972927,2,2000.000064,2,2000.000064,-659.1401277241227,True,True,True,False,True,True
16434726177395786625,RYR65FB ,,,Other,False,Day,2026-03-17 17:29:20,2026-03-17 00:00:00,,,0,,0,,,False,False,False,False,False,False
13162092002828556629,GBUFH   ,P28A,L1P,GA / light,False,Day,2026-03-17 16:23:05,2026-03-17 00:00:00,1475.0000472000002,17.893944543202267,2,,0,,,True,False,True,False,True,True
15532929089925206909,GBDZD   ,C172,L1P,GA / light,False,Day,2026-03-17 17:48:40,2026-03-17 00:00:00,2300.0000736,4.202925018721383,5,2300.0000736,1,,,True,True,True,False,True,True
11531516162589824661,TOM7KX  ,B738,L2J,Large jet,True,Day,2026-03-17 18:46:40,2026-03-17 00:00:00,2475.0000792,2.917476243862982,1,2475.0000792,1,2475.0000792,-146.5933202831843,True,True,True,False,True,True
9098627523658405761,NJE661E ,C68A,,Business jet,False,Day,2026-03-17 16:49:00,2026-03-17 00:00:00,1975.0000632,5.277226681100025,1,1975.0000632,1,,,True,True,True,False,True,True
16710516050466676075,GMA23   ,BE20,L2T,Turboprop,False,Day,2026-03-17 16:55:05,2026-03-17 00:00:00,,,0,,0,,,False,False,False,False,False,False
1360168645355907756,RYR46KY ,B738,L2J,Large jet,True,Day,2026-03-17 18:47:30,2026-03-17 00:00:00,,,0,,0,,,False,False,False,False,False,False
2138316809861105919,HLY72   ,P46T,L1T,Turboprop,False,Day,2026-03-17 18:13:55,2026-03-17 00:00:00,,,0,,0,,,False,False,False,False,False,False
8513207622478748576,,AA5,L1P,GA / light,False,Day,2026-03-17 18:05:15,2026-03-17 00:00:00,,,0,,0,,,False,False,False,False,False,False
1920951704367552019,RYR445X ,B38M,,Large jet,True,Evening,2026-03-17 20:18:05,2026-03-17 00:00:00,,,0,,0,,,False,False,False,False,False,False
209696501619726149,HLY72   ,P46T,L1T,Turboprop,False,Day,2026-03-17 18:57:15,2026-03-17 00:00:00,,,0,,0,,,False,False,False,False,False,True
15429882754085609821,URO601  ,A346,L4J,Large jet,True,Day,2026-03-18 06:31:05,2026-03-18 00:00:00,,,0,,0,,,False,False,False,False,False,False
5425224871375384344,CRIMSON1,FA20,L2J,Business jet,False,Day,2026-03-18 10:21:10,2026-03-18 00:00:00,,,0,,0,,,False,False,False,False,False,True
13796603905578118939,CRIMSON2,,,Other,False,Day,2026-03-18 10:22:40,2026-03-18 00:00:00,1350.0000432000002,13.149885936357848,2,,0,,,True,False,True,False,False,True
5787786243286906642,GMUJD   ,RV12,L1P,GA / light,False,Day,2026-03-18 09:43:05,2026-03-18 00:00:00,,,0,,0,,,False,False,False,False,False,False
11846048967002351437,HLE10   ,A169,H2T,Helicopter,False,Day,2026-03-18 10:42:35,2026-03-18 00:00:00,,,0,,0,,,False,False,False,False,False,True
6370749731346587204,MDIVE   ,PC24,,Business jet,False,Day,2026-03-18 09:52:45,2026-03-18 00:00:00,,,0,,0,,,False,False,False,False,False,True
12763452283579638587,GEIMS   ,B505,H1T,Helicopter,False,Day,2026-03-18 09:58:00,2026-03-18 00:00:00,,,0,,0,,,False,False,False,False,False,False
16254947485989390339,REV6AF  ,F406,L2T,Turboprop,False,Day,2026-03-18 13:48:00,2026-03-18 00:00:00,,,0,,0,,,False,False,False,False,False,True
16692340734554664448,,C172,L1P,GA / light,False,Day,2026-03-18 10:02:05,2026-03-18 00:00:00,,,0,,0,,,False,False,False,False,False,True
18210405965121546557,,P28R,L1P,GA / light,False,Day,2026-03-18 10:23:10,2026-03-18 00:00:00,,,0,,0,,,False,False,False,False,False,False
5924039210354976756,GBUFH   ,P28A,L1P,GA / light,False,Day,2026-03-18 11:09:25,2026-03-18 00:00:00,1600.0000512,16.967684886587296,1,,0,,,True,False,True,False,True,True
10714509769172566016,SFY1TM  ,DA42,L2P,GA / light,False,Day,2026-03-18 11:59:15,2026-03-18 00:00:00,975.0000312,17.450865363685153,3,,0,,,True,False,True,False,False,True
9372782443753982831,GBEWR   ,C172,L1P,GA / light,False,Day,2026-03-18 13:59:30,2026-03-18 00:00:00,525.0000168,18.319413924153345,8,,0,,,True,False,True,False,False,True
2986790699650175600,GPKUP   ,C42,L1P,GA / light,False,Day,2026-03-18 13:34:50,2026-03-18 00:00:00,,,0,,0,,,False,False,False,False,False,True
6799547146042471947,N278MP  ,TBM7,,Other,False,Day,2026-03-18 12:25:10,2026-03-18 00:00:00,1500.000048,15.453468389258406,1,,0,,,True,False,True,False,True,True
16704373276249517399,GBUJP   ,P28A,L1P,GA / light,False,Day,2026-03-18 13:15:45,2026-03-18 00:00:00,1675.0000536,18.979726288761846,2,,0,,,True,False,True,False,False,True
13289800652847962436,SYS142  ,EC35,H2T,Helicopter,False,Day,2026-03-18 12:59:55,2026-03-18 00:00:00,,,0,,0,,,False,False,False,False,False,False
6937435016650846300,CRIMSON1,FA20,L2J,Business jet,False,Day,2026-03-18 14:49:50,2026-03-18 00:00:00,,,0,,0,,,False,False,False,False,True,True
2064956267959461426,CRIMSON2,,,Other,False,Day,2026-03-18 14:44:00,2026-03-18 00:00:00,2975.0000952000005,13.380276758671016,1,,0,,,True,False,True,False,True,True
3204303829741506358,GBVKU   ,SF25,L1P,GA / light,False,Day,2026-03-18 13:59:55,2026-03-18 00:00:00,,,0,,0,,,False,False,False,False,True,True
10688586188720574590,,C172,L1P,GA / light,False,Day,2026-03-18 13:22:55,2026-03-18 00:00:00,,,0,,0,,,False,False,False,False,False,False
7948341606929711759,GOLAJ   ,R44,H1P,Helicopter,False,Day,2026-03-18 14:10:50,2026-03-18 00:00:00,950.0000304,16.364526078418837,2,,0,,,True,False,True,False,True,True
18401645130560701352,GDSJT   ,C182,L1P,GA / light,False,Day,2026-03-18 14:47:30,2026-03-18 00:00:00,,,0,,0,,,False,False,False,False,False,True
16551899295116443746,GBUFH   ,P28A,L1P,GA / light,False,Day,2026-03-18 14:59:55,2026-03-18 00:00:00,,,0,,0,,,False,False,False,False,False,True
2435478364026351354,GGCDB   ,SR20,L1P,GA / light,False,Day,2026-03-18 15:12:25,2026-03-18 00:00:00,1125.0000360000001,16.63261398622112,1,,0,,,True,False,True,False,False,True
6404580779456456493,GMA100T ,BE20,L2T,Turboprop,False,Day,2026-03-18 15:48:20,2026-03-18 00:00:00,1300.0000416,12.029351141826393,32,,0,,,True,False,True,False,False,True
4070500232656303970,N278MP  ,TBM7,,Other,False,Day,2026-03-18 14:56:30,2026-03-18 00:00:00,1050.0000336,18.656873587144194,1,,0,,,True,False,True,False,True,True
687157381747292914,SYS64   ,EC35,H2T,Helicopter,False,Day,2026-03-18 14:54:00,2026-03-18 00:00:00,,,0,,0,,,False,False,False,False,False,False
281247088966191737,HLE10   ,A169,H2T,Helicopter,False,Day,2026-03-18 15:13:40,2026-03-18 00:00:00,,,0,,0,,,False,False,False,False,False,False
4385049944995596612,GPHTG   ,TOBA,L1P,GA / light,False,Day,2026-03-18 15:52:20,2026-03-18 00:00:00,,,0,,0,,,False,False,False,False,False,True
5606568262708132190,GPKUP   ,C42,L1P,GA / light,False,Day,2026-03-18 16:11:35,2026-03-18 00:00:00,,,0,,0,,,False,False,False,False,True,True
14549060904896780602,SFY1TM  ,DA42,L2P,GA / light,False,Day,2026-03-18 15:48:15,2026-03-18 00:00:00,,,0,,0,,,False,False,False,False,False,True
1144916477032069478,GOJVL   ,RV6,L1P,GA / light,False,Day,2026-03-18 16:06:40,2026-03-18 00:00:00,,,0,,0,,,False,False,False,False,True,True
5703916187805324106,EXS12A  ,B738,L2J,Large jet,True,Evening,2026-03-18 19:42:05,2026-03-18 00:00:00,,,0,,0,,,False,False,False,False,False,True
12886204669777591863,GBGYH   ,P28A,L1P,GA / light,False,Day,2026-03-18 16:18:30,2026-03-18 00:00:00,,,0,,0,,,False,False,False,False,False,True
8503949994099875444,TOM57V  ,B738,L2J,Large jet,True,Evening,2026-03-18 19:55:35,2026-03-18 00:00:00,,,0,,0,,,False,False,False,False,False,True
1033027592133859602,GBXDI   ,DHC1,L1P,GA / light,False,Day,2026-03-18 17:23:30,2026-03-18 00:00:00,1250.00004,15.33419611008636,1,,0,,,True,False,True,False,False,True
6690903085897194844,GBPVI   ,P32R,L1P,GA / light,False,Day,2026-03-18 18:50:20,2026-03-18 00:00:00,800.0000256,19.522847009326075,2,,0,,,True,False,True,False,True,True
13151517223108886504,RYR65FB ,B738,L2J,Large jet,True,Evening,2026-03-18 19:58:55,2026-03-18 00:00:00,,,0,,0,,,False,False,False,False,False,False
10667798169670322365,URO915  ,A346,L4J,Large jet,True,Evening,2026-03-18 21:52:15,2026-03-18 00:00:00,3725.0001192000004,6.738675654002535,1,,0,,,True,False,True,False,False,False
15438202779585394768,HLE10   ,A169,H2T,Helicopter,False,Night,2026-03-19 02:09:50,2026-03-19 00:00:00,,,0,,0,,,False,False,False,False,False,True
1130113518786820176,HLE10   ,A169,H2T,Helicopter,False,Night,2026-03-19 03:09:00,2026-03-19 00:00:00,,,0,,0,,,False,False,False,False,False,True
4332886685562980465,RYR65FB ,,,Other,False,Day,2026-03-19 07:03:55,2026-03-19 00:00:00,,,0,,0,,,False,False,False,False,False,False
1835031538967426293,RYR9911 ,B738,L2J,Large jet,True,Day,2026-03-19 08:18:10,2026-03-19 00:00:00,,,0,,0,,,False,False,False,False,False,False
14657987371921443858,RYR46KY ,B738,L2J,Large jet,True,Day,2026-03-19 09:56:05,2026-03-19 00:00:00,,,0,,0,,,False,False,False,False,False,False
11730461172894545107,HLE10   ,A169,H2T,Helicopter,False,Day,2026-03-19 08:16:45,2026-03-19 00:00:00,375.000012,19.48797363524317,1,,0,,,True,False,True,False,False,True
11969564012171349044,SFY1TM  ,DA42,L2P,GA / light,False,Day,2026-03-19 09:25:40,2026-03-19 00:00:00,775.0000248,16.953800295973483,3,,0,,,True,False,True,False,False,True
8378749780918287116,RUK8BP  ,B738,L2J,Large jet,True,Day,2026-03-19 09:28:35,2026-03-19 00:00:00,,,0,,0,,,False,False,False,False,False,True
3202866017037271544,URO601  ,A346,L4J,Large jet,True,Day,2026-03-19 11:33:45,2026-03-19 00:00:00,,,0,,0,,,False,False,False,False,False,True
10944139371188126268,SLS8A   ,,,Other,False,Day,2026-03-19 11:01:35,2026-03-19 00:00:00,,,0,,0,,,False,False,False,False,False,True
9843672727537370134,JFA76W  ,PC12,L1T,Turboprop,False,Day,2026-03-19 09:46:55,2026-03-19 00:00:00,,,0,,0,,,False,False,False,False,False,True
10604512969661941880,N6039X  ,AC11,L1P,GA / light,False,Day,2026-03-19 09:38:40,2026-03-19 00:00:00,,,0,,0,,,False,False,False,False,False,True
12597412779223328204,GDBSB   ,TL20,L1P,GA / light,False,Day,2026-03-19 10:23:55,2026-03-19 00:00:00,,,0,,0,,,False,False,False,False,False,True
2443776900285058299,GDKSK   ,TL20,L1P,GA / light,False,Day,2026-03-19 10:26:00,2026-03-19 00:00:00,,,0,,0,,,False,False,False,False,True,True
4656060900871683191,GEIMS   ,B505,H1T,Helicopter,False,Day,2026-03-19 09:58:40,2026-03-19 00:00:00,,,0,,0,,,False,False,False,False,False,False
1383059250639726720,FHJJL   ,PC12,L1T,Turboprop,False,Day,2026-03-19 11:11:15,2026-03-19 00:00:00,,,0,,0,,,False,False,False,False,False,True
10193305075738882086,SFY1TM  ,DA42,L2P,GA / light,False,Day,2026-03-19 11:23:30,2026-03-19 00:00:00,775.0000248,16.283300134590508,5,,0,,,True,False,True,False,False,True
7574129834662192366,GDENS   ,CP30,L1P,GA / light,False,Day,2026-03-19 10:43:45,2026-03-19 00:00:00,,,0,,0,,,False,False,False,False,False,False
7069251295183596543,GBEWR   ,C172,L1P,GA / light,False,Day,2026-03-19 11:59:55,2026-03-19 00:00:00,,,0,,0,,,False,False,False,False,False,True
8550509174683050655,GBUJP   ,P28A,L1P,GA / light,False,Day,2026-03-19 11:59:55,2026-03-19 00:00:00,,,0,,0,,,False,False,False,False,True,True
3965460765397979205,GCRIL   ,AC11,L1P,GA / light,False,Day,2026-03-19 12:25:40,2026-03-19 00:00:00,1125.0000360000001,2.7441184717569387,4,1125.0000360000001,4,1125.0000360000001,-2282.256550458602,True,True,True,True,True,True
17213802347305305670,GMA019  ,BE20,L2T,Turboprop,False,Day,2026-03-19 11:42:20,2026-03-19 00:00:00,,,0,,0,,,False,False,False,False,False,True
16594712574832340119,GCCZX   ,DR40,L1P,GA / light,False,Day,2026-03-19 12:17:35,2026-03-19 00:00:00,,,0,,0,,,False,False,False,False,False,True
112024608083163201,GCSLL   ,P28R,,Other,False,Day,2026-03-19 12:07:40,2026-03-19 00:00:00,1325.0000424,5.285183314897867,7,1325.0000424,7,1350.0000432000002,-2164.491685349644,True,True,True,True,True,True
8038960381918733617,,R100,L1P,GA / light,False,Day,2026-03-19 11:40:15,2026-03-19 00:00:00,,,0,,0,,,False,False,False,False,False,False
9218469259449707535,UNI137  ,LJ45,,Business jet,False,Day,2026-03-19 13:45:00,2026-03-19 00:00:00,,,0,,0,,,False,False,False,False,False,True
14406659280696152223,GLHER   ,CRUZ,L1P,GA / light,False,Day,2026-03-19 11:59:55,2026-03-19 00:00:00,,,0,,0,,,False,False,False,False,False,False
11778799054722848302,GDENS   ,CP30,L1P,GA / light,False,Day,2026-03-19 12:50:45,2026-03-19 00:00:00,,,0,,0,,,False,False,False,False,False,True
2812176846683647383,URO914P ,A346,L4J,Large jet,True,Day,2026-03-19 13:16:55,2026-03-19 00:00:00,,,0,,0,,,False,False,False,False,False,True
14239058535853114483,RYR11MN ,,,Other,False,Day,2026-03-19 14:16:00,2026-03-19 00:00:00,,,0,,0,,,False,False,False,False,False,True
11313758035348801481,GBOJW   ,P28A,L1P,GA / light,False,Day,2026-03-19 13:19:35,2026-03-19 00:00:00,,,0,,0,,,False,False,False,False,False,False
295916483497015235,GBVGY   ,L8,L1P,GA / light,False,Day,2026-03-19 13:53:35,2026-03-19 00:00:00,,,0,,0,,,False,False,False,False,False,True
17114686991025434782,GGCDB   ,SR20,L1P,GA / light,False,Day,2026-03-19 13:41:30,2026-03-19 00:00:00,,,0,,0,,,False,False,False,False,False,True
7746566442656420780,URO681  ,A346,L4J,Large jet,True,Day,2026-03-19 15:53:30,2026-03-19 00:00:00,,,0,,0,,,False,False,False,False,False,True
11899473116647140237,CRIMSON1,FA20,L2J,Business jet,False,Day,2026-03-19 15:24:40,2026-03-19 00:00:00,,,0,,0,,,False,False,False,False,True,True
4811401778060944227,GBEWR   ,C172,L1P,GA / light,False,Day,2026-03-19 14:30:30,2026-03-19 00:00:00,1050.0000336,17.467148371864628,2,,0,,,True,False,True,False,False,True
8828752698932545536,GBMJL   ,AC11,L1P,GA / light,False,Day,2026-03-19 14:03:10,2026-03-19 00:00:00,1475.0000472000002,4.423530258100181,3,1475.0000472000002,3,,,True,True,True,False,True,True
7304744475189358824,SFY1TM  ,DA42,L2P,GA / light,False,Day,2026-03-19 14:15:15,2026-03-19 00:00:00,,,0,,0,,,False,False,False,False,False,True
6045156267512429808,GCMSK   ,,,Other,False,Day,2026-03-19 13:56:50,2026-03-19 00:00:00,,,0,,0,,,False,False,False,False,False,False
11096246862840637957,GCDAB   ,UNDEFINED,,Other,False,Day,2026-03-19 14:08:25,2026-03-19 00:00:00,,,0,,0,,,False,False,False,False,False,True
5090398780522651959,GBOJW   ,P28A,L1P,GA / light,False,Day,2026-03-19 14:45:30,2026-03-19 00:00:00,1450.0000464000002,3.6285087200824937,1,1450.0000464000002,1,,,True,True,True,False,True,True
11848586695065956949,GCLKB   ,C172,L1P,GA / light,False,Day,2026-03-19 14:44:20,2026-03-19 00:00:00,,,0,,0,,,False,False,False,False,False,True
16006389655735057278,GBWUH   ,P28A,L1P,GA / light,False,Day,2026-03-19 14:59:55,2026-03-19 00:00:00,2800.0000896,18.371587674197528,3,,0,,,True,False,True,False,False,True
5616737011264739201,GCHIP   ,P28A,L1P,GA / light,False,Day,2026-03-19 15:05:05,2026-03-19 00:00:00,,,0,,0,,,False,False,False,False,False,True
9817339625757567299,GEIMS   ,B505,H1T,Helicopter,False,Day,2026-03-19 15:20:55,2026-03-19 00:00:00,,,0,,0,,,False,False,False,False,False,False
5605648509877896295,EZY56BH ,A320,L2J,Large jet,True,Day,2026-03-19 16:13:45,2026-03-19 00:00:00,4750.0001520000005,4.505790664037572,1,4750.0001520000005,1,,,True,True,True,False,False,True
16130770577770279594,GBGYH   ,P28A,L1P,GA / light,False,Day,2026-03-19 15:18:05,2026-03-19 00:00:00,,,0,,0,,,False,False,False,False,False,True
13976304667432784873,GETPD   ,G12T,L1T,Turboprop,False,Day,2026-03-19 15:42:00,2026-03-19 00:00:00,,,0,,0,,,False,False,False,False,False,False
16186719617813407747,RYR54WK ,B38M,L2J,Large jet,True,Day,2026-03-19 18:05:50,2026-03-19 00:00:00,,,0,,0,,,False,False,False,False,False,False
1168667673476741857,SRD375  ,A139,,Other,False,Day,2026-03-19 16:51:50,2026-03-19 00:00:00,,,0,,0,,,False,False,False,False,True,True
14717253417763360056,GLIFB   ,AP32,L1P,GA / light,False,Day,2026-03-19 15:53:45,2026-03-19 00:00:00,,,0,,0,,,False,False,False,False,False,False
3002713878302228640,ABLE02  ,P28A,L1P,GA / light,False,Day,2026-03-19 16:16:00,2026-03-19 00:00:00,,,0,,0,,,False,False,False,False,False,False
14184775634425930821,GBXDI   ,DHC1,L1P,GA / light,False,Day,2026-03-19 16:21:45,2026-03-19 00:00:00,825.0000264,17.626691475981463,3,,0,,,True,False,True,False,False,True
3504850374137110332,EXS3AS  ,B738,L2J,Large jet,True,Day,2026-03-19 17:44:50,2026-03-19 00:00:00,,,0,,0,,,False,False,False,False,False,True
4370136583912842789,GBWUH   ,P28A,L1P,GA / light,False,Day,2026-03-19 16:09:45,2026-03-19 00:00:00,,,0,,0,,,False,False,False,False,True,True
7797276242190930923,TOM6TM  ,B738,L2J,Large jet,True,Day,2026-03-19 17:48:10,2026-03-19 00:00:00,,,0,,0,,,False,False,False,False,False,True
10020859709280163971,GBEWR   ,C172,L1P,GA / light,False,Day,2026-03-19 16:45:55,2026-03-19 00:00:00,,,0,,0,,,False,False,False,False,False,True
18124775310582920161,CFE7032 ,E190,L2J,Large jet,True,Day,2026-03-19 16:58:35,2026-03-19 00:00:00,,,0,,0,,,False,False,False,False,False,True
1876937289116466982,,P28A,L1P,GA / light,False,Day,2026-03-19 17:10:25,2026-03-19 00:00:00,,,0,,0,,,False,False,False,False,False,False
18218454625331276022,GBUFH   ,P28A,L1P,GA / light,False,Day,2026-03-19 17:40:05,2026-03-19 00:00:00,725.0000232000001,19.67855377561689,4,,0,,,True,False,True,False,True,True
8841243071696476022,RYR2323 ,B738,L2J,Large jet,True,Day,2026-03-19 17:29:40,2026-03-19 00:00:00,,,0,,0,,,False,False,False,False,False,True
17833283756223366331,SFY1TM  ,DA42,L2P,GA / light,False,Day,2026-03-19 17:16:40,2026-03-19 00:00:00,,,0,,0,,,False,False,False,False,False,True
1265724687517855757,GCISE   ,PULS,L1P,GA / light,False,Day,2026-03-19 17:53:10,2026-03-19 00:00:00,,,0,,0,,,False,False,False,False,False,True
5183648923477592875,EXS67BH ,B738,L2J,Large jet,True,Evening,2026-03-19 20:01:45,2026-03-19 00:00:00,,,0,,0,,,False,False,False,False,False,True
15603690407950234001,RYR445X ,B738,L2J,Large jet,True,Evening,2026-03-19 20:47:00,2026-03-19 00:00:00,,,0,,0,,,False,False,False,False,False,True
8330641257217173512,RYR20MC ,,,Other,False,Evening,2026-03-19 21:09:05,2026-03-19 00:00:00,,,0,,0,,,False,False,False,False,False,False
5677998651004739936,GMA23   ,BE20,L2T,Turboprop,False,Evening,2026-03-19 19:46:00,2026-03-19 00:00:00,,,0,,0,,,False,False,False,False,False,True
16259507101976019960,SAH53P  ,BE4W,,Business jet,False,Day,2026-03-20 10:34:10,2026-03-20 00:00:00,,,0,,0,,,False,False,False,False,False,True
11661725789733223061,GINDC   ,C303,L2P,GA / light,False,Day,2026-03-20 09:28:25,2026-03-20 00:00:00,,,0,,0,1650.0000528,-1946.3975137636385,False,False,False,True,True,True
5621252005538540869,GBOHJ   ,C152,L1P,GA / light,False,Day,2026-03-20 10:39:45,2026-03-20 00:00:00,1575.0000504,18.200488240510268,2,,0,,,True,False,True,False,False,True
10468513383497110713,GKY518  ,GLEX,L2J,Business jet,False,Day,2026-03-20 10:13:50,2026-03-20 00:00:00,,,0,,0,,,False,False,False,False,False,True
12367466845979141809,FRA88   ,FA20,L2J,Business jet,False,Day,2026-03-20 10:36:40,2026-03-20 00:00:00,2750.0000880000002,11.11678765854946,2,,0,,,True,False,True,False,False,True
4697604975266239193,GBUFH   ,P28A,L1P,GA / light,False,Day,2026-03-20 11:14:35,2026-03-20 00:00:00,925.0000296,17.139692007275126,3,,0,,,True,False,True,False,False,True
652896798505943288,GOLGE   ,SR20,,Other,False,Day,2026-03-20 10:19:35,2026-03-20 00:00:00,825.0000264,16.03597753131809,2,,0,,,True,False,True,False,True,True
15638461851931325129,GEJMX   ,,,Other,False,Day,2026-03-20 11:47:10,2026-03-20 00:00:00,,,0,,0,,,False,False,False,False,False,True
17144664974894980221,GBDZD   ,C172,L1P,GA / light,False,Day,2026-03-20 11:18:15,2026-03-20 00:00:00,,,0,,0,,,False,False,False,False,False,False
9948186394196998705,GSHAZ   ,G2CA,H1P,Helicopter,False,Day,2026-03-20 12:12:10,2026-03-20 00:00:00,,,0,,0,,,False,False,False,False,False,True
15788405510421575872,GCMZB   ,,,Other,False,Day,2026-03-20 12:11:45,2026-03-20 00:00:00,,,0,,0,,,False,False,False,False,False,True
3797593912242839794,GCCZK   ,CH60,L1P,GA / light,False,Day,2026-03-20 10:57:35,2026-03-20 00:00:00,,,0,,0,,,False,False,False,False,False,True
17949357658808162937,GCKYL   ,C42,L1P,GA / light,False,Day,2026-03-20 11:38:30,2026-03-20 00:00:00,,,0,,0,,,False,False,False,False,False,True
4194666417235155538,GRHOD   ,SSTL,,Other,False,Day,2026-03-20 11:43:35,2026-03-20 00:00:00,,,0,,0,,,False,False,False,False,True,True
10728509940293368584,GTWIS   ,TWST,L1P,GA / light,False,Day,2026-03-20 11:39:50,2026-03-20 00:00:00,,,0,,0,1175.0000376,-2167.8767247594633,False,False,False,True,False,True
3604454827461880582, GHBBH  ,C42,L1P,GA / light,False,Day,2026-03-20 12:17:30,2026-03-20 00:00:00,1325.0000424,3.846747933474321,2,1325.0000424,2,1400.0000448,-1778.8370007116773,True,True,True,True,False,True
16744420089887660497,GOYIO   ,DR40,L1P,GA / light,False,Day,2026-03-20 12:11:50,2026-03-20 00:00:00,,,0,,0,,,False,False,False,False,True,True
17501968905727914502,GINDC   ,C303,L2P,GA / light,False,Day,2026-03-20 11:24:15,2026-03-20 00:00:00,875.0000279999999,17.634669107794473,3,,0,,,True,False,True,False,True,True
3428368247237955438,GFLOE   ,R66,H1T,Helicopter,False,Day,2026-03-20 12:41:30,2026-03-20 00:00:00,850.0000272000001,11.637064463126583,11,,0,,,True,False,True,False,True,True
15194603051653425748,HLE10   ,A169,H2T,Helicopter,False,Day,2026-03-20 11:55:45,2026-03-20 00:00:00,,,0,,0,,,False,False,False,False,False,False
10613893232284081220,GBUFH   ,P28A,L1P,GA / light,False,Day,2026-03-20 12:22:05,2026-03-20 00:00:00,900.0000288,16.606981604216738,4,,0,,,True,False,True,False,True,True
11032206010314297945,GBEWR   ,C172,L1P,GA / light,False,Day,2026-03-20 13:12:30,2026-03-20 00:00:00,1525.0000488,18.380448569446152,1,,0,,,True,False,True,False,False,True
2865495441013939521,RYR46KY ,B738,L2J,Large jet,True,Day,2026-03-20 14:29:15,2026-03-20 00:00:00,,,0,,0,,,False,False,False,False,False,True
6082984683411866811,GAVSI   ,P28A,L1P,GA / light,False,Day,2026-03-20 13:12:05,2026-03-20 00:00:00,,,0,,0,,,False,False,False,False,False,False
6302207321784008631,GINDC   ,C303,L2P,GA / light,False,Day,2026-03-20 12:42:15,2026-03-20 00:00:00,575.0000184,16.752226080236657,1,,0,,,True,False,True,False,False,True
12455320771695975271,GBMJL   ,AC11,L1P,GA / light,False,Day,2026-03-20 13:11:25,2026-03-20 00:00:00,1625.000052,4.933115275204105,1,1625.000052,1,,,True,True,True,False,True,True
15815727477247860099,GBZTN   ,EUPA,L1P,GA / light,False,Day,2026-03-20 13:23:35,2026-03-20 00:00:00,,,0,,0,,,False,False,False,False,False,True
9203709742126979555,GBGYH   ,P28A,L1P,GA / light,False,Day,2026-03-20 13:38:55,2026-03-20 00:00:00,1050.0000336,17.949221882143082,2,,0,,,True,False,True,False,False,True
17867192760005167619,GBUFH   ,P28A,L1P,GA / light,False,Day,2026-03-20 14:09:30,2026-03-20 00:00:00,850.0000272000001,19.40515231536215,3,,0,,,True,False,True,False,False,True
14948895958610879151,,AP22,L1P,GA / light,False,Day,2026-03-20 13:33:45,2026-03-20 00:00:00,,,0,,0,,,False,False,False,False,False,False
1003873106540774511,SRD203Z ,BE20,L2T,Turboprop,False,Day,2026-03-20 14:48:15,2026-03-20 00:00:00,,,0,,0,,,False,False,False,False,True,True
8687905797292322030,SFU51   ,C42,L1P,GA / light,False,Day,2026-03-20 14:46:45,2026-03-20 00:00:00,,,0,,0,,,False,False,False,False,False,True
5329948995703817166,RYR6FY  ,B738,L2J,Large jet,True,Day,2026-03-20 15:53:30,2026-03-20 00:00:00,,,0,,0,,,False,False,False,False,False,True
13339030601649702861,GCISE   ,PULS,L1P,GA / light,False,Day,2026-03-20 14:35:50,2026-03-20 00:00:00,,,0,,0,,,False,False,False,False,False,True
9345461634289431132,EXS67DE ,B738,L2J,Large jet,True,Day,2026-03-20 17:03:50,2026-03-20 00:00:00,,,0,,0,,,False,False,False,False,False,True
6421723419227642568,GDSJT   ,C182,L1P,GA / light,False,Day,2026-03-20 15:31:15,2026-03-20 00:00:00,,,0,,0,,,False,False,False,False,False,True
1982342191231004125,GCKYL   ,C42,L1P,GA / light,False,Day,2026-03-20 15:06:20,2026-03-20 00:00:00,,,0,,0,,,False,False,False,False,False,False
9558919107037835773,GOLAJ   ,R44,H1P,Helicopter,False,Day,2026-03-20 15:39:50,2026-03-20 00:00:00,875.0000279999999,16.924894090383233,2,,0,,,True,False,True,False,False,True
1087696017958792416,N256PT  ,BE58,L2P,GA / light,False,Day,2026-03-20 15:49:25,2026-03-20 00:00:00,1800.0000576,11.633659939479287,2,,0,,,True,False,True,False,True,True
11144693059754187028,GCLZV   ,CLON,G1P,GA / light,False,Day,2026-03-20 15:57:35,2026-03-20 00:00:00,,,0,,0,,,False,False,False,False,False,False
16963382933539723390,GBGYH   ,P28A,L1P,GA / light,False,Day,2026-03-20 15:49:35,2026-03-20 00:00:00,825.0000264,18.78740023589849,3,,0,,,True,False,True,False,True,True
8023273350657051664,EZY56BH ,A319,,Large jet,True,Day,2026-03-20 16:04:50,2026-03-20 00:00:00,,,0,,0,,,False,False,False,False,False,True
3497742277537859875,GBUFH   ,P28A,L1P,GA / light,False,Day,2026-03-20 15:59:55,2026-03-20 00:00:00,1600.0000512,16.72869892223241,1,,0,,,True,False,True,False,False,True
15065188024682256281,GARKM   ,PA22,L1P,GA / light,False,Day,2026-03-20 16:06:25,2026-03-20 00:00:00,,,0,,0,,,False,False,False,False,False,False
12414289529299266013,GBEWR   ,C172,L1P,GA / light,False,Day,2026-03-20 16:30:05,2026-03-20 00:00:00,200.0000064,17.896739043090758,3,,0,,,True,False,True,False,False,True
2565230711459267817,,P28A,L1P,GA / light,False,Day,2026-03-20 15:41:30,2026-03-20 00:00:00,,,0,,0,,,False,False,False,False,True,True
11393773049996835382,TOM2TG  ,B738,L2J,Large jet,True,Day,2026-03-20 18:23:00,2026-03-20 00:00:00,2925.0000936,3.778725766897768,1,2925.0000936,1,,,True,True,True,False,True,True
8945748054247211497,GBWUH   ,P28A,L1P,GA / light,False,Day,2026-03-20 17:22:20,2026-03-20 00:00:00,,,0,,0,,,False,False,False,False,True,True
14407943342100340591,NJU732Q ,C56X,L2J,Business jet,False,Day,2026-03-20 17:24:15,2026-03-20 00:00:00,,,0,,0,,,False,False,False,False,False,True
6990536942896008788,GTWIS   ,TWST,L1P,GA / light,False,Day,2026-03-20 17:20:15,2026-03-20 00:00:00,1175.0000376,4.983838503988909,1,1175.0000376,1,,,True,True,True,False,False,True
3491091125295641171,GRHOD   ,SSTL,,Other,False,Day,2026-03-20 17:27:00,2026-03-20 00:00:00,,,0,,0,,,False,False,False,False,True,True
9256581883221859844,GMA19   ,BE20,L2T,Turboprop,False,Day,2026-03-20 17:17:25,2026-03-20 00:00:00,,,0,,0,,,False,False,False,False,False,True
3256299002755393004,GBUFH   ,P28A,L1P,GA / light,False,Day,2026-03-20 18:10:00,2026-03-20 00:00:00,900.0000288,18.365002835068037,3,,0,,,True,False,True,False,False,True
12629283433872450792,GZAVI   ,C42,L1P,GA / light,False,Day,2026-03-20 17:26:00,2026-03-20 00:00:00,,,0,,0,,,False,False,False,False,False,False
2593064879120622930,GHBBH   ,C42,L1P,GA / light,False,Day,2026-03-20 17:56:20,2026-03-20 00:00:00,,,0,,0,,,False,False,False,False,False,True
18166633278366351861,RYR65FB ,B38M,,Large jet,True,Evening,2026-03-20 19:34:05,2026-03-20 00:00:00,,,0,,0,,,False,False,False,False,False,False
6620965803130021319,,P28A,L1P,GA / light,False,Day,2026-03-20 17:43:35,2026-03-20 00:00:00,,,0,,0,,,False,False,False,False,False,False
3140221573624517814,HLE10   ,A169,H2T,Helicopter,False,Day,2026-03-20 18:56:40,2026-03-20 00:00:00,,,0,,0,,,False,False,False,False,True,True
5262093081400907430,FRA76   ,FA20,L2J,Business jet,False,Evening,2026-03-20 19:31:20,2026-03-20 00:00:00,1475.0000472000002,7.607454920343758,3,1500.000048,1,,,True,True,True,False,True,True
231004006852005496,RYR20MC ,,,Other,False,Evening,2026-03-20 20:43:45,2026-03-20 00:00:00,3150.0001008,1.0192724540226454,1,3150.0001008,1,3150.0001008,-52.882534469499205,True,True,True,False,True,True
9299593064160622691,RUK8BP  ,B738,L2J,Large jet,True,Evening,2026-03-20 21:34:10,2026-03-20 00:00:00,,,0,,0,,,False,False,False,False,False,False
14700849230416574254,CFE7034 ,E190,L2J,Large jet,True,Evening,2026-03-20 21:43:00,2026-03-20 00:00:00,,,0,,0,,,False,False,False,False,False,False
10580583848194590361,RYR5AM  ,B738,L2J,Large jet,True,Night,2026-03-21 00:08:30,2026-03-20 00:00:00,5750.000184,16.14499000869225,1,,0,,,True,False,True,False,False,False
60080854766074312,GMA023  ,BE20,L2T,Turboprop,False,Night,2026-03-21 00:24:20,2026-03-20 00:00:00,2300.0000736,5.771248059177873,1,2300.0000736,1,,,True,True,True,False,True,True
17743305765440671457,RYR22HC ,B38M,,Large jet,True,Day,2026-03-21 07:04:35,2026-03-21 00:00:00,,,0,,0,,,False,False,False,False,True,True
794738176903894472,EZS15WP ,A320,L2J,Large jet,True,Day,2026-03-21 08:08:10,2026-03-21 00:00:00,2150.0000688,4.070055409350015,1,2150.0000688,1,,,True,True,True,False,True,True
3782309861045528889,HLE10   ,A169,H2T,Helicopter,False,Day,2026-03-21 08:07:10,2026-03-21 00:00:00,,,0,,0,,,False,False,False,False,False,True
15006681533616761517,QQE008  ,,,Other,False,Day,2026-03-21 08:52:35,2026-03-21 00:00:00,4825.000154400001,4.971974873465708,1,4825.000154400001,1,,,True,True,True,False,False,True
10006446612302287291,HLE10   ,A169,H2T,Helicopter,False,Day,2026-03-21 08:42:20,2026-03-21 00:00:00,,,0,,0,,,False,False,False,False,False,True
13129594724886541107,URO601  ,A346,L4J,Large jet,True,Day,2026-03-21 11:50:35,2026-03-21 00:00:00,2850.0000912,16.07895143557248,2,,0,,,True,False,True,False,False,True
3492828618749497289,GINDC   ,C303,L2P,GA / light,False,Day,2026-03-21 09:32:55,2026-03-21 00:00:00,1700.0000544000002,4.587595822783846,2,1700.0000544000002,2,1725.0000552,-1811.8310842661924,True,True,True,True,True,True
8046327772670833331,GCPSS   ,C208,L1T,Turboprop,False,Day,2026-03-21 15:59:15,2026-03-21 00:00:00,,,0,,0,,,False,False,False,False,False,False
12590434014397580392,HLE10   ,A169,H2T,Helicopter,False,Day,2026-03-21 10:31:45,2026-03-21 00:00:00,,,0,,0,,,False,False,False,False,False,True
8807169341924412265,GBXGT   ,SKAR,L1P,GA / light,False,Day,2026-03-21 11:37:55,2026-03-21 00:00:00,,,0,,0,,,False,False,False,False,True,True
9736822743989261231,SFY2JM  ,DA42,L2P,GA / light,False,Day,2026-03-21 11:10:35,2026-03-21 00:00:00,,,0,,0,,,False,False,False,False,False,True
7415131275868292999,GLBUZ   ,EV97,L1P,GA / light,False,Day,2026-03-21 10:48:40,2026-03-21 00:00:00,,,0,,0,,,False,False,False,False,False,False
2933007271361126601,GMEEP   ,R44,H1P,Helicopter,False,Day,2026-03-21 11:21:50,2026-03-21 00:00:00,,,0,,0,,,False,False,False,False,False,True
15852460229618080895,QQE008  ,,,Other,False,Day,2026-03-21 14:01:45,2026-03-21 00:00:00,2300.0000736,12.521838002770108,13,,0,,,True,False,True,False,False,True
14813607497269659073,URO101  ,A346,L4J,Large jet,True,Day,2026-03-21 11:38:15,2026-03-21 00:00:00,,,0,,0,,,False,False,False,False,False,True
17686984570039360050,MSA708  ,B734,L2J,Large jet,True,Day,2026-03-21 12:01:05,2026-03-21 00:00:00,2825.0000904000003,17.461389486433486,4,,0,,,True,False,True,False,False,True
8418413338223452243,GOLAJ   ,R44,H1P,Helicopter,False,Day,2026-03-21 11:20:25,2026-03-21 00:00:00,925.0000296,16.179388500403498,1,,0,,,True,False,True,False,False,True
3184071678957141335,N302JG  ,TBM7,L1T,Turboprop,False,Day,2026-03-21 13:44:40,2026-03-21 00:00:00,,,0,,0,,,False,False,False,False,False,True
14190138405532650287,,R44,H1P,Helicopter,False,Day,2026-03-21 11:09:35,2026-03-21 00:00:00,,,0,,0,,,False,False,False,False,False,True
9759570681869074524,RYR11MN ,B738,L2J,Large jet,True,Day,2026-03-21 13:00:55,2026-03-21 00:00:00,,,0,,0,,,False,False,False,False,False,False
11831976904994572467,GBJBW   ,P28A,L1P,GA / light,False,Day,2026-03-21 11:59:40,2026-03-21 00:00:00,,,0,,0,,,False,False,False,False,False,False
17360383291879412908,GPEEP   ,,,Other,False,Day,2026-03-21 12:57:25,2026-03-21 00:00:00,,,0,,0,,,False,False,False,False,False,False
10689482603956886794,GCCZL   ,C42,L1P,GA / light,False,Day,2026-03-21 12:29:40,2026-03-21 00:00:00,,,0,,0,,,False,False,False,False,False,False
9253570212653764100,N256PT  ,BE58,L2P,GA / light,False,Day,2026-03-21 13:48:10,2026-03-21 00:00:00,1175.0000376,14.671674383009831,1,,0,,,True,False,True,False,True,True
3283681316048038586,GBVKU   ,SF25,L1P,GA / light,False,Day,2026-03-21 13:11:55,2026-03-21 00:00:00,,,0,,0,,,False,False,False,False,False,False
2001034701494694964,GBEWR   ,C172,L1P,GA / light,False,Day,2026-03-21 13:15:40,2026-03-21 00:00:00,,,0,,0,,,False,False,False,False,False,True
16371767878890882137,GCBCL   ,GLST,L1P,GA / light,False,Day,2026-03-21 13:40:25,2026-03-21 00:00:00,1000.000032,17.18019603080674,8,,0,,,True,False,True,False,False,True
1226816536417654698,GGCDB   ,SR20,L1P,GA / light,False,Day,2026-03-21 13:41:55,2026-03-21 00:00:00,,,0,,0,,,False,False,False,False,False,True
14051878491921421496,GINDC   ,C303,L2P,GA / light,False,Day,2026-03-21 13:16:45,2026-03-21 00:00:00,1000.000032,19.17974093021637,1,,0,,,True,False,True,False,False,True
1732388549346870613,GBZTN   ,EUPA,L1P,GA / light,False,Day,2026-03-21 13:47:20,2026-03-21 00:00:00,,,0,,0,,,False,False,False,False,False,True
1487476223830215359,NJE215W ,C68A,L2J,Business jet,False,Day,2026-03-21 13:30:35,2026-03-21 00:00:00,,,0,,0,,,False,False,False,False,False,True
5276261209757268474,RYR6765 ,B738,L2J,Large jet,True,Day,2026-03-21 15:27:40,2026-03-21 00:00:00,,,0,,0,,,False,False,False,False,False,False
9293666913163485518,GXSRF   ,EUPA,L1P,GA / light,False,Day,2026-03-21 14:08:20,2026-03-21 00:00:00,,,0,,0,,,False,False,False,False,False,False
1070677194516038332,GXIVA   ,RV14,L1P,GA / light,False,Day,2026-03-21 14:39:05,2026-03-21 00:00:00,,,0,,0,,,False,False,False,False,False,True
10454020517919387853,GCIOM   ,MM24,G1P,GA / light,False,Day,2026-03-21 14:44:30,2026-03-21 00:00:00,,,0,,0,,,False,False,False,False,False,False
13119314147936063561,EXS3AS  ,B738,L2J,Large jet,True,Day,2026-03-21 17:19:40,2026-03-21 00:00:00,,,0,,0,,,False,False,False,False,False,False
11463541393915295071,GIPPS   ,GA8,L1P,GA / light,False,Day,2026-03-21 14:54:20,2026-03-21 00:00:00,1400.0000448,1.8492640940722973,7,1400.0000448,7,1475.0000472000002,-1882.5314508238212,True,True,True,True,True,True
7171884049336182111,GBEWR   ,C172,L1P,GA / light,False,Day,2026-03-21 14:59:55,2026-03-21 00:00:00,,,0,,0,,,False,False,False,False,False,True
10281138932653353323,EZY2696 ,A20N,L2J,Large jet,True,Day,2026-03-21 15:50:25,2026-03-21 00:00:00,,,0,,0,,,False,False,False,False,False,False
14204222080667570887,GDHAH   ,CH7A,L1P,GA / light,False,Day,2026-03-21 15:55:05,2026-03-21 00:00:00,,,0,,0,,,False,False,False,False,False,False
16158152937522375322,,ULAC,,Other,False,Day,2026-03-21 14:55:05,2026-03-21 00:00:00,,,0,,0,,,False,False,False,False,False,False
18205098537400801352,,P28A,L1P,GA / light,False,Day,2026-03-21 15:00:45,2026-03-21 00:00:00,,,0,,0,,,False,False,False,False,True,True
8816597111044399170,GBUFH   ,P28A,L1P,GA / light,False,Day,2026-03-21 15:28:05,2026-03-21 00:00:00,575.0000184,14.171582567837088,15,,0,,,True,False,True,False,True,True
13009292451125053395,GDADZ   ,CRUZ,L1P,GA / light,False,Day,2026-03-21 16:33:20,2026-03-21 00:00:00,,,0,,0,,,False,False,False,False,False,True
14929131077795723705,GCCZL   ,C42,L1P,GA / light,False,Day,2026-03-21 16:14:20,2026-03-21 00:00:00,,,0,,0,,,False,False,False,False,False,True
4776239074802132246,GOLAJ   ,R44,H1P,Helicopter,False,Day,2026-03-21 16:11:25,2026-03-21 00:00:00,1025.0000328,16.67073882185641,4,,0,,,True,False,True,False,False,True
11449405505312215405,,CRUZ,L1P,GA / light,False,Day,2026-03-21 15:36:55,2026-03-21 00:00:00,,,0,,0,,,False,False,False,False,False,False
6142671154519532472,GOLGE   ,SR20,,Other,False,Day,2026-03-21 16:42:05,2026-03-21 00:00:00,,,0,,0,,,False,False,False,False,False,True
14460881156677496686,HLE10   ,A169,H2T,Helicopter,False,Day,2026-03-21 16:41:20,2026-03-21 00:00:00,,,0,,0,,,False,False,False,False,False,False
7119133771005547135,GBWUH   ,P28A,L1P,GA / light,False,Day,2026-03-21 17:46:50,2026-03-21 00:00:00,,,0,,0,,,False,False,False,False,False,True
2897804082098125319,GAWEI   ,D6CR,L1P,GA / light,False,Day,2026-03-21 17:23:20,2026-03-21 00:00:00,,,0,,0,,,False,False,False,False,False,False
10845176780608374001,SFY2JM  ,DA42,L2P,GA / light,False,Day,2026-03-21 17:30:10,2026-03-21 00:00:00,725.0000232000001,15.280821547924496,11,,0,,,True,False,True,False,False,True
806865705807453911,GBUJP   ,P28A,L1P,GA / light,False,Day,2026-03-21 17:37:05,2026-03-21 00:00:00,,,0,,0,,,False,False,False,False,True,True
703631040483499264,GBGYH   ,P28A,L1P,GA / light,False,Day,2026-03-21 17:30:45,2026-03-21 00:00:00,1175.0000376,16.436962125143843,3,,0,,,True,False,True,False,False,True
14864233369368037149,GBPVI   ,P32R,L1P,GA / light,False,Day,2026-03-21 17:31:10,2026-03-21 00:00:00,1400.0000448,11.222499089056802,6,1900.0000608,4,,,True,True,True,False,True,True
4623953880108610418,GMA023  ,BE20,L2T,Turboprop,False,Day,2026-03-21 18:49:35,2026-03-21 00:00:00,500.000016,15.116066423233292,10,1400.0000448,1,,,True,True,True,False,True,True
7369484676896684729,RYR46KY ,B738,L2J,Large jet,True,Evening,2026-03-21 22:13:15,2026-03-21 00:00:00,,,0,,0,,,False,False,False,False,False,False
14336258875727660567,HLE10   ,A169,H2T,Helicopter,False,Evening,2026-03-21 21:35:30,2026-03-21 00:00:00,,,0,,0,,,False,False,False,False,False,False
18263588183698897308,RYR54WK ,B38M,,Large jet,True,Day,2026-03-22 07:53:05,2026-03-22 00:00:00,,,0,,0,,,False,False,False,False,False,False
12393892899721786597,N278LL  ,,,Other,False,Day,2026-03-22 09:41:25,2026-03-22 00:00:00,2900.0000928000004,7.53897029259459,1,,0,2900.0000928000004,94.33357232839808,True,False,True,False,True,True
14549206496863298100,SFY2JM  ,DA42,L2P,GA / light,False,Day,2026-03-22 12:13:55,2026-03-22 00:00:00,200.0000064,17.63212055163955,5,1825.0000584,3,1900.0000608,-988.9944958302008,True,True,True,True,True,True
16015819436388479211,RYR20MC ,B738,L2J,Large jet,True,Day,2026-03-22 12:17:15,2026-03-22 00:00:00,,,0,,0,,,False,False,False,False,False,False
6675844497658497853,JFU50Z  ,PC12,L1T,Turboprop,False,Day,2026-03-22 11:37:40,2026-03-22 00:00:00,,,0,,0,,,False,False,False,False,False,True
4222132410673493275,HLE10   ,A169,H2T,Helicopter,False,Day,2026-03-22 10:42:45,2026-03-22 00:00:00,,,0,,0,,,False,False,False,False,False,False
11010610625966485931,GBUFH   ,P28A,L1P,GA / light,False,Day,2026-03-22 11:58:00,2026-03-22 00:00:00,800.0000256,15.276487533262026,4,,0,,,True,False,True,False,False,True
9289566831117915594,GCLOZ   ,KFAB,,Other,False,Day,2026-03-22 11:53:15,2026-03-22 00:00:00,,,0,,0,,,False,False,False,False,False,False
927610143174982736,GMA510  ,C510,L2J,Business jet,False,Day,2026-03-22 12:55:30,2026-03-22 00:00:00,1200.0000384,11.580127217406675,3,1925.0000616,1,1925.0000616,-862.421621720862,True,True,True,True,True,True
8719737606939716835,GCCZK   ,CH60,L1P,GA / light,False,Day,2026-03-22 12:09:40,2026-03-22 00:00:00,,,0,,0,,,False,False,False,False,False,False
894780205497002862,GWZOY   ,COY2,L1P,GA / light,False,Day,2026-03-22 12:55:35,2026-03-22 00:00:00,,,0,,0,,,False,False,False,False,False,False
4967358305463018973,GCISE   ,PULS,L1P,GA / light,False,Day,2026-03-22 12:59:55,2026-03-22 00:00:00,,,0,,0,,,False,False,False,False,False,False
7049154630216464290,GBUFH   ,P28A,L1P,GA / light,False,Day,2026-03-22 13:39:10,2026-03-22 00:00:00,1400.0000448,17.27283857476564,6,,0,,,True,False,True,False,True,True
13406405117762182103,GDADZ   ,CRUZ,L1P,GA / light,False,Day,2026-03-22 13:38:00,2026-03-22 00:00:00,1725.0000552,6.081501449383272,2,1775.0000568,1,,,True,True,True,False,False,True
16375727238712360687,N152WB  ,DA40,,Other,False,Day,2026-03-22 13:38:15,2026-03-22 00:00:00,,,0,,0,,,False,False,False,False,False,False
9961648378288849276,GCMZB   ,,,Other,False,Day,2026-03-22 14:54:25,2026-03-22 00:00:00,,,0,,0,,,False,False,False,False,False,True
460354009398712390,GBEWR   ,C172,L1P,GA / light,False,Day,2026-03-22 14:17:15,2026-03-22 00:00:00,1425.0000456,19.612864253814706,2,,0,,,True,False,True,False,True,True
3844410410991744486,,DA42,L2P,GA / light,False,Day,2026-03-22 13:52:15,2026-03-22 00:00:00,,,0,,0,,,False,False,False,False,True,True
10724966030739003437,SFY2JM  ,DA42,L2P,GA / light,False,Day,2026-03-22 14:13:00,2026-03-22 00:00:00,1150.0000368,18.16529519254501,6,,0,,,True,False,True,False,False,True
6538414630430480885,GOLGE   ,SR20,,Other,False,Day,2026-03-22 14:39:15,2026-03-22 00:00:00,1525.0000488,16.836814029238145,1,,0,,,True,False,True,False,False,True
14059437696816171718,GBGYH   ,P28A,L1P,GA / light,False,Day,2026-03-22 15:05:15,2026-03-22 00:00:00,,,0,,0,,,False,False,False,False,True,True
684131980860566844,GCFVH   ,GLID,,Other,False,Day,2026-03-22 16:33:05,2026-03-22 00:00:00,,,0,,0,,,False,False,False,False,False,False
11834430073060305600,RYR46KY ,B738,L2J,Large jet,True,Day,2026-03-22 16:33:55,2026-03-22 00:00:00,,,0,,0,,,False,False,False,False,False,False
3153213962894783718,GNCDC   ,NNJA,,Other,False,Day,2026-03-22 14:46:20,2026-03-22 00:00:00,,,0,,0,,,False,False,False,False,False,True
16988685368755081200,GNILT   ,EV97,L1P,GA / light,False,Day,2026-03-22 14:59:55,2026-03-22 00:00:00,,,0,,0,,,False,False,False,False,False,False
18439188883774775149,EXS062J ,B738,L2J,Large jet,True,Day,2026-03-22 15:27:50,2026-03-22 00:00:00,,,0,,0,,,False,False,False,False,False,True
3961036287673739374,N257SA  ,PA32,L1P,GA / light,False,Day,2026-03-22 15:24:30,2026-03-22 00:00:00,,,0,,0,,,False,False,False,False,False,False
3762976670634324998,TOM7FT  ,B738,L2J,Large jet,True,Day,2026-03-22 18:30:10,2026-03-22 00:00:00,,,0,,0,,,False,False,False,False,False,False
6395715806912728994,RYR22HC ,,,Other,False,Day,2026-03-22 17:30:20,2026-03-22 00:00:00,,,0,,0,,,False,False,False,False,False,False
2540736922026201284,EXS19W  ,B738,L2J,Large jet,True,Day,2026-03-22 17:46:55,2026-03-22 00:00:00,,,0,,0,,,False,False,False,False,False,False
4754485935345616196,SFY2JM  ,DA42,L2P,GA / light,False,Day,2026-03-22 17:06:55,2026-03-22 00:00:00,,,0,,0,,,False,False,False,False,False,True
16285859184495726761,EZY15CF ,A20N,L2J,Large jet,True,Day,2026-03-22 17:08:25,2026-03-22 00:00:00,2525.0000808,1.9807733159833059,1,2525.0000808,1,2525.0000808,-322.7697794497112,True,True,True,False,True,True
13583938025711807547,GNCDC   ,NNJA,,Other,False,Day,2026-03-22 16:23:10,2026-03-22 00:00:00,,,0,,0,,,False,False,False,False,False,True
16241983171805956955,GBUFH   ,P28A,L1P,GA / light,False,Day,2026-03-22 17:30:10,2026-03-22 00:00:00,975.0000312,18.567294097225265,4,,0,,,True,False,True,False,False,True
9939417797689719609,GBEWR   ,C172,L1P,GA / light,False,Day,2026-03-22 17:20:00,2026-03-22 00:00:00,625.00002,15.664993067017488,3,,0,,,True,False,True,False,False,True
15356735746034990575,GMA023  ,BE20,L2T,Turboprop,False,Day,2026-03-22 17:43:45,2026-03-22 00:00:00,1500.000048,5.875392014021574,1,1500.000048,1,2400.0000768,-502.51594351704944,True,True,True,False,True,True
8356942589544738232,RUK8BP  ,B738,,Large jet,True,Day,2026-03-22 18:25:10,2026-03-22 00:00:00,,,0,,0,,,False,False,False,False,False,False
11811551792878717199,RYR6FY  ,B738,L2J,Large jet,True,Evening,2026-03-22 20:07:45,2026-03-22 00:00:00,,,0,,0,,,False,False,False,False,False,False
3298900237904449060,URO601  ,A346,L4J,Large jet,True,Evening,2026-03-22 20:34:15,2026-03-22 00:00:00,,,0,,0,,,False,False,False,False,False,False
14991033542447106124,JFA28X  ,PC12,L1T,Turboprop,False,Evening,2026-03-22 19:30:35,2026-03-22 00:00:00,1875.00006,3.0232281954005074,2,1875.00006,2,,,True,True,True,False,True,True
4345373165006901286,RYR5AM  ,B738,L2J,Large jet,True,Evening,2026-03-22 22:18:55,2026-03-22 00:00:00,,,0,,0,,,False,False,False,False,False,False
14150018197370741368,GCLRW   ,P28R,L1P,GA / light,False,Evening,2026-03-22 21:59:55,2026-03-22 00:00:00,,,0,,0,,,False,False,False,False,False,False
17666031768874101296,URO681A ,A346,L4J,Large jet,True,Day,2026-03-23 06:41:40,2026-03-23 00:00:00,,,0,,0,,,False,False,False,False,False,False
407197496944060533,RYR20MC ,B738,L2J,Large jet,True,Day,2026-03-23 07:37:30,2026-03-23 00:00:00,3300.0001056,2.0043929736448716,1,3300.0001056,1,3300.0001056,-130.97175529421838,True,True,True,False,True,True
2662972085282130600,VCG1LE  ,C25M,L2J,Business jet,False,Day,2026-03-23 08:31:50,2026-03-23 00:00:00,,,0,,0,,,False,False,False,False,False,False
18097288451435874922,GEIMS   ,B505,H1T,Helicopter,False,Day,2026-03-23 09:56:05,2026-03-23 00:00:00,,,0,,0,,,False,False,False,False,False,False
6290654125558621902,CRIMSON1,FA20,L2J,Business jet,False,Day,2026-03-23 11:26:15,2026-03-23 00:00:00,,,0,,0,,,False,False,False,False,True,True
16273417955759844625,CRIMSON2,,,Other,False,Day,2026-03-23 11:32:05,2026-03-23 00:00:00,1125.0000360000001,11.725773242996631,6,,0,,,True,False,True,False,True,True
7699959673587709269,N999F   ,BE33,L1P,GA / light,False,Day,2026-03-23 11:35:20,2026-03-23 00:00:00,4125.000132,18.67043981312627,1,,0,,,True,False,True,False,False,True
466771723598529882,BTNIA17 ,G115,L1P,GA / light,False,Day,2026-03-23 11:20:55,2026-03-23 00:00:00,,,0,,0,,,False,False,False,False,False,False
16087464063974481258,SRD224B ,B350,,Turboprop,False,Day,2026-03-23 15:20:50,2026-03-23 00:00:00,1775.0000568,2.1305430906762073,2,1775.0000568,2,1850.0000592,-1022.6681517753821,True,True,True,True,True,True
14271623964139042471,EZY56BH ,A319,L2J,Large jet,True,Day,2026-03-23 12:01:15,2026-03-23 00:00:00,,,0,,0,,,False,False,False,False,False,False
9665459608989237851,BWY40   ,FA20,L2J,Business jet,False,Day,2026-03-23 13:09:25,2026-03-23 00:00:00,2250.0000720000003,2.3968639550608453,1,2250.0000720000003,1,2250.0000720000003,-784.7310651050525,True,True,True,False,True,True
6160388206230718332,HLE10   ,A169,H2T,Helicopter,False,Day,2026-03-23 11:09:35,2026-03-23 00:00:00,,,0,,0,,,False,False,False,False,False,False
5135681726273703270,SFY2JM  ,DA42,L2P,GA / light,False,Day,2026-03-23 12:10:10,2026-03-23 00:00:00,575.0000184,14.768155059895285,5,,0,,,True,False,True,False,True,True
13099153643885918300,SRD226B ,B350,,Turboprop,False,Day,2026-03-23 13:47:35,2026-03-23 00:00:00,1300.0000416,4.127731059483887,1,1300.0000416,1,2275.0000728,-674.895879805114,True,True,True,False,True,True
10723154512253012864,GMA023  ,BE20,L2T,Turboprop,False,Day,2026-03-23 13:43:30,2026-03-23 00:00:00,900.0000288,12.151721444012729,3,,0,,,True,False,True,False,True,True
4962845421250587414,BTNIA11 ,G115,L1P,GA / light,False,Day,2026-03-23 13:36:05,2026-03-23 00:00:00,,,0,,0,,,False,False,False,False,False,False
742124624970515519,RYR11MN ,B738,L2J,Large jet,True,Day,2026-03-23 14:38:15,2026-03-23 00:00:00,3025.0000968000004,0.7760926330000651,1,3025.0000968000004,1,3025.0000968000004,-152.00611111239277,True,True,True,False,True,True
4925206034892713289,SFY2JM  ,DA42,L2P,GA / light,False,Day,2026-03-23 14:54:30,2026-03-23 00:00:00,1025.0000328,15.255176847496806,4,,0,,,True,False,True,False,True,True
18232888841250287030,GBUFH   ,P28A,L1P,GA / light,False,Day,2026-03-23 14:26:55,2026-03-23 00:00:00,700.0000224,4.747812063943688,4,700.0000224,2,,,True,True,True,False,True,True
10928686010421567558,RYR3971 ,B738,L2J,Large jet,True,Day,2026-03-23 16:03:30,2026-03-23 00:00:00,,,0,,0,,,False,False,False,False,False,False
11721135261646133918,EXS67DE ,B738,L2J,Large jet,True,Day,2026-03-23 16:27:55,2026-03-23 00:00:00,,,0,,0,,,False,False,False,False,False,False
5800857859412673362,GOLGE   ,SR20,,Other,False,Day,2026-03-23 14:52:00,2026-03-23 00:00:00,425.00001360000005,15.688898899515,2,,0,,,True,False,True,False,False,True
4234611645487126447,GGGPC   ,,,Other,False,Day,2026-03-23 14:52:35,2026-03-23 00:00:00,,,0,,0,,,False,False,False,False,False,True
4479266763967757676,EXS68M  ,B738,L2J,Large jet,True,Day,2026-03-23 18:07:55,2026-03-23 00:00:00,,,0,,0,,,False,False,False,False,False,False
5475317474309484376,BTNIA18 ,G115,L1P,GA / light,False,Day,2026-03-23 16:05:25,2026-03-23 00:00:00,,,0,,0,,,False,False,False,False,False,False
10501285656985035122,TOM8AE  ,B738,L2J,Large jet,True,Day,2026-03-23 18:14:20,2026-03-23 00:00:00,,,0,,0,,,False,False,False,False,False,False
10706222867897812953,SFY2JM  ,DA42,L2P,GA / light,False,Day,2026-03-23 16:45:00,2026-03-23 00:00:00,500.000016,13.800071441196316,5,,0,,,True,False,True,False,True,True
15813703439150891658,GBUFH   ,P28A,L1P,GA / light,False,Day,2026-03-23 17:53:10,2026-03-23 00:00:00,825.0000264,14.14718975398213,4,,0,,,True,False,True,False,False,True
7287432738119798915,GOLGE   ,SR20,,Other,False,Day,2026-03-23 16:53:55,2026-03-23 00:00:00,1150.0000368,10.682607121663697,2,,0,,,True,False,True,False,True,True
10963659256467436103,HLE10   ,A169,H2T,Helicopter,False,Day,2026-03-23 17:13:30,2026-03-23 00:00:00,,,0,,0,,,False,False,False,False,False,False
4993758930577278412,MYAIC   ,E55P,L2J,Business jet,False,Day,2026-03-23 18:43:05,2026-03-23 00:00:00,2275.0000728,4.356965231765568,1,2275.0000728,1,,,True,True,True,False,True,True
1834582858972843052,SFY2JM  ,DA42,L2P,GA / light,False,Evening,2026-03-23 19:44:20,2026-03-23 00:00:00,1900.0000608,5.9660630500913445,8,1900.0000608,2,,,True,True,True,False,False,True
3935355463926773337,GGCDB   ,SR20,L1P,GA / light,False,Evening,2026-03-23 19:53:10,2026-03-23 00:00:00,1775.0000568,6.861671378213581,1,,0,,,True,False,True,False,True,True
2941599334448597100,GWFWA   ,P28A,L1P,GA / light,False,Evening,2026-03-23 21:18:55,2026-03-23 00:00:00,,,0,,0,,,False,False,False,False,False,False
13471647344563909816,RYR46KY ,B738,L2J,Large jet,True,Evening,2026-03-23 22:42:15,2026-03-23 00:00:00,,,0,,0,,,False,False,False,False,False,False
5583935284347428733,URO601  ,A346,L4J,Large jet,True,Day,2026-03-24 11:14:30,2026-03-24 00:00:00,2525.0000808,0.9784316292695976,3,2525.0000808,3,2550.0000816,-638.5326918155392,True,True,True,False,True,True
16524485918366928008,SFY2JM  ,DA42,L2P,GA / light,False,Day,2026-03-24 09:47:35,2026-03-24 00:00:00,650.0000208,15.03867670858568,1,,0,,,True,False,True,False,False,True
7421174990513822436,AMBER2  ,,,Other,False,Day,2026-03-24 11:32:00,2026-03-24 00:00:00,2400.0000768,2.757366391734609,2,2400.0000768,2,2450.0000784,-428.45887259770734,True,True,True,False,True,True
210845186982556843,TOM1CM  ,B738,L2J,Large jet,True,Day,2026-03-24 12:28:50,2026-03-24 00:00:00,2925.0000936,3.399688069788479,1,2925.0000936,1,2925.0000936,5.514678852039651,True,True,True,False,True,True
2144612806769995637,N101DW  ,P32R,L1P,GA / light,False,Day,2026-03-24 11:37:35,2026-03-24 00:00:00,525.0000168,15.028770378460377,7,2375.0000760000003,4,2475.0000792,-366.55325845260904,True,True,True,False,True,True
950613461685074513,URO913  ,A346,L4J,Large jet,True,Day,2026-03-24 12:19:40,2026-03-24 00:00:00,,,0,,0,,,False,False,False,False,False,False
17973849812639055601,PIPE65  ,,,Other,False,Day,2026-03-24 14:21:55,2026-03-24 00:00:00,525.0000168,15.92873863478438,61,725.0000232000001,12,750.000024,-2332.8879927053263,True,True,True,True,True,True
4086238397336542589,RYR9911 ,B738,L2J,Large jet,True,Day,2026-03-24 13:35:00,2026-03-24 00:00:00,,,0,,0,,,False,False,False,False,False,False
7414897952070313489,VLZ49J  ,,,Other,False,Day,2026-03-24 12:49:10,2026-03-24 00:00:00,2425.0000775999997,1.4138830283956687,2,2425.0000775999997,2,2425.0000775999997,-917.62686472221,True,True,True,False,True,True
421955984177535561,EXS257G ,B738,L2J,Large jet,True,Day,2026-03-24 16:18:45,2026-03-24 00:00:00,50.0000016,18.358978424730992,3,3025.0000968000004,2,3025.0000968000004,138.0139719609615,True,True,True,False,True,True
5063231061498898049,AMBER2  ,,,Other,False,Day,2026-03-24 16:15:50,2026-03-24 00:00:00,25.0000008,18.770189543279972,4,2000.000064,2,2050.0000656,-643.6133121821567,True,True,True,False,True,True
13520381261819044109,EZY56BH ,A319,L2J,Large jet,True,Day,2026-03-24 15:43:30,2026-03-24 00:00:00,25.0000008,18.642992481241695,2,2550.0000816,1,,,True,True,True,False,True,True
8329974748703065099,AMBER1  ,FA20,L2J,Business jet,False,Day,2026-03-24 16:23:05,2026-03-24 00:00:00,25.0000008,18.805501173624823,7,2000.000064,5,2000.000064,-659.8379957703703,True,True,True,False,True,True
1525135164716190943,EXS2610 ,B738,L2J,Large jet,True,Day,2026-03-24 17:11:45,2026-03-24 00:00:00,100.0000032,18.597686383462058,2,3225.0001032,1,3225.0001032,210.12608818036824,True,True,True,False,True,True
8872813151559331078,RYR65FB ,B38M,L2J,Large jet,True,Day,2026-03-24 17:37:05,2026-03-24 00:00:00,100.0000032,18.448421407596573,3,2900.0000928000004,1,2900.0000928000004,40.350467524257965,True,True,True,False,True,True
18174973765983513655,TOM7KX  ,B738,L2J,Large jet,True,Day,2026-03-24 18:36:10,2026-03-24 00:00:00,75.0000024,18.826987419878826,3,2625.0000840000002,2,,,True,True,True,False,True,True
3826065169159443403,RYR46KY ,B738,L2J,Large jet,True,Evening,2026-03-24 19:36:00,2026-03-24 00:00:00,150.0000048,18.57309291886304,4,2175.0000696,2,2425.0000775999997,-335.2377864265677,True,True,True,False,True,True
17734064116031517566,FJO649  ,GLF6,L2J,Business jet,False,Evening,2026-03-24 20:48:40,2026-03-24 00:00:00,225.0000072,18.6975856474559,4,2200.0000704000004,3,,,True,True,True,False,True,True
9419717880374336560,NJE543A ,,,Other,False,Evening,2026-03-24 19:24:25,2026-03-24 00:00:00,1025.0000328,13.684674484773694,4,2125.0000680000003,3,,,True,True,True,False,True,True
4391116039177007815,RYR445X ,B38M,,Large jet,True,Evening,2026-03-24 21:13:10,2026-03-24 00:00:00,175.0000056,18.675515206694214,2,3150.0001008,1,3150.0001008,217.30125327871156,True,True,True,False,True,True
14018352458935832315,FRA83   ,FA20,L2J,Business jet,False,Day,2026-03-25 11:13:05,2026-03-25 00:00:00,1975.0000632,7.095370859779603,3,1975.0000632,2,,,True,True,True,False,True,True
5493182995189758661,CRIMSON1,FA20,L2J,Business jet,False,Day,2026-03-25 11:29:35,2026-03-25 00:00:00,50.0000016,18.875316967490434,7,1975.0000632,5,1975.0000632,-879.0051652527318,True,True,True,True,True,True
17890896544410195834,CRIMSON2,,,Other,False,Day,2026-03-25 11:26:10,2026-03-25 00:00:00,25.0000008,18.543093068663655,6,1975.0000632,3,2025.0000648,-956.4064401379414,True,True,True,False,True,True
5734482229247116521,BOO003  ,,,Other,False,Day,2026-03-25 11:52:05,2026-03-25 00:00:00,,,0,,0,,,False,False,False,False,False,False
8779553642082434750,GBEWR   ,C172,L1P,GA / light,False,Day,2026-03-25 12:11:55,2026-03-25 00:00:00,500.000016,15.679549367592411,17,2425.0000775999997,2,,,True,True,True,False,False,True
14768216271856245030,AOM083M ,LJ45,,Business jet,False,Day,2026-03-25 15:27:35,2026-03-25 00:00:00,2025.0000648,6.80521255306199,2,,0,,,True,False,True,False,True,True
16679647479591632408,SAZ62   ,CL60,L2J,Business jet,False,Day,2026-03-25 15:32:30,2026-03-25 00:00:00,,,0,,0,,,False,False,False,False,True,True
8533560139121603169,EXS12A  ,B738,L2J,Large jet,True,Evening,2026-03-25 19:30:05,2026-03-25 00:00:00,1850.0000592,5.211863818550023,2,1850.0000592,1,,,True,True,True,False,True,True
16086145703841245491,S5CKT   ,,,Other,False,Day,2026-03-25 16:06:40,2026-03-25 00:00:00,250.000008,17.179459904690816,8,2450.0000784,2,2450.0000784,-1046.7253561388352,True,True,True,False,True,True
4703423747917118938,TOM57V  ,B738,L2J,Large jet,True,Evening,2026-03-25 20:08:00,2026-03-25 00:00:00,3900.0001248,4.424774851465166,2,3900.0001248,1,,,True,True,True,False,True,True
14093131592168363531,VCG3LE  ,C25M,L2J,Business jet,False,Day,2026-03-25 18:45:35,2026-03-25 00:00:00,2875.000092,1.4010464097058186,1,2875.000092,1,2875.000092,-19.119099837228532,True,True,True,False,True,True
18031664655762466324,RYR65FB ,B38M,L2J,Large jet,True,Evening,2026-03-25 20:22:55,2026-03-25 00:00:00,,,0,,0,,,False,False,False,False,False,False
10747142690053875858,GMA023  ,BE20,L2T,Turboprop,False,Evening,2026-03-25 22:34:25,2026-03-25 00:00:00,1800.0000576,5.5734786077352965,4,1800.0000576,3,,,True,True,True,False,True,True
8221655143733539208,RYR65FB ,,,Other,False,Day,2026-03-26 07:28:35,2026-03-26 00:00:00,,,0,,0,,,False,False,False,False,False,False
8034690624418824466,RYR9911 ,B738,L2J,Large jet,True,Day,2026-03-26 08:32:50,2026-03-26 00:00:00,1725.0000552,4.59890795095354,1,1725.0000552,1,,,True,True,True,False,True,True
14310287972196638424,RYR46KY ,B738,L2J,Large jet,True,Day,2026-03-26 10:03:45,2026-03-26 00:00:00,,,0,,0,,,False,False,False,False,True,True
594649618548277160,RUK8BP  ,B738,L2J,Large jet,True,Day,2026-03-26 09:12:40,2026-03-26 00:00:00,3350.0001072,5.870286228805096,1,3350.0001072,1,,,True,True,True,False,False,False
17359191294352225759,URO601  ,A346,L4J,Large jet,True,Day,2026-03-26 11:23:45,2026-03-26 00:00:00,,,0,,0,,,False,False,False,False,False,False
4321842729299370357,SFY1TM  ,DA42,L2P,GA / light,False,Day,2026-03-26 10:35:30,2026-03-26 00:00:00,975.0000312,16.51240111737437,1,,0,,,True,False,True,False,False,True
5429188369294429828,FRA81   ,FA20,L2J,Business jet,False,Day,2026-03-26 11:11:50,2026-03-26 00:00:00,1200.0000384,5.833830502615345,3,1200.0000384,1,,,True,True,True,False,True,True
17255621087979197348,GEIMS   ,B505,H1T,Helicopter,False,Day,2026-03-26 09:59:55,2026-03-26 00:00:00,,,0,,0,,,False,False,False,False,False,False
7073312643603690411,,DA42,L2P,GA / light,False,Day,2026-03-26 10:16:30,2026-03-26 00:00:00,,,0,,0,,,False,False,False,False,False,False
13194886432977530245,GOLGE   ,SR20,,Other,False,Day,2026-03-26 11:54:55,2026-03-26 00:00:00,,,0,,0,,,False,False,False,False,True,True
3275346350860651653,GARKM   ,PA22,L1P,GA / light,False,Day,2026-03-26 11:18:30,2026-03-26 00:00:00,,,0,,0,,,False,False,False,False,False,True
5543964594262460139,GBEWR   ,C172,L1P,GA / light,False,Day,2026-03-26 12:21:00,2026-03-26 00:00:00,250.000008,15.708001158314579,3,,0,,,True,False,True,False,False,True
1102595779583585156,GBPOT   ,P28A,L1P,GA / light,False,Day,2026-03-26 12:29:10,2026-03-26 00:00:00,1000.000032,3.7671941560667586,6,1000.000032,6,1100.0000352000002,-2371.3942308006076,True,True,True,True,True,True
4706932310133046264,GOLGE   ,SR20,,Other,False,Day,2026-03-26 12:52:10,2026-03-26 00:00:00,900.0000288,15.27857536269893,1,,0,,,True,False,True,False,True,True
1547752749206191166,GDSJT   ,C182,L1P,GA / light,False,Day,2026-03-26 13:54:15,2026-03-26 00:00:00,1375.0000440000001,19.859636792021742,1,,0,,,True,False,True,False,True,True
11292274471791649859,RYR11MN ,B38M,L2J,Large jet,True,Day,2026-03-26 14:15:40,2026-03-26 00:00:00,,,0,,0,,,False,False,False,False,False,False
1082365270874208795,N936CT  ,S22T,L1P,GA / light,False,Day,2026-03-26 13:13:35,2026-03-26 00:00:00,2175.0000696,4.38018493421938,5,2175.0000696,4,2200.0000704000004,-484.20515698853615,True,True,True,False,True,True
8056539082852885403,GGCDB   ,SR20,L1P,GA / light,False,Day,2026-03-26 12:42:35,2026-03-26 00:00:00,925.0000296,19.44192854761001,2,,0,,,True,False,True,False,False,True
18267037551468238553,URO913P ,A346,L4J,Large jet,True,Day,2026-03-26 13:44:00,2026-03-26 00:00:00,2975.0000952000005,1.0997013348782165,2,2975.0000952000005,2,2975.0000952000005,-97.33411585721205,True,True,True,False,True,True
17377468495348465632,GPORK   ,AA5,L1P,GA / light,False,Day,2026-03-26 13:31:25,2026-03-26 00:00:00,,,0,,0,,,False,False,False,False,False,False
15692471497491737128,BTNIA10 ,G115,L1P,GA / light,False,Day,2026-03-26 14:31:25,2026-03-26 00:00:00,,,0,,0,,,False,False,False,False,False,False
17094806227358426861,BTNIA16 ,G115,L1P,GA / light,False,Day,2026-03-26 14:33:20,2026-03-26 00:00:00,,,0,,0,,,False,False,False,False,False,False
1195665570886176369,GBEWR   ,C172,L1P,GA / light,False,Day,2026-03-26 15:49:10,2026-03-26 00:00:00,875.0000279999999,17.013914045727606,2,,0,,,True,False,True,False,False,True
8148265964964983169,GCKYL   ,C42,L1P,GA / light,False,Day,2026-03-26 15:41:30,2026-03-26 00:00:00,,,0,,0,,,False,False,False,False,False,False
5247485354041568735,EZY56BH ,A319,L2J,Large jet,True,Day,2026-03-26 16:20:45,2026-03-26 00:00:00,,,0,,0,,,False,False,False,False,False,False
15565373987561507605,RYR54WK ,B38M,L2J,Large jet,True,Day,2026-03-26 18:26:40,2026-03-26 00:00:00,,,0,,0,,,False,False,False,False,False,False
15243202499172516399,SRD375  ,A139,,Other,False,Day,2026-03-26 16:05:35,2026-03-26 00:00:00,,,0,,0,,,False,False,False,False,True,True
1112437232990886552,GDSJT   ,C182,L1P,GA / light,False,Day,2026-03-26 15:26:40,2026-03-26 00:00:00,800.0000256,15.464364524767815,1,,0,,,True,False,True,False,True,True
12346693074353435663,,P28A,L1P,GA / light,False,Day,2026-03-26 15:21:30,2026-03-26 00:00:00,,,0,,0,,,False,False,False,False,False,False
10437983437756664547,SFY1TM  ,DA42,L2P,GA / light,False,Day,2026-03-26 17:22:15,2026-03-26 00:00:00,1650.0000528,2.0155413004770586,2,1650.0000528,1,1650.0000528,-1547.9368164632288,True,True,True,True,False,True
2201238807292802833,GNNJA   ,SKRA,L1P,GA / light,False,Day,2026-03-26 15:43:00,2026-03-26 00:00:00,,,0,,0,,,False,False,False,False,False,False
10290669619755485088,TOM6TM  ,B738,L2J,Large jet,True,Day,2026-03-26 17:58:40,2026-03-26 00:00:00,,,0,,0,,,False,False,False,False,False,False
8724309147812851310,FRA83   ,FA20,L2J,Business jet,False,Day,2026-03-26 16:06:35,2026-03-26 00:00:00,550.0000176000001,13.056544921953872,2,,0,,,True,False,True,False,False,True
4313413055762147836,BTNIA18 ,G115,L1P,GA / light,False,Day,2026-03-26 16:30:05,2026-03-26 00:00:00,,,0,,0,,,False,False,False,False,False,False
5095749572643150261,GBUFH   ,P28A,L1P,GA / light,False,Day,2026-03-26 16:59:55,2026-03-26 00:00:00,450.0000144,15.171534438118115,15,,0,,,True,False,True,False,True,True
3282846073329220461,GCISE   ,PULS,L1P,GA / light,False,Day,2026-03-26 17:16:15,2026-03-26 00:00:00,,,0,,0,,,False,False,False,False,False,False
15457937942194187918,EXS67BH ,B738,L2J,Large jet,True,Evening,2026-03-26 19:55:25,2026-03-26 00:00:00,,,0,,0,,,False,False,False,False,False,False
1620324170041507296,GBEWR   ,C172,L1P,GA / light,False,Day,2026-03-26 18:51:10,2026-03-26 00:00:00,375.000012,15.572157491689957,2,,0,,,True,False,True,False,False,True
13031835381356029801,RYR445X ,B738,L2J,Large jet,True,Evening,2026-03-26 20:51:20,2026-03-26 00:00:00,,,0,,0,,,False,False,False,False,False,False
6058278628081282862,RYR20MC ,B38M,L2J,Large jet,True,Evening,2026-03-26 21:12:15,2026-03-26 00:00:00,,,0,,0,,,False,False,False,False,False,False
758733986095018597,SFY1TM  ,DA42,L2P,GA / light,False,Day,2026-03-27 10:31:30,2026-03-27 00:00:00,800.0000256,13.133670926935984,2,,0,,,True,False,True,False,False,True
15674049523640848810,GBGYH   ,P28A,L1P,GA / light,False,Day,2026-03-27 10:09:35,2026-03-27 00:00:00,300.0000096,15.221929631576797,3,,0,,,True,False,True,False,True,True
14895070866789602330,FRA39   ,BN2T,,Other,False,Day,2026-03-27 11:56:10,2026-03-27 00:00:00,400.0000128,15.538870350574234,23,1300.0000416,12,1800.0000576,-1246.1870287250401,True,True,True,True,True,True
17663504851834640356,RYR6FY  ,B738,L2J,Large jet,True,Day,2026-03-27 12:24:30,2026-03-27 00:00:00,,,0,,0,,,False,False,False,False,False,False
5924541245306841087,SRG226B ,B350,,Turboprop,False,Day,2026-03-27 13:41:45,2026-03-27 00:00:00,1800.0000576,3.2737558100599315,4,1800.0000576,3,2350.0000752,-568.9572460663821,True,True,True,False,True,True
8633612537233376180,SFY1TM  ,DA42,L2P,GA / light,False,Day,2026-03-27 13:43:50,2026-03-27 00:00:00,775.0000248,12.835772595575047,5,1800.0000576,2,1800.0000576,-1165.3706461292793,True,True,True,True,True,True
8481229330417736655,AMBER2  ,,,Other,False,Day,2026-03-27 12:46:00,2026-03-27 00:00:00,1775.0000568,7.450025691219168,2,1825.0000584,1,,,True,True,True,False,True,True
11604235833918100248,RYR46KY ,B38M,L2J,Large jet,True,Day,2026-03-27 13:59:30,2026-03-27 00:00:00,,,0,,0,,,False,False,False,False,False,False
10594214323634593334,HLE10   ,A169,H2T,Helicopter,False,Day,2026-03-27 12:21:30,2026-03-27 00:00:00,,,0,,0,,,False,False,False,False,False,True
11053733159022624779,FRA84   ,FA20,L2J,Business jet,False,Day,2026-03-27 15:20:15,2026-03-27 00:00:00,,,0,,0,,,False,False,False,False,True,True
11202708143226839679,TOM2TG  ,B738,L2J,Large jet,True,Day,2026-03-27 18:24:15,2026-03-27 00:00:00,2775.0000888,1.6046492499090241,1,2775.0000888,1,2775.0000888,-72.24460392871288,True,True,True,False,True,True
4306572311001139680,EXS67DE ,B738,L2J,Large jet,True,Day,2026-03-27 17:05:40,2026-03-27 00:00:00,,,0,,0,,,False,False,False,False,False,False
2148722666217788442,ECA2XA  ,C25A,L2J,Business jet,False,Day,2026-03-27 17:00:20,2026-03-27 00:00:00,,,0,,0,,,False,False,False,False,False,False
2196265542900583631,GBGYH   ,P28A,L1P,GA / light,False,Day,2026-03-27 15:54:30,2026-03-27 00:00:00,475.0000152,15.399755661380622,12,2325.0000744000004,6,,,True,True,True,False,True,True
17255812528902598190,EXS257G ,B738,L2J,Large jet,True,Day,2026-03-27 18:55:55,2026-03-27 00:00:00,2325.0000744000004,2.3922478564450267,1,2325.0000744000004,1,2325.0000744000004,-384.54729389068507,True,True,True,False,True,True
16193194548091933234,EZY56BH ,A320,L2J,Large jet,True,Day,2026-03-27 16:38:40,2026-03-27 00:00:00,,,0,,0,,,False,False,False,False,False,False
7123322972470710180,SRG375  ,A139,,Other,False,Day,2026-03-27 15:49:00,2026-03-27 00:00:00,,,0,,0,,,False,False,False,False,False,False
7488170181219883739,SRG375  ,A139,,Other,False,Day,2026-03-27 17:46:40,2026-03-27 00:00:00,,,0,,0,,,False,False,False,False,False,True
6968705673757158007,GMA023  ,BE20,L2T,Turboprop,False,Day,2026-03-27 16:46:25,2026-03-27 00:00:00,1000.000032,12.407267583187428,3,1900.0000608,2,,,True,True,True,False,True,True
16868560283132957682,SWW264  ,,,Other,False,Day,2026-03-27 17:34:55,2026-03-27 00:00:00,2325.0000744000004,3.0395279535544693,1,2325.0000744000004,1,,,True,True,True,False,True,True
12423060970668405226,RYR65FB ,,,Other,False,Evening,2026-03-27 19:47:20,2026-03-27 00:00:00,2975.0000952000005,1.3027904789899623,1,2975.0000952000005,1,2975.0000952000005,-361.6409302684997,True,True,True,False,True,True
9937069966223440721,URO681  ,A346,L4J,Large jet,True,Evening,2026-03-27 20:51:15,2026-03-27 00:00:00,2300.0000736,2.930937039751991,2,2300.0000736,2,2300.0000736,-316.06517803997394,True,True,True,False,True,True
14526353004847420615,RYR20MC ,,,Other,False,Evening,2026-03-27 21:09:15,2026-03-27 00:00:00,4200.0001344,12.384689730272608,1,,0,,,True,False,True,False,False,False
2598046834562775861,RYR5AM  ,B738,L2J,Large jet,True,Evening,2026-03-27 22:45:00,2026-03-27 00:00:00,,,0,,0,,,False,False,False,False,False,False
5281214651921864486,SRG375  ,A139,,Other,False,Evening,2026-03-27 19:33:05,2026-03-27 00:00:00,,,0,,0,,,False,False,False,False,False,True
17115550654557675118,RUK8BP  ,B738,L2J,Large jet,True,Evening,2026-03-27 21:59:55,2026-03-27 00:00:00,3025.0000968000004,1.1960281028607869,1,3025.0000968000004,1,3025.0000968000004,-184.00287447518122,True,True,True,False,True,True
11375229385118420600,RYR22HC ,B38M,L2J,Large jet,True,Day,2026-03-28 07:06:50,2026-03-28 00:00:00,2525.0000808,1.7616634954304429,1,2525.0000808,1,2525.0000808,-293.73560620499075,True,True,True,False,True,True
18208234157711632063,EZS15WP ,A320,L2J,Large jet,True,Day,2026-03-28 08:11:55,2026-03-28 00:00:00,2200.0000704000004,3.114954049330893,1,2200.0000704000004,1,2175.0000696,-435.3472913751798,True,True,True,False,True,True
14770094892464573671,HLE10   ,A169,H2T,Helicopter,False,Day,2026-03-28 10:07:15,2026-03-28 00:00:00,,,0,,0,,,False,False,False,False,False,True
4855907423935111389,LUA817F ,C56X,L2J,Business jet,False,Day,2026-03-28 10:58:40,2026-03-28 00:00:00,2550.0000816,2.7269997170949325,7,2550.0000816,6,2600.0000832,-343.32657887792357,True,True,True,False,True,True
12284676994553095423,GARMC   ,DHC1,L1P,GA / light,False,Day,2026-03-28 09:54:00,2026-03-28 00:00:00,,,0,,0,,,False,False,False,False,False,True
14264500876826899568,VCG1EZ  ,C25M,L2J,Business jet,False,Day,2026-03-28 09:54:25,2026-03-28 00:00:00,2150.0000688,3.8014411943691364,2,2150.0000688,2,2150.0000688,-768.5909815424907,True,True,True,False,True,True
4606040192367931455,URO601  ,A346,L4J,Large jet,True,Day,2026-03-28 12:01:45,2026-03-28 00:00:00,1650.0000528,5.677700617158388,3,1650.0000528,3,,,True,True,True,False,True,True
13074006513837874205,SFY1TM  ,DA42,L2P,GA / light,False,Day,2026-03-28 11:44:45,2026-03-28 00:00:00,550.0000176000001,16.247734980893195,1,,0,,,True,False,True,False,False,True
14596220725658637405,TOM67H  ,B38M,L2J,Large jet,True,Day,2026-03-28 11:57:05,2026-03-28 00:00:00,2125.0000680000003,2.447389786684034,2,2125.0000680000003,2,2125.0000680000003,-687.5419728742381,True,True,True,False,True,True
15509662435525349384,EXS3GP  ,B738,L2J,Large jet,True,Day,2026-03-28 13:04:00,2026-03-28 00:00:00,2450.0000784,2.4130308741432778,2,2450.0000784,2,2550.0000816,-519.2743192410376,True,True,True,False,True,True
7820551164402896120,FRA39   ,BN2T,,Other,False,Day,2026-03-28 11:39:35,2026-03-28 00:00:00,,,0,,0,,,False,False,False,False,False,True
1360472539794455306,RYR11MN ,B738,L2J,Large jet,True,Day,2026-03-28 13:13:25,2026-03-28 00:00:00,,,0,,0,,,False,False,False,False,False,False
14412924100650177965,N278MP  ,TBM7,,Other,False,Day,2026-03-28 12:29:35,2026-03-28 00:00:00,1625.000052,7.619711654814945,2,1625.000052,1,,,True,True,True,False,True,True
14422058290691937939,GBEWR   ,C172,L1P,GA / light,False,Day,2026-03-28 12:40:45,2026-03-28 00:00:00,725.0000232000001,15.647103994744606,1,,0,,,True,False,True,False,True,True
6376173157770135506,RYR6765 ,B738,L2J,Large jet,True,Day,2026-03-28 15:21:15,2026-03-28 00:00:00,,,0,,0,,,False,False,False,False,False,False
18055868894268843648,GBWUH   ,P28A,L1P,GA / light,False,Day,2026-03-28 13:14:50,2026-03-28 00:00:00,,,0,,0,,,False,False,False,False,True,True
15451314508365765694,GCDAB   ,UNDEFINED,,Other,False,Day,2026-03-28 13:22:00,2026-03-28 00:00:00,1200.0000384,11.954612189486777,3,,0,,,True,False,True,False,False,True
6315179993204912948,GGCDB   ,SR20,L1P,GA / light,False,Day,2026-03-28 13:20:15,2026-03-28 00:00:00,375.000012,15.021026891273952,2,,0,,,True,False,True,False,False,True
9903865741904321667,URO804  ,A346,L4J,Large jet,True,Day,2026-03-28 14:04:20,2026-03-28 00:00:00,2875.000092,0.6329878543042532,1,2875.000092,1,2850.0000912,-260.48592979897285,True,True,True,False,True,True
16924169704550502613,SFY1TM  ,DA42,L2P,GA / light,False,Day,2026-03-28 14:54:20,2026-03-28 00:00:00,775.0000248,17.04337946700995,5,,0,,,True,False,True,False,False,True
17784353091810454760,EXS3AS  ,B738,L2J,Large jet,True,Day,2026-03-28 17:28:35,2026-03-28 00:00:00,1575.0000504,5.038312441497706,4,1575.0000504,3,2100.0000672,-782.4969076497241,True,True,True,False,True,True
10907775836059523071,GCNDC   ,,,Other,False,Day,2026-03-28 14:29:30,2026-03-28 00:00:00,,,0,,0,,,False,False,False,False,False,False
11183348219763019553,EZY2696 ,A320,L2J,Large jet,True,Day,2026-03-28 15:41:35,2026-03-28 00:00:00,,,0,,0,,,False,False,False,False,False,False
4414133633087902205,GOLAJ   ,R44,H1P,Helicopter,False,Day,2026-03-28 15:23:35,2026-03-28 00:00:00,325.0000104,16.685011947793708,5,,0,,,True,False,True,False,True,True
14089765362546771656,GBEWR   ,C172,L1P,GA / light,False,Day,2026-03-28 15:38:25,2026-03-28 00:00:00,325.0000104,15.818738362667528,3,,0,,,True,False,True,False,True,True
11009807591879287154,GBGYH   ,P28A,L1P,GA / light,False,Day,2026-03-28 15:30:55,2026-03-28 00:00:00,650.0000208,15.127778529457968,4,,0,,,True,False,True,False,False,True
2186000543623296528,SFY1TM  ,DA42,L2P,GA / light,False,Day,2026-03-28 17:11:35,2026-03-28 00:00:00,300.0000096,15.522468165207513,5,,0,,,True,False,True,False,False,True
18105879285740895319,GMA23   ,BE20,L2T,Turboprop,False,Day,2026-03-28 17:34:55,2026-03-28 00:00:00,275.00000880000005,14.255579337991126,7,1050.0000336,3,,,True,True,True,False,True,True
16956855953402517661,RYR46KY ,B38M,,Large jet,True,Evening,2026-03-28 22:18:45,2026-03-28 00:00:00,,,0,,0,,,False,False,False,False,False,False
9376091039333452998,RYR2043 ,B38M,,Large jet,True,Evening,2026-03-28 21:20:15,2026-03-28 00:00:00,,,0,,0,,,False,False,False,False,False,False
16800003416329596480,EXS14Q  ,B738,L2J,Large jet,True,Night,2026-03-28 23:42:30,2026-03-28 00:00:00,,,0,,0,,,False,False,False,False,False,False
15667736864394614635,RYR38NG ,B38M,,Large jet,True,Day,2026-03-29 07:22:25,2026-03-29 00:00:00,,,0,,0,,,False,False,False,False,False,False
1724198989448834242,GBUJP   ,P28A,L1P,GA / light,False,Day,2026-03-29 09:09:45,2026-03-29 00:00:00,,,0,,0,,,False,False,False,False,False,True
15023549754753242185,N35SN   ,BE35,L1P,GA / light,False,Day,2026-03-29 10:23:50,2026-03-29 00:00:00,900.0000288,9.977108482273714,1,,0,,,True,False,True,False,True,True
1741320533868171365,SFY1TM  ,DA42,L2P,GA / light,False,Day,2026-03-29 09:06:55,2026-03-29 00:00:00,1400.0000448,1.827600058031742,2,1400.0000448,1,1400.0000448,-1495.7533359584022,True,True,True,True,True,True
9367212225238429242,GHBBH   ,C42,L1P,GA / light,False,Day,2026-03-29 09:20:00,2026-03-29 00:00:00,,,0,,0,,,False,False,False,False,False,True
10471286073880296977,GOLGE   ,SR20,,Other,False,Day,2026-03-29 09:36:40,2026-03-29 00:00:00,600.0000192,17.541678651779325,1,,0,,,True,False,True,False,False,True
5270188945498655526,VCG2EZ  ,C25M,L2J,Business jet,False,Day,2026-03-29 09:45:10,2026-03-29 00:00:00,2000.000064,4.294830960767468,1,2000.000064,1,,,True,True,True,False,True,True
5739543843254849010,RYR363C ,B38M,,Large jet,True,Day,2026-03-29 11:41:55,2026-03-29 00:00:00,2050.0000656,4.11914950257135,2,2050.0000656,2,2300.0000736,-555.2892927182615,True,True,True,False,True,True
17009729309579447914,SRD375  ,,,Other,False,Day,2026-03-29 11:20:15,2026-03-29 00:00:00,,,0,,0,,,False,False,False,False,True,True
16684176570791267899,SFY1TM  ,DA42,L2P,GA / light,False,Day,2026-03-29 11:31:50,2026-03-29 00:00:00,325.0000104,16.168513219854624,1,,0,,,True,False,True,False,False,True
10587837577756713887,GBEWR   ,C172,L1P,GA / light,False,Day,2026-03-29 10:54:25,2026-03-29 00:00:00,700.0000224,15.838412701210547,9,1300.0000416,2,1325.0000424,-1857.6446920621288,True,True,True,True,True,True
14532949748841016666,GBUFH   ,P28A,L1P,GA / light,False,Day,2026-03-29 10:51:10,2026-03-29 00:00:00,475.0000152,15.272830533893334,3,,0,,,True,False,True,False,False,True
7585647102464917750,NJU745M ,F2TH,,Business jet,False,Day,2026-03-29 11:45:40,2026-03-29 00:00:00,2550.0000816,2.125096362114646,4,2550.0000816,4,2550.0000816,-852.8598665780651,True,True,True,False,True,True
10029694447326918444,RYR2XN  ,B38M,L2J,Large jet,True,Day,2026-03-29 13:30:05,2026-03-29 00:00:00,,,0,,0,,,False,False,False,False,False,False
15091488630878320749,GOLAJ   ,R44,H1P,Helicopter,False,Day,2026-03-29 12:33:50,2026-03-29 00:00:00,375.000012,15.675836057234942,1,,0,,,True,False,True,False,True,True
15753829844716322044,RYR12YU ,B38M,L2J,Large jet,True,Day,2026-03-29 14:10:10,2026-03-29 00:00:00,2175.0000696,2.176513429439175,1,2175.0000696,1,2175.0000696,-572.2731988102109,True,True,True,False,True,True
18163036641129078347,GBUFH   ,P28A,L1P,GA / light,False,Day,2026-03-29 12:49:00,2026-03-29 00:00:00,550.0000176000001,16.134100191024636,12,,0,,,True,False,True,False,False,True
2875418247452977150,SFY1TM  ,DA42,L2P,GA / light,False,Day,2026-03-29 13:21:40,2026-03-29 00:00:00,300.0000096,15.247691274670983,6,,0,,,True,False,True,False,False,True
5894458858466869794,RYR117J ,,,Other,False,Day,2026-03-29 14:49:40,2026-03-29 00:00:00,1600.0000512,6.54489583922223,1,,0,,,True,False,True,False,True,True
12189018320663638469,RYR8947 ,B38M,,Large jet,True,Day,2026-03-29 15:52:20,2026-03-29 00:00:00,,,0,,0,,,False,False,False,False,False,False
2645394247857243178,URO913  ,A346,L4J,Large jet,True,Day,2026-03-29 13:41:40,2026-03-29 00:00:00,2075.0000664,2.1175969357035895,3,2075.0000664,3,2075.0000664,-747.8442883423972,True,True,True,False,True,True
15048610931131314938,EXS68AT ,B738,L2J,Large jet,True,Day,2026-03-29 16:48:15,2026-03-29 00:00:00,2500.00008,2.2755252855865167,1,2500.00008,1,2500.00008,-227.5942588197472,True,True,True,False,True,True
14807433732745245320,GBHWY   ,P28R,L1P,GA / light,False,Day,2026-03-29 13:27:30,2026-03-29 00:00:00,1100.0000352000002,2.6621165317706743,5,1100.0000352000002,5,1200.0000384,-2316.3002234470414,True,True,True,True,True,True
5473101837589921641,EXS71BS ,B738,L2J,Large jet,True,Day,2026-03-29 17:18:20,2026-03-29 00:00:00,1900.0000608,5.79192977611937,1,1900.0000608,1,,,True,True,True,False,True,True
1304584025295125508,SRD375  ,,,Other,False,Day,2026-03-29 15:53:00,2026-03-29 00:00:00,325.0000104,15.617339855138257,18,1575.0000504,7,1575.0000504,-1480.7655761411206,True,True,True,True,True,True
2897600635095974444,TOM6KM  ,B738,L2J,Large jet,True,Day,2026-03-29 17:35:30,2026-03-29 00:00:00,2050.0000656,3.337709610355658,5,2050.0000656,5,2200.0000704000004,-678.3169493771397,True,True,True,False,True,True
3816292594833227357,GBGYH   ,P28A,L1P,GA / light,False,Day,2026-03-29 17:56:50,2026-03-29 00:00:00,975.0000312,12.224975635295166,2,,0,,,True,False,True,False,True,True
9908610088455266653,RUK1133 ,B738,L2J,Large jet,True,Day,2026-03-29 17:22:10,2026-03-29 00:00:00,2725.0000872,1.1631456902970847,1,2725.0000872,1,2725.0000872,-232.3737961591778,True,True,True,False,True,True
16533718270599660818,SFY1TM  ,DA42,L2P,GA / light,False,Day,2026-03-29 16:58:25,2026-03-29 00:00:00,250.000008,18.249026789356027,7,1625.000052,2,1625.000052,-1385.085996763012,True,True,True,True,True,True
12841825383387990975,GMOSH   ,P28R,L1P,GA / light,False,Day,2026-03-29 17:32:50,2026-03-29 00:00:00,200.0000064,15.198925300774238,16,900.0000288,9,1000.000032,-2624.066221291743,True,True,True,True,True,True
10087345325143307739,,P28A,L1P,GA / light,False,Day,2026-03-29 17:45:25,2026-03-29 00:00:00,,,0,,0,,,False,False,False,False,True,True
16065479686243718355,RYR80XD ,B38M,,Large jet,True,Night,2026-03-29 22:06:00,2026-03-29 00:00:00,,,0,,0,,,False,False,False,False,True,True
3060831522499724448,RYR8PA  ,B38M,,Large jet,True,Evening,2026-03-29 21:52:45,2026-03-29 00:00:00,,,0,,0,,,False,False,False,False,False,False
14009634014159872957,URO681  ,A346,L4J,Large jet,True,Day,2026-03-30 09:46:35,2026-03-30 00:00:00,2175.0000696,2.058521904888959,1,2175.0000696,1,2175.0000696,-601.5281594056187,True,True,True,False,True,True
15908863447527030117,SFY1TM  ,DA42,L2P,GA / light,False,Day,2026-03-30 08:23:05,2026-03-30 00:00:00,250.000008,14.742259555482594,5,,0,,,True,False,True,False,True,True
17551364307124488949,SLS7V   ,PC12,L1T,Turboprop,False,Day,2026-03-30 09:04:50,2026-03-30 00:00:00,1325.0000424,11.302699894989788,1,,0,,,True,False,True,False,True,True
4323684540235983923,RYR2XN  ,B38M,,Large jet,True,Day,2026-03-30 11:21:25,2026-03-30 00:00:00,2375.0000760000003,2.3968117822704547,1,2375.0000760000003,1,2375.0000760000003,-329.73159867379127,True,True,True,False,True,True
14023630494310467733,EXS697J ,B738,L2J,Large jet,True,Day,2026-03-30 12:03:50,2026-03-30 00:00:00,2725.0000872,2.735412581228495,1,2725.0000872,1,2725.0000872,-297.3457274558541,True,True,True,False,True,True
14913438266600502526,GBEWR   ,C172,L1P,GA / light,False,Day,2026-03-30 10:36:10,2026-03-30 00:00:00,800.0000256,17.827135779122013,4,,0,,,True,False,True,False,False,True
11970663901578338884,TOM8NM  ,B738,L2J,Large jet,True,Day,2026-03-30 13:11:55,2026-03-30 00:00:00,1625.000052,4.734551920332641,3,1625.000052,2,,,True,True,True,False,True,True
910847975297223197,SFY1TM  ,DA42,L2P,GA / light,False,Day,2026-03-30 11:14:25,2026-03-30 00:00:00,500.000016,14.642863917084473,4,1500.000048,1,1500.000048,-1336.0934653190227,True,True,True,True,True,True
17594083649270725827,RYR7624 ,B38M,,Large jet,True,Day,2026-03-30 13:54:15,2026-03-30 00:00:00,,,0,,0,,,False,False,False,False,True,True
3985422030252366175,SRD203B ,BE20,L2T,Turboprop,False,Day,2026-03-30 13:11:40,2026-03-30 00:00:00,1625.000052,6.588730524049526,3,1650.0000528,2,1650.0000528,-1051.0369747229156,True,True,True,True,True,True
5911104949752692223,BTNIA18 ,G115,L1P,GA / light,False,Day,2026-03-30 12:27:45,2026-03-30 00:00:00,,,0,,0,,,False,False,False,False,False,False
9147697995570477684,RYR117J ,B738,L2J,Large jet,True,Day,2026-03-30 14:53:15,2026-03-30 00:00:00,2550.0000816,2.0443241175407056,1,2550.0000816,1,2550.0000816,-321.959924002002,True,True,True,False,True,True
9924150066687447442,AMBER2  ,FA20,L2J,Business jet,False,Day,2026-03-30 15:24:20,2026-03-30 00:00:00,1125.0000360000001,6.746133380169367,7,1150.0000368,3,1150.0000368,-1560.737055114027,True,True,True,True,False,True
16479761784210833566,EXS34HS ,B738,L2J,Large jet,True,Day,2026-03-30 16:29:10,2026-03-30 00:00:00,2150.0000688,3.1397389889246456,2,2150.0000688,2,2150.0000688,-765.4699219691183,True,True,True,False,True,True
10077177290536656551,RYR22ZK ,B38M,,Large jet,True,Day,2026-03-30 16:34:25,2026-03-30 00:00:00,2125.0000680000003,3.2262703353740605,1,2125.0000680000003,1,,,True,True,True,False,True,True
12831249048126836753,GMA19   ,BE20,L2T,Turboprop,False,Day,2026-03-30 14:46:30,2026-03-30 00:00:00,1100.0000352000002,12.204281994308362,1,,0,,,True,False,True,False,True,True
3104594722599011760,N71WZ   ,PA46,L1P,GA / light,False,Day,2026-03-30 15:36:50,2026-03-30 00:00:00,3600.0001152,18.8377042451434,4,,0,,,True,False,True,False,True,True
15279915023233213091,TOM4EG  ,B738,L2J,Large jet,True,Day,2026-03-30 17:05:15,2026-03-30 00:00:00,2625.0000840000002,3.448342421176444,1,2625.0000840000002,1,2600.0000832,-340.38392822976084,True,True,True,False,True,True
11748758160963445134,GAC095B ,C510,L2J,Business jet,False,Day,2026-03-30 16:00:05,2026-03-30 00:00:00,1650.0000528,5.545857415472182,4,1650.0000528,3,2175.0000696,-749.6044236235643,True,True,True,False,True,True
17714275096293755943,RYR7KY  ,B38M,,Large jet,True,Day,2026-03-30 16:23:20,2026-03-30 00:00:00,,,0,,0,,,False,False,False,False,False,False
5210906402076846993,SFY1TM  ,DA42,L2P,GA / light,False,Day,2026-03-30 15:15:50,2026-03-30 00:00:00,525.0000168,13.062226602961479,2,1325.0000424,1,,,True,True,True,False,True,True
16914229293011982592,LUA817F ,,,Other,False,Day,2026-03-30 16:36:40,2026-03-30 00:00:00,1325.0000424,8.749290501956724,5,2025.0000648,4,2025.0000648,-992.841207768869,True,True,True,False,True,True
13290369166308690540,SFY1TM  ,DA42,L2P,GA / light,False,Day,2026-03-30 16:59:55,2026-03-30 00:00:00,200.0000064,14.974042367018086,9,,0,,,True,False,True,False,False,True
2531662881986872019,RYR80XD ,B738,L2J,Large jet,True,Evening,2026-03-30 18:42:50,2026-03-30 00:00:00,2125.0000680000003,3.7450680422540947,1,2125.0000680000003,1,,,True,True,True,False,True,True
13462079173574232027,GMA23   ,BE20,L2T,Turboprop,False,Day,2026-03-30 16:53:20,2026-03-30 00:00:00,300.0000096,15.089959450245377,11,1150.0000368,3,,,True,True,True,False,True,True
1357133483067220165,NJE9YU  ,E55P,L2J,Business jet,False,Evening,2026-03-30 20:24:30,2026-03-30 00:00:00,,,0,,0,,,False,False,False,False,False,False
5325317870653970085,RYR38NG ,B38M,,Large jet,True,Night,2026-03-30 22:02:15,2026-03-30 00:00:00,,,0,,0,,,False,False,False,False,True,True
16804828018467944946,RYR12YU ,B38M,,Large jet,True,Night,2026-03-30 22:08:20,2026-03-30 00:00:00,,,0,,0,,,False,False,False,False,False,False
5225014711005932840,SUSME   ,C680,L2J,Business jet,False,Day,2026-03-31 09:18:00,2026-03-31 00:00:00,,,0,,0,,,False,False,False,False,False,False
11885269405732097132,RYR80XD ,B738,L2J,Large jet,True,Day,2026-03-31 08:25:10,2026-03-31 00:00:00,2475.0000792,1.9632557023026453,1,2475.0000792,1,2475.0000792,-451.314621617129,True,True,True,False,True,True
14688657659498062579,RYR7099 ,B38M,,Large jet,True,Day,2026-03-31 09:46:00,2026-03-31 00:00:00,2025.0000648,3.6897004375165077,1,2025.0000648,1,,,True,True,True,False,True,True
11725945807704356707,GBUFH   ,P28A,L1P,GA / light,False,Day,2026-03-31 10:23:25,2026-03-31 00:00:00,425.00001360000005,16.13110030775257,14,,0,,,True,False,True,False,False,True
18222217885874975732,GAVFZ   ,P28A,L1P,GA / light,False,Day,2026-03-31 10:08:05,2026-03-31 00:00:00,2300.0000736,19.96461738633585,1,,0,,,True,False,True,False,False,True
18061257878648186576,GPORK   ,AA5,L1P,GA / light,False,Day,2026-03-31 10:33:10,2026-03-31 00:00:00,,,0,,0,,,False,False,False,False,False,False
4496208673435284622,URO913  ,A346,L4J,Large jet,True,Day,2026-03-31 10:41:15,2026-03-31 00:00:00,2350.0000752,2.439149577082589,1,2350.0000752,1,2350.0000752,-358.97676167401687,True,True,True,False,True,True
16045819161509734640,EXS86KL ,B738,L2J,Large jet,True,Day,2026-03-31 12:08:25,2026-03-31 00:00:00,,,0,,0,,,False,False,False,False,False,False
10813171666777422851,N936CT  ,S22T,L1P,GA / light,False,Day,2026-03-31 11:03:35,2026-03-31 00:00:00,175.0000056,15.0532357503307,9,,0,,,True,False,True,False,True,True
7157944800882836966,PYN01   ,BE20,L2T,Turboprop,False,Day,2026-03-31 10:55:50,2026-03-31 00:00:00,2100.0000672,3.066474311009431,1,2100.0000672,1,,,True,True,True,False,True,True
14760572903709810390,N986DT  ,S22T,L1P,GA / light,False,Day,2026-03-31 11:50:05,2026-03-31 00:00:00,800.0000256,9.661517904630326,1,,0,,,True,False,True,False,True,True
7283570814986084076,CGJZJ   ,CRJ2,L2J,Large jet,True,Day,2026-03-31 14:19:25,2026-03-31 00:00:00,1700.0000544000002,5.082049596072809,2,1700.0000544000002,2,,,True,True,True,False,True,True
1468425909235194944,GBEWR   ,C172,L1P,GA / light,False,Day,2026-03-31 11:38:35,2026-03-31 00:00:00,725.0000232000001,15.590739276404458,2,,0,,,True,False,True,False,False,True
10249878828073499875,RYR8947 ,B38M,,Large jet,True,Day,2026-03-31 13:38:35,2026-03-31 00:00:00,2500.00008,1.0709290138912912,1,2500.00008,1,2500.00008,-562.9976423160924,True,True,True,False,True,True
8252412257155302983,GBUFH   ,P28A,L1P,GA / light,False,Day,2026-03-31 12:38:35,2026-03-31 00:00:00,500.000016,15.987083564185061,23,,0,,,True,False,True,False,True,True
13708900923016744074,MARDI   ,GLF6,L2J,Business jet,False,Day,2026-03-31 13:00:40,2026-03-31 00:00:00,2025.0000648,3.001881258969877,3,2025.0000648,3,2050.0000656,-1041.866153792233,True,True,True,False,True,True
4978773218021136316,SFY3DB  ,,,Other,False,Day,2026-03-31 13:46:55,2026-03-31 00:00:00,650.0000208,14.708711722181132,6,,0,,,True,False,True,False,True,True
3072735146455858488,EXS73G  ,B738,L2J,Large jet,True,Day,2026-03-31 16:15:05,2026-03-31 00:00:00,1575.0000504,5.832239607387811,3,1575.0000504,3,,,True,True,True,False,True,True
13909715950860120595,RYR2XN  ,B738,L2J,Large jet,True,Day,2026-03-31 14:35:30,2026-03-31 00:00:00,1850.0000592,4.923169624424632,2,1850.0000592,2,,,True,True,True,False,True,True
14098370247913353992,GBPOS   ,C150,L1P,GA / light,False,Day,2026-03-31 14:49:30,2026-03-31 00:00:00,450.0000144,15.177274787559238,4,,0,,,True,False,True,False,True,True
832673655045400572,RYR117J ,B738,L2J,Large jet,True,Day,2026-03-31 15:30:10,2026-03-31 00:00:00,,,0,,0,,,False,False,False,False,True,True
2179315761053077187,RYR8PA  ,B38M,,Large jet,True,Day,2026-03-31 15:27:35,2026-03-31 00:00:00,,,0,,0,,,False,False,False,False,False,False
13913703240205911837,GBEWR   ,C172,L1P,GA / light,False,Day,2026-03-31 14:47:15,2026-03-31 00:00:00,250.000008,14.772377729187367,7,,0,,,True,False,True,False,True,True
17916848029811276983,SFY3DB  ,,,Other,False,Day,2026-03-31 15:37:55,2026-03-31 00:00:00,350.0000112,15.277268696796503,35,,0,,,True,False,True,False,False,True
6549178926234594325,MMZ631P ,B763,L2J,Large jet,True,Day,2026-03-31 16:53:35,2026-03-31 00:00:00,1575.0000504,3.277017774578761,2,1575.0000504,2,1600.0000512,-1154.282252328295,True,True,True,True,True,True
384568521475907735,GBGYH   ,P28A,L1P,GA / light,False,Day,2026-03-31 15:24:45,2026-03-31 00:00:00,250.000008,15.27170614135692,2,,0,,,True,False,True,False,True,True
15466497417499944622,RUK1133 ,B738,,Large jet,True,Day,2026-03-31 16:08:50,2026-03-31 00:00:00,,,0,,0,,,False,False,False,False,False,False
10676582632677985280,GBWUH   ,P28A,L1P,GA / light,False,Day,2026-03-31 16:59:55,2026-03-31 00:00:00,225.0000072,14.412958527697398,27,1150.0000368,1,,,True,True,True,False,True,True
9838674024613035749,GAVFZ   ,P28A,L1P,GA / light,False,Day,2026-03-31 15:55:50,2026-03-31 00:00:00,,,0,,0,,,False,False,False,False,False,True
18394484292212228864,GBUFH   ,P28A,L1P,GA / light,False,Day,2026-03-31 16:53:35,2026-03-31 00:00:00,675.0000216000001,15.367346832876917,3,,0,,,True,False,True,False,False,True
14655282360557270794,RYR273  ,B38M,,Large jet,True,Evening,2026-03-31 19:26:50,2026-03-31 00:00:00,,,0,,0,,,False,False,False,False,False,False
7335146136224716087,GLIFB   ,AP32,L1P,GA / light,False,Day,2026-03-31 16:24:40,2026-03-31 00:00:00,,,0,,0,,,False,False,False,False,False,False
4886022111593189992,RYR384B ,B38M,L2J,Large jet,True,Evening,2026-03-31 19:31:35,2026-03-31 00:00:00,,,0,,0,,,False,False,False,False,False,False
1005146761827290140,RYR12YU ,B738,L2J,Large jet,True,Evening,2026-03-31 19:23:35,2026-03-31 00:00:00,2225.0000712,2.630132439977113,1,2225.0000712,1,2200.0000704000004,-758.8166506062425,True,True,True,False,True,True
9972551167736383832,TOM83T  ,B738,L2J,Large jet,True,Night,2026-03-31 22:07:25,2026-03-31 00:00:00,,,0,,0,,,False,False,False,False,True,True
10268228330152857521,RYR6504 ,B38M,,Large jet,True,Evening,2026-03-31 21:00:05,2026-03-31 00:00:00,4200.0001344,9.05541306777076,1,,0,,,True,False,True,False,False,False
1203567900708797684,EXS159E ,B738,L2J,Large jet,True,Night,2026-03-31 22:14:55,2026-03-31 00:00:00,,,0,,0,,,False,False,False,False,False,False
17893763948602531338,RYR363C ,B738,L2J,Large jet,True,Night,2026-03-31 22:27:05,2026-03-31 00:00:00,2800.0000896,1.7789036962167644,2,2800.0000896,2,2800.0000896,-445.5179164140377,True,True,True,False,True,True
445019414710775996,URO601  ,A346,L4J,Large jet,True,Night,2026-03-31 22:56:55,2026-03-31 00:00:00,1050.0000336,8.93052586870503,2,1075.0000344,1,,,True,True,True,False,True,True
14588769205953083027,RYR117J ,B38M,L2J,Large jet,True,Day,2026-04-01 06:11:05,2026-04-01 00:00:00,,,0,,0,,,False,False,False,False,False,False
7853706320586203064,RYR7AB  ,,,Other,False,Day,2026-04-01 07:37:25,2026-04-01 00:00:00,,,0,,0,,,False,False,False,False,False,False
7911509217210349842,BTNIB11 ,G115,L1P,GA / light,False,Day,2026-04-01 09:20:50,2026-04-01 00:00:00,,,0,,0,,,False,False,False,False,False,False
1179349177467369186,,,,Other,False,Day,2026-04-01 08:42:45,2026-04-01 00:00:00,,,0,,0,,,False,False,False,False,False,True
17905490766380126244,SFY3DB  ,,,Other,False,Day,2026-04-01 09:08:00,2026-04-01 00:00:00,600.0000192,16.690378838886502,4,,0,,,True,False,True,False,False,True
10020673426898620886,RYR363C ,B38M,,Large jet,True,Day,2026-04-01 11:36:45,2026-04-01 00:00:00,,,0,,0,,,False,False,False,False,False,False
5540742444809697318,EXS31ED ,B738,L2J,Large jet,True,Day,2026-04-01 12:02:35,2026-04-01 00:00:00,,,0,,0,,,False,False,False,False,True,True
6744356227612005845,GBUFH   ,P28A,L1P,GA / light,False,Day,2026-04-01 10:33:00,2026-04-01 00:00:00,525.0000168,16.250516849179537,8,,0,,,True,False,True,False,False,True
11050733926178282590,GBEWR   ,C172,L1P,GA / light,False,Day,2026-04-01 11:38:45,2026-04-01 00:00:00,250.000008,15.799456712920618,7,,0,,,True,False,True,False,False,True
3412369117681933261,GBGYH   ,P28A,L1P,GA / light,False,Day,2026-04-01 11:30:15,2026-04-01 00:00:00,500.000016,15.722534666122677,3,,0,,,True,False,True,False,False,True
15949555768897597487,GCKYL   ,C42,L1P,GA / light,False,Day,2026-04-01 11:40:05,2026-04-01 00:00:00,,,0,,0,,,False,False,False,False,False,False
4506213478203382207,SFY3DB  ,DA42,L2P,GA / light,False,Day,2026-04-01 11:16:55,2026-04-01 00:00:00,550.0000176000001,15.64139106958151,9,,0,,,True,False,True,False,False,True
16156832060220711363,GFFMV   ,DA42,L2P,GA / light,False,Day,2026-04-01 11:32:20,2026-04-01 00:00:00,,,0,,0,,,False,False,False,False,False,True
8047025342068727554,RYR5RR  ,B38M,L2J,Large jet,True,Day,2026-04-01 13:43:05,2026-04-01 00:00:00,,,0,,0,,,False,False,False,False,False,False
9215299174385082830,GLIFB   ,AP32,L1P,GA / light,False,Day,2026-04-01 11:59:55,2026-04-01 00:00:00,,,0,,0,,,False,False,False,False,False,True
9306384448729034687,,RV9,L1P,GA / light,False,Day,2026-04-01 11:38:15,2026-04-01 00:00:00,,,0,,0,,,False,False,False,False,False,False
5291337271122188162,RYR80XD ,B738,L2J,Large jet,True,Day,2026-04-01 14:06:25,2026-04-01 00:00:00,2175.0000696,4.145070729760474,4,2175.0000696,3,2200.0000704000004,-546.8406509498741,True,True,True,False,True,True
8014933908732088056,RYR6765 ,B38M,L2J,Large jet,True,Day,2026-04-01 15:37:20,2026-04-01 00:00:00,,,0,,0,,,False,False,False,False,False,False
16905043457136748297,GGCDB   ,SR20,L1P,GA / light,False,Day,2026-04-01 12:48:40,2026-04-01 00:00:00,,,0,,0,,,False,False,False,False,False,False
12642844212216472484,,SR20,L1P,GA / light,False,Day,2026-04-01 12:40:10,2026-04-01 00:00:00,,,0,,0,,,False,False,False,False,True,True
9833794723828305153,GBEWR   ,C172,L1P,GA / light,False,Day,2026-04-01 13:14:20,2026-04-01 00:00:00,625.00002,14.031715479259553,5,,0,,,True,False,True,False,True,True
8198652456864766451,GCCZL   ,C42,L1P,GA / light,False,Day,2026-04-01 14:22:20,2026-04-01 00:00:00,,,0,,0,,,False,False,False,False,False,True
1209569549618452930,BTNIA14 ,G115,L1P,GA / light,False,Day,2026-04-01 14:35:50,2026-04-01 00:00:00,,,0,,0,,,False,False,False,False,False,False
10474222913581247978,CRIMSON1,FA20,L2J,Business jet,False,Day,2026-04-01 16:12:25,2026-04-01 00:00:00,1150.0000368,8.946743008997334,2,,0,,,True,False,True,False,True,True
17977689728987637656,EXS061J ,B738,L2J,Large jet,True,Day,2026-04-01 14:49:40,2026-04-01 00:00:00,3200.0001024,1.7461433382969833,1,3200.0001024,1,3200.0001024,-197.89700755051217,True,True,True,False,True,True
7094565798794429283,CRIMSON2,FA20,L2J,Business jet,False,Day,2026-04-01 16:10:35,2026-04-01 00:00:00,1225.0000392,10.062239074421125,1,,0,,,True,False,True,False,False,True
16136406114624717340,AMBER1  ,FA20,L2J,Business jet,False,Day,2026-04-01 15:41:45,2026-04-01 00:00:00,1150.0000368,9.375815017755027,2,,0,,,True,False,True,False,True,True
6368851545906172574,AMBER2  ,FA20,L2J,Business jet,False,Day,2026-04-01 15:49:05,2026-04-01 00:00:00,725.0000232000001,11.303027263791968,4,,0,,,True,False,True,False,True,True
3171331319234991390,GBEWR   ,C172,L1P,GA / light,False,Day,2026-04-01 15:40:00,2026-04-01 00:00:00,500.000016,17.63244146006254,12,1450.0000464000002,5,,,True,True,True,False,False,True
6240821879515815211,GBUFH   ,P28A,L1P,GA / light,False,Day,2026-04-01 14:41:30,2026-04-01 00:00:00,900.0000288,15.510744865290642,3,,0,,,True,False,True,False,True,True
16853318009050345025,EXS82F  ,B738,L2J,Large jet,True,Evening,2026-04-01 18:23:20,2026-04-01 00:00:00,,,0,,0,,,False,False,False,False,False,False
12321141885056084914,UAU44   ,G115,L1P,GA / light,False,Day,2026-04-01 15:52:05,2026-04-01 00:00:00,,,0,,0,,,False,False,False,False,False,False
6825192805582375955,GELMH   ,T6,L1P,GA / light,False,Day,2026-04-01 15:28:15,2026-04-01 00:00:00,725.0000232000001,15.781313564066457,1,,0,,,True,False,True,False,False,True
15679663053640013155,PYN01   ,BE20,L2T,Turboprop,False,Day,2026-04-01 16:56:05,2026-04-01 00:00:00,1100.0000352000002,11.329602874495091,5,1800.0000576,3,1800.0000576,-839.8200004685202,True,True,True,True,True,True
2286015377606171743,GOLGE   ,SR20,,Other,False,Day,2026-04-01 16:07:50,2026-04-01 00:00:00,900.0000288,17.949629182290643,1,,0,,,True,False,True,False,False,True
11232503110784387247,GBUFH   ,P28A,L1P,GA / light,False,Day,2026-04-01 15:59:55,2026-04-01 00:00:00,,,0,,0,,,False,False,False,False,True,True
717251193926189812,RYR3318 ,B38M,,Large jet,True,Day,2026-04-01 17:20:00,2026-04-01 00:00:00,,,0,,0,,,False,False,False,False,False,False
15859322409324420434,TOM7MH  ,B738,L2J,Large jet,True,Evening,2026-04-01 20:04:05,2026-04-01 00:00:00,2525.0000808,1.245118613119304,1,2525.0000808,1,2525.0000808,-407.4738572235142,True,True,True,False,True,True
7213158790708519564,SAH53P  ,BE4W,,Business jet,False,Day,2026-04-01 17:47:55,2026-04-01 00:00:00,,,0,,0,,,False,False,False,False,False,False
6640769255703313748,,DA42,L2P,GA / light,False,Day,2026-04-01 16:31:50,2026-04-01 00:00:00,,,0,,0,,,False,False,False,False,True,True
12527810963279162884,SFY3DB  ,DA42,L2P,GA / light,False,Day,2026-04-01 16:46:35,2026-04-01 00:00:00,950.0000304,18.74316174569091,2,,0,,,True,False,True,False,True,True
16383111693805631658,GMA23   ,BE20,L2T,Turboprop,False,Day,2026-04-01 17:57:55,2026-04-01 00:00:00,2250.0000720000003,2.4338695309643614,2,2250.0000720000003,2,2250.0000720000003,-661.7355338725188,True,True,True,False,True,True
3501932753700788059,SFY3DB  ,DA42,L2P,GA / light,False,Evening,2026-04-01 18:38:10,2026-04-01 00:00:00,775.0000248,15.49014518749372,13,,0,,,True,False,True,False,False,True
15133730861916959848,URO913  ,A346,L4J,Large jet,True,Evening,2026-04-01 19:04:20,2026-04-01 00:00:00,2575.0000824,0.5813070041788859,1,2575.0000824,1,2575.0000824,-568.5210177791191,True,True,True,False,True,True
6253544988640143585,CLY138  ,,,Other,False,Evening,2026-04-01 19:39:45,2026-04-01 00:00:00,2775.0000888,11.407115960170515,1,,0,2750.0000880000002,-110.61218607607816,True,False,True,False,True,True
14643767571454413350,RYR12YU ,B38M,L2J,Large jet,True,Night,2026-04-01 22:09:35,2026-04-01 00:00:00,2550.0000816,2.206941537321899,1,2550.0000816,1,2550.0000816,-188.58658255811724,True,True,True,False,True,True
8477864471798549986,RYR7KY  ,B38M,,Large jet,True,Evening,2026-04-01 21:57:10,2026-04-01 00:00:00,,,0,,0,,,False,False,False,False,False,False
4120039009263683374,RYR2XN  ,B38M,L2J,Large jet,True,Day,2026-04-02 07:02:35,2026-04-02 00:00:00,,,0,,0,,,False,False,False,False,True,True
16793960578183545808,RYR7KY  ,B38M,,Large jet,True,Day,2026-04-02 10:08:10,2026-04-02 00:00:00,,,0,,0,,,False,False,False,False,False,False
8134777236075461802,URO601  ,A346,L4J,Large jet,True,Day,2026-04-02 11:49:50,2026-04-02 00:00:00,,,0,,0,,,False,False,False,False,False,True
13699480401216163314,SFY3DB  ,DA42,L2P,GA / light,False,Day,2026-04-02 10:38:10,2026-04-02 00:00:00,950.0000304,19.623911528048232,6,,0,,,True,False,True,False,False,True
1995217186316639712,GBKAO   ,D11,L1P,GA / light,False,Day,2026-04-02 10:12:50,2026-04-02 00:00:00,,,0,,0,,,False,False,False,False,False,False
17542784765271233030,NJE6QY  ,E55P,L2J,Business jet,False,Day,2026-04-02 11:06:20,2026-04-02 00:00:00,,,0,,0,,,False,False,False,False,False,True
7349374672417618714,AMBER01 ,FA20,L2J,Business jet,False,Day,2026-04-02 11:37:10,2026-04-02 00:00:00,,,0,,0,,,False,False,False,False,False,True
147526048871605216,SFY1TM  ,DA42,L2P,GA / light,False,Day,2026-04-02 11:29:50,2026-04-02 00:00:00,,,0,,0,,,False,False,False,False,False,True
10781157732217101559,AAN171  ,,,Other,False,Day,2026-04-02 12:08:55,2026-04-02 00:00:00,,,0,,0,,,False,False,False,False,False,False
18317566605384596241,GCJTG   ,DIMO,L1P,GA / light,False,Day,2026-04-02 10:15:45,2026-04-02 00:00:00,,,0,,0,,,False,False,False,False,False,False
7244827951202409999,VJT938  ,GLEX,L2J,Business jet,False,Day,2026-04-02 13:59:55,2026-04-02 00:00:00,2725.0000872,6.520999417208058,1,,0,2750.0000880000002,-197.55771154492913,True,False,True,False,True,True
16566163977090144322,AMBER2  ,FA20,L2J,Business jet,False,Day,2026-04-02 11:45:20,2026-04-02 00:00:00,,,0,,0,,,False,False,False,False,False,True
10171257089634905184,GCKYL   ,C42,L1P,GA / light,False,Day,2026-04-02 10:52:15,2026-04-02 00:00:00,,,0,,0,,,False,False,False,False,False,False
15333137264497246107,RYR5RR  ,B38M,L2J,Large jet,True,Day,2026-04-02 12:26:30,2026-04-02 00:00:00,,,0,,0,,,False,False,False,False,False,False
18135416096352460839,SFU51   ,C42,L1P,GA / light,False,Day,2026-04-02 11:08:50,2026-04-02 00:00:00,,,0,,0,,,False,False,False,False,False,False
2314996990766324517,GBUFH   ,P28A,L1P,GA / light,False,Day,2026-04-02 11:44:00,2026-04-02 00:00:00,375.000012,18.162625049328067,4,,0,,,True,False,True,False,False,True
9736864054569078664,GBEUP   ,DR40,L1P,GA / light,False,Day,2026-04-02 11:16:10,2026-04-02 00:00:00,,,0,,0,,,False,False,False,False,True,True
2891145602329367348,GFIDO   ,SKRA,L1P,GA / light,False,Day,2026-04-02 11:33:05,2026-04-02 00:00:00,1200.0000384,2.2129703067086495,10,1200.0000384,10,1225.0000392,-2137.029307770049,True,True,True,True,True,True
335451239775727707,URO681  ,A346,L4J,Large jet,True,Day,2026-04-02 13:13:10,2026-04-02 00:00:00,1750.0000559999999,4.910974638120954,2,1750.0000559999999,2,,,True,True,True,False,True,True
14097949278263628668,GCLKB   ,C172,L1P,GA / light,False,Day,2026-04-02 11:22:30,2026-04-02 00:00:00,,,0,,0,,,False,False,False,False,False,True
18317382669177919585,GBGYH   ,P28A,L1P,GA / light,False,Day,2026-04-02 11:59:55,2026-04-02 00:00:00,,,0,,0,,,False,False,False,False,False,True
7137297123217775940,,P28A,L1P,GA / light,False,Day,2026-04-02 11:37:00,2026-04-02 00:00:00,,,0,,0,,,False,False,False,False,False,False
12293478627036201406,TOM9HW  ,B738,L2J,Large jet,True,Day,2026-04-02 15:29:50,2026-04-02 00:00:00,,,0,,0,,,False,False,False,False,True,True
4096736730901836514,        ,AP22,L1P,GA / light,False,Day,2026-04-02 12:50:05,2026-04-02 00:00:00,,,0,,0,,,False,False,False,False,False,False
15242910230107483231,GBEWR   ,C172,L1P,GA / light,False,Day,2026-04-02 12:59:55,2026-04-02 00:00:00,850.0000272000001,16.100106935798564,2,,0,,,True,False,True,False,False,True
15515941203736465183,GOLAJ   ,R44,H1P,Helicopter,False,Day,2026-04-02 12:50:25,2026-04-02 00:00:00,425.00001360000005,17.074142955348314,3,,0,,,True,False,True,False,False,True
9951307676508583531,GBETD   ,HR20,L1P,GA / light,False,Day,2026-04-02 12:37:20,2026-04-02 00:00:00,1750.0000559999999,18.02554708454572,1,,0,,,True,False,True,False,False,True
16331755335975121287,GCLKB   ,C172,L1P,GA / light,False,Day,2026-04-02 12:40:45,2026-04-02 00:00:00,,,0,,0,,,False,False,False,False,False,True
4203205485485425020,SFY3DB  ,DA42,L2P,GA / light,False,Day,2026-04-02 12:51:50,2026-04-02 00:00:00,475.0000152,14.604940462879112,4,,0,,,True,False,True,False,False,True
8715386166460153106,SFY1TM  ,DA42,L2P,GA / light,False,Day,2026-04-02 13:45:10,2026-04-02 00:00:00,1700.0000544000002,3.9660913659843993,2,1700.0000544000002,1,,,True,True,True,False,False,True
14221055877094309769,GGCDB   ,SR20,L1P,GA / light,False,Day,2026-04-02 12:59:55,2026-04-02 00:00:00,575.0000184,16.17405369380496,2,,0,,,True,False,True,False,False,True
11546206759256992001,GBUFH   ,P28A,L1P,GA / light,False,Day,2026-04-02 13:09:50,2026-04-02 00:00:00,225.0000072,14.742515220781856,8,,0,,,True,False,True,False,False,True
14395807298940926317,EXS3624 ,B738,L2J,Large jet,True,Day,2026-04-02 16:25:20,2026-04-02 00:00:00,1800.0000576,5.633337693368743,1,1800.0000576,1,,,True,True,True,False,True,True
16511084356527818882,GBUFH   ,P28A,L1P,GA / light,False,Day,2026-04-02 13:35:20,2026-04-02 00:00:00,850.0000272000001,18.420702756544728,3,,0,,,True,False,True,False,False,True
14934762295552518417,RYR12YU ,B38M,,Large jet,True,Day,2026-04-02 15:50:10,2026-04-02 00:00:00,2750.0000880000002,1.264848925992109,1,2750.0000880000002,1,2750.0000880000002,-150.06001599427418,True,True,True,False,True,True
11278501710754651713,GOLGE   ,SR20,,Other,False,Day,2026-04-02 14:43:00,2026-04-02 00:00:00,575.0000184,15.778964776321835,3,,0,,,True,False,True,False,False,True
7378742054265472479,GOLAJ   ,R44,H1P,Helicopter,False,Day,2026-04-02 14:45:15,2026-04-02 00:00:00,800.0000256,18.24665969563927,4,,0,,,True,False,True,False,False,True
5741455504175963344,GBGYH   ,P28A,L1P,GA / light,False,Day,2026-04-02 15:25:45,2026-04-02 00:00:00,850.0000272000001,14.081635280806152,3,,0,,,True,False,True,False,True,True
18289198714992702189,GCMPF   ,C42,,Other,False,Day,2026-04-02 14:35:20,2026-04-02 00:00:00,,,0,,0,,,False,False,False,False,False,False
11471857615066771219,GCCZX   ,DR40,L1P,GA / light,False,Day,2026-04-02 14:59:55,2026-04-02 00:00:00,,,0,,0,,,False,False,False,False,True,True
12585268471841779214,GOYIO   ,DR40,L1P,GA / light,False,Day,2026-04-02 15:17:10,2026-04-02 00:00:00,,,0,,0,,,False,False,False,False,False,True
12621745063878913953,SFY1TM  ,DA42,L2P,GA / light,False,Day,2026-04-02 16:19:25,2026-04-02 00:00:00,1275.0000408,7.695911670495665,1,,0,,,True,False,True,False,False,True
15969289497707004977,GBEWR   ,C172,L1P,GA / light,False,Day,2026-04-02 15:08:40,2026-04-02 00:00:00,950.0000304,16.501381775384548,2,,0,,,True,False,True,False,False,True
15949636629394022559,GCISE   ,PULS,L1P,GA / light,False,Day,2026-04-02 15:21:15,2026-04-02 00:00:00,,,0,,0,,,False,False,False,False,False,False
9811710426375225159,BIO05   ,P68,,Other,False,Day,2026-04-02 15:55:00,2026-04-02 00:00:00,1275.0000408,17.690175384147054,1,,0,,,True,False,True,False,False,True
10709876826526722462,GBUFH   ,P28A,L1P,GA / light,False,Day,2026-04-02 15:11:15,2026-04-02 00:00:00,875.0000279999999,15.966133557571318,3,,0,,,True,False,True,False,True,True
18336829235076637693,GMA504  ,BE20,L2T,Turboprop,False,Day,2026-04-02 16:10:50,2026-04-02 00:00:00,1825.0000584,2.5821293670260306,1,1825.0000584,1,1825.0000584,-936.4732468666944,True,True,True,True,True,True
15846117052205473567,EXS68AT ,B738,L2J,Large jet,True,Evening,2026-04-02 18:17:25,2026-04-02 00:00:00,1800.0000576,5.55698654430272,2,1800.0000576,1,,,True,True,True,False,True,True
982942031798086481,GOLAJ   ,R44,H1P,Helicopter,False,Day,2026-04-02 15:59:55,2026-04-02 00:00:00,,,0,,0,,,False,False,False,False,False,True
468042335358842271,GFXBT   ,AP22,L1P,GA / light,False,Day,2026-04-02 15:56:30,2026-04-02 00:00:00,,,0,,0,,,False,False,False,False,False,False
7349560382375000255,GSPRK   ,RV4,L1P,GA / light,False,Day,2026-04-02 16:27:10,2026-04-02 00:00:00,,,0,,0,,,False,False,False,False,False,False
2567905966117368015,GMOSH   ,P28R,L1P,GA / light,False,Day,2026-04-02 17:38:45,2026-04-02 00:00:00,900.0000288,16.11352283374705,9,1300.0000416,5,1300.0000416,-2279.7569809871593,True,True,True,True,False,True
14334325403155669438,GFIDO   ,SKRA,L1P,GA / light,False,Day,2026-04-02 17:16:15,2026-04-02 00:00:00,1425.0000456,5.174338669581031,8,1425.0000456,8,1500.000048,-2035.0299757283658,True,True,True,True,True,True
7038178938147274542,RYR80XD ,B38M,,Large jet,True,Evening,2026-04-02 19:21:15,2026-04-02 00:00:00,,,0,,0,,,False,False,False,False,False,False
771064501588642066,GCISE   ,PULS,L1P,GA / light,False,Day,2026-04-02 17:25:25,2026-04-02 00:00:00,,,0,,0,,,False,False,False,False,False,True
8593370515401188696,N363KC  ,S22T,L1P,GA / light,False,Evening,2026-04-02 18:23:10,2026-04-02 00:00:00,275.00000880000005,15.863899812317698,3,,0,,,True,False,True,False,True,True
11596815473541078536,RYR117J ,B38M,L2J,Large jet,True,Evening,2026-04-02 21:51:40,2026-04-02 00:00:00,,,0,,0,,,False,False,False,False,False,False
15021813759985619732,RUK1133 ,B738,,Large jet,True,Evening,2026-04-02 21:06:40,2026-04-02 00:00:00,3400.0001088000004,2.166836446391953,1,3400.0001088000004,1,3400.0001088000004,-62.51820864425963,True,True,True,False,True,True
17524841391412430078,RYR8PA  ,B38M,L2J,Large jet,True,Night,2026-04-02 22:19:30,2026-04-02 00:00:00,,,0,,0,,,False,False,False,False,False,False
632095235151471628,RYR117J ,B738,L2J,Large jet,True,Day,2026-04-03 06:43:05,2026-04-03 00:00:00,50.0000016,18.584408684058047,1,,0,,,True,False,True,False,False,False
5440525353125269788,RYR38NG ,B38M,L2J,Large jet,True,Day,2026-04-03 10:57:05,2026-04-03 00:00:00,25.0000008,18.718409555420664,1,,0,,,True,False,True,False,False,False
10536132880239820671,DIKSI   ,P180,L2T,Turboprop,False,Day,2026-04-03 10:44:05,2026-04-03 00:00:00,2025.0000648,3.4626013025770535,1,2025.0000648,1,,,True,True,True,False,True,True
17497379954792021624,RYR12YU ,B738,L2J,Large jet,True,Day,2026-04-03 11:28:15,2026-04-03 00:00:00,50.0000016,18.610979615782515,1,,0,,,True,False,True,False,False,False
8430402331960064847,EXS697J ,B738,L2J,Large jet,True,Day,2026-04-03 11:55:30,2026-04-03 00:00:00,,,0,,0,,,False,False,False,False,False,False
10593409281431576070,RYR384B ,B38M,L2J,Large jet,True,Day,2026-04-03 12:28:55,2026-04-03 00:00:00,,,0,,0,,,False,False,False,False,False,False
1858456534527194338,RYR80XD ,B738,L2J,Large jet,True,Day,2026-04-03 13:01:05,2026-04-03 00:00:00,25.0000008,18.718409555420664,4,3300.0001056,3,3300.0001056,109.46104546692459,True,True,True,False,True,True
16162368757297393401,EXS61TQ ,B738,L2J,Large jet,True,Day,2026-04-03 12:48:05,2026-04-03 00:00:00,,,0,,0,,,False,False,False,False,True,True
3229742880491516944,GCPMW   ,P32R,L1P,GA / light,False,Day,2026-04-03 12:27:00,2026-04-03 00:00:00,2150.0000688,5.670586143189167,1,2150.0000688,1,,,True,True,True,False,True,True
12938605226351614262,HLE10   ,A169,H2T,Helicopter,False,Day,2026-04-03 12:51:35,2026-04-03 00:00:00,,,0,,0,,,False,False,False,False,False,False
15383707889657671536,,PA32,,Other,False,Day,2026-04-03 12:47:50,2026-04-03 00:00:00,,,0,,0,,,False,False,False,False,True,True
11006918524959259136,GPAAL   ,PA32,,Other,False,Day,2026-04-03 12:58:15,2026-04-03 00:00:00,,,0,,0,,,False,False,False,False,True,True
5310087383621691218,TOM47Y  ,B738,L2J,Large jet,True,Day,2026-04-03 17:12:35,2026-04-03 00:00:00,25.0000008,18.692359481490467,1,,0,,,True,False,True,False,False,False
18144819810093984304,RYR9911 ,B738,L2J,Large jet,True,Day,2026-04-03 17:52:50,2026-04-03 00:00:00,2600.0000832,3.552989682861258,2,2600.0000832,2,2600.0000832,-24.739933398177072,True,True,True,False,True,True
859554186229205183,GMA23   ,BE20,L2T,Turboprop,False,Day,2026-04-03 17:32:25,2026-04-03 00:00:00,2000.000064,4.360353821131066,5,2000.000064,3,2000.000064,-681.7771396171236,True,True,True,False,True,True
11503328919761303025,RYR5RR  ,B38M,,Large jet,True,Evening,2026-04-03 19:22:50,2026-04-03 00:00:00,,,0,,0,,,False,False,False,False,False,False
15821453289536901408,RYR22ZK ,B38M,L2J,Large jet,True,Evening,2026-04-03 21:24:30,2026-04-03 00:00:00,2450.0000784,1.0369765244531903,1,2450.0000784,1,2450.0000784,-710.096969557092,True,True,True,False,True,True
1082423227120783968,EXS159E ,B738,L2J,Large jet,True,Evening,2026-04-03 21:44:45,2026-04-03 00:00:00,2550.0000816,3.1706511805274857,1,2550.0000816,1,,,True,True,True,False,True,True
11399545314295466244,EXS34HS ,B738,L2J,Large jet,True,Night,2026-04-03 22:07:55,2026-04-03 00:00:00,2950.0000944000003,0.7864022597361477,1,2950.0000944000003,1,2950.0000944000003,-31.681436169329572,True,True,True,False,True,True
4649394806919308062,URO681  ,A346,L4J,Large jet,True,Evening,2026-04-03 21:47:15,2026-04-03 00:00:00,,,0,,0,,,False,False,False,False,False,False
13472705735681180297,RUK1133 ,B738,,Large jet,True,Evening,2026-04-03 21:01:05,2026-04-03 00:00:00,,,0,,0,,,False,False,False,False,False,False
18397611439130640486,HLE10   ,A169,H2T,Helicopter,False,Night,2026-04-04 03:10:50,2026-04-04 00:00:00,,,0,,0,,,False,False,False,False,False,False
4583997897624374129,RYR384B ,B38M,L2J,Large jet,True,Day,2026-04-04 06:54:25,2026-04-04 00:00:00,2275.0000728,3.7280789730324844,2,2275.0000728,2,2375.0000760000003,-475.15809268537805,True,True,True,False,True,True
6959708386768231189,RYR6504 ,B738,L2J,Large jet,True,Day,2026-04-04 06:43:55,2026-04-04 00:00:00,,,0,,0,,,False,False,False,False,False,False
9543604593264677686,RYR117J ,B738,L2J,Large jet,True,Day,2026-04-04 06:41:35,2026-04-04 00:00:00,,,0,,0,,,False,False,False,False,False,False
9292811381444504219,RYR273  ,,,Other,False,Day,2026-04-04 08:36:15,2026-04-04 00:00:00,2150.0000688,4.259346519394808,2,2150.0000688,2,,,True,True,True,False,True,True
12695801673775086117,EXS041A ,B738,L2J,Large jet,True,Day,2026-04-04 07:15:45,2026-04-04 00:00:00,,,0,,0,,,False,False,False,False,True,True
7195186879923655034,RYR80XD ,B738,L2J,Large jet,True,Day,2026-04-04 08:56:45,2026-04-04 00:00:00,2675.0000856,2.258500890575235,1,2675.0000856,1,2675.0000856,-54.9232383404983,True,True,True,False,True,True
5488280043763112422,RYR7099 ,B38M,L2J,Large jet,True,Day,2026-04-04 08:32:55,2026-04-04 00:00:00,2700.0000864000003,2.100881989772244,1,2700.0000864000003,1,2700.0000864000003,-57.533237052005916,True,True,True,False,True,True
2263629467624932502,URO601  ,A346,L4J,Large jet,True,Day,2026-04-04 11:37:55,2026-04-04 00:00:00,,,0,,0,,,False,False,False,False,False,False
6741848851495343879,EZS1531 ,A20N,L2J,Large jet,True,Day,2026-04-04 11:06:10,2026-04-04 00:00:00,1900.0000608,5.4267237257736225,1,1900.0000608,1,,,True,True,True,False,True,True
6860063405152470460,TOM2CD  ,B738,L2J,Large jet,True,Day,2026-04-04 12:11:05,2026-04-04 00:00:00,,,0,,0,,,False,False,False,False,False,False
14259866638934516701,EXS86KL ,B738,L2J,Large jet,True,Day,2026-04-04 12:28:15,2026-04-04 00:00:00,,,0,,0,,,False,False,False,False,False,False
11442427458208971359,RYR8PA  ,B38M,,Large jet,True,Day,2026-04-04 13:07:35,2026-04-04 00:00:00,2800.0000896,1.9362170092374555,1,2800.0000896,1,2800.0000896,-16.553191946246898,True,True,True,False,True,True
2971879917989869822,RYR5RR  ,B738,L2J,Large jet,True,Day,2026-04-04 14:03:35,2026-04-04 00:00:00,2475.0000792,1.198873851130951,1,2475.0000792,1,2475.0000792,-466.25097141976585,True,True,True,False,True,True
16413607296034899820,ECA2XA  ,C25A,L2J,Business jet,False,Day,2026-04-04 13:26:40,2026-04-04 00:00:00,2425.0000775999997,2.685785764787844,2,2425.0000775999997,2,2425.0000775999997,-248.90022053585926,True,True,True,False,True,True
3827239399557185320,RYR12YU ,B38M,L2J,Large jet,True,Day,2026-04-04 14:06:10,2026-04-04 00:00:00,2475.0000792,3.7351112367143324,1,2475.0000792,1,,,True,True,True,False,True,True
4186731205698968708,SWW264  ,,,Other,False,Day,2026-04-04 13:44:20,2026-04-04 00:00:00,2425.0000775999997,1.9244515939005822,3,2425.0000775999997,3,2450.0000784,-446.10181661841443,True,True,True,False,True,True
15118700602027315234,SRD224B ,B350,,Turboprop,False,Day,2026-04-04 15:40:00,2026-04-04 00:00:00,525.0000168,15.852669339724239,2,2500.00008,1,2500.00008,-441.63776691508383,True,True,True,False,True,True
9762071552069302555,RYR3318 ,B38M,L2J,Large jet,True,Day,2026-04-04 15:00:30,2026-04-04 00:00:00,2450.0000784,3.225760841825229,1,2450.0000784,1,,,True,True,True,False,True,True
9788234959494156001,,DA42,L2P,GA / light,False,Day,2026-04-04 13:04:35,2026-04-04 00:00:00,,,0,,0,,,False,False,False,False,True,True
13569623930844219352,EXS52TY ,B738,L2J,Large jet,True,Day,2026-04-04 16:53:05,2026-04-04 00:00:00,25.0000008,18.621149837404563,1,,0,,,True,False,True,False,True,True
4717442105202742656,SFY1TM  ,DA42,L2P,GA / light,False,Day,2026-04-04 15:20:25,2026-04-04 00:00:00,1075.0000344,18.582512345485377,1,,0,,,True,False,True,False,True,True
12516567942165583696,GTCHI   ,SPIT,L1P,GA / light,False,Day,2026-04-04 14:53:20,2026-04-04 00:00:00,,,0,,0,,,False,False,False,False,False,False
15385654998763204589,RYR2XN  ,B38M,,Large jet,True,Evening,2026-04-04 19:05:45,2026-04-04 00:00:00,75.0000024,18.853558284470108,1,,0,,,True,False,True,False,False,False
1124689365417839356,RYR7AB  ,B38M,L2J,Large jet,True,Evening,2026-04-04 20:27:05,2026-04-04 00:00:00,125.000004,18.405148552558956,2,3350.0001072,1,3350.0001072,238.47643639521175,True,True,True,False,True,True
4611651898646964995,RYR9911 ,B738,L2J,Large jet,True,Evening,2026-04-04 20:31:45,2026-04-04 00:00:00,100.0000032,18.775415502709578,1,,0,,,True,False,True,False,False,False
11166745891611823909,EXS82F  ,B738,L2J,Large jet,True,Night,2026-04-04 23:17:20,2026-04-04 00:00:00,125.000004,18.50240562959885,4,2600.0000832,1,2600.0000832,-960.5002575404615,True,True,True,False,True,True
17171142529723170303,URO913  ,A346,L4J,Large jet,True,Evening,2026-04-04 20:45:10,2026-04-04 00:00:00,150.0000048,18.724882341561134,2,2625.0000840000002,1,2625.0000840000002,-478.10687120661805,True,True,True,False,True,True
9031094409204773436,EXS61TQ ,B738,L2J,Large jet,True,Night,2026-04-04 22:39:00,2026-04-04 00:00:00,125.000004,18.68074146297416,7,2150.0000688,4,,,True,True,True,False,True,True
16351269237905431756,PEX57H  ,FA8X,L3J,Business jet,False,Day,2026-04-05 09:51:05,2026-04-05 00:00:00,,,0,,0,,,False,False,False,False,False,False
2496490502833943487,SFY1TM  ,DA42,L2P,GA / light,False,Day,2026-04-05 10:13:20,2026-04-05 00:00:00,600.0000192,14.483530446618582,6,1825.0000584,2,,,True,True,True,False,True,True
10803057098615507655,RYR363C ,B38M,,Large jet,True,Day,2026-04-05 11:39:20,2026-04-05 00:00:00,,,0,,0,,,False,False,False,False,True,True
2513870076743754518,RYR12YU ,B738,L2J,Large jet,True,Day,2026-04-05 12:05:10,2026-04-05 00:00:00,2375.0000760000003,3.1303790875149597,3,2375.0000760000003,3,2525.0000808,-427.8527627148924,True,True,True,False,True,True
14721500853461797755,GOLGE   ,SR20,,Other,False,Day,2026-04-05 10:59:55,2026-04-05 00:00:00,1650.0000528,19.06805865545056,1,,0,,,True,False,True,False,True,True
5761426059981184915,RYR2XN  ,B38M,,Large jet,True,Day,2026-04-05 12:57:15,2026-04-05 00:00:00,,,0,,0,,,False,False,False,False,False,False
7591321651718623473,EXS3638 ,B738,L2J,Large jet,True,Day,2026-04-05 12:20:25,2026-04-05 00:00:00,2425.0000775999997,3.5046834020989244,1,2425.0000775999997,1,,,True,True,True,False,True,True
16004795848249625728,URO601  ,A346,L4J,Large jet,True,Day,2026-04-05 14:56:20,2026-04-05 00:00:00,2300.0000736,2.1396038405164624,1,2300.0000736,1,2300.0000736,-460.4492502380899,True,True,True,False,True,True
1378990351852775047,RYR117J ,B738,L2J,Large jet,True,Day,2026-04-05 14:27:15,2026-04-05 00:00:00,2325.0000744000004,3.9246212352775958,3,2325.0000744000004,3,2500.00008,-315.2151508398374,True,True,True,False,True,True
925347631960789616,RYR8947 ,B38M,L2J,Large jet,True,Day,2026-04-05 15:46:25,2026-04-05 00:00:00,2075.0000664,4.904006968060477,1,2075.0000664,1,,,True,True,True,False,True,True
11723463379590067652,SFY1TM  ,DA42,L2P,GA / light,False,Day,2026-04-05 14:11:10,2026-04-05 00:00:00,2000.000064,6.279272309381799,1,,0,,,True,False,True,False,True,True
17348889201469898907,TOM6KM  ,B738,L2J,Large jet,True,Day,2026-04-05 17:12:10,2026-04-05 00:00:00,3275.0001048,3.1822593504079184,1,3275.0001048,1,,,True,True,True,False,True,True
17176273072168719088,A12     ,GLID,,Other,False,Day,2026-04-05 14:25:45,2026-04-05 00:00:00,,,0,,0,,,False,False,False,False,False,False
16854244483319970674,EXS68AT ,B738,L2J,Large jet,True,Day,2026-04-05 16:24:15,2026-04-05 00:00:00,,,0,,0,,,False,False,False,False,False,False
10579082372731804585,GOLGE   ,SR20,,Other,False,Day,2026-04-05 15:13:35,2026-04-05 00:00:00,250.000008,15.697802236993866,3,,0,,,True,False,True,False,True,True
6412516154356570705,,P28A,L1P,GA / light,False,Day,2026-04-05 16:01:30,2026-04-05 00:00:00,,,0,,0,,,False,False,False,False,False,True
9333063429056360102,RUK1133 ,B738,L2J,Large jet,True,Day,2026-04-05 17:27:35,2026-04-05 00:00:00,,,0,,0,,,False,False,False,False,False,False
15654945123140938749,EXS71BS ,B738,L2J,Large jet,True,Night,2026-04-05 22:04:00,2026-04-05 00:00:00,,,0,,0,,,False,False,False,False,False,False
12105067147760301843,URO681  ,A346,L4J,Large jet,True,Evening,2026-04-05 21:55:35,2026-04-05 00:00:00,2325.0000744000004,0.5762452700228164,1,2325.0000744000004,1,2325.0000744000004,-751.0682768720881,True,True,True,False,True,True
10871081814930290069,HLE10   ,A169,H2T,Helicopter,False,Evening,2026-04-05 19:10:50,2026-04-05 00:00:00,,,0,,0,,,False,False,False,False,False,True
10573355600183176995,RYR80XD ,B38M,,Large jet,True,Evening,2026-04-05 21:49:20,2026-04-05 00:00:00,,,0,,0,,,False,False,False,False,False,False
13625919729993101631,RYR8PA  ,B38M,L2J,Large jet,True,Evening,2026-04-05 21:51:35,2026-04-05 00:00:00,2675.0000856,0.32279099798578215,1,2675.0000856,1,2675.0000856,-493.66283426681184,True,True,True,False,True,True
9499913675844739539,HLE10   ,A169,H2T,Helicopter,False,Evening,2026-04-05 21:27:10,2026-04-05 00:00:00,,,0,,0,,,False,False,False,False,False,True
9162428209744046516,HLE10   ,A169,H2T,Helicopter,False,Night,2026-04-06 00:24:15,2026-04-06 00:00:00,,,0,,0,,,False,False,False,False,False,True
10220129079492655544,HLE10   ,A169,H2T,Helicopter,False,Night,2026-04-06 02:49:10,2026-04-06 00:00:00,,,0,,0,,,False,False,False,False,False,False
14579913801152026258,SFY1TM  ,DA42,L2P,GA / light,False,Day,2026-04-06 08:36:20,2026-04-06 00:00:00,225.0000072,15.761218728000099,21,,0,,,True,False,True,False,False,True
6920187350367957435,GCDLA   ,ULAC,,Other,False,Day,2026-04-06 09:09:25,2026-04-06 00:00:00,,,0,,0,,,False,False,False,False,False,False
15684239926324200530,GBUFH   ,P28A,L1P,GA / light,False,Day,2026-04-06 09:35:20,2026-04-06 00:00:00,1150.0000368,16.468596350985436,1,,0,,,True,False,True,False,True,True
8722685055732561095,,P28A,L1P,GA / light,False,Day,2026-04-06 08:53:45,2026-04-06 00:00:00,,,0,,0,,,False,False,False,False,False,False
9437345439425594930,OEVPV   ,,,Other,False,Day,2026-04-06 12:49:50,2026-04-06 00:00:00,3900.0001248,17.01298725493529,2,,0,,,True,False,True,False,False,True
152895441894651999,GDBOD   ,C172,L1P,GA / light,False,Day,2026-04-06 09:42:15,2026-04-06 00:00:00,,,0,,0,,,False,False,False,False,True,True
6208750413976266968,BIO05   ,P68,,Other,False,Day,2026-04-06 14:33:40,2026-04-06 00:00:00,,,0,,0,,,False,False,False,False,True,True
6294225742922446104,RYR2XN  ,B38M,,Large jet,True,Day,2026-04-06 11:02:10,2026-04-06 00:00:00,,,0,,0,,,False,False,False,False,False,False
2769603739536720688,GBEWR   ,C172,L1P,GA / light,False,Day,2026-04-06 10:59:55,2026-04-06 00:00:00,900.0000288,17.9298814155915,2,,0,,,True,False,True,False,False,True
12368573453094708279,SFY1TM  ,DA42,L2P,GA / light,False,Day,2026-04-06 10:51:15,2026-04-06 00:00:00,275.00000880000005,18.371843599564695,15,,0,,,True,False,True,False,False,True
11559596593771449610,EXS697J ,B738,L2J,Large jet,True,Day,2026-04-06 11:46:45,2026-04-06 00:00:00,,,0,,0,,,False,False,False,False,False,True
17938118054072523684,GCMZB   ,,,Other,False,Day,2026-04-06 09:53:20,2026-04-06 00:00:00,,,0,,0,,,False,False,False,False,False,False
580465914348111614,GZAVI   ,C42,L1P,GA / light,False,Day,2026-04-06 10:30:30,2026-04-06 00:00:00,1350.0000432000002,3.3693908414935207,1,1350.0000432000002,1,1275.0000408,-1626.3513745064756,True,True,True,True,True,True
9976504688608440237,GBYJH   ,G109,L1P,GA / light,False,Day,2026-04-06 10:39:25,2026-04-06 00:00:00,,,0,,0,,,False,False,False,False,False,False
6050131966333670867,GDKLD   ,,,Other,False,Day,2026-04-06 11:17:35,2026-04-06 00:00:00,,,0,,0,,,False,False,False,False,False,True
2956837810404643970,GCMFR   ,EFOX,L1P,GA / light,False,Day,2026-04-06 11:20:10,2026-04-06 00:00:00,,,0,,0,,,False,False,False,False,False,False
10933963040676507790,GBUFH   ,P28A,L1P,GA / light,False,Day,2026-04-06 11:46:45,2026-04-06 00:00:00,,,0,,0,,,False,False,False,False,False,True
8344892894157286506,GNXOE   ,C172,L1P,GA / light,False,Day,2026-04-06 11:24:35,2026-04-06 00:00:00,,,0,,0,,,False,False,False,False,False,False
1098402600451339566,GOVII   ,RV7,L1P,GA / light,False,Day,2026-04-06 12:18:40,2026-04-06 00:00:00,,,0,,0,,,False,False,False,False,False,True
2587904092102480904,GRFRV   ,RV9,L1P,GA / light,False,Day,2026-04-06 11:41:10,2026-04-06 00:00:00,,,0,,0,,,False,False,False,False,False,False
12188282801966374365,RYR7624 ,B38M,L2J,Large jet,True,Day,2026-04-06 13:38:40,2026-04-06 00:00:00,,,0,,0,,,False,False,False,False,False,True
16252622130947231729,GCMKJ   ,P28A,,Other,False,Day,2026-04-06 12:05:45,2026-04-06 00:00:00,,,0,,0,,,False,False,False,False,False,False
2701876459568615207,GMA23   ,BE20,L2T,Turboprop,False,Day,2026-04-06 12:01:25,2026-04-06 00:00:00,3625.000116,5.957980073295114,4,3625.000116,3,,,True,True,True,False,False,True
511092007198490927,GZAVI   ,C42,L1P,GA / light,False,Day,2026-04-06 12:49:15,2026-04-06 00:00:00,1300.0000416,1.834626505011117,3,1300.0000416,3,1300.0000416,-1646.6499179572531,True,True,True,True,True,True
17396102527699174441,SFY1TM  ,DA42,L2P,GA / light,False,Day,2026-04-06 13:06:40,2026-04-06 00:00:00,225.0000072,16.419614338349717,35,,0,,,True,False,True,False,False,True
11838558626189449099,GCDOK   ,C42,L1P,GA / light,False,Day,2026-04-06 13:09:00,2026-04-06 00:00:00,,,0,,0,,,False,False,False,False,False,True
9816830672430467491,RYR117J ,B738,L2J,Large jet,True,Day,2026-04-06 14:29:00,2026-04-06 00:00:00,,,0,,0,,,False,False,False,False,False,False
10473886744086479689,GPTSI   ,SLG4,L1P,GA / light,False,Day,2026-04-06 13:35:25,2026-04-06 00:00:00,,,0,,0,,,False,False,False,False,True,True
3955154629682927415,GBTMK   ,C172,L1P,GA / light,False,Day,2026-04-06 14:49:55,2026-04-06 00:00:00,,,0,,0,,,False,False,False,False,False,False
4957510105072575899,RYR22ZK ,B38M,,Large jet,True,Day,2026-04-06 16:01:55,2026-04-06 00:00:00,,,0,,0,,,False,False,False,False,False,True
13206491628111903735,A12     ,GLID,,Other,False,Day,2026-04-06 15:48:10,2026-04-06 00:00:00,,,0,,0,,,False,False,False,False,False,False
15873705838334848985,GLOOC   ,C172,L1P,GA / light,False,Day,2026-04-06 14:33:20,2026-04-06 00:00:00,,,0,,0,,,False,False,False,False,False,False
16451547434466719123,EXS34HS ,B738,L2J,Large jet,True,Day,2026-04-06 16:31:20,2026-04-06 00:00:00,,,0,,0,,,False,False,False,False,False,True
3881878374825234227,RYR7KY  ,B38M,,Large jet,True,Day,2026-04-06 15:52:50,2026-04-06 00:00:00,,,0,,0,,,False,False,False,False,False,False
5386178894871740487,TOM4EG  ,B738,L2J,Large jet,True,Day,2026-04-06 16:48:00,2026-04-06 00:00:00,,,0,,0,,,False,False,False,False,False,True
17682656288382055706,GARVV   ,P28A,L1P,GA / light,False,Day,2026-04-06 15:11:45,2026-04-06 00:00:00,,,0,,0,,,False,False,False,False,False,False
13328840212562414179,HLE22   ,B429,H2T,Helicopter,False,Day,2026-04-06 14:47:55,2026-04-06 00:00:00,,,0,,0,,,False,False,False,False,False,False
18161320492134986011,GBUFH   ,P28A,L1P,GA / light,False,Day,2026-04-06 15:18:35,2026-04-06 00:00:00,,,0,,0,,,False,False,False,False,True,True
4991341852039802801,GOLGE   ,SR20,,Other,False,Day,2026-04-06 15:59:15,2026-04-06 00:00:00,,,0,,0,,,False,False,False,False,False,True
16061929192926110517,BIO05   ,P68,,Other,False,Evening,2026-04-06 18:15:30,2026-04-06 00:00:00,,,0,,0,,,False,False,False,False,True,True
680177821917380863,RYR80XD ,B738,L2J,Large jet,True,Evening,2026-04-06 18:25:05,2026-04-06 00:00:00,,,0,,0,,,False,False,False,False,False,True
7757785099269645793,EXS61TQ ,B738,L2J,Large jet,True,Evening,2026-04-06 18:06:35,2026-04-06 00:00:00,,,0,,0,,,False,False,False,False,False,False
13968969182367446595,GSCOL   ,GA8,L1P,GA / light,False,Day,2026-04-06 17:33:25,2026-04-06 00:00:00,,,0,,0,,,False,False,False,False,True,True
10047741705896913870,GBUFH   ,P28A,L1P,GA / light,False,Day,2026-04-06 17:58:00,2026-04-06 00:00:00,,,0,,0,,,False,False,False,False,False,True
17548094775848655876,LJC6    ,B350,L2T,Turboprop,False,Day,2026-04-06 17:51:55,2026-04-06 00:00:00,,,0,,0,,,False,False,False,False,False,False
12641669809900024893,JFU02A  ,PC12,L1T,Turboprop,False,Evening,2026-04-06 18:20:15,2026-04-06 00:00:00,,,0,,0,,,False,False,False,False,False,True
18027856054933640683,URO913  ,A346,L4J,Large jet,True,Evening,2026-04-06 20:45:55,2026-04-06 00:00:00,2225.0000712,2.7747656875604565,1,2225.0000712,1,2225.0000712,-424.4135600662462,True,True,True,False,True,True
3283036864168700059,RYR38NG ,B38M,L2J,Large jet,True,Evening,2026-04-06 21:48:55,2026-04-06 00:00:00,,,0,,0,,,False,False,False,False,True,True
7451677794687680863,RYR12YU ,B38M,,Large jet,True,Night,2026-04-06 22:06:35,2026-04-06 00:00:00,,,0,,0,,,False,False,False,False,False,False
1312760432188977099,URO901  ,A346,L4J,Large jet,True,Day,2026-04-07 06:35:40,2026-04-07 00:00:00,,,0,,0,,,False,False,False,False,False,True
13381848098440383577,RYR80XD ,B38M,L2J,Large jet,True,Day,2026-04-07 08:08:25,2026-04-07 00:00:00,,,0,,0,,,False,False,False,False,False,False
6902553768304031451,RYR7099 ,B38M,L2J,Large jet,True,Day,2026-04-07 09:44:10,2026-04-07 00:00:00,,,0,,0,,,False,False,False,False,False,True
15721386113823663496,CRIMSON1,FA20,L2J,Business jet,False,Day,2026-04-07 11:06:00,2026-04-07 00:00:00,,,0,,0,,,False,False,False,False,False,True
11694682561473698281,CRIMSON2,FA20,L2J,Business jet,False,Day,2026-04-07 11:09:45,2026-04-07 00:00:00,1275.0000408,17.432157923166415,4,,0,,,True,False,True,False,False,True
5264365981158469366,GXCID   ,SB91,L1P,GA / light,False,Day,2026-04-07 09:58:50,2026-04-07 00:00:00,1300.0000416,16.052405720419532,1,,0,,,True,False,True,False,True,True
10972994716293887386,GPORK   ,AA5,L1P,GA / light,False,Day,2026-04-07 10:29:45,2026-04-07 00:00:00,,,0,,0,,,False,False,False,False,True,True
17381733131390905737,GCCBH   ,P28B,L1P,GA / light,False,Day,2026-04-07 10:17:05,2026-04-07 00:00:00,,,0,,0,,,False,False,False,False,True,True
16586704261016151353,EXS86KL ,B738,L2J,Large jet,True,Day,2026-04-07 11:53:00,2026-04-07 00:00:00,,,0,,0,,,False,False,False,False,False,True
16915956107142081906,TOM20H  ,B738,L2J,Large jet,True,Day,2026-04-07 11:48:30,2026-04-07 00:00:00,,,0,,0,,,False,False,False,False,False,False
14414348091856272250,GBJBW   ,P28A,L1P,GA / light,False,Day,2026-04-07 10:41:40,2026-04-07 00:00:00,,,0,,0,,,False,False,False,False,False,False
6671290114000617222,N302JG  ,TBM7,L1T,Turboprop,False,Day,2026-04-07 10:47:30,2026-04-07 00:00:00,,,0,,0,,,False,False,False,False,False,True
2642441593360351315,GBUFH   ,P28A,L1P,GA / light,False,Day,2026-04-07 11:31:30,2026-04-07 00:00:00,950.0000304,17.0360567718949,2,,0,,,True,False,True,False,False,True
12041325283979299263,RYR8947 ,B38M,,Large jet,True,Day,2026-04-07 13:37:40,2026-04-07 00:00:00,,,0,,0,,,False,False,False,False,False,True
5883248189793802792,GBGYH   ,P28A,L1P,GA / light,False,Day,2026-04-07 12:36:15,2026-04-07 00:00:00,,,0,,0,,,False,False,False,False,True,True
11395829661742537340,GBUFH   ,P28A,L1P,GA / light,False,Day,2026-04-07 12:18:50,2026-04-07 00:00:00,875.0000279999999,18.521961410040728,6,,0,,,True,False,True,False,False,True
15426625734667067572,GBOJW   ,P28A,L1P,GA / light,False,Day,2026-04-07 12:59:55,2026-04-07 00:00:00,1275.0000408,17.448709112667107,9,,0,,,True,False,True,False,True,True
10684792184372985017,GBDZD   ,C172,L1P,GA / light,False,Day,2026-04-07 13:24:50,2026-04-07 00:00:00,1400.0000448,3.813340328936607,9,1400.0000448,9,1400.0000448,-2033.2491889153384,True,True,True,True,True,True
10405772153055161661,RYR2XN  ,B738,L2J,Large jet,True,Day,2026-04-07 14:22:20,2026-04-07 00:00:00,,,0,,0,,,False,False,False,False,False,False
15213291459360305019,GCLNO   ,ULAC,,Other,False,Day,2026-04-07 13:11:00,2026-04-07 00:00:00,,,0,,0,,,False,False,False,False,False,False
10183811921050876477,EXS73G  ,B738,L2J,Large jet,True,Day,2026-04-07 16:19:50,2026-04-07 00:00:00,,,0,,0,,,False,False,False,False,False,True
2557337191396296911,GBOHA   ,P28A,L1P,GA / light,False,Day,2026-04-07 13:54:25,2026-04-07 00:00:00,1650.0000528,3.595719447057444,2,1650.0000528,2,,,True,True,True,False,True,True
9801494661805328317,GBUFH   ,P28A,L1P,GA / light,False,Day,2026-04-07 14:38:15,2026-04-07 00:00:00,675.0000216000001,17.405733717196956,2,,0,,,True,False,True,False,False,True
17920073164183287959,RYR117J ,B738,L2J,Large jet,True,Day,2026-04-07 15:36:20,2026-04-07 00:00:00,,,0,,0,,,False,False,False,False,False,False
1207474862251907356,RYR8PA  ,B38M,L2J,Large jet,True,Day,2026-04-07 15:19:35,2026-04-07 00:00:00,,,0,,0,,,False,False,False,False,False,False
10561164455160489140,SRD375  ,,,Other,False,Day,2026-04-07 15:26:50,2026-04-07 00:00:00,,,0,,0,,,False,False,False,False,True,True
15086221918185376915,GBEWR   ,C172,L1P,GA / light,False,Day,2026-04-07 16:14:35,2026-04-07 00:00:00,,,0,,0,,,False,False,False,False,False,True
9719462767202578396,RYR273  ,B38M,,Large jet,True,Evening,2026-04-07 19:18:45,2026-04-07 00:00:00,,,0,,0,,,False,False,False,False,False,True
6610247296335510961,GDBOD   ,C172,L1P,GA / light,False,Day,2026-04-07 16:20:15,2026-04-07 00:00:00,,,0,,0,,,False,False,False,False,False,False
4817799857119114330,RYR384B ,B38M,L2J,Large jet,True,Evening,2026-04-07 19:22:05,2026-04-07 00:00:00,,,0,,0,,,False,False,False,False,False,True
14819266653433658313,GBUFH   ,P28A,L1P,GA / light,False,Evening,2026-04-07 18:37:50,2026-04-07 00:00:00,,,0,,0,,,False,False,False,False,False,True
2662199960886751810,RUK1133 ,B738,,Large jet,True,Evening,2026-04-07 18:24:30,2026-04-07 00:00:00,,,0,,0,,,False,False,False,False,False,True
14002015830005426902,RYR12YU ,B738,L2J,Large jet,True,Evening,2026-04-07 19:33:35,2026-04-07 00:00:00,,,0,,0,,,False,False,False,False,False,True
2350497007790635688,RYR6504 ,B38M,,Large jet,True,Evening,2026-04-07 20:48:50,2026-04-07 00:00:00,,,0,,0,,,False,False,False,False,False,True
15681858127784553939,RYR363C ,B38M,L2J,Large jet,True,Evening,2026-04-07 21:18:30,2026-04-07 00:00:00,,,0,,0,,,False,False,False,False,False,False
5537535144753464476,EXS159E ,B738,L2J,Large jet,True,Evening,2026-04-07 21:35:50,2026-04-07 00:00:00,,,0,,0,,,False,False,False,False,False,False
9482233239947953337,TOM83T  ,B738,L2J,Large jet,True,Night,2026-04-07 22:06:15,2026-04-07 00:00:00,,,0,,0,,,False,False,False,False,False,True
13703656761006713773,HLE10   ,A169,H2T,Helicopter,False,Night,2026-04-07 23:21:25,2026-04-07 00:00:00,,,0,,0,,,False,False,False,False,False,False
12831618893199738324,RYR117J ,B738,L2J,Large jet,True,Day,2026-04-08 06:05:10,2026-04-08 00:00:00,,,0,,0,,,False,False,False,False,False,False
7793544191536244293,RYR7AB  ,B38M,L2J,Large jet,True,Day,2026-04-08 07:38:20,2026-04-08 00:00:00,,,0,,0,,,False,False,False,False,False,False
15380093347237477783,GBEWR   ,C172,L1P,GA / light,False,Day,2026-04-08 08:19:05,2026-04-08 00:00:00,825.0000264,16.794339778693484,3,,0,,,True,False,True,False,False,True
18210142118890275906,GCKYL   ,C42,L1P,GA / light,False,Day,2026-04-08 09:43:45,2026-04-08 00:00:00,,,0,,0,,,False,False,False,False,False,False
10698834172809511906,SFY3DB  ,DA42,L2P,GA / light,False,Day,2026-04-08 10:24:30,2026-04-08 00:00:00,1275.0000408,6.580491031909996,6,,0,,,True,False,True,False,False,True
16454120570685098701,RYR363C ,B38M,,Large jet,True,Day,2026-04-08 11:11:45,2026-04-08 00:00:00,,,0,,0,,,False,False,False,False,False,False
350562874760122841,N28SN   ,S22T,L1P,GA / light,False,Day,2026-04-08 09:57:25,2026-04-08 00:00:00,1775.0000568,5.371397432151847,1,1775.0000568,1,,,True,True,True,False,True,True
6037472145782715192,CRIMSON1,FA20,L2J,Business jet,False,Day,2026-04-08 11:31:50,2026-04-08 00:00:00,1300.0000416,8.01166194802779,3,,0,,,True,False,True,False,True,True
10689380155375248747,GCIPG   ,NG5,L1P,GA / light,False,Day,2026-04-08 10:50:05,2026-04-08 00:00:00,1375.0000440000001,6.764849672603965,7,1400.0000448,6,1425.0000456,-2102.870072243577,True,True,True,True,True,True
16833826690579832124,CRIMSON2,FA20,L2J,Business jet,False,Day,2026-04-08 11:15:05,2026-04-08 00:00:00,1275.0000408,9.641851760832346,1,,0,,,True,False,True,False,True,True
8596591601790063824,GFLXY   ,P28A,L1P,GA / light,False,Day,2026-04-08 11:36:15,2026-04-08 00:00:00,325.0000104,15.524661325415183,10,,0,,,True,False,True,False,True,True
3333079649851644574,GBEWR   ,C172,L1P,GA / light,False,Day,2026-04-08 11:11:20,2026-04-08 00:00:00,250.000008,16.403650482444633,6,,0,,,True,False,True,False,False,True
7431866628636314986,HLE10   ,A169,H2T,Helicopter,False,Day,2026-04-08 10:42:05,2026-04-08 00:00:00,,,0,,0,,,False,False,False,False,False,False
2532613507724095903,GCKDE   ,G109,L1P,GA / light,False,Day,2026-04-08 11:59:55,2026-04-08 00:00:00,1425.0000456,2.709831584795187,7,1425.0000456,7,1450.0000464000002,-1337.1614194910892,True,True,True,True,True,True
1423144010285744242,GTECS   ,SIRA,L1P,GA / light,False,Day,2026-04-08 11:12:40,2026-04-08 00:00:00,,,0,,0,,,False,False,False,False,False,False
12258805341628525365,GBZTN   ,EUPA,L1P,GA / light,False,Day,2026-04-08 10:45:40,2026-04-08 00:00:00,,,0,,0,,,False,False,False,False,False,True
13630983649320288761,GTWIS   ,TWST,L1P,GA / light,False,Day,2026-04-08 11:10:35,2026-04-08 00:00:00,1225.0000392,6.054736767981005,2,1300.0000416,1,,,True,True,True,False,True,True
5664120120064683769,WHE02   ,,,Other,False,Day,2026-04-08 12:24:55,2026-04-08 00:00:00,,,0,,0,,,False,False,False,False,False,False
1103311714798408497,GDBOD   ,C172,L1P,GA / light,False,Day,2026-04-08 11:32:50,2026-04-08 00:00:00,,,0,,0,,,False,False,False,False,False,False
16469398833117581119,GNXOE   ,C172,L1P,GA / light,False,Day,2026-04-08 11:10:05,2026-04-08 00:00:00,,,0,,0,,,False,False,False,False,True,True
1585378011629556475,GCLEA   ,P28A,L1P,GA / light,False,Day,2026-04-08 11:56:40,2026-04-08 00:00:00,,,0,,0,,,False,False,False,False,True,True
310353219446567680,GFXBT   ,AP22,L1P,GA / light,False,Day,2026-04-08 11:07:05,2026-04-08 00:00:00,,,0,,0,,,False,False,False,False,False,True
1837366183012139495,GBGYH   ,P28A,L1P,GA / light,False,Day,2026-04-08 12:45:35,2026-04-08 00:00:00,275.00000880000005,15.041734796675492,3,575.0000184,1,,,True,True,True,False,True,True
12012552405711634459,GCKYL   ,C42,L1P,GA / light,False,Day,2026-04-08 12:08:40,2026-04-08 00:00:00,,,0,,0,,,False,False,False,False,False,False
8964664141288122046,GAWEI   ,D6CR,L1P,GA / light,False,Day,2026-04-08 12:04:05,2026-04-08 00:00:00,,,0,,0,,,False,False,False,False,False,True
2456319211342318172,PIPE44  ,,,Other,False,Day,2026-04-08 13:40:05,2026-04-08 00:00:00,450.0000144,13.999098586741159,44,575.0000184,9,675.0000216000001,-2411.5045458864024,True,True,True,True,True,True
14677107934447899793,GDIGA   ,R66,H1T,Helicopter,False,Day,2026-04-08 11:43:55,2026-04-08 00:00:00,,,0,,0,,,False,False,False,False,False,False
16489587152061136855,GBZTN   ,EUPA,L1P,GA / light,False,Day,2026-04-08 11:56:35,2026-04-08 00:00:00,600.0000192,18.493468975262278,1,,0,,,True,False,True,False,False,True
17451620800311045731,RYR80XD ,B738,L2J,Large jet,True,Day,2026-04-08 13:52:00,2026-04-08 00:00:00,,,0,,0,,,False,False,False,False,False,False
5375417801967874941,GCLKB   ,C172,L1P,GA / light,False,Day,2026-04-08 12:22:05,2026-04-08 00:00:00,,,0,,0,,,False,False,False,False,False,True
8338994098980262353,GBOJW   ,P28A,L1P,GA / light,False,Day,2026-04-08 13:50:30,2026-04-08 00:00:00,,,0,,0,,,False,False,False,False,False,True
13385536448440416600,RYR5RR  ,B38M,L2J,Large jet,True,Day,2026-04-08 14:04:15,2026-04-08 00:00:00,,,0,,0,,,False,False,False,False,False,False
9421249204970269240,GNCDC   ,NNJA,,Other,False,Day,2026-04-08 12:36:20,2026-04-08 00:00:00,,,0,,0,,,False,False,False,False,False,True
2821400608478844020,GTCNM   ,ECHO,L1P,GA / light,False,Day,2026-04-08 12:59:55,2026-04-08 00:00:00,,,0,,0,,,False,False,False,False,False,False
16508213975439824670,SFY3DB  ,DA42,L2P,GA / light,False,Day,2026-04-08 13:23:50,2026-04-08 00:00:00,450.0000144,15.016332246234015,1,,0,,,True,False,True,False,False,True
1607186771783671462,GOLAJ   ,R44,H1P,Helicopter,False,Day,2026-04-08 14:51:25,2026-04-08 00:00:00,250.000008,16.448673255859394,13,,0,,,True,False,True,False,False,True
5820104126296867940,RYR6765 ,B38M,L2J,Large jet,True,Day,2026-04-08 15:10:45,2026-04-08 00:00:00,,,0,,0,,,False,False,False,False,False,False
8437332795491900218,GGCDB   ,SR20,L1P,GA / light,False,Day,2026-04-08 13:26:15,2026-04-08 00:00:00,725.0000232000001,16.25904386923411,3,,0,,,True,False,True,False,True,True
17698319792411383748,GBSOG   ,C172,L1P,GA / light,False,Day,2026-04-08 14:09:55,2026-04-08 00:00:00,,,0,,0,,,False,False,False,False,False,False
3268653774784381082,SFY1TM  ,DA42,L2P,GA / light,False,Day,2026-04-08 16:32:20,2026-04-08 00:00:00,575.0000184,15.916309857287889,19,,0,,,True,False,True,False,False,True
496051623482098948,MAMBR   ,GL5T,L2J,Business jet,False,Day,2026-04-08 16:59:05,2026-04-08 00:00:00,2800.0000896,8.847882941600806,1,,0,2775.0000888,-234.11594883695352,True,False,True,False,True,True
5488771625059233287,GMA23   ,BE20,L2T,Turboprop,False,Day,2026-04-08 14:04:20,2026-04-08 00:00:00,,,0,,0,,,False,False,False,False,False,True
3793682834032606437,CRIMSON1,FA20,L2J,Business jet,False,Day,2026-04-08 15:39:35,2026-04-08 00:00:00,,,0,,0,,,False,False,False,False,False,True
5114031782691571187,CRIMSON2,,,Other,False,Day,2026-04-08 15:45:40,2026-04-08 00:00:00,1775.0000568,3.8559349941446124,1,1775.0000568,1,,,True,True,True,False,True,True
16325701637252598440,,C172,L1P,GA / light,False,Day,2026-04-08 14:21:40,2026-04-08 00:00:00,,,0,,0,,,False,False,False,False,False,False
15544687508427879952,GAFDO   ,J3,L1P,GA / light,False,Day,2026-04-08 14:54:25,2026-04-08 00:00:00,1175.0000376,2.7191847828234734,2,1175.0000376,2,1175.0000376,-1491.1625481299636,True,True,True,True,True,True
18252779470317842718,GCLKB   ,C172,L1P,GA / light,False,Day,2026-04-08 14:43:50,2026-04-08 00:00:00,,,0,,0,,,False,False,False,False,False,True
8620783460830458899,,R44,H1P,Helicopter,False,Day,2026-04-08 14:26:25,2026-04-08 00:00:00,,,0,,0,,,False,False,False,False,False,True
8750314596076932369,EXS82F  ,B738,L2J,Large jet,True,Evening,2026-04-08 18:51:35,2026-04-08 00:00:00,,,0,,0,,,False,False,False,False,False,False
1755196898736280073,GOLGE   ,SR20,,Other,False,Day,2026-04-08 15:58:35,2026-04-08 00:00:00,,,0,,0,,,False,False,False,False,False,True
17774233151091307081,GBOJW   ,P28A,L1P,GA / light,False,Day,2026-04-08 15:55:00,2026-04-08 00:00:00,,,0,,0,,,False,False,False,False,False,True
15376637306051901101,GBHBT   ,MA5,L1P,GA / light,False,Day,2026-04-08 15:46:35,2026-04-08 00:00:00,,,0,,0,,,False,False,False,False,False,False
14641139219255924817,,DA42,L2P,GA / light,False,Day,2026-04-08 15:00:50,2026-04-08 00:00:00,,,0,,0,,,False,False,False,False,True,True
16668685434462205808,GAZZR   ,C150,L1P,GA / light,False,Day,2026-04-08 15:19:45,2026-04-08 00:00:00,,,0,,0,,,False,False,False,False,False,False
1333519888359562954,RYR3318 ,B38M,,Large jet,True,Day,2026-04-08 17:13:35,2026-04-08 00:00:00,,,0,,0,,,False,False,False,False,False,False
4675924648701870088,,SF25,L1P,GA / light,False,Day,2026-04-08 15:59:55,2026-04-08 00:00:00,,,0,,0,,,False,False,False,False,True,True
12674563664749854747,TOM7MH  ,B738,L2J,Large jet,True,Evening,2026-04-08 20:08:30,2026-04-08 00:00:00,,,0,,0,,,False,False,False,False,False,False
3979036420065621493,GBEWR   ,C172,L1P,GA / light,False,Day,2026-04-08 16:09:35,2026-04-08 00:00:00,500.000016,16.34046581838232,3,,0,,,True,False,True,False,True,True
14530094443222295999,GCKRK   ,G2CA,H1P,Helicopter,False,Day,2026-04-08 16:43:40,2026-04-08 00:00:00,,,0,,0,,,False,False,False,False,True,True
16709426471823231339,GTWIS   ,TWST,L1P,GA / light,False,Day,2026-04-08 16:33:45,2026-04-08 00:00:00,,,0,,0,,,False,False,False,False,True,True
15715291103833988322,GBFBR   ,P28A,L1P,GA / light,False,Day,2026-04-08 16:59:55,2026-04-08 00:00:00,,,0,,0,,,False,False,False,False,False,True
8861883129604317031,NJE083K ,C68A,L2J,Business jet,False,Day,2026-04-08 16:30:25,2026-04-08 00:00:00,,,0,,0,,,False,False,False,False,False,False
13976046706241648083,GBGYH   ,P28A,L1P,GA / light,False,Day,2026-04-08 16:41:55,2026-04-08 00:00:00,,,0,,0,,,False,False,False,False,True,True
11208670105873719012,GATYS   ,P28A,L1P,GA / light,False,Day,2026-04-08 17:59:55,2026-04-08 00:00:00,1000.000032,8.099179499260593,1,,0,,,True,False,True,False,False,True
12340218326669654163,GBEWR   ,C172,L1P,GA / light,False,Day,2026-04-08 17:32:10,2026-04-08 00:00:00,,,0,,0,,,False,False,False,False,True,True
6398119450219798050,GCISE   ,PULS,L1P,GA / light,False,Day,2026-04-08 17:22:45,2026-04-08 00:00:00,,,0,,0,,,False,False,False,False,False,True
8543848739857675391,SFY1TM  ,DA42,L2P,GA / light,False,Evening,2026-04-08 18:43:45,2026-04-08 00:00:00,900.0000288,18.841616309022932,3,,0,,,True,False,True,False,False,True
17408631962372384610,GAWWO   ,DR10,L1P,GA / light,False,Evening,2026-04-08 18:38:55,2026-04-08 00:00:00,,,0,,0,,,False,False,False,False,False,False
8228615772747258138,URO913  ,A346,L4J,Large jet,True,Evening,2026-04-08 19:25:05,2026-04-08 00:00:00,950.0000304,11.648596242877892,2,3800.0001216,1,,,True,True,True,False,True,True
7826401563788769604,RYR12YU ,B38M,L2J,Large jet,True,Evening,2026-04-08 21:17:10,2026-04-08 00:00:00,,,0,,0,,,False,False,False,False,False,False
8644298268359679975,RYR7KY  ,B38M,,Large jet,True,Evening,2026-04-08 21:40:15,2026-04-08 00:00:00,,,0,,0,,,False,False,False,False,True,True
11964694292234433641,RYR2XN  ,B38M,,Large jet,True,Day,2026-04-09 07:45:55,2026-04-09 00:00:00,,,0,,0,,,False,False,False,False,False,True
1894702531791532828,VJT678  ,BE20,L2T,Turboprop,False,Day,2026-04-09 09:51:55,2026-04-09 00:00:00,1850.0000592,1.5147029370452938,2,1850.0000592,2,1850.0000592,-1011.1688105631467,True,True,True,True,True,True
9376333146660304805,GCICG   ,C42,L1P,GA / light,False,Day,2026-04-09 10:25:50,2026-04-09 00:00:00,1425.0000456,2.6471633124593192,2,1425.0000456,2,1400.0000448,-1862.271667511212,True,True,True,True,True,True
6232680720078904278,SFY1TM  ,DA42,L2P,GA / light,False,Day,2026-04-09 09:45:05,2026-04-09 00:00:00,925.0000296,16.41509600992648,2,,0,,,True,False,True,False,False,True
2025535929285334223,RYR7KY  ,B38M,,Large jet,True,Day,2026-04-09 10:11:40,2026-04-09 00:00:00,,,0,,0,,,False,False,False,False,False,False
4595116967454059739,RYR3949 ,B38M,,Large jet,True,Day,2026-04-09 09:48:25,2026-04-09 00:00:00,2325.0000744000004,0.8926985300910503,1,2325.0000744000004,1,2325.0000744000004,-882.9841788605554,True,True,True,False,True,True
1127931562446079840,HELIOP  ,,,Other,False,Day,2026-04-09 10:18:10,2026-04-09 00:00:00,,,0,,0,,,False,False,False,False,False,False
4325394565664279286,GCMZB   ,,,Other,False,Day,2026-04-09 10:38:05,2026-04-09 00:00:00,,,0,,0,,,False,False,False,False,False,False
13658005010250767745,RYR5RR  ,B38M,L2J,Large jet,True,Day,2026-04-09 12:37:40,2026-04-09 00:00:00,,,0,,0,,,False,False,False,False,False,False
7190849450176177309,SFY1TM  ,DA42,L2P,GA / light,False,Day,2026-04-09 11:43:20,2026-04-09 00:00:00,400.0000128,15.159962135579072,3,,0,,,True,False,True,False,False,True
9112349376944519441,GSLNG   ,SLG4,L1P,GA / light,False,Day,2026-04-09 11:44:35,2026-04-09 00:00:00,,,0,,0,,,False,False,False,False,True,True
3174161178360445404,PNTHR76 ,H64,H2T,Helicopter,False,Day,2026-04-09 13:31:30,2026-04-09 00:00:00,,,0,,0,,,False,False,False,False,False,False
6281434587077995764,NJU2VY  ,C56X,L2J,Business jet,False,Day,2026-04-09 14:18:20,2026-04-09 00:00:00,50.0000016,17.570042830614373,2,,0,,,True,False,True,False,True,True
11926211087689975221,GFFMV   ,DA42,L2P,GA / light,False,Day,2026-04-09 14:05:05,2026-04-09 00:00:00,,,0,,0,,,False,False,False,False,False,True
1922788873258653395,TOM9HW  ,B738,L2J,Large jet,True,Day,2026-04-09 15:24:15,2026-04-09 00:00:00,,,0,,0,,,False,False,False,False,False,False
101805408919744168,SFY1TM  ,DA42,L2P,GA / light,False,Day,2026-04-09 14:20:30,2026-04-09 00:00:00,275.00000880000005,15.861674099693206,4,,0,,,True,False,True,False,False,True
5985043460611891776,N84VK   ,PA24,L1P,GA / light,False,Day,2026-04-09 14:57:50,2026-04-09 00:00:00,1475.0000472000002,10.266665716558345,3,,0,,,True,False,True,False,True,True
18046894688747349350,N425RR  ,PAY3,L2T,Turboprop,False,Day,2026-04-09 15:38:50,2026-04-09 00:00:00,,,0,,0,,,False,False,False,False,False,False
17755325993314621873,GBGYH   ,P28A,L1P,GA / light,False,Day,2026-04-09 15:37:40,2026-04-09 00:00:00,625.00002,15.496586205119465,7,,0,,,True,False,True,False,True,True
11378683172049983271,RYR12YU ,B38M,,Large jet,True,Day,2026-04-09 16:24:50,2026-04-09 00:00:00,,,0,,0,,,False,False,False,False,False,False
11965669983866712358,GBOJW   ,P28A,L1P,GA / light,False,Day,2026-04-09 15:30:20,2026-04-09 00:00:00,,,0,,0,,,False,False,False,False,False,True
17088427459290394459,FSF100A ,PC12,L1T,Turboprop,False,Day,2026-04-09 16:59:30,2026-04-09 00:00:00,1350.0000432000002,9.91955826943801,2,2525.0000808,1,,,True,True,True,False,True,True
15504713928359820272,GMA23   ,BE20,L2T,Turboprop,False,Day,2026-04-09 16:45:00,2026-04-09 00:00:00,1850.0000592,6.735895361672222,3,1875.00006,2,1875.00006,-1034.2578782984522,True,True,True,True,True,True
14863877074341465114,EILIM   ,A139,H2T,Helicopter,False,Evening,2026-04-09 18:30:10,2026-04-09 00:00:00,875.0000279999999,14.317739125635724,1,,0,,,True,False,True,False,False,True
15179822856132957685,SFY1TM  ,DA42,L2P,GA / light,False,Day,2026-04-09 16:33:40,2026-04-09 00:00:00,725.0000232000001,14.347296129367647,20,,0,,,True,False,True,False,False,True
12164081463634283419,EXS68AT ,B738,L2J,Large jet,True,Evening,2026-04-09 18:04:40,2026-04-09 00:00:00,,,0,,0,,,False,False,False,False,False,False
10342217687026766718,BIO05   ,P68,,Other,False,Day,2026-04-09 17:07:45,2026-04-09 00:00:00,925.0000296,13.518291219794582,2,,0,,,True,False,True,False,True,True
13302974635694255713,EXS3623 ,B738,L2J,Large jet,True,Evening,2026-04-09 18:13:05,2026-04-09 00:00:00,2300.0000736,4.062369913757734,2,2300.0000736,2,2725.0000872,-290.7978878382055,True,True,True,False,True,True
9474481710649842349,SFY1TM  ,DA42,L2P,GA / light,False,Evening,2026-04-09 18:19:25,2026-04-09 00:00:00,325.0000104,15.698773576924635,18,,0,,,True,False,True,False,False,True
11600768902087262470,RYR80XD ,,,Other,False,Evening,2026-04-09 19:38:00,2026-04-09 00:00:00,,,0,,0,,,False,False,False,False,True,True
12402415119829020328,N700CS  ,TBM7,L1T,Turboprop,False,Evening,2026-04-09 18:50:15,2026-04-09 00:00:00,775.0000248,14.351341177963539,3,,0,,,True,False,True,False,True,True
11370902051229825256,GMA23   ,BE20,L2T,Turboprop,False,Evening,2026-04-09 18:39:00,2026-04-09 00:00:00,1825.0000584,3.597478312907161,5,1825.0000584,4,1900.0000608,-945.5774877994022,True,True,True,True,True,True
16742403968548558621,RYR117J ,B38M,L2J,Large jet,True,Evening,2026-04-09 21:41:35,2026-04-09 00:00:00,,,0,,0,,,False,False,False,False,False,False
3202776113756013833,RYR8PA  ,B38M,,Large jet,True,Evening,2026-04-09 21:50:25,2026-04-09 00:00:00,,,0,,0,,,False,False,False,False,False,False
11295485022319477509,RUK1133 ,B738,L2J,Large jet,True,Evening,2026-04-09 21:10:10,2026-04-09 00:00:00,2850.0000912,2.1398707542917457,1,2850.0000912,1,2850.0000912,-488.28908563954883,True,True,True,False,True,True
7313199992712618521,RYR117J ,B738,L2J,Large jet,True,Day,2026-04-10 06:30:50,2026-04-10 00:00:00,,,0,,0,,,False,False,False,False,False,False
16073817979063561136,SFY1TM  ,DA42,L2P,GA / light,False,Day,2026-04-10 09:14:00,2026-04-10 00:00:00,325.0000104,15.043293151536204,4,,0,,,True,False,True,False,False,True
9382506970792546879,GCBAN   ,BDOG,L1P,GA / light,False,Day,2026-04-10 08:46:50,2026-04-10 00:00:00,1425.0000456,3.016194399790534,10,1425.0000456,9,1500.000048,-1728.3673210235377,True,True,True,True,True,True
17714112214719090621,GSLNG   ,SLG4,L1P,GA / light,False,Day,2026-04-10 10:40:20,2026-04-10 00:00:00,1500.000048,4.242676791281604,10,1500.000048,10,,,True,True,True,False,True,True
17726555292733259596,RYR38NG ,B38M,,Large jet,True,Day,2026-04-10 10:59:15,2026-04-10 00:00:00,2625.0000840000002,2.2766323249522062,1,2625.0000840000002,1,2625.0000840000002,-100.71065074222406,True,True,True,False,True,True
5254498545133556027,EXS697J ,B738,L2J,Large jet,True,Day,2026-04-10 12:00:55,2026-04-10 00:00:00,2325.0000744000004,3.7679051792419447,2,2325.0000744000004,2,2300.0000736,-316.6274862301707,True,True,True,False,True,True
2807987945971135889,RYR384B ,B38M,L2J,Large jet,True,Day,2026-04-10 12:41:50,2026-04-10 00:00:00,2675.0000856,1.1377891022614164,1,2675.0000856,1,2675.0000856,-278.86337597214015,True,True,True,False,True,True
9925150624080288187,RYR12YU ,B738,L2J,Large jet,True,Day,2026-04-10 11:29:55,2026-04-10 00:00:00,,,0,,0,,,False,False,False,False,False,False
1934487502852166431,GOLAJ   ,R44,H1P,Helicopter,False,Day,2026-04-10 10:09:20,2026-04-10 00:00:00,,,0,,0,,,False,False,False,False,False,True
2881633624162932315,SFY1TM  ,DA42,L2P,GA / light,False,Day,2026-04-10 11:14:35,2026-04-10 00:00:00,300.0000096,15.270768431976203,8,,0,,,True,False,True,False,False,True
17413348014893834941,N575GM  ,TB20,L1P,GA / light,False,Day,2026-04-10 11:35:10,2026-04-10 00:00:00,700.0000224,13.304295005872687,4,1600.0000512,2,,,True,True,True,False,True,True
13274534708831895689,GCKYL   ,C42,L1P,GA / light,False,Day,2026-04-10 11:24:55,2026-04-10 00:00:00,,,0,,0,,,False,False,False,False,False,True
14920062162825569524,RYR80XD ,B738,L2J,Large jet,True,Day,2026-04-10 12:46:25,2026-04-10 00:00:00,,,0,,0,,,False,False,False,False,False,False
5736356351225340077,GCDOK   ,C42,L1P,GA / light,False,Day,2026-04-10 11:49:45,2026-04-10 00:00:00,1450.0000464000002,3.983358530780526,2,1450.0000464000002,2,1500.000048,-1232.9360056371731,True,True,True,True,False,True
3650412563761636548,EXS61TQ ,B738,L2J,Large jet,True,Day,2026-04-10 12:39:10,2026-04-10 00:00:00,,,0,,0,,,False,False,False,False,False,False
16980814667658039599,,P28A,L1P,GA / light,False,Day,2026-04-10 11:03:55,2026-04-10 00:00:00,,,0,,0,,,False,False,False,False,False,True
14110753596700690195,GJIMZ   ,RV4,L1P,GA / light,False,Day,2026-04-10 11:53:55,2026-04-10 00:00:00,,,0,,0,,,False,False,False,False,False,False
16139851493611743336,GBUFH   ,P28A,L1P,GA / light,False,Day,2026-04-10 13:05:55,2026-04-10 00:00:00,675.0000216000001,17.593205867385734,3,,0,,,True,False,True,False,False,True
17752973680199685555,MABTE   ,,,Other,False,Day,2026-04-10 15:19:40,2026-04-10 00:00:00,550.0000176000001,14.277483909154393,34,2300.0000736,5,2325.0000744000004,-539.2288840471447,True,True,True,False,False,True
12991750306201486663,GDHAH   ,CH7A,L1P,GA / light,False,Day,2026-04-10 13:37:30,2026-04-10 00:00:00,,,0,,0,,,False,False,False,False,False,True
3827343510564898435,GBZTN   ,EUPA,L1P,GA / light,False,Day,2026-04-10 13:10:20,2026-04-10 00:00:00,450.0000144,17.09108663175566,1,,0,,,True,False,True,False,False,True
16072094667303204681,GCDOK   ,C42,L1P,GA / light,False,Day,2026-04-10 13:40:40,2026-04-10 00:00:00,,,0,,0,,,False,False,False,False,False,True
4466144715716468944,UPAVON  ,,,Other,False,Day,2026-04-10 13:16:55,2026-04-10 00:00:00,,,0,,0,,,False,False,False,False,False,False
415430332658442994,GMA23   ,BE20,L2T,Turboprop,False,Day,2026-04-10 14:09:45,2026-04-10 00:00:00,1875.00006,7.3197006617681,4,1900.0000608,3,2350.0000752,-546.8413065207637,True,True,True,False,True,True
14440325705520242934,GBGYH   ,P28A,L1P,GA / light,False,Day,2026-04-10 14:39:50,2026-04-10 00:00:00,,,0,,0,,,False,False,False,False,True,True
8344037368377271956,CFE28F  ,E190,L2J,Large jet,True,Day,2026-04-10 15:02:20,2026-04-10 00:00:00,1850.0000592,6.557738047101267,2,1900.0000608,1,,,True,True,True,False,True,True
12743305468662342475,GBUFH   ,P28A,L1P,GA / light,False,Day,2026-04-10 15:18:25,2026-04-10 00:00:00,250.000008,17.155739862884626,28,,0,,,True,False,True,False,True,True
3519179837202592343,GCDOK   ,C42,L1P,GA / light,False,Day,2026-04-10 15:59:50,2026-04-10 00:00:00,,,0,,0,,,False,False,False,False,False,True
5268401449309773668,RYR5RR  ,B38M,,Large jet,True,Day,2026-04-10 17:25:20,2026-04-10 00:00:00,,,0,,0,,,False,False,False,False,False,False
16830174618331827919,GARVV   ,P28A,L1P,GA / light,False,Day,2026-04-10 15:59:55,2026-04-10 00:00:00,,,0,,0,,,False,False,False,False,False,False
3671737373505339858,GNTSI   ,,,Other,False,Day,2026-04-10 16:13:30,2026-04-10 00:00:00,,,0,,0,,,False,False,False,False,False,True
6658788324525671281,GBUJP   ,P28A,L1P,GA / light,False,Day,2026-04-10 17:08:05,2026-04-10 00:00:00,2375.0000760000003,16.76904705888089,4,,0,,,True,False,True,False,False,True
14280684418540759447,RYR9911 ,B738,L2J,Large jet,True,Day,2026-04-10 17:39:20,2026-04-10 00:00:00,,,0,,0,,,False,False,False,False,False,False
9082295829904033338,GBUFH   ,P28A,L1P,GA / light,False,Day,2026-04-10 17:20:55,2026-04-10 00:00:00,1450.0000464000002,16.452790564353645,3,,0,,,True,False,True,False,False,True
7951843762498075494,TOM47Y  ,B738,L2J,Large jet,True,Evening,2026-04-10 18:39:55,2026-04-10 00:00:00,25.0000008,18.57561609084729,1,,0,,,True,False,True,False,False,False
17054226707812219537,,P28A,L1P,GA / light,False,Day,2026-04-10 17:00:20,2026-04-10 00:00:00,,,0,,0,,,False,False,False,False,True,True
5428692079335962456,EXS159E ,B738,L2J,Large jet,True,Evening,2026-04-10 21:48:10,2026-04-10 00:00:00,75.0000024,18.78909959218485,1,,0,,,True,False,True,False,True,True
14325452915139778193,RYR22ZK ,B38M,L2J,Large jet,True,Evening,2026-04-10 21:51:00,2026-04-10 00:00:00,75.0000024,18.761381703003803,1,,0,,,True,False,True,False,False,False
9855348175851271545,EXS34HS ,B738,L2J,Large jet,True,Night,2026-04-10 22:10:20,2026-04-10 00:00:00,100.0000032,18.509405358486443,1,,0,,,True,False,True,False,False,False
4563190457937542204,RUK1133 ,B738,,Large jet,True,Evening,2026-04-10 21:00:50,2026-04-10 00:00:00,25.0000008,18.81955670172568,1,,0,,,True,False,True,False,False,False
2534659714909617544,RYR384B ,B38M,L2J,Large jet,True,Day,2026-04-11 06:47:50,2026-04-11 00:00:00,225.0000072,18.55877231524978,2,2700.0000864000003,1,,,True,True,True,False,True,True
2966074425186516993,RYR117J ,B738,L2J,Large jet,True,Day,2026-04-11 06:08:00,2026-04-11 00:00:00,250.000008,18.580842569703325,1,,0,,,True,False,True,False,False,True
7813733286469977063,RYR6504 ,B738,L2J,Large jet,True,Day,2026-04-11 06:38:05,2026-04-11 00:00:00,225.0000072,18.741726601231992,1,,0,,,True,False,True,False,False,True
3913002230014536949,RYR273  ,B38M,L2J,Large jet,True,Day,2026-04-11 08:37:15,2026-04-11 00:00:00,200.0000064,18.39497737943228,1,,0,,,True,False,True,False,False,True
7319748859184357581,RYR80XD ,B738,L2J,Large jet,True,Day,2026-04-11 08:46:30,2026-04-11 00:00:00,200.0000064,18.53670208508642,1,,0,,,True,False,True,False,False,True
670782603879743607,RYR7099 ,B38M,,Large jet,True,Day,2026-04-11 08:28:30,2026-04-11 00:00:00,2500.00008,5.30870248738951,1,2500.00008,1,,,True,True,True,False,True,True
1962313201274829314,GMOSH   ,P28R,L1P,GA / light,False,Day,2026-04-11 09:58:35,2026-04-11 00:00:00,200.0000064,18.15356638678888,15,1500.000048,8,1700.0000544000002,-1714.3039175621323,True,True,True,True,True,True
18182328499236805994,SRD375  ,A139,,Other,False,Day,2026-04-11 09:59:55,2026-04-11 00:00:00,,,0,,0,,,False,False,False,False,True,True
278058656343023281,GOLGE   ,SR20,,Other,False,Day,2026-04-11 10:23:05,2026-04-11 00:00:00,200.0000064,18.795332141091528,7,,0,,,True,False,True,False,False,True
9651628990403595271,TOM2CD  ,B738,L2J,Large jet,True,Day,2026-04-11 11:58:35,2026-04-11 00:00:00,150.0000048,18.780641538725412,2,2850.0000912,1,2850.0000912,50.555021703145485,True,True,True,False,True,True
15787497676551926543,EXS86KL ,B738,L2J,Large jet,True,Day,2026-04-11 12:17:30,2026-04-11 00:00:00,125.000004,18.736500462053964,1,,0,,,True,False,True,False,False,True
1068408716695368956,EZS1531 ,A320,L2J,Large jet,True,Day,2026-04-11 12:00:05,2026-04-11 00:00:00,150.0000048,18.909007100976424,4,2650.0000848,3,2850.0000912,-177.2650640810698,True,True,True,False,True,True
12195243551730979414,SRD375  ,A139,,Other,False,Day,2026-04-11 10:59:35,2026-04-11 00:00:00,,,0,,0,,,False,False,False,False,True,True
398170202861712152,SFY1TM  ,DA42,L2P,GA / light,False,Day,2026-04-11 11:55:45,2026-04-11 00:00:00,350.0000112,16.944745558951293,3,,0,,,True,False,True,False,True,True
13059247987672910458,GOLAJ   ,R44,H1P,Helicopter,False,Day,2026-04-11 11:27:40,2026-04-11 00:00:00,,,0,,0,,,False,False,False,False,False,True
10458650901198053596,EXS52TY ,B738,L2J,Large jet,True,Day,2026-04-11 14:41:15,2026-04-11 00:00:00,100.0000032,18.919165849078908,2,2950.0000944000003,1,2950.0000944000003,225.72655651325022,True,True,True,False,True,True
9951216531670918965,GSAPA   ,R66,H1T,Helicopter,False,Day,2026-04-11 12:15:00,2026-04-11 00:00:00,,,0,,0,,,False,False,False,False,False,False
6891822678138053546,GARVV   ,P28A,L1P,GA / light,False,Day,2026-04-11 12:40:00,2026-04-11 00:00:00,,,0,,0,,,False,False,False,False,False,False
7529767070989657720,GGCDB   ,SR20,L1P,GA / light,False,Day,2026-04-11 11:57:45,2026-04-11 00:00:00,,,0,,0,,,False,False,False,False,True,True
7220766996154689354,RYR8PA  ,B38M,L2J,Large jet,True,Day,2026-04-11 13:19:05,2026-04-11 00:00:00,150.0000048,18.56516336463769,2,2825.0000904000003,1,2825.0000904000003,58.09152442624327,True,True,True,False,True,True
16151800379711000161,GOLAJ   ,R44,H1P,Helicopter,False,Day,2026-04-11 12:32:40,2026-04-11 00:00:00,975.0000312,15.649666880599561,1,,0,,,True,False,True,False,False,True
16584419740425593736,RYR12YU ,B38M,,Large jet,True,Day,2026-04-11 14:11:45,2026-04-11 00:00:00,125.000004,18.641827041357175,2,3000.000096,1,3000.000096,107.54678469886494,True,True,True,False,True,True
4983363717430274236,RYR5RR  ,B738,L2J,Large jet,True,Day,2026-04-11 14:36:50,2026-04-11 00:00:00,125.000004,18.514631879226272,2,2600.0000832,1,,,True,True,True,False,True,True
14186418642903057817,RYR3318 ,B38M,L2J,Large jet,True,Day,2026-04-11 15:07:10,2026-04-11 00:00:00,,,0,,0,,,False,False,False,False,False,False
4321704928556417284,SFY1TM  ,DA42,L2P,GA / light,False,Day,2026-04-11 14:09:30,2026-04-11 00:00:00,300.0000096,17.65858539193419,27,,0,,,True,False,True,False,False,True
2496473052397177922,HLE10   ,A169,H2T,Helicopter,False,Day,2026-04-11 15:56:40,2026-04-11 00:00:00,,,0,,0,,,False,False,False,False,False,True
13429394018745849125,RYR2XN  ,B38M,L2J,Large jet,True,Evening,2026-04-11 19:03:45,2026-04-11 00:00:00,125.000004,18.953148736513697,1,,0,,,True,False,True,False,False,False
307682599148976954,SRG375  ,A139,,Other,False,Evening,2026-04-11 18:59:55,2026-04-11 00:00:00,,,0,,0,,,False,False,False,False,True,True
15697685069513849471,RYR7AB  ,B38M,,Large jet,True,Evening,2026-04-11 20:32:25,2026-04-11 00:00:00,100.0000032,18.367263226467198,1,,0,,,True,False,True,False,False,False
3924897117549069340,EXS82F  ,B738,L2J,Large jet,True,Night,2026-04-11 23:01:20,2026-04-11 00:00:00,75.0000024,18.739895616960432,1,,0,,,True,False,True,False,False,False
17190994866104685054,RYR9911 ,B738,L2J,Large jet,True,Evening,2026-04-11 20:22:45,2026-04-11 00:00:00,100.0000032,18.53031190515229,5,2950.0000944000003,4,2975.0000952000005,-192.98353819127124,True,True,True,False,True,True
16040497845802518119,URO913  ,A346,L4J,Large jet,True,Evening,2026-04-11 20:11:00,2026-04-11 00:00:00,,,0,,0,,,False,False,False,False,False,False
4682805297531942901,URO901  ,A346,L4J,Large jet,True,Night,2026-04-11 22:29:05,2026-04-11 00:00:00,2950.0000944000003,2.5199544460904804,1,2950.0000944000003,1,2900.0000928000004,-99.60204567065784,True,True,True,False,True,True
15972286480831548015,EXS61TQ ,B738,L2J,Large jet,True,Night,2026-04-11 22:01:30,2026-04-11 00:00:00,75.0000024,18.80271211307199,1,,0,,,True,False,True,False,False,False
9877436661624500382,HLE10   ,A169,H2T,Helicopter,False,Night,2026-04-12 01:16:30,2026-04-12 00:00:00,1775.0000568,4.5501655050710035,3,1775.0000568,1,,,True,True,True,False,True,True
5665665803376775412,HLE10   ,A169,H2T,Helicopter,False,Night,2026-04-12 02:57:25,2026-04-12 00:00:00,,,0,,0,,,False,False,False,False,False,True
7718876616036379640,RYR73QT ,B738,L2J,Large jet,True,Day,2026-04-12 06:51:40,2026-04-12 00:00:00,100.0000032,18.548319406920626,1,,0,,,True,False,True,False,False,False
10289512989377934707,NJU720P ,,,Other,False,Day,2026-04-12 08:43:50,2026-04-12 00:00:00,275.00000880000005,17.493646798790323,8,,0,,,True,False,True,False,True,True
12282037092018074195,SFY1TM  ,DA42,L2P,GA / light,False,Day,2026-04-12 10:19:55,2026-04-12 00:00:00,250.000008,17.557058634285163,16,,0,,,True,False,True,False,True,True
11357341063951005423,RYR363C ,B38M,L2J,Large jet,True,Day,2026-04-12 11:20:40,2026-04-12 00:00:00,25.0000008,18.858642950831452,1,,0,,,True,False,True,False,False,False
9445333898542661002,FCA1MB  ,E55P,,Business jet,False,Day,2026-04-12 11:46:05,2026-04-12 00:00:00,2575.0000824,2.2892112394347537,1,2575.0000824,1,2575.0000824,-316.12546468562914,True,True,True,False,True,True
3562553105113909184,RYR12YU ,B738,L2J,Large jet,True,Day,2026-04-12 11:55:45,2026-04-12 00:00:00,50.0000016,18.543093068663655,2,2550.0000816,1,2550.0000816,-116.14013552758479,True,True,True,False,True,True
11844963794355652717,GOLAJ   ,R44,H1P,Helicopter,False,Day,2026-04-12 11:15:30,2026-04-12 00:00:00,750.000024,15.454026591082672,2,,0,,,True,False,True,False,False,True
8813995758237564146,NJE6NK  ,C68A,,Business jet,False,Day,2026-04-12 11:34:50,2026-04-12 00:00:00,,,0,,0,,,False,False,False,False,False,False
15839814883005419725,SLS8V   ,,,Other,False,Day,2026-04-12 11:25:35,2026-04-12 00:00:00,,,0,,0,,,False,False,False,False,False,True
2654255739332952161,GBUFH   ,P28A,L1P,GA / light,False,Day,2026-04-12 12:16:45,2026-04-12 00:00:00,225.0000072,18.21843233589613,13,,0,,,True,False,True,False,False,True
14982027705439771128,RYR2XN  ,B38M,,Large jet,True,Day,2026-04-12 13:04:10,2026-04-12 00:00:00,25.0000008,18.63246555458007,7,2875.000092,6,2975.0000952000005,-238.29297277172236,True,True,True,False,True,True
62753024579949516,SFY1TM  ,DA42,L2P,GA / light,False,Day,2026-04-12 12:41:30,2026-04-12 00:00:00,200.0000064,17.629961917297233,40,,0,,,True,False,True,False,True,True
16641856275696016616,GNNJA   ,SKRA,L1P,GA / light,False,Day,2026-04-12 13:07:55,2026-04-12 00:00:00,,,0,,0,,,False,False,False,False,False,False
11925123753127767798,LJC6    ,B350,L2T,Turboprop,False,Day,2026-04-12 13:18:05,2026-04-12 00:00:00,2050.0000656,5.158290028305542,2,2050.0000656,2,2075.0000664,-603.0329025351821,True,True,True,False,True,True
5440666366671056103,RYR117J ,B38M,L2J,Large jet,True,Day,2026-04-12 14:39:35,2026-04-12 00:00:00,75.0000024,18.604077809073292,3,,0,,,True,False,True,False,True,True
17155978328675761347,RYR8947 ,B38M,,Large jet,True,Day,2026-04-12 15:52:30,2026-04-12 00:00:00,50.0000016,18.45887476620814,1,,0,,,True,False,True,False,False,False
14406945385595944068,HLE22   ,B429,H2T,Helicopter,False,Day,2026-04-12 13:56:15,2026-04-12 00:00:00,,,0,,0,,,False,False,False,False,False,False
1522414420285835466,EXS68AT ,B738,L2J,Large jet,True,Day,2026-04-12 16:32:05,2026-04-12 00:00:00,50.0000016,18.426351299080874,1,,0,,,True,False,True,False,True,True
6118936311345083977,EXS71BS ,B738,L2J,Large jet,True,Day,2026-04-12 16:55:45,2026-04-12 00:00:00,25.0000008,18.880129214700357,1,,0,,,True,False,True,False,False,False
7871122238082021663,TOM6KM  ,B738,L2J,Large jet,True,Day,2026-04-12 17:02:30,2026-04-12 00:00:00,50.0000016,18.63660068093846,2,2500.00008,1,,,True,True,True,False,True,True
10071309247727962374,SXN608  ,,,Other,False,Day,2026-04-12 15:38:00,2026-04-12 00:00:00,50.0000016,18.52102279686459,5,1925.0000616,4,2050.0000656,-845.9147241233877,True,True,True,False,True,True
15430276099490629163,NJU841R ,,,Other,False,Day,2026-04-12 15:27:35,2026-04-12 00:00:00,1225.0000392,12.048414912711287,4,2550.0000816,2,2550.0000816,-349.381044919372,True,True,True,False,True,True
13379396986099927396,GOLGE   ,SR20,,Other,False,Day,2026-04-12 17:41:55,2026-04-12 00:00:00,300.0000096,16.958778783200042,5,,0,,,True,False,True,False,False,True
5816880668324683668,RUK1133 ,B738,,Large jet,True,Day,2026-04-12 16:57:55,2026-04-12 00:00:00,25.0000008,18.703977885009394,2,2450.0000784,1,2450.0000784,-227.29329928338984,True,True,True,False,True,True
18289831884832294101,GMA23   ,BE20,L2T,Turboprop,False,Evening,2026-04-12 18:29:00,2026-04-12 00:00:00,50.0000016,18.703155009820495,3,3025.0000968000004,2,3050.0000976,-3.4857937413294167,True,True,True,False,True,True
17996981890932207195,RYR80XD ,B38M,L2J,Large jet,True,Evening,2026-04-12 21:56:40,2026-04-12 00:00:00,,,0,,0,,,False,False,False,False,False,False
18185218012939816966,RYR8PA  ,B38M,,Large jet,True,Evening,2026-04-12 21:44:40,2026-04-12 00:00:00,25.0000008,18.648218597131358,2,3175.0001016,1,3175.0001016,118.76583441739149,True,True,True,False,True,True
16926275595473790845,HLE10   ,A169,H2T,Helicopter,False,Night,2026-04-12 22:27:55,2026-04-12 00:00:00,,,0,,0,,,False,False,False,False,False,False
12307257694155008342,HLE10   ,A169,H2T,Helicopter,False,Night,2026-04-13 00:30:25,2026-04-13 00:00:00,,,0,,0,,,False,False,False,False,False,True
16429638130179151992,HLE10   ,A169,H2T,Helicopter,False,Night,2026-04-13 01:50:35,2026-04-13 00:00:00,,,0,,0,,,False,False,False,False,False,True
6714327334952957849,NJE757Q ,E55P,L2J,Business jet,False,Day,2026-04-13 08:03:35,2026-04-13 00:00:00,2500.00008,4.285342429804955,1,2500.00008,1,,,True,True,True,False,True,True
2912974598248300854,GOLAJ   ,R44,H1P,Helicopter,False,Day,2026-04-13 09:21:55,2026-04-13 00:00:00,,,0,,0,,,False,False,False,False,False,True
7826666705964766734,RYR2XN  ,B38M,,Large jet,True,Day,2026-04-13 11:17:30,2026-04-13 00:00:00,,,0,,0,,,False,False,False,False,True,True
18068667903356171556,EXS697J ,B738,L2J,Large jet,True,Day,2026-04-13 11:59:10,2026-04-13 00:00:00,5775.0001848,16.011299113658293,1,,0,,,True,False,True,False,False,False
18387884699425375885,GAYYO   ,DR10,L1P,GA / light,False,Day,2026-04-13 10:31:55,2026-04-13 00:00:00,,,0,,0,,,False,False,False,False,False,False
1730936427756598757,GOLGE   ,SR20,,Other,False,Day,2026-04-13 10:59:55,2026-04-13 00:00:00,225.0000072,18.133053156178736,7,,0,,,True,False,True,False,False,True
8097546050845668000,URO100P ,A346,L4J,Large jet,True,Day,2026-04-13 10:35:30,2026-04-13 00:00:00,4000.000128,6.957504743538823,1,,0,,,True,False,True,False,False,False
7976606577186968968,GBUFH   ,P28A,L1P,GA / light,False,Day,2026-04-13 10:50:25,2026-04-13 00:00:00,725.0000232000001,14.476783388738074,6,,0,,,True,False,True,False,False,True
5073347472903171849,,EC35,H2T,Helicopter,False,Day,2026-04-13 10:10:10,2026-04-13 00:00:00,,,0,,0,,,False,False,False,False,False,True
6924234016800859587,GOLAJ   ,R44,H1P,Helicopter,False,Day,2026-04-13 11:29:10,2026-04-13 00:00:00,675.0000216000001,17.25475853465588,1,,0,,,True,False,True,False,False,True
11463215756205971659,GMA23   ,BE20,L2T,Turboprop,False,Day,2026-04-13 11:38:15,2026-04-13 00:00:00,750.000024,14.308902775414635,4,2500.00008,2,2500.00008,-800.6412688484093,True,True,True,False,True,True
7029367469176408067,RYR7624 ,B38M,L2J,Large jet,True,Day,2026-04-13 13:56:15,2026-04-13 00:00:00,,,0,,0,,,False,False,False,False,False,False
17438490627870092375,URO101P ,A346,L4J,Large jet,True,Day,2026-04-13 12:21:35,2026-04-13 00:00:00,,,0,,0,,,False,False,False,False,False,False
8747124465856184533,RYR117J ,B738,L2J,Large jet,True,Day,2026-04-13 14:42:40,2026-04-13 00:00:00,,,0,,0,,,False,False,False,False,False,False
12611719500169107933,HELIOP  ,,,Other,False,Day,2026-04-13 13:07:40,2026-04-13 00:00:00,,,0,,0,,,False,False,False,False,False,False
8557619665428467568,GBUFH   ,P28A,L1P,GA / light,False,Day,2026-04-13 13:53:20,2026-04-13 00:00:00,1150.0000368,16.18249378265403,2,,0,,,True,False,True,False,False,True
5079451622170456037,GNTSI   ,,,Other,False,Day,2026-04-13 13:20:35,2026-04-13 00:00:00,1075.0000344,18.723604266588723,2,,0,,,True,False,True,False,True,True
1329443311746214113,SFY1TM  ,DA42,L2P,GA / light,False,Day,2026-04-13 13:18:55,2026-04-13 00:00:00,,,0,,0,,,False,False,False,False,False,True
4692803766943130415,NJU120G ,C56X,L2J,Business jet,False,Day,2026-04-13 14:39:10,2026-04-13 00:00:00,100.0000032,17.965791356786575,6,3175.0001016,1,3175.0001016,159.06203853194302,True,True,True,False,True,True
4049125310603589983,GBGYH   ,P28A,L1P,GA / light,False,Day,2026-04-13 14:22:05,2026-04-13 00:00:00,925.0000296,15.362749199451422,5,,0,,,True,False,True,False,True,True
8053655104075408377,GCCZL   ,C42,L1P,GA / light,False,Day,2026-04-13 14:35:55,2026-04-13 00:00:00,,,0,,0,,,False,False,False,False,False,True
15645388049458343164,HLE10   ,A169,H2T,Helicopter,False,Day,2026-04-13 14:06:40,2026-04-13 00:00:00,,,0,,0,,,False,False,False,False,False,False
12093205040610545182,EXS34HS ,B738,L2J,Large jet,True,Day,2026-04-13 16:28:40,2026-04-13 00:00:00,,,0,,0,,,False,False,False,False,False,False
17166158335163439648,GNXOE   ,C172,L1P,GA / light,False,Day,2026-04-13 14:40:40,2026-04-13 00:00:00,,,0,,0,,,False,False,False,False,False,False
5622899665483393884,RYR22ZK ,B38M,L2J,Large jet,True,Day,2026-04-13 16:32:50,2026-04-13 00:00:00,,,0,,0,,,False,False,False,False,False,False
12446754540783777626,TOM4EG  ,B738,L2J,Large jet,True,Day,2026-04-13 16:37:10,2026-04-13 00:00:00,,,0,,0,,,False,False,False,False,False,False
12979664359736070585,GNTSI   ,,,Other,False,Day,2026-04-13 15:07:50,2026-04-13 00:00:00,525.0000168,15.587882843518337,13,1500.000048,5,,,True,True,True,False,True,True
8237377702599663872,CRIMSON2,FA20,L2J,Business jet,False,Day,2026-04-13 16:23:35,2026-04-13 00:00:00,1500.000048,9.230376777558366,1,,0,,,True,False,True,False,False,True
2615845233925006281,RYR7KY  ,B38M,,Large jet,True,Day,2026-04-13 16:02:10,2026-04-13 00:00:00,,,0,,0,,,False,False,False,False,False,False
7003383809109482102,GBUFH   ,P28A,L1P,GA / light,False,Day,2026-04-13 16:30:50,2026-04-13 00:00:00,475.0000152,15.66457901439064,6,,0,,,True,False,True,False,False,True
14918358563713335592,RYR80XD ,B738,L2J,Large jet,True,Evening,2026-04-13 18:40:00,2026-04-13 00:00:00,,,0,,0,,,False,False,False,False,True,True
13974164382304408031,EXS61TQ ,B738,L2J,Large jet,True,Evening,2026-04-13 18:13:40,2026-04-13 00:00:00,,,0,,0,,,False,False,False,False,True,True
6203087207605572922,SFY1TM  ,DA42,L2P,GA / light,False,Day,2026-04-13 17:21:35,2026-04-13 00:00:00,,,0,,0,,,False,False,False,False,False,True
8044651858621148691,URO901  ,A346,L4J,Large jet,True,Evening,2026-04-13 19:08:50,2026-04-13 00:00:00,2475.0000792,4.393412555071944,1,2475.0000792,1,,,True,True,True,False,True,True
16318904507218271514,GBUFH   ,P28A,L1P,GA / light,False,Evening,2026-04-13 18:36:55,2026-04-13 00:00:00,975.0000312,15.781434122965345,5,,0,,,True,False,True,False,True,True
16410076569786596448,,P28A,L1P,GA / light,False,Evening,2026-04-13 18:16:10,2026-04-13 00:00:00,,,0,,0,,,False,False,False,False,True,True
9949061524006466839,HLE10   ,A169,H2T,Helicopter,False,Evening,2026-04-13 19:15:00,2026-04-13 00:00:00,,,0,,0,,,False,False,False,False,False,True
5543450417784170554,RYR12YU ,B38M,L2J,Large jet,True,Evening,2026-04-13 21:49:35,2026-04-13 00:00:00,3150.0001008,0.26149840061610674,1,3150.0001008,1,3150.0001008,34.417003522886716,True,True,True,False,True,True
16339917340115401229,HLE10   ,A169,H2T,Helicopter,False,Evening,2026-04-13 20:13:25,2026-04-13 00:00:00,700.0000224,18.4752207998499,4,,0,,,True,False,True,False,False,True
4955468126404029659,RYR38NG ,,,Other,False,Night,2026-04-13 22:08:20,2026-04-13 00:00:00,,,0,,0,,,False,False,False,False,False,False
331930122010671823,HLE10   ,A169,H2T,Helicopter,False,Evening,2026-04-13 21:12:20,2026-04-13 00:00:00,,,0,,0,,,False,False,False,False,False,True
10675666367576131448,HLE10   ,A169,H2T,Helicopter,False,Night,2026-04-13 22:57:40,2026-04-13 00:00:00,,,0,,0,,,False,False,False,False,False,True
8413274859319081958,HLE10   ,A169,H2T,Helicopter,False,Night,2026-04-14 00:56:35,2026-04-14 00:00:00,,,0,,0,,,False,False,False,False,False,True
9857278199540719717,N302JG  ,TBM7,L1T,Turboprop,False,Day,2026-04-14 06:20:35,2026-04-14 00:00:00,925.0000296,13.843545886436138,3,,0,,,True,False,True,False,True,True
5280524286891196164,RYR80XD ,B738,L2J,Large jet,True,Day,2026-04-14 08:25:10,2026-04-14 00:00:00,,,0,,0,,,False,False,False,False,False,False
9256742976563731673,N986JT  ,S22T,L1P,GA / light,False,Day,2026-04-14 09:19:35,2026-04-14 00:00:00,,,0,,0,,,False,False,False,False,False,False
11637229930238857876,RYR7099 ,B38M,L2J,Large jet,True,Day,2026-04-14 09:48:30,2026-04-14 00:00:00,,,0,,0,,,False,False,False,False,False,False
3725724670654072139,N936CT  ,S22T,L1P,GA / light,False,Day,2026-04-14 09:41:15,2026-04-14 00:00:00,,,0,,0,,,False,False,False,False,False,False
9211622246124513033,2SNOW   ,P46T,L1T,Turboprop,False,Day,2026-04-14 09:57:55,2026-04-14 00:00:00,,,0,,0,,,False,False,False,False,False,True
11827534738857316820,CRIMSON1,,,Other,False,Day,2026-04-14 11:11:20,2026-04-14 00:00:00,1400.0000448,3.0385705170641994,2,1400.0000448,2,1400.0000448,-1407.5277936522161,True,True,True,True,True,True
16279887407341590147,CRIMSON2,FA20,L2J,Business jet,False,Day,2026-04-14 11:21:00,2026-04-14 00:00:00,1600.0000512,6.965545848425929,3,,0,,,True,False,True,False,False,True
15842679681550896971,EXS86KL ,B738,L2J,Large jet,True,Day,2026-04-14 12:07:40,2026-04-14 00:00:00,3600.0001152,11.45896382783612,2,,0,,,True,False,True,False,True,True
15013052437824405256,TOM20H  ,B738,L2J,Large jet,True,Day,2026-04-14 12:43:20,2026-04-14 00:00:00,2225.0000712,4.8852459876891645,3,2225.0000712,1,,,True,True,True,False,True,True
17151686988816126031,SAH48P  ,BE40,L2J,Business jet,False,Day,2026-04-14 12:26:15,2026-04-14 00:00:00,1950.0000624,6.270373084375946,3,,0,,,True,False,True,False,True,True
8387261921181298040,GBGYH   ,P28A,L1P,GA / light,False,Day,2026-04-14 10:59:55,2026-04-14 00:00:00,,,0,,0,,,False,False,False,False,False,True
16494760586034715786,GNTSI   ,,,Other,False,Day,2026-04-14 10:59:05,2026-04-14 00:00:00,700.0000224,15.693670236790943,2,,0,,,True,False,True,False,False,True
16625804412678119431,NJE6DU  ,,,Other,False,Day,2026-04-14 13:27:55,2026-04-14 00:00:00,,,0,,0,,,False,False,False,False,True,True
10360748695653424888,HLY72   ,P46T,L1T,Turboprop,False,Day,2026-04-14 12:16:50,2026-04-14 00:00:00,1375.0000440000001,5.780676827636965,5,1375.0000440000001,1,,,True,True,True,False,True,True
13912817007118552393,RYR8947 ,,,Other,False,Day,2026-04-14 14:05:15,2026-04-14 00:00:00,,,0,,0,,,False,False,False,False,True,True
14080810443105187578,GBWPO   ,BN2T,L2T,Turboprop,False,Day,2026-04-14 12:36:15,2026-04-14 00:00:00,,,0,,0,,,False,False,False,False,True,True
14267730737711294942,SRD224B ,B350,,Turboprop,False,Day,2026-04-14 15:37:40,2026-04-14 00:00:00,1375.0000440000001,4.231081634596674,1,1375.0000440000001,1,,,True,True,True,False,False,True
13861308998623936883,RYR2XN  ,B738,L2J,Large jet,True,Day,2026-04-14 14:46:25,2026-04-14 00:00:00,1375.0000440000001,7.384687946480381,2,,0,,,True,False,True,False,True,True
16798026229312577056,EXS73G  ,B738,L2J,Large jet,True,Day,2026-04-14 16:22:05,2026-04-14 00:00:00,,,0,,0,,,False,False,False,False,False,False
5798390842142563163,NJE109G ,E55P,,Business jet,False,Day,2026-04-14 15:05:15,2026-04-14 00:00:00,,,0,,0,,,False,False,False,False,True,True
11041127635070837463,RYR117J ,B738,L2J,Large jet,True,Day,2026-04-14 15:49:05,2026-04-14 00:00:00,,,0,,0,,,False,False,False,False,True,True
3019778160764229333,RYR8PA  ,B38M,L2J,Large jet,True,Day,2026-04-14 15:30:30,2026-04-14 00:00:00,2775.0000888,1.6917971453421308,1,2775.0000888,1,2775.0000888,-55.52757264142656,True,True,True,False,True,True
17583038392012348118,SFY1TM  ,DA42,L2P,GA / light,False,Day,2026-04-14 15:50:45,2026-04-14 00:00:00,575.0000184,17.082910596683607,7,2375.0000760000003,5,2475.0000792,-304.4025116005487,True,True,True,False,True,True
17671824307977452865,GMA19   ,BE20,L2T,Turboprop,False,Day,2026-04-14 15:35:50,2026-04-14 00:00:00,1900.0000608,7.849340579545689,2,3300.0001056,1,3300.0001056,-42.74225925908195,True,True,True,False,True,True
3721817730157775126,RUK1133 ,B738,,Large jet,True,Day,2026-04-14 16:26:30,2026-04-14 00:00:00,,,0,,0,,,False,False,False,False,False,False
3162259740948875777,RYR384B ,B38M,,Large jet,True,Evening,2026-04-14 19:53:50,2026-04-14 00:00:00,2350.0000752,3.8585041559076907,1,2350.0000752,1,,,True,True,True,False,True,True
17857411620279786912,RYR12YU ,,,Other,False,Evening,2026-04-14 19:13:40,2026-04-14 00:00:00,,,0,,0,,,False,False,False,False,False,False
10938582328553495597,RYR273  ,B38M,L2J,Large jet,True,Evening,2026-04-14 19:20:00,2026-04-14 00:00:00,2325.0000744000004,4.216713652882327,1,2325.0000744000004,1,,,True,True,True,False,True,True
12857477386792526659,GMA23   ,BE20,L2T,Turboprop,False,Evening,2026-04-14 18:08:55,2026-04-14 00:00:00,1700.0000544000002,4.945795593889089,3,1700.0000544000002,1,,,True,True,True,False,True,True
2294739540534031497,RYR6504 ,,,Other,False,Evening,2026-04-14 21:07:45,2026-04-14 00:00:00,,,0,,0,,,False,False,False,False,False,False
2053773009566662705,RYR363C ,B38M,L2J,Large jet,True,Evening,2026-04-14 21:39:55,2026-04-14 00:00:00,3025.0000968000004,0.193860250516646,1,3025.0000968000004,1,3025.0000968000004,-59.802136142186555,True,True,True,False,True,True
1236965531668583585,EXS159E ,B738,L2J,Large jet,True,Night,2026-04-14 22:00:55,2026-04-14 00:00:00,,,0,,0,,,False,False,False,False,False,False
345834013509217636,TOM83T  ,B738,L2J,Large jet,True,Night,2026-04-14 22:34:55,2026-04-14 00:00:00,2375.0000760000003,3.0203559072073323,1,2375.0000760000003,1,,,True,True,True,False,True,True
938257977049825194,RYR117J ,B738,L2J,Large jet,True,Day,2026-04-15 05:59:55,2026-04-15 00:00:00,,,0,,0,,,False,False,False,False,False,False
16813576893892068364,RYR7AB  ,,,Other,False,Day,2026-04-15 07:43:05,2026-04-15 00:00:00,,,0,,0,,,False,False,False,False,False,False
1225669465010707872,CRIMSON1,FA20,L2J,Business jet,False,Day,2026-04-15 09:30:25,2026-04-15 00:00:00,1475.0000472000002,3.653115049414421,5,1475.0000472000002,1,,,True,True,True,False,True,True
12668876598647394577,CRIMSON2,FA20,L2J,Business jet,False,Day,2026-04-15 09:40:55,2026-04-15 00:00:00,1475.0000472000002,8.643944019188892,3,,0,,,True,False,True,False,False,True
2830876504574670486,LXJ659  ,GLF6,,Business jet,False,Day,2026-04-15 09:58:10,2026-04-15 00:00:00,2950.0000944000003,4.83094624738896,6,2950.0000944000003,4,2950.0000944000003,-220.49478348551156,True,True,True,False,True,True
4139283121665827623,N363KC  ,S22T,L1P,GA / light,False,Day,2026-04-15 11:14:30,2026-04-15 00:00:00,350.0000112,15.652436536212281,3,,0,,,True,False,True,False,True,True
7455325439562096805,RYR363C ,,,Other,False,Day,2026-04-15 11:21:25,2026-04-15 00:00:00,,,0,,0,,,False,False,False,False,False,False
14877091207981264067,BAH700  ,,,Other,False,Day,2026-04-15 11:44:40,2026-04-15 00:00:00,,,0,,0,,,False,False,False,False,False,False
5944513014430756432,CGJZJ   ,CRJ2,L2J,Large jet,True,Day,2026-04-15 14:17:50,2026-04-15 00:00:00,1950.0000624,6.176763759552364,2,1950.0000624,1,1950.0000624,-780.570315168115,True,True,True,True,True,True
5899267826142544900,RYR5RR  ,,,Other,False,Day,2026-04-15 14:10:20,2026-04-15 00:00:00,1450.0000464000002,6.422280408772457,3,,0,,,True,False,True,False,True,True
1481138782449571421,RYR80XD ,B738,,Large jet,True,Day,2026-04-15 14:14:05,2026-04-15 00:00:00,,,0,,0,,,False,False,False,False,True,True
4748807406986934996,CRIMSON1,FA20,L2J,Business jet,False,Day,2026-04-15 14:06:00,2026-04-15 00:00:00,2000.000064,2.7557085554451306,1,2000.000064,1,2000.000064,-717.5846067406007,True,True,True,False,False,True
8994278644959980635,CRIMSON2,FA20,L2J,Business jet,False,Day,2026-04-15 13:39:20,2026-04-15 00:00:00,1425.0000456,4.348993680526926,6,1425.0000456,4,,,True,True,True,False,True,True
2613940068772287059,RYR6765 ,B38M,L2J,Large jet,True,Day,2026-04-15 15:05:25,2026-04-15 00:00:00,,,0,,0,,,False,False,False,False,False,False
17793934625069651779,URO901  ,A346,L4J,Large jet,True,Day,2026-04-15 16:39:50,2026-04-15 00:00:00,,,0,,0,,,False,False,False,False,False,False
4976406947425470264,EDC980E ,C68A,L2J,Business jet,False,Day,2026-04-15 15:19:40,2026-04-15 00:00:00,2475.0000792,3.3761369878959626,1,2475.0000792,1,,,True,True,True,False,True,True
13118875452636661350,EXS82F  ,B738,L2J,Large jet,True,Evening,2026-04-15 18:40:40,2026-04-15 00:00:00,,,0,,0,,,False,False,False,False,False,False
6896817353972777517,GMA19   ,BE20,L2T,Turboprop,False,Day,2026-04-15 14:59:15,2026-04-15 00:00:00,2500.00008,3.8023930846551095,2,2500.00008,2,2400.0000768,-280.7666547545905,True,True,True,False,True,True
15457600265808905132,RYR3318 ,,,Other,False,Day,2026-04-15 16:56:45,2026-04-15 00:00:00,2450.0000784,3.6225352405277227,3,2450.0000784,3,,,True,True,True,False,True,True
17305956815356991591,TOM7MH  ,B738,L2J,Large jet,True,Evening,2026-04-15 20:11:00,2026-04-15 00:00:00,3600.0001152,4.214369799790096,1,3600.0001152,1,,,True,True,True,False,True,True
12021332849551703157,N55FB   ,,,Other,False,Day,2026-04-15 16:29:45,2026-04-15 00:00:00,350.0000112,16.454159407926362,6,1950.0000624,2,,,True,True,True,False,True,True
9282563678707818689,HLY27   ,P46T,L1T,Turboprop,False,Evening,2026-04-15 18:44:00,2026-04-15 00:00:00,2450.0000784,4.287434445022805,1,2450.0000784,1,,,True,True,True,False,True,True
7350483978718001931,RYR12YU ,B38M,L2J,Large jet,True,Evening,2026-04-15 21:09:35,2026-04-15 00:00:00,,,0,,0,,,False,False,False,False,False,False
4954079267036869651,RYR7KY  ,,,Other,False,Evening,2026-04-15 21:24:10,2026-04-15 00:00:00,,,0,,0,,,False,False,False,False,False,False
12615967911150692448,RYR2XN  ,,,Other,False,Day,2026-04-16 06:55:20,2026-04-16 00:00:00,2300.0000736,4.4940356700126225,2,2300.0000736,2,2775.0000888,-361.6257608380124,True,True,True,False,True,True
12459224602707890945,RYR7KY  ,,,Other,False,Day,2026-04-16 10:02:05,2026-04-16 00:00:00,,,0,,0,,,False,False,False,False,False,False
12468721901657625969,GAC984D ,C510,L2J,Business jet,False,Day,2026-04-16 11:17:00,2026-04-16 00:00:00,1325.0000424,7.162763216650063,2,,0,,,True,False,True,False,True,True
4239553253112029199,GCDOK   ,C42,L1P,GA / light,False,Day,2026-04-16 10:18:00,2026-04-16 00:00:00,,,0,,0,,,False,False,False,False,False,True
15962740826441797602,GBHUG   ,C172,L1P,GA / light,False,Day,2026-04-16 09:59:55,2026-04-16 00:00:00,,,0,,0,,,False,False,False,False,False,True
1802007630097233826,CRIMSON1,,,Other,False,Day,2026-04-16 11:23:00,2026-04-16 00:00:00,1275.0000408,3.41636237903704,6,1275.0000408,5,1325.0000424,-1439.6428780370734,True,True,True,True,True,True
10022787397636377261,CRIMSON2,FA20,L2J,Business jet,False,Day,2026-04-16 11:12:00,2026-04-16 00:00:00,1325.0000424,3.159538670782834,2,1325.0000424,2,,,True,True,True,False,False,True
4048197525096587948,MOVIE   ,GLF6,L2J,Business jet,False,Day,2026-04-16 10:24:30,2026-04-16 00:00:00,1350.0000432000002,9.834318603721503,10,1350.0000432000002,4,,,True,True,True,False,True,True
15489483173591465970,RYR5RR  ,B38M,L2J,Large jet,True,Day,2026-04-16 12:18:50,2026-04-16 00:00:00,3975.0001272000004,9.175726732513159,1,,0,,,True,False,True,False,True,True
12879827686569934234,BTNIA17 ,G115,L1P,GA / light,False,Day,2026-04-16 11:11:40,2026-04-16 00:00:00,,,0,,0,,,False,False,False,False,False,False
17240370470211856828,GOLGE   ,SR20,,Other,False,Day,2026-04-16 12:29:05,2026-04-16 00:00:00,375.000012,15.953176993139023,1,,0,,,True,False,True,False,False,True
5253476839862098349,BWY40   ,FA20,L2J,Business jet,False,Day,2026-04-16 13:26:35,2026-04-16 00:00:00,1275.0000408,3.9475066338239007,5,1275.0000408,3,,,True,True,True,False,True,True
1999222916565184897,GNESW   ,PA34,L2P,GA / light,False,Day,2026-04-16 11:42:45,2026-04-16 00:00:00,900.0000288,13.83517371514325,2,,0,,,True,False,True,False,True,True
10347249545227285234,GCDOK   ,C42,L1P,GA / light,False,Day,2026-04-16 11:37:30,2026-04-16 00:00:00,,,0,,0,,,False,False,False,False,False,True
13468861948209560798,N28SN   ,S22T,L1P,GA / light,False,Day,2026-04-16 12:07:10,2026-04-16 00:00:00,825.0000264,11.573060120022799,2,,0,,,True,False,True,False,True,True
16557498327976533186,N35SN   ,BE35,L1P,GA / light,False,Day,2026-04-16 12:37:25,2026-04-16 00:00:00,1225.0000392,6.073219480126445,2,,0,,,True,False,True,False,False,True
12364098737599578919,TOM9HW  ,B738,L2J,Large jet,True,Day,2026-04-16 15:02:15,2026-04-16 00:00:00,,,0,,0,,,False,False,False,False,False,False
7396072586909144756,,DA42,L2P,GA / light,False,Day,2026-04-16 13:02:10,2026-04-16 00:00:00,,,0,,0,,,False,False,False,False,True,True
11091720962599924602,ETP66   ,AS50,H1T,Helicopter,False,Day,2026-04-16 14:36:20,2026-04-16 00:00:00,,,0,,0,,,False,False,False,False,False,False
2896077605589969610,BTNIA14 ,G115,L1P,GA / light,False,Day,2026-04-16 14:28:25,2026-04-16 00:00:00,,,0,,0,,,False,False,False,False,False,False
9540887005796762850,GBUFH   ,P28A,L1P,GA / light,False,Day,2026-04-16 14:36:05,2026-04-16 00:00:00,825.0000264,16.085134974994688,1,,0,,,True,False,True,False,False,True
12467929502005349294,RYR12YU ,,,Other,False,Day,2026-04-16 15:48:55,2026-04-16 00:00:00,,,0,,0,,,False,False,False,False,False,False
6941652443717713205,EXS3624 ,B738,L2J,Large jet,True,Day,2026-04-16 16:11:05,2026-04-16 00:00:00,,,0,,0,,,False,False,False,False,False,False
7476619445352846944,BTNIA17 ,G115,L1P,GA / light,False,Day,2026-04-16 15:26:10,2026-04-16 00:00:00,,,0,,0,,,False,False,False,False,False,False
8284217274503619233,CRIMSON1,FA20,L2J,Business jet,False,Day,2026-04-16 16:32:00,2026-04-16 00:00:00,1775.0000568,6.94808335943583,3,1800.0000576,2,2325.0000744000004,-656.2705170030758,True,True,True,False,True,True
6274635500947478912,CRIMSON2,,,Other,False,Day,2026-04-16 16:25:20,2026-04-16 00:00:00,1825.0000584,5.240608765003672,3,1825.0000584,3,,,True,True,True,False,True,True
4246007120320675130,SFY1TM  ,DA42,L2P,GA / light,False,Day,2026-04-16 15:59:05,2026-04-16 00:00:00,,,0,,0,,,False,False,False,False,False,True
17149935892413084747,GOLAJ   ,R44,H1P,Helicopter,False,Day,2026-04-16 15:19:20,2026-04-16 00:00:00,400.0000128,16.597361809083814,2,,0,,,True,False,True,False,True,True
920125766763522025,RYR80XD ,B38M,,Large jet,True,Evening,2026-04-16 18:59:55,2026-04-16 00:00:00,,,0,,0,,,False,False,False,False,False,False
11354002556866078240,RYR117J ,B38M,L2J,Large jet,True,Evening,2026-04-16 21:30:30,2026-04-16 00:00:00,,,0,,0,,,False,False,False,False,True,True
11556543224499421077,HLE10   ,A169,H2T,Helicopter,False,Evening,2026-04-16 20:51:15,2026-04-16 00:00:00,1300.0000416,13.611301336013566,1,,0,,,True,False,True,False,True,True
16075446342351897620,RUK1133 ,B738,L2J,Large jet,True,Evening,2026-04-16 21:12:55,2026-04-16 00:00:00,2850.0000912,1.7742776369084015,1,2850.0000912,1,2825.0000904000003,-201.6272658094549,True,True,True,False,True,True
3638260971746390339,RYR8PA  ,,,Other,False,Night,2026-04-16 22:52:55,2026-04-16 00:00:00,2225.0000712,4.263887755890439,1,2225.0000712,1,,,True,True,True,False,True,True
4229677124283328529,EXS68AT ,B738,L2J,Large jet,True,Night,2026-04-16 23:45:45,2026-04-16 00:00:00,5450.0001744,17.993674667973227,1,,0,,,True,False,True,False,False,False
18419835161352583768,RYR117J ,B738,L2J,Large jet,True,Day,2026-04-17 06:39:10,2026-04-17 00:00:00,,,0,,0,,,False,False,False,False,False,False
12299244519227029259,FSF201B ,,,Other,False,Day,2026-04-17 10:07:15,2026-04-17 00:00:00,2325.0000744000004,1.118818526906266,2,2325.0000744000004,2,2325.0000744000004,-630.6876273231392,True,True,True,False,True,True
6459439685774555932,,GA8,L1P,GA / light,False,Day,2026-04-17 08:30:00,2026-04-17 00:00:00,,,0,,0,,,False,False,False,False,False,True
14492848281814161714,BWY40   ,FA20,L2J,Business jet,False,Day,2026-04-17 11:09:30,2026-04-17 00:00:00,1325.0000424,3.742221607717926,5,1325.0000424,1,,,True,True,True,False,True,True
13740235339281199228,RYR38NG ,B38M,L2J,Large jet,True,Day,2026-04-17 10:43:15,2026-04-17 00:00:00,2875.000092,1.124400342916563,1,2875.000092,1,2875.000092,-61.81544715395603,True,True,True,False,True,True
9274221575443384730,,GA8,L1P,GA / light,False,Day,2026-04-17 09:16:10,2026-04-17 00:00:00,,,0,,0,,,False,False,False,False,False,False
16849168085039564924,GPURR   ,AA5,L1P,GA / light,False,Day,2026-04-17 10:27:15,2026-04-17 00:00:00,,,0,,0,,,False,False,False,False,False,False
5097517853489862022,RYR12YU ,B738,L2J,Large jet,True,Day,2026-04-17 11:23:00,2026-04-17 00:00:00,,,0,,0,,,False,False,False,False,False,False
473130388739434470,RYR384B ,,,Other,False,Day,2026-04-17 12:31:10,2026-04-17 00:00:00,,,0,,0,,,False,False,False,False,False,False
5332033891634604498,EXS697J ,B738,L2J,Large jet,True,Day,2026-04-17 11:59:10,2026-04-17 00:00:00,2375.0000760000003,3.4522535918111865,1,2375.0000760000003,1,,,True,True,True,False,True,True
13037286001202885572,NJU5QJ  ,,,Other,False,Day,2026-04-17 10:25:40,2026-04-17 00:00:00,725.0000232000001,12.551807546257352,3,2325.0000744000004,1,2325.0000744000004,-640.9820937433392,True,True,True,False,True,True
10843363087718383523,SFY1TM  ,DA42,L2P,GA / light,False,Day,2026-04-17 11:22:45,2026-04-17 00:00:00,200.0000064,15.971810814371517,5,1450.0000464000002,3,,,True,True,True,False,False,True
12711663984740969477,EXS61TQ ,B738,L2J,Large jet,True,Day,2026-04-17 12:35:50,2026-04-17 00:00:00,,,0,,0,,,False,False,False,False,False,False
13400243333827143857,URO901  ,A346,L4J,Large jet,True,Day,2026-04-17 13:34:25,2026-04-17 00:00:00,1800.0000576,5.790234452189398,4,1800.0000576,4,1825.0000584,-1007.4853002839,True,True,True,True,True,True
14913969728304513323,GOLAJ   ,R44,H1P,Helicopter,False,Day,2026-04-17 11:36:25,2026-04-17 00:00:00,300.0000096,17.070270985386195,3,,0,,,True,False,True,False,True,True
1650602167963948539,VSB10   ,BE20,L2T,Turboprop,False,Day,2026-04-17 12:12:55,2026-04-17 00:00:00,1800.0000576,3.0680523600850322,3,1800.0000576,3,,,True,True,True,False,True,True
2921537803440059690,EXS028C ,B733,L2J,Large jet,True,Day,2026-04-17 12:04:25,2026-04-17 00:00:00,,,0,,0,,,False,False,False,False,False,False
16009390120272456685,RYR80XD ,B738,L2J,Large jet,True,Day,2026-04-17 13:25:50,2026-04-17 00:00:00,,,0,,0,,,False,False,False,False,False,False
18333653217260544313,GNTSI   ,,,Other,False,Day,2026-04-17 12:18:35,2026-04-17 00:00:00,475.0000152,15.544455876128929,1,,0,,,True,False,True,False,True,True
15530818892389434652,GJAYD   ,EUPA,L1P,GA / light,False,Day,2026-04-17 11:59:55,2026-04-17 00:00:00,,,0,,0,,,False,False,False,False,False,False
1097091461967804088,LJC6    ,B350,L2T,Turboprop,False,Day,2026-04-17 14:54:30,2026-04-17 00:00:00,1825.0000584,2.9157192282811497,3,1825.0000584,3,1825.0000584,-809.4352514285451,True,True,True,True,True,True
7439822200977636474,SFY1TM  ,DA42,L2P,GA / light,False,Day,2026-04-17 13:48:30,2026-04-17 00:00:00,1050.0000336,11.14150916983043,4,1475.0000472000002,2,,,True,True,True,False,True,True
392010342257614493,GOLGE   ,SR20,,Other,False,Day,2026-04-17 13:12:55,2026-04-17 00:00:00,425.00001360000005,15.568190487384522,2,,0,,,True,False,True,False,True,True
16363612851365108752,GCGCE   ,MM16,G1P,GA / light,False,Day,2026-04-17 13:55:40,2026-04-17 00:00:00,,,0,,0,,,False,False,False,False,False,False
3545062904376482840,HLE10   ,A169,H2T,Helicopter,False,Day,2026-04-17 13:50:50,2026-04-17 00:00:00,,,0,,0,,,False,False,False,False,False,True
7116766008072680482,GINDC   ,C303,L2P,GA / light,False,Day,2026-04-17 13:58:40,2026-04-17 00:00:00,,,0,,0,,,False,False,False,False,False,True
11143689040892879411,TOM47Y  ,B738,L2J,Large jet,True,Day,2026-04-17 17:05:20,2026-04-17 00:00:00,2625.0000840000002,2.133400894993529,1,2625.0000840000002,1,2625.0000840000002,-125.00777437891247,True,True,True,False,True,True
10085933520954558536,GCLKB   ,C172,L1P,GA / light,False,Day,2026-04-17 14:09:30,2026-04-17 00:00:00,,,0,,0,,,False,False,False,False,False,True
2999325816109619317,,AP32,L1P,GA / light,False,Day,2026-04-17 14:41:35,2026-04-17 00:00:00,,,0,,0,,,False,False,False,False,False,False
6233173956668512203,HLE10   ,A169,H2T,Helicopter,False,Day,2026-04-17 15:19:55,2026-04-17 00:00:00,425.00001360000005,18.56009345442505,3,,0,,,True,False,True,False,False,True
15861415072648637299,RYR5RR  ,B38M,L2J,Large jet,True,Day,2026-04-17 17:25:20,2026-04-17 00:00:00,2675.0000856,2.093726817915085,1,2675.0000856,1,2675.0000856,-82.86181813249823,True,True,True,False,True,True
11199010031338831399,FRA84   ,FA20,L2J,Business jet,False,Day,2026-04-17 16:18:15,2026-04-17 00:00:00,1800.0000576,3.7016881301312674,2,1800.0000576,2,,,True,True,True,False,True,True
7726837354205299069,GMOSH   ,P28R,L1P,GA / light,False,Day,2026-04-17 16:45:05,2026-04-17 00:00:00,1000.000032,15.991806570822805,7,,0,,,True,False,True,False,True,True
7348755192741986686,HLE10   ,A169,H2T,Helicopter,False,Day,2026-04-17 16:16:50,2026-04-17 00:00:00,,,0,,0,,,False,False,False,False,False,True
1434645040609550914,RYR9911 ,B738,L2J,Large jet,True,Day,2026-04-17 17:45:45,2026-04-17 00:00:00,,,0,,0,,,False,False,False,False,False,False
14786341836976706640,RYR22ZK ,,,Other,False,Evening,2026-04-17 21:15:25,2026-04-17 00:00:00,,,0,,0,,,False,False,False,False,False,False
16016337000999900116,EXS159E ,B738,L2J,Large jet,True,Evening,2026-04-17 21:44:35,2026-04-17 00:00:00,,,0,,0,,,False,False,False,False,True,True
10117293484330140439,RUK1133 ,B738,,Large jet,True,Evening,2026-04-17 21:05:15,2026-04-17 00:00:00,,,0,,0,,,False,False,False,False,False,False
16933029252556362067,EXS34HS ,B738,L2J,Large jet,True,Night,2026-04-17 22:42:00,2026-04-17 00:00:00,,,0,,0,,,False,False,False,False,False,False
7749170808174476811,RYR384B ,B38M,L2J,Large jet,True,Day,2026-04-18 07:08:05,2026-04-18 00:00:00,1725.0000552,5.670619709588637,2,1725.0000552,2,,,True,True,True,False,True,True
7220163344808923005,RYR6504 ,B738,L2J,Large jet,True,Day,2026-04-18 06:32:15,2026-04-18 00:00:00,,,0,,0,,,False,False,False,False,False,False
17268347330077688650,RYR117J ,B738,L2J,Large jet,True,Day,2026-04-18 06:23:35,2026-04-18 00:00:00,2250.0000720000003,4.199831961925959,1,2250.0000720000003,1,,,True,True,True,False,True,True
15391054401027880727,RYR273  ,B38M,L2J,Large jet,True,Day,2026-04-18 08:21:50,2026-04-18 00:00:00,,,0,,0,,,False,False,False,False,False,False
13905417999875483403,RYR80XD ,B738,L2J,Large jet,True,Day,2026-04-18 08:55:15,2026-04-18 00:00:00,,,0,,0,,,False,False,False,False,False,False
9687195497954427602,RYR7099 ,,,Other,False,Day,2026-04-18 08:24:25,2026-04-18 00:00:00,,,0,,0,,,False,False,False,False,False,False
1103120913131024864,N4T     ,MD60,H1T,Helicopter,False,Day,2026-04-18 09:55:35,2026-04-18 00:00:00,1700.0000544000002,6.4795664518891245,3,1700.0000544000002,2,,,True,True,True,False,True,True
13333895409739059764,IRL288  ,,,Other,False,Day,2026-04-18 11:19:50,2026-04-18 00:00:00,275.00000880000005,15.368362195528235,5,2225.0000712,4,2225.0000712,-924.37214698564,True,True,True,False,True,True
11813142292292453151,NJU651A ,C56X,L2J,Business jet,False,Day,2026-04-18 09:45:50,2026-04-18 00:00:00,200.0000064,16.0012183117933,2,,0,,,True,False,True,False,True,True
13735682913654014713,ECA3NT  ,C25B,L2J,Business jet,False,Day,2026-04-18 09:57:00,2026-04-18 00:00:00,1700.0000544000002,7.405832092119565,4,2250.0000720000003,2,,,True,True,True,False,True,True
17511212801897046956,GIIBB   ,B505,H1T,Helicopter,False,Day,2026-04-18 10:50:15,2026-04-18 00:00:00,300.0000096,16.545905630467736,3,,0,,,True,False,True,False,True,True
17991947701805688872,GOLAJ   ,R44,H1P,Helicopter,False,Day,2026-04-18 10:18:30,2026-04-18 00:00:00,325.0000104,16.0523172349345,2,,0,,,True,False,True,False,False,True
6521979663076578809,N20TB   ,TB20,L1P,GA / light,False,Day,2026-04-18 10:51:50,2026-04-18 00:00:00,,,0,,0,,,False,False,False,False,False,False
15593062404142152015,GINDC   ,C303,L2P,GA / light,False,Day,2026-04-18 10:32:00,2026-04-18 00:00:00,,,0,,0,,,False,False,False,False,False,True
17184605340473677104,TOM2CD  ,B738,L2J,Large jet,True,Day,2026-04-18 11:58:55,2026-04-18 00:00:00,,,0,,0,,,False,False,False,False,False,False
15057042225264814510,GLHER   ,CRUZ,L1P,GA / light,False,Day,2026-04-18 10:36:25,2026-04-18 00:00:00,,,0,,0,,,False,False,False,False,False,False
16806527405626341136,GBUFH   ,P28A,L1P,GA / light,False,Day,2026-04-18 11:10:00,2026-04-18 00:00:00,500.000016,16.30957586088966,15,,0,,,True,False,True,False,False,True
1161910806346258273,GCNDC   ,,,Other,False,Day,2026-04-18 10:54:40,2026-04-18 00:00:00,,,0,,0,,,False,False,False,False,False,False
8929811517808315956,EXS86KL ,B738,L2J,Large jet,True,Day,2026-04-18 12:15:20,2026-04-18 00:00:00,2200.0000704000004,4.158123467291552,1,2200.0000704000004,1,2675.0000856,-441.1224258547927,True,True,True,False,True,True
5179395648289767518,GSWOW   ,,,Other,False,Day,2026-04-18 12:13:05,2026-04-18 00:00:00,,,0,,0,,,False,False,False,False,False,False
10672800018750355814,GBOJW   ,P28A,L1P,GA / light,False,Day,2026-04-18 11:17:30,2026-04-18 00:00:00,,,0,,0,,,False,False,False,False,False,True
110521149576550998,RYR8PA  ,B38M,L2J,Large jet,True,Day,2026-04-18 13:04:00,2026-04-18 00:00:00,2850.0000912,0.48193787103155256,3,2850.0000912,3,2850.0000912,-209.64148436006235,True,True,True,False,True,True
1864162461964248102,GOLAJ   ,R44,H1P,Helicopter,False,Day,2026-04-18 11:57:20,2026-04-18 00:00:00,575.0000184,15.97131558105721,2,,0,,,True,False,True,False,True,True
8789848607858362524,GINDC   ,C303,L2P,GA / light,False,Day,2026-04-18 12:38:15,2026-04-18 00:00:00,550.0000176000001,14.782452781969944,16,,0,,,True,False,True,False,False,True
12080406487627392827,GCDAB   ,UNDEFINED,,Other,False,Day,2026-04-18 11:47:40,2026-04-18 00:00:00,800.0000256,15.599346531913927,1,,0,,,True,False,True,False,False,True
13583250401275480122,MANTA   ,GA6C,L2J,Business jet,False,Day,2026-04-18 12:58:45,2026-04-18 00:00:00,,,0,,0,,,False,False,False,False,False,False
10464451980213433428,GIDID   ,BDOG,L1P,GA / light,False,Day,2026-04-18 12:35:55,2026-04-18 00:00:00,,,0,,0,,,False,False,False,False,False,True
5710617657862952107,GBZTN   ,EUPA,L1P,GA / light,False,Day,2026-04-18 12:13:35,2026-04-18 00:00:00,,,0,,0,,,False,False,False,False,False,True
2937403537426499355,GCBCL   ,GLST,L1P,GA / light,False,Day,2026-04-18 12:19:15,2026-04-18 00:00:00,550.0000176000001,16.8095224026649,5,,0,,,True,False,True,False,False,True
18372093871274473937,RYR5RR  ,B738,L2J,Large jet,True,Day,2026-04-18 14:13:35,2026-04-18 00:00:00,2600.0000832,3.5378314115568257,1,2600.0000832,1,2575.0000824,-392.3170160771083,True,True,True,False,True,True
8453884525511264823,RYR12YU ,,,Other,False,Day,2026-04-18 14:00:20,2026-04-18 00:00:00,,,0,,0,,,False,False,False,False,True,True
6813431366224138549,PARA8356,,,Other,False,Day,2026-04-18 13:41:45,2026-04-18 00:00:00,,,0,,0,,,False,False,False,False,False,False
2135753798062205387,GBUTZ   ,P28A,L1P,GA / light,False,Day,2026-04-18 13:11:00,2026-04-18 00:00:00,400.0000128,15.662458600295984,2,,0,,,True,False,True,False,False,True
2759940497559053141,GOLAJ   ,R44,H1P,Helicopter,False,Day,2026-04-18 12:55:20,2026-04-18 00:00:00,250.000008,16.53443178568271,2,,0,,,True,False,True,False,False,True
53002495261836591,EXS52TY ,B738,L2J,Large jet,True,Day,2026-04-18 14:53:30,2026-04-18 00:00:00,3000.000096,1.4051265925905727,2,3000.000096,2,3000.000096,-344.6982746108406,True,True,True,False,True,True
15045134729394093434,RYR3318 ,B38M,L2J,Large jet,True,Day,2026-04-18 14:50:00,2026-04-18 00:00:00,,,0,,0,,,False,False,False,False,False,False
797075541909994623,GBGYH   ,P28A,L1P,GA / light,False,Day,2026-04-18 13:12:40,2026-04-18 00:00:00,250.000008,15.830497021134596,8,,0,,,True,False,True,False,True,True
1479921430273320502,,,,Other,False,Day,2026-04-18 13:03:35,2026-04-18 00:00:00,,,0,,0,,,False,False,False,False,False,False
12491912793437778521,EZS1531 ,A320,L2J,Large jet,True,Day,2026-04-18 14:32:15,2026-04-18 00:00:00,2300.0000736,3.4920192007063124,2,2300.0000736,2,,,True,True,True,False,True,True
17189088532473728785,GBUFH   ,P28A,L1P,GA / light,False,Day,2026-04-18 13:48:00,2026-04-18 00:00:00,,,0,,0,,,False,False,False,False,False,True
17893514915726208387,GOLGE   ,SR20,,Other,False,Day,2026-04-18 14:35:35,2026-04-18 00:00:00,500.000016,16.005609152830175,6,,0,,,True,False,True,False,False,True
2127939151014049957,GOLAJ   ,R44,H1P,Helicopter,False,Day,2026-04-18 14:23:20,2026-04-18 00:00:00,550.0000176000001,15.685056106420493,4,,0,,,True,False,True,False,False,True
15501834585988346813,,,,Other,False,Day,2026-04-18 13:56:55,2026-04-18 00:00:00,,,0,,0,,,False,False,False,False,False,False
17544393581839900142,GBOJW   ,P28A,L1P,GA / light,False,Day,2026-04-18 14:42:35,2026-04-18 00:00:00,,,0,,0,,,False,False,False,False,False,True
8207437983919924332,GNNJA   ,SKRA,L1P,GA / light,False,Day,2026-04-18 15:16:40,2026-04-18 00:00:00,,,0,,0,,,False,False,False,False,False,True
9820713533935331191,GBUFH   ,P28A,L1P,GA / light,False,Day,2026-04-18 14:41:05,2026-04-18 00:00:00,850.0000272000001,15.921461996504648,7,,0,,,True,False,True,False,False,True
18301716713220138524,N35SN   ,BE35,L1P,GA / light,False,Day,2026-04-18 15:42:10,2026-04-18 00:00:00,825.0000264,14.167189247636083,3,,0,,,True,False,True,False,True,True
5811876439168808777,GBUJP   ,P28A,L1P,GA / light,False,Day,2026-04-18 15:41:45,2026-04-18 00:00:00,1475.0000472000002,3.926407257938601,2,1475.0000472000002,2,,,True,True,True,False,True,True
8040756687349175028,GBUFH   ,P28A,L1P,GA / light,False,Day,2026-04-18 15:39:40,2026-04-18 00:00:00,1625.000052,19.39526669347401,1,,0,,,True,False,True,False,True,True
13594303085478192275,FRA81   ,FA20,L2J,Business jet,False,Day,2026-04-18 17:03:50,2026-04-18 00:00:00,1725.0000552,6.263147328471699,3,1750.0000559999999,2,1750.0000559999999,-988.5112171685132,True,True,True,True,True,True
11528234280147028844,,BE35,L1P,GA / light,False,Day,2026-04-18 15:29:25,2026-04-18 00:00:00,,,0,,0,,,False,False,False,False,True,True
6445667623945792125,SFY1TM  ,DA42,L2P,GA / light,False,Day,2026-04-18 16:46:20,2026-04-18 00:00:00,300.0000096,15.657616871724382,7,1650.0000528,1,1650.0000528,-991.2248385997145,True,True,True,True,True,True
16386241071194444495,GMA23   ,BE20,L2T,Turboprop,False,Day,2026-04-18 17:07:25,2026-04-18 00:00:00,1400.0000448,6.570270517625927,2,1450.0000464000002,1,,,True,True,True,False,True,True
8875445380405929339,RYR2XN  ,B38M,L2J,Large jet,True,Evening,2026-04-18 19:22:55,2026-04-18 00:00:00,,,0,,0,,,False,False,False,False,False,False
3609007522529502545,HLE22   ,B429,H2T,Helicopter,False,Evening,2026-04-18 18:11:10,2026-04-18 00:00:00,,,0,,0,,,False,False,False,False,False,False
15598790015211872438,HLE10   ,A169,H2T,Helicopter,False,Day,2026-04-18 17:57:30,2026-04-18 00:00:00,,,0,,0,,,False,False,False,False,False,False
15148790569965521946,RYR7AB  ,,,Other,False,Evening,2026-04-18 20:15:40,2026-04-18 00:00:00,,,0,,0,,,False,False,False,False,False,False
17175733196497615335,EXS6012 ,B733,L2J,Large jet,True,Evening,2026-04-18 19:15:25,2026-04-18 00:00:00,,,0,,0,,,False,False,False,False,False,False
2525580505222900501,EXS82F  ,B738,L2J,Large jet,True,Night,2026-04-18 22:38:00,2026-04-18 00:00:00,3675.0001176000005,5.810944236300895,1,3675.0001176000005,1,,,True,True,True,False,False,False
1088336700295058698,RYR9911 ,B738,L2J,Large jet,True,Evening,2026-04-18 20:37:15,2026-04-18 00:00:00,,,0,,0,,,False,False,False,False,True,True
11794190992039387654,EXS61TQ ,B738,L2J,Large jet,True,Evening,2026-04-18 21:41:20,2026-04-18 00:00:00,2175.0000696,1.5820783968656285,1,2175.0000696,1,2175.0000696,-670.2996918388526,True,True,True,False,True,True
1315566823198872995,GDKDK   ,C25M,L2J,Business jet,False,Day,2026-04-19 09:02:35,2026-04-19 00:00:00,1625.000052,7.098490687438896,4,1625.000052,3,2125.0000680000003,-692.4793496934358,True,True,True,False,True,True
6591507059093958770,GBUFH   ,P28A,L1P,GA / light,False,Day,2026-04-19 08:13:30,2026-04-19 00:00:00,700.0000224,16.084285429934457,1,,0,,,True,False,True,False,True,True
16222695730614545012,GCLUI   ,NG5,L1P,GA / light,False,Day,2026-04-19 09:40:00,2026-04-19 00:00:00,1475.0000472000002,3.5124994084206262,10,1475.0000472000002,8,1525.0000488,-2007.6978467079766,True,True,True,True,True,True
8180952260490329393,RYR363C ,,,Other,False,Day,2026-04-19 11:20:00,2026-04-19 00:00:00,2750.0000880000002,1.0744231322664084,1,2750.0000880000002,1,2750.0000880000002,-181.96911194192035,True,True,True,False,True,True
15353494003716598602,GCDOK   ,C42,L1P,GA / light,False,Day,2026-04-19 09:59:55,2026-04-19 00:00:00,,,0,,0,,,False,False,False,False,False,True
4528021702224504736,GCBIY   ,EV97,L1P,GA / light,False,Day,2026-04-19 10:12:55,2026-04-19 00:00:00,,,0,,0,,,False,False,False,False,False,False
6637020994231462113,GBUFH   ,P28A,L1P,GA / light,False,Day,2026-04-19 09:59:55,2026-04-19 00:00:00,775.0000248,16.84807840460957,5,,0,,,True,False,True,False,False,True
16119317677090163176,,P28A,L1P,GA / light,False,Day,2026-04-19 10:01:10,2026-04-19 00:00:00,1450.0000464000002,9.247520616781728,1,,0,,,True,False,True,False,False,False
4818895044147007174,GBYHJ   ,P28R,L1P,GA / light,False,Day,2026-04-19 10:24:00,2026-04-19 00:00:00,,,0,,0,,,False,False,False,False,False,False
7197438322406989243,GCIBH   ,RV8,L1P,GA / light,False,Day,2026-04-19 10:34:00,2026-04-19 00:00:00,,,0,,0,,,False,False,False,False,False,False
1610221980859798673,RYR12YU ,B738,L2J,Large jet,True,Day,2026-04-19 11:50:45,2026-04-19 00:00:00,,,0,,0,,,False,False,False,False,False,False
15027415119747324940,GOLAJ   ,R44,H1P,Helicopter,False,Day,2026-04-19 10:57:55,2026-04-19 00:00:00,950.0000304,18.560713954599706,4,,0,,,True,False,True,False,False,True
11220674393255513367,URO901  ,A346,L4J,Large jet,True,Day,2026-04-19 13:10:35,2026-04-19 00:00:00,,,0,,0,,,False,False,False,False,False,False
7586135245212486618,GBUFH   ,P28A,L1P,GA / light,False,Day,2026-04-19 10:45:25,2026-04-19 00:00:00,750.000024,19.177560642207496,5,,0,,,True,False,True,False,False,True
9302470203468065122,GRVZZ   ,RV7,L1P,GA / light,False,Day,2026-04-19 10:59:55,2026-04-19 00:00:00,,,0,,0,,,False,False,False,False,False,True
3730225103535628345,GNFLY   ,SIRA,L1P,GA / light,False,Day,2026-04-19 11:35:05,2026-04-19 00:00:00,,,0,,0,,,False,False,False,False,True,True
11493303726779937525,GCLUI   ,NG5,L1P,GA / light,False,Day,2026-04-19 11:23:20,2026-04-19 00:00:00,1100.0000352000002,6.0417382367386745,8,1350.0000432000002,7,1575.0000504,-1912.5271308549823,True,True,True,True,True,True
12545767526437665202,GSLGG   ,,,Other,False,Day,2026-04-19 11:52:35,2026-04-19 00:00:00,,,0,,0,,,False,False,False,False,True,True
4660227722280200663,GFLEA   ,TOBA,L1P,GA / light,False,Day,2026-04-19 11:36:45,2026-04-19 00:00:00,1100.0000352000002,2.776749766429849,6,1100.0000352000002,6,1200.0000384,-2241.2889705416433,True,True,True,True,True,True
16494944226984978574,GCMYU   ,,,Other,False,Day,2026-04-19 12:01:10,2026-04-19 00:00:00,,,0,,0,,,False,False,False,False,False,False
3891574485193408397,GEPEE   ,,,Other,False,Day,2026-04-19 11:31:45,2026-04-19 00:00:00,,,0,,0,,,False,False,False,False,False,False
9650220145184331222,GIMPT   ,EFOX,L1P,GA / light,False,Day,2026-04-19 11:54:55,2026-04-19 00:00:00,,,0,,0,,,False,False,False,False,False,False
2283136346823830545,,AP22,L1P,GA / light,False,Day,2026-04-19 11:23:40,2026-04-19 00:00:00,,,0,,0,,,False,False,False,False,False,False
7203762999651718199,GCGLP   ,CRUZ,L1P,GA / light,False,Day,2026-04-19 13:59:55,2026-04-19 00:00:00,,,0,,0,,,False,False,False,False,False,True
1356795867580883762,GZAVI   ,C42,L1P,GA / light,False,Day,2026-04-19 13:10:45,2026-04-19 00:00:00,,,0,,0,,,False,False,False,False,False,True
3367884817833898952,JFA95N  ,PC12,L1T,Turboprop,False,Day,2026-04-19 11:33:00,2026-04-19 00:00:00,,,0,,0,,,False,False,False,False,False,False
11743314382717461882,GOLAJ   ,R44,H1P,Helicopter,False,Day,2026-04-19 12:58:10,2026-04-19 00:00:00,350.0000112,17.93910577489738,6,,0,,,True,False,True,False,False,True
7307506427280806426,GHBBH   ,C42,L1P,GA / light,False,Day,2026-04-19 11:58:00,2026-04-19 00:00:00,,,0,,0,,,False,False,False,False,False,True
2486808838558358599,RYR2XN  ,B38M,,Large jet,True,Day,2026-04-19 13:40:45,2026-04-19 00:00:00,,,0,,0,,,False,False,False,False,False,True
13824847171366918215,GLUSI   ,L8,L1P,GA / light,False,Day,2026-04-19 13:17:20,2026-04-19 00:00:00,,,0,,0,,,False,False,False,False,False,True
9681880586699276574,GOJVL   ,RV6,L1P,GA / light,False,Day,2026-04-19 13:09:45,2026-04-19 00:00:00,1000.000032,16.24899519832425,2,,0,,,True,False,True,False,False,True
15629673107181961243,RYR117J ,B38M,,Large jet,True,Day,2026-04-19 14:44:40,2026-04-19 00:00:00,,,0,,0,,,False,False,False,False,False,True
12038472433889137655,GCGWH   ,CRUZ,L1P,GA / light,False,Day,2026-04-19 13:22:50,2026-04-19 00:00:00,,,0,,0,,,False,False,False,False,True,True
8391531991086480531,,RV8,L1P,GA / light,False,Day,2026-04-19 13:03:40,2026-04-19 00:00:00,,,0,,0,,,False,False,False,False,False,False
11640048365184982532,GFLEA   ,TOBA,L1P,GA / light,False,Day,2026-04-19 13:43:50,2026-04-19 00:00:00,,,0,,0,,,False,False,False,False,False,True
2097493236208558853,NJE9QL  ,E55P,L2J,Business jet,False,Day,2026-04-19 13:43:45,2026-04-19 00:00:00,,,0,,0,,,False,False,False,False,False,True
12656356351965171944,RYR8947 ,B38M,L2J,Large jet,True,Day,2026-04-19 15:37:45,2026-04-19 00:00:00,,,0,,0,,,False,False,False,False,False,True
5280113342748857318,GCDOK   ,C42,L1P,GA / light,False,Day,2026-04-19 13:50:40,2026-04-19 00:00:00,,,0,,0,,,False,False,False,False,False,True
3397810861006864987,GOLAJ   ,R44,H1P,Helicopter,False,Day,2026-04-19 14:09:25,2026-04-19 00:00:00,750.000024,16.59562540982358,2,,0,,,True,False,True,False,True,True
11657191194684530008,EXS68AT ,B738,L2J,Large jet,True,Day,2026-04-19 16:22:25,2026-04-19 00:00:00,,,0,,0,,,False,False,False,False,False,True
12849886420925669706,SRG375  ,A139,,Other,False,Day,2026-04-19 15:45:55,2026-04-19 00:00:00,1175.0000376,16.387904799985435,8,,0,,,True,False,True,False,False,True
11836739953465267350,GRVZZ   ,RV7,L1P,GA / light,False,Day,2026-04-19 14:35:35,2026-04-19 00:00:00,,,0,,0,,,False,False,False,False,True,True
16305506658778394798,2ANJA   ,,,Other,False,Day,2026-04-19 14:36:30,2026-04-19 00:00:00,,,0,,0,,,False,False,False,False,False,True
4999484068018452461,GBUFH   ,P28A,L1P,GA / light,False,Day,2026-04-19 14:40:40,2026-04-19 00:00:00,,,0,,0,,,False,False,False,False,False,True
9023886932124391030,GZAVI   ,C42,L1P,GA / light,False,Day,2026-04-19 15:31:30,2026-04-19 00:00:00,,,0,,0,,,False,False,False,False,False,True
17805154042133413906,EXS71BS ,B738,L2J,Large jet,True,Day,2026-04-19 16:55:10,2026-04-19 00:00:00,,,0,,0,,,False,False,False,False,False,True
3488643966983186015,TOM6KM  ,B738,L2J,Large jet,True,Day,2026-04-19 17:03:15,2026-04-19 00:00:00,,,0,,0,,,False,False,False,False,False,True
3682248001685174539,GBOJW   ,P28A,L1P,GA / light,False,Day,2026-04-19 15:13:55,2026-04-19 00:00:00,,,0,,0,,,False,False,False,False,False,True
14050753897567697783,GMA23   ,BE20,L2T,Turboprop,False,Day,2026-04-19 15:08:05,2026-04-19 00:00:00,,,0,,0,,,False,False,False,False,False,True
4757267777701204459,NJE3NX  ,E55P,L2J,Business jet,False,Day,2026-04-19 16:00:55,2026-04-19 00:00:00,,,0,,0,,,False,False,False,False,False,True
6915067474585279559,GFXBT   ,AP22,L1P,GA / light,False,Day,2026-04-19 15:59:55,2026-04-19 00:00:00,,,0,,0,,,False,False,False,False,False,False
15332085672979854385,GPLPM   ,EUPA,L1P,GA / light,False,Day,2026-04-19 16:40:15,2026-04-19 00:00:00,,,0,,0,,,False,False,False,False,False,False
15385981446521751887,GOLGE   ,SR20,,Other,False,Day,2026-04-19 17:06:55,2026-04-19 00:00:00,775.0000248,18.55603284292463,4,,0,,,True,False,True,False,True,True
11401161305293474316,RUK1133 ,B738,,Large jet,True,Evening,2026-04-19 18:01:25,2026-04-19 00:00:00,2475.0000792,1.495738284944529,1,2475.0000792,1,2475.0000792,-503.14796248456105,True,True,True,False,True,True
5562187731072011381,GLIFB   ,AP32,L1P,GA / light,False,Evening,2026-04-19 19:26:50,2026-04-19 00:00:00,,,0,,0,,,False,False,False,False,False,False
1027631131680011360,HLE10   ,A169,H2T,Helicopter,False,Evening,2026-04-19 19:06:25,2026-04-19 00:00:00,,,0,,0,,,False,False,False,False,False,True
1123661519298141252,RYR80XD ,B38M,,Large jet,True,Evening,2026-04-19 21:48:00,2026-04-19 00:00:00,,,0,,0,,,False,False,False,False,False,False
7397868532357036337,RYR8PA  ,B38M,L2J,Large jet,True,Evening,2026-04-19 21:50:50,2026-04-19 00:00:00,,,0,,0,,,False,False,False,False,False,False
2058461430853933940,HLE10   ,A169,H2T,Helicopter,False,Evening,2026-04-19 20:33:25,2026-04-19 00:00:00,,,0,,0,,,False,False,False,False,False,True
1949105844929395579,HLE10   ,A169,H2T,Helicopter,False,Day,2026-04-20 07:48:20,2026-04-20 00:00:00,,,0,,0,,,False,False,False,False,False,True
9981307057478563431,AAB41R  ,C25C,L2J,Business jet,False,Day,2026-04-20 08:18:15,2026-04-20 00:00:00,,,0,,0,,,False,False,False,False,False,True
10782621493652413049,CRX8B   ,,,Other,False,Day,2026-04-20 08:55:00,2026-04-20 00:00:00,,,0,,0,,,False,False,False,False,False,True
8749763435329699130,SNAKE49 ,B350,L2T,Turboprop,False,Day,2026-04-20 12:35:15,2026-04-20 00:00:00,,,0,,0,,,False,False,False,False,False,True
18182166630202205847,GOLGE   ,SR20,,Other,False,Day,2026-04-20 10:53:15,2026-04-20 00:00:00,825.0000264,15.6547095656089,5,,0,,,True,False,True,False,True,True
11430060632318471659,RYR2XN  ,B38M,,Large jet,True,Day,2026-04-20 11:03:05,2026-04-20 00:00:00,,,0,,0,,,False,False,False,False,False,True
6623346953592667757,BWY21   ,FA20,L2J,Business jet,False,Day,2026-04-20 09:34:15,2026-04-20 00:00:00,1650.0000528,8.110555247158528,6,,0,,,True,False,True,False,False,True
16996088942644689924,EXS697J ,B738,L2J,Large jet,True,Day,2026-04-20 11:45:15,2026-04-20 00:00:00,,,0,,0,,,False,False,False,False,False,True
3691138815512052735,PNTHR76 ,H64,,Other,False,Day,2026-04-20 11:21:15,2026-04-20 00:00:00,,,0,,0,,,False,False,False,False,False,False
15769872185076945858,GRVJG   ,RV7,L1P,GA / light,False,Day,2026-04-20 10:55:20,2026-04-20 00:00:00,3225.0001032,3.516040538628923,8,3225.0001032,1,,,True,True,True,False,False,True
9902873872137929948,SFY1TM  ,DA42,L2P,GA / light,False,Day,2026-04-20 11:11:00,2026-04-20 00:00:00,425.00001360000005,15.912693533026934,22,,0,,,True,False,True,False,False,True
10704109895416470394,SXN560  ,,,Other,False,Day,2026-04-20 11:29:15,2026-04-20 00:00:00,,,0,,0,,,False,False,False,False,True,True
10681759947345971869,GFXBT   ,AP22,L1P,GA / light,False,Day,2026-04-20 12:17:15,2026-04-20 00:00:00,,,0,,0,,,False,False,False,False,False,True
7951930219472495103,GTWIS   ,TWST,L1P,GA / light,False,Day,2026-04-20 12:05:00,2026-04-20 00:00:00,,,0,,0,,,False,False,False,False,False,True
8097182490614095245,GARKM   ,PA22,L1P,GA / light,False,Day,2026-04-20 11:59:30,2026-04-20 00:00:00,,,0,,0,,,False,False,False,False,False,True
6701939174244656880,NJE6EQ  ,C68A,L2J,Business jet,False,Day,2026-04-20 12:03:35,2026-04-20 00:00:00,,,0,,0,,,False,False,False,False,True,True
6684606219041915233,RYR117J ,B738,L2J,Large jet,True,Day,2026-04-20 14:39:45,2026-04-20 00:00:00,,,0,,0,,,False,False,False,False,False,False
9976810994714522421,SFY1TM  ,DA42,L2P,GA / light,False,Day,2026-04-20 14:38:55,2026-04-20 00:00:00,,,0,,0,,,False,False,False,False,False,True
17750326822028589772,GBGYH   ,P28A,L1P,GA / light,False,Day,2026-04-20 13:40:55,2026-04-20 00:00:00,,,0,,0,,,False,False,False,False,False,True
9845802755998996002,,P28A,L1P,GA / light,False,Day,2026-04-20 13:01:20,2026-04-20 00:00:00,,,0,,0,,,False,False,False,False,False,False
1221927398690993868,TOM4EG  ,B738,L2J,Large jet,True,Day,2026-04-20 16:10:50,2026-04-20 00:00:00,1750.0000559999999,5.820151248302459,1,1750.0000559999999,1,,,True,True,True,False,True,True
3699234046337208352,RYR7624 ,B38M,,Large jet,True,Day,2026-04-20 15:21:25,2026-04-20 00:00:00,,,0,,0,,,False,False,False,False,False,True
5823807761450504160,RYR22ZK ,B38M,L2J,Large jet,True,Day,2026-04-20 16:17:50,2026-04-20 00:00:00,,,0,,0,,,False,False,False,False,False,False
13621787779168166282,GOLGE   ,SR20,,Other,False,Day,2026-04-20 14:30:25,2026-04-20 00:00:00,850.0000272000001,18.464847252269863,4,,0,,,True,False,True,False,False,True
11662496725449557066,GBOJW   ,P28A,L1P,GA / light,False,Day,2026-04-20 14:20:50,2026-04-20 00:00:00,1300.0000416,17.54278430310123,7,,0,,,True,False,True,False,True,True
8645136397276158594,GBVGY   ,L8,L1P,GA / light,False,Day,2026-04-20 14:48:50,2026-04-20 00:00:00,,,0,,0,,,False,False,False,False,False,True
5872034870624109560,GFXBT   ,AP22,L1P,GA / light,False,Day,2026-04-20 13:59:55,2026-04-20 00:00:00,,,0,,0,,,False,False,False,False,False,True
11932194863781450232,GBXDI   ,DHC1,L1P,GA / light,False,Day,2026-04-20 14:41:55,2026-04-20 00:00:00,,,0,,0,,,False,False,False,False,False,True
11308354231174111658,CRIMSON1,FA20,L2J,Business jet,False,Day,2026-04-20 15:55:15,2026-04-20 00:00:00,,,0,,0,,,False,False,False,False,False,True
8375988968176982571,CRIMSON2,FA20,L2J,Business jet,False,Day,2026-04-20 15:52:40,2026-04-20 00:00:00,3175.0001016,12.882216579920664,1,,0,,,True,False,True,False,False,True
15261952434129651060,EXS34HS ,B738,L2J,Large jet,True,Day,2026-04-20 16:14:40,2026-04-20 00:00:00,1750.0000559999999,5.925588968967117,1,1750.0000559999999,1,,,True,True,True,False,True,True
13176281633558024824,NJE747A ,E55P,L2J,Business jet,False,Day,2026-04-20 15:57:35,2026-04-20 00:00:00,4775.0001528,5.907880791905391,1,4775.0001528,1,,,True,True,True,False,False,True
13023117849020454446,RYR7KY  ,B38M,,Large jet,True,Day,2026-04-20 15:46:55,2026-04-20 00:00:00,,,0,,0,,,False,False,False,False,False,True
15289166712575098959,GDFUN   ,RV6,L1P,GA / light,False,Day,2026-04-20 14:43:35,2026-04-20 00:00:00,,,0,,0,,,False,False,False,False,False,False
999811090420740538,GMA23   ,BE20,L2T,Turboprop,False,Day,2026-04-20 14:56:20,2026-04-20 00:00:00,,,0,,0,,,False,False,False,False,False,True
2995451997767507984,FCA1MA  ,E55P,,Business jet,False,Day,2026-04-20 15:17:05,2026-04-20 00:00:00,,,0,,0,,,False,False,False,False,False,True
1570002838572537392,EXS61TQ ,B738,L2J,Large jet,True,Evening,2026-04-20 18:04:45,2026-04-20 00:00:00,,,0,,0,,,False,False,False,False,False,True
482514606230907600,RYR80XD ,B738,L2J,Large jet,True,Evening,2026-04-20 18:24:30,2026-04-20 00:00:00,,,0,,0,,,False,False,False,False,False,True
4320005697307702642,MANTA   ,GA6C,L2J,Business jet,False,Day,2026-04-20 17:15:55,2026-04-20 00:00:00,2250.0000720000003,1.4137932754500004,1,2250.0000720000003,1,2250.0000720000003,-657.7682203897775,True,True,True,False,True,True
12601160548826914470,GCMDW   ,EFOX,L1P,GA / light,False,Day,2026-04-20 17:31:10,2026-04-20 00:00:00,,,0,,0,,,False,False,False,False,False,True
8585094011767877403,HLE10   ,A169,H2T,Helicopter,False,Day,2026-04-20 16:59:55,2026-04-20 00:00:00,,,0,,0,,,False,False,False,False,False,True
3526417192158781525,SFY1TM  ,DA42,L2P,GA / light,False,Day,2026-04-20 17:35:20,2026-04-20 00:00:00,350.0000112,16.693966981810625,3,,0,2275.0000728,-550.2669589688753,True,False,True,False,True,True
2210662426243024218,HLE10   ,A169,H2T,Helicopter,False,Evening,2026-04-20 18:52:40,2026-04-20 00:00:00,,,0,,0,,,False,False,False,False,False,True
6988063549824196455,RYR38NG ,B38M,,Large jet,True,Evening,2026-04-20 21:53:10,2026-04-20 00:00:00,,,0,,0,,,False,False,False,False,False,False
12595163479612032925,RYR12YU ,B38M,,Large jet,True,Evening,2026-04-20 21:43:35,2026-04-20 00:00:00,,,0,,0,,,False,False,False,False,False,False
5187346277198792088,HELIOP  ,,,Other,False,Evening,2026-04-20 20:59:35,2026-04-20 00:00:00,,,0,,0,,,False,False,False,False,False,False
14487735379617444905,RYR80XD ,B738,L2J,Large jet,True,Day,2026-04-21 08:13:15,2026-04-21 00:00:00,,,0,,0,,,False,False,False,False,False,True
10807580676638349336,N101DW  ,P32R,L1P,GA / light,False,Day,2026-04-21 08:18:55,2026-04-21 00:00:00,,,0,,0,,,False,False,False,False,False,True
14582252262764791005,CRIMSON1,FA20,L2J,Business jet,False,Day,2026-04-21 09:26:45,2026-04-21 00:00:00,,,0,,0,,,False,False,False,False,True,True
9113230612080947582,CRIMSON2,FA20,L2J,Business jet,False,Day,2026-04-21 09:31:05,2026-04-21 00:00:00,2725.0000872,11.983238556010365,2,,0,,,True,False,True,False,False,True
9975300582132949933,RYR7099 ,B38M,,Large jet,True,Day,2026-04-21 09:40:55,2026-04-21 00:00:00,,,0,,0,,,False,False,False,False,False,False
9913869252434386063,SFY1TM  ,DA42,L2P,GA / light,False,Day,2026-04-21 09:18:30,2026-04-21 00:00:00,,,0,,0,,,False,False,False,False,False,True
14681240270607760538,EXS86KL ,B738,L2J,Large jet,True,Day,2026-04-21 11:53:40,2026-04-21 00:00:00,,,0,,0,,,False,False,False,False,False,True
12740417441462053404,TOM20H  ,B738,L2J,Large jet,True,Day,2026-04-21 11:57:00,2026-04-21 00:00:00,,,0,,0,,,False,False,False,False,False,True
3231915199690843550,GIROX   ,MM24,G1P,GA / light,False,Day,2026-04-21 10:59:55,2026-04-21 00:00:00,,,0,,0,,,False,False,False,False,False,False
15874212122054381560,GBZTN   ,EUPA,L1P,GA / light,False,Day,2026-04-21 10:55:25,2026-04-21 00:00:00,,,0,,0,,,False,False,False,False,False,True
14208195894560578790,SFY1TM  ,DA42,L2P,GA / light,False,Day,2026-04-21 11:50:00,2026-04-21 00:00:00,275.00000880000005,16.973035232995734,14,,0,,,True,False,True,False,True,True
5814848483700147996,FRA47   ,,,Other,False,Day,2026-04-21 13:16:00,2026-04-21 00:00:00,,,0,,0,,,False,False,False,False,False,True
15803239587573660236,SLS7A   ,PC12,L1T,Turboprop,False,Day,2026-04-21 14:25:30,2026-04-21 00:00:00,,,0,,0,,,False,False,False,False,False,True
13829131848871619843,GBOHA   ,P28A,L1P,GA / light,False,Day,2026-04-21 11:29:15,2026-04-21 00:00:00,1075.0000344,19.237661095160707,1,,0,,,True,False,True,False,True,True
8980967684295204106,RYR8947 ,B38M,,Large jet,True,Day,2026-04-21 13:34:55,2026-04-21 00:00:00,,,0,,0,,,False,False,False,False,False,False
11536202340419972365,,DA42,L2P,GA / light,False,Day,2026-04-21 11:37:45,2026-04-21 00:00:00,,,0,,0,,,False,False,False,False,True,True
3879975345370014641,GATVF   ,DHC1,L1P,GA / light,False,Day,2026-04-21 12:16:25,2026-04-21 00:00:00,,,0,,0,,,False,False,False,False,False,False
14760072491911502387,GBFBR   ,P28A,L1P,GA / light,False,Day,2026-04-21 12:40:50,2026-04-21 00:00:00,,,0,,0,,,False,False,False,False,False,True
15774930607599159377,RYR2XN  ,B738,L2J,Large jet,True,Day,2026-04-21 14:29:40,2026-04-21 00:00:00,,,0,,0,,,False,False,False,False,False,False
9488435848330008678,GBOJW   ,P28A,L1P,GA / light,False,Day,2026-04-21 12:55:10,2026-04-21 00:00:00,400.0000128,17.64692128920269,3,,0,,,True,False,True,False,True,True
12597664199879008017,GBGYH   ,P28A,L1P,GA / light,False,Day,2026-04-21 12:56:00,2026-04-21 00:00:00,875.0000279999999,17.78827464440812,2,,0,,,True,False,True,False,False,True
16640002016859275984,,AC11,L1P,GA / light,False,Day,2026-04-21 12:40:35,2026-04-21 00:00:00,,,0,,0,,,False,False,False,False,False,True
7433704663681034404,EXS73G  ,B738,L2J,Large jet,True,Day,2026-04-21 16:36:40,2026-04-21 00:00:00,,,0,,0,,,False,False,False,False,False,True
8366383686271592747,N6039X  ,AC11,L1P,GA / light,False,Day,2026-04-21 12:49:10,2026-04-21 00:00:00,,,0,,0,,,False,False,False,False,False,True
6315952006561318182,CRIMSON1,FA20,L2J,Business jet,False,Day,2026-04-21 14:23:15,2026-04-21 00:00:00,2750.0000880000002,14.225670594799626,1,,0,,,True,False,True,False,False,True
4310441692527238913,RYR117J ,B738,L2J,Large jet,True,Day,2026-04-21 15:21:55,2026-04-21 00:00:00,,,0,,0,,,False,False,False,False,False,True
6946975430676193900,RYR8PA  ,B38M,,Large jet,True,Day,2026-04-21 15:16:10,2026-04-21 00:00:00,,,0,,0,,,False,False,False,False,False,False
3052129573959127755,SRD375  ,A139,,Other,False,Day,2026-04-21 14:10:20,2026-04-21 00:00:00,,,0,,0,,,False,False,False,False,True,True
12650269551726102294,PIPE65  ,,,Other,False,Day,2026-04-21 15:34:15,2026-04-21 00:00:00,300.0000096,14.257703733555346,67,500.000016,11,775.0000248,-2376.8508852346795,True,True,True,True,True,True
1834848391095064649,,A139,,Other,False,Day,2026-04-21 14:01:05,2026-04-21 00:00:00,,,0,,0,,,False,False,False,False,False,False
4064826019848305653,NJE950V ,E55P,L2J,Business jet,False,Day,2026-04-21 15:41:05,2026-04-21 00:00:00,,,0,,0,,,False,False,False,False,False,True
4137136831082926499,SFY1TM  ,DA42,L2P,GA / light,False,Day,2026-04-21 14:59:55,2026-04-21 00:00:00,,,0,,0,,,False,False,False,False,False,True
8548434405887250629,GBEWR   ,C172,L1P,GA / light,False,Day,2026-04-21 15:35:45,2026-04-21 00:00:00,650.0000208,17.520352556522816,9,,0,,,True,False,True,False,False,True
8385516769107675742,RUK1133 ,B738,L2J,Large jet,True,Day,2026-04-21 16:23:30,2026-04-21 00:00:00,,,0,,0,,,False,False,False,False,False,True
3584227460083916264,GOLAJ   ,R44,H1P,Helicopter,False,Day,2026-04-21 15:59:55,2026-04-21 00:00:00,950.0000304,15.643846239810202,1,,0,,,True,False,True,False,True,True
17764081368574105023,GBIVA   ,R200,L1P,GA / light,False,Day,2026-04-21 16:13:55,2026-04-21 00:00:00,,,0,,0,,,False,False,False,False,False,True
5159405545410503746,RYR273  ,B38M,L2J,Large jet,True,Evening,2026-04-21 19:17:30,2026-04-21 00:00:00,,,0,,0,,,False,False,False,False,False,True
435759117851021275,RYR384B ,B38M,,Large jet,True,Evening,2026-04-21 20:15:05,2026-04-21 00:00:00,,,0,,0,,,False,False,False,False,False,True
12270293983075083515,RYR12YU ,B738,L2J,Large jet,True,Evening,2026-04-21 19:03:00,2026-04-21 00:00:00,,,0,,0,,,False,False,False,False,False,True
2664748455721904484,BRO084A ,B737,L2J,Large jet,True,Day,2026-04-21 17:56:50,2026-04-21 00:00:00,,,0,,0,,,False,False,False,False,False,True
8902077308561036197,ECA2WR  ,C25A,L2J,Business jet,False,Evening,2026-04-21 18:30:40,2026-04-21 00:00:00,,,0,,0,,,False,False,False,False,False,True
12530796927183895289,RYR6504 ,B38M,,Large jet,True,Evening,2026-04-21 20:49:35,2026-04-21 00:00:00,,,0,,0,,,False,False,False,False,False,True
13109419738192179488,TOM83T  ,B738,L2J,Large jet,True,Night,2026-04-21 22:11:00,2026-04-21 00:00:00,,,0,,0,,,False,False,False,False,False,False
2566099604951405521,EXS159E ,B738,L2J,Large jet,True,Night,2026-04-21 22:28:30,2026-04-21 00:00:00,,,0,,0,,,False,False,False,False,False,False
14082394117254104209,RYR363C ,B38M,,Large jet,True,Evening,2026-04-21 21:28:45,2026-04-21 00:00:00,,,0,,0,,,False,False,False,False,False,False
17003452141270729974,HLE10   ,A169,H2T,Helicopter,False,Evening,2026-04-21 20:31:30,2026-04-21 00:00:00,,,0,,0,,,False,False,False,False,False,True
4223856738064523808,RYR117J ,B38M,L2J,Large jet,True,Day,2026-04-22 05:59:55,2026-04-22 00:00:00,,,0,,0,,,False,False,False,False,False,False
8244316766542912021,RYR7AB  ,,,Other,False,Day,2026-04-22 07:33:25,2026-04-22 00:00:00,,,0,,0,,,False,False,False,False,False,True
3231930218755062418,PTN68L  ,,,Other,False,Day,2026-04-22 09:44:40,2026-04-22 00:00:00,4725.0001512,8.113259844700227,2,4725.0001512,1,,,True,True,True,False,True,True
9006763971310062200,AMBER1  ,FA20,L2J,Business jet,False,Day,2026-04-22 09:29:15,2026-04-22 00:00:00,,,0,,0,,,False,False,False,False,True,True
8531745839088206196,AMBER2  ,FA20,L2J,Business jet,False,Day,2026-04-22 09:33:15,2026-04-22 00:00:00,1200.0000384,17.944717864666945,8,,0,,,True,False,True,False,False,True
16282797683301962178,SFY3DB  ,DA42,L2P,GA / light,False,Day,2026-04-22 09:21:10,2026-04-22 00:00:00,850.0000272000001,18.100611189059034,3,,0,,,True,False,True,False,False,True
4810015338929591813,SFS80   ,PC12,L1T,Turboprop,False,Day,2026-04-22 11:30:15,2026-04-22 00:00:00,,,0,9000.000288000001,1,,,False,True,False,False,False,True
18281146542531049901,HLE10   ,A169,H2T,Helicopter,False,Day,2026-04-22 08:15:10,2026-04-22 00:00:00,,,0,,0,,,False,False,False,False,False,True
2118278646183678357,SFY1TM  ,DA42,L2P,GA / light,False,Day,2026-04-22 09:24:15,2026-04-22 00:00:00,,,0,,0,,,False,False,False,False,False,True
4717808743409283811,RYR363C ,B38M,,Large jet,True,Day,2026-04-22 11:31:15,2026-04-22 00:00:00,,,0,,0,,,False,False,False,False,False,True
8683298223008943638,JFA11R  ,,,Other,False,Day,2026-04-22 10:18:15,2026-04-22 00:00:00,,,0,,0,,,False,False,False,False,False,True
16371813106912862552,GBEWR   ,C172,L1P,GA / light,False,Day,2026-04-22 11:14:40,2026-04-22 00:00:00,675.0000216000001,17.39499786392905,2,,0,,,True,False,True,False,False,True
7823874998231759127,AJO878  ,P180,L2T,Turboprop,False,Day,2026-04-22 11:44:55,2026-04-22 00:00:00,,,0,,0,,,False,False,False,False,False,True
11254029805112579329,SFY1TM  ,DA42,L2P,GA / light,False,Day,2026-04-22 11:20:20,2026-04-22 00:00:00,475.0000152,18.028460420502775,6,,0,,,True,False,True,False,False,True
9451083103515349051,NJE520R ,C56X,L2J,Business jet,False,Day,2026-04-22 11:54:25,2026-04-22 00:00:00,,,0,,0,,,False,False,False,False,False,True
2754101411703909006,GVNAM   ,O1,L1P,GA / light,False,Day,2026-04-22 11:23:05,2026-04-22 00:00:00,,,0,,0,,,False,False,False,False,False,False
11583473103587752915,RYR5RR  ,B738,L2J,Large jet,True,Day,2026-04-22 13:48:40,2026-04-22 00:00:00,,,0,,0,,,False,False,False,False,False,False
9828606080021932217,RYR80XD ,B738,L2J,Large jet,True,Day,2026-04-22 14:00:50,2026-04-22 00:00:00,,,0,,0,,,False,False,False,False,False,True
9211213942114971089,CRIMSON1,FA20,L2J,Business jet,False,Day,2026-04-22 14:05:05,2026-04-22 00:00:00,,,0,,0,,,False,False,False,False,False,True
5677456073886371870,CRIMSON2,FA20,L2J,Business jet,False,Day,2026-04-22 14:08:45,2026-04-22 00:00:00,,,0,,0,,,False,False,False,False,False,True
1283798563032800888,RYR6765 ,B38M,,Large jet,True,Day,2026-04-22 15:05:20,2026-04-22 00:00:00,,,0,,0,,,False,False,False,False,False,True
17334583035667243087,GBEWR   ,C172,L1P,GA / light,False,Day,2026-04-22 14:16:25,2026-04-22 00:00:00,925.0000296,17.661406206404145,2,,0,,,True,False,True,False,False,True
11298446770322170233,SFY3DB  ,DA42,L2P,GA / light,False,Day,2026-04-22 12:32:55,2026-04-22 00:00:00,450.0000144,17.29207253163851,2,,0,,,True,False,True,False,False,True
8306226061473572208,GMA19   ,BE20,L2T,Turboprop,False,Day,2026-04-22 12:47:35,2026-04-22 00:00:00,,,0,,0,,,False,False,False,False,False,True
7631455434023608979,2ANJA   ,,,Other,False,Day,2026-04-22 13:19:20,2026-04-22 00:00:00,,,0,,0,,,False,False,False,False,False,True
10792971287712244153,GSPRK   ,RV4,L1P,GA / light,False,Day,2026-04-22 13:59:15,2026-04-22 00:00:00,,,0,,0,,,False,False,False,False,False,False
6694302138362084480,GBGYH   ,P28A,L1P,GA / light,False,Day,2026-04-22 14:18:00,2026-04-22 00:00:00,,,0,,0,,,False,False,False,False,False,True
16532833523971631404,SFS81   ,PC12,L1T,Turboprop,False,Day,2026-04-22 16:28:05,2026-04-22 00:00:00,,,0,,0,,,False,False,False,False,False,True
9146052180872909695,SFY1TM  ,DA42,L2P,GA / light,False,Day,2026-04-22 14:16:20,2026-04-22 00:00:00,,,0,,0,,,False,False,False,False,False,True
10146855498230484072,EXS82F  ,B738,L2J,Large jet,True,Evening,2026-04-22 18:22:40,2026-04-22 00:00:00,,,0,,0,,,False,False,False,False,False,True
18052983959625721854,BIO05   ,P68,,Other,False,Day,2026-04-22 16:09:50,2026-04-22 00:00:00,,,0,,0,,,False,False,False,False,False,False
16655934069454605883,ETP09   ,A139,H2T,Helicopter,False,Day,2026-04-22 15:59:55,2026-04-22 00:00:00,2625.0000840000002,18.804115871987964,2,,0,,,True,False,True,False,False,True
3473440981446919166,RYR3318 ,B38M,,Large jet,True,Day,2026-04-22 16:58:50,2026-04-22 00:00:00,,,0,,0,,,False,False,False,False,False,True
16650877480067205612,TOM7MH  ,B738,L2J,Large jet,True,Evening,2026-04-22 20:06:35,2026-04-22 00:00:00,,,0,,0,,,False,False,False,False,False,True
12889379835849339703,HLE10   ,A169,H2T,Helicopter,False,Day,2026-04-22 17:06:35,2026-04-22 00:00:00,200.0000064,19.287298668030694,2,,0,,,True,False,True,False,False,True
13485844143324168964,GOLGE   ,SR20,,Other,False,Evening,2026-04-22 18:18:35,2026-04-22 00:00:00,,,0,,0,,,False,False,False,False,False,True
3363728232425586300,HLE10   ,A169,H2T,Helicopter,False,Evening,2026-04-22 18:15:35,2026-04-22 00:00:00,,,0,,0,,,False,False,False,False,False,True
5343746762078076512,RYR12YU ,B38M,,Large jet,True,Evening,2026-04-22 21:23:35,2026-04-22 00:00:00,,,0,,0,,,False,False,False,False,False,False
12921830717079848989,HLE10   ,A169,H2T,Helicopter,False,Evening,2026-04-22 19:54:15,2026-04-22 00:00:00,,,0,,0,,,False,False,False,False,False,True
2700079769796368041,RYR7KY  ,B38M,,Large jet,True,Evening,2026-04-22 21:35:40,2026-04-22 00:00:00,,,0,,0,,,False,False,False,False,False,True
8962082899528348501,CRNGE02 ,H64,H2T,Helicopter,False,Evening,2026-04-22 21:59:55,2026-04-22 00:00:00,,,0,,0,,,False,False,False,False,False,False
4838892979386473425,HLE10   ,A169,H2T,Helicopter,False,Evening,2026-04-22 21:08:35,2026-04-22 00:00:00,650.0000208,18.767842111369944,3,,0,,,True,False,True,False,True,True
2999817690716862618,RYR2XN  ,B38M,,Large jet,True,Day,2026-04-23 07:02:50,2026-04-23 00:00:00,,,0,,0,,,False,False,False,False,False,True
10723185932394189569,SFS80   ,PC12,L1T,Turboprop,False,Day,2026-04-23 12:40:30,2026-04-23 00:00:00,,,0,,0,,,False,False,False,False,False,True
9140104095701539874,HLE10   ,A169,H2T,Helicopter,False,Day,2026-04-23 08:24:10,2026-04-23 00:00:00,300.0000096,20.296461574071923,1,,0,,,True,False,True,False,False,True
2342913711008027056,FYL82YG ,C25B,,Business jet,False,Day,2026-04-23 10:29:00,2026-04-23 00:00:00,,,0,,0,,,False,False,False,False,False,True
4982697562866248411,N28SN   ,S22T,L1P,GA / light,False,Day,2026-04-23 09:13:20,2026-04-23 00:00:00,,,0,,0,,,False,False,False,False,False,True
3742215729201676130,RYR7KY  ,B38M,,Large jet,True,Day,2026-04-23 10:10:35,2026-04-23 00:00:00,,,0,,0,,,False,False,False,False,False,False
7344593223076714352,BTNIA17 ,G115,L1P,GA / light,False,Day,2026-04-23 09:30:05,2026-04-23 00:00:00,,,0,,0,,,False,False,False,False,False,False
12415709264099789352,GEIMS   ,B505,H1T,Helicopter,False,Day,2026-04-23 08:59:25,2026-04-23 00:00:00,,,0,,0,,,False,False,False,False,False,False
1276397391674617229,GCKDE   ,G109,L1P,GA / light,False,Day,2026-04-23 09:34:45,2026-04-23 00:00:00,,,0,,0,,,False,False,False,False,False,False
13698819885959750432,HLE10   ,A169,H2T,Helicopter,False,Day,2026-04-23 09:15:10,2026-04-23 00:00:00,,,0,,0,,,False,False,False,False,False,True
11086959716734458266,N625    ,,,Other,False,Day,2026-04-23 10:49:50,2026-04-23 00:00:00,,,0,,0,,,False,False,False,False,False,True
8529408934571009848,GBEWR   ,C172,L1P,GA / light,False,Day,2026-04-23 09:59:55,2026-04-23 00:00:00,800.0000256,17.977690560888632,8,,0,,,True,False,True,False,False,True
6713721496797257161,SFY3DB  ,DA42,L2P,GA / light,False,Day,2026-04-23 10:09:45,2026-04-23 00:00:00,,,0,,0,,,False,False,False,False,False,True
7523461767100588850,GBTLB   ,WA50,L1P,GA / light,False,Day,2026-04-23 10:13:00,2026-04-23 00:00:00,,,0,,0,,,False,False,False,False,False,False
5453413109775797016,GLDSA   ,SLG4,L1P,GA / light,False,Day,2026-04-23 10:44:20,2026-04-23 00:00:00,,,0,,0,,,False,False,False,False,False,True
11818074440412401010,RYR5RR  ,B38M,,Large jet,True,Day,2026-04-23 12:09:00,2026-04-23 00:00:00,,,0,,0,,,False,False,False,False,False,False
5944210812396084353,GBUFH   ,P28A,L1P,GA / light,False,Day,2026-04-23 10:38:40,2026-04-23 00:00:00,725.0000232000001,16.932640706773544,8,,0,,,True,False,True,False,False,True
12231221531426041560,GBHJS   ,P68,L2P,GA / light,False,Day,2026-04-23 10:41:05,2026-04-23 00:00:00,,,0,,0,,,False,False,False,False,True,True
16616514595089287270,SFY1TM  ,DA42,L2P,GA / light,False,Day,2026-04-23 10:59:05,2026-04-23 00:00:00,525.0000168,14.995929171391927,9,,0,,,True,False,True,False,False,True
13596918901649459848,HLE10   ,A169,H2T,Helicopter,False,Day,2026-04-23 10:58:40,2026-04-23 00:00:00,,,0,,0,,,False,False,False,False,False,True
8588095272179100070,JFA63W  ,GL7T,L2J,Business jet,False,Day,2026-04-23 12:25:20,2026-04-23 00:00:00,,,0,,0,,,False,False,False,False,False,False
88382564047858088,HLE10   ,A169,H2T,Helicopter,False,Day,2026-04-23 12:08:20,2026-04-23 00:00:00,,,0,,0,,,False,False,False,False,False,True
6237835414915140814,GBGYH   ,P28A,L1P,GA / light,False,Day,2026-04-23 12:40:50,2026-04-23 00:00:00,,,0,,0,,,False,False,False,False,False,True
10310485347981607401,GBXRT   ,DR40,L1P,GA / light,False,Day,2026-04-23 13:13:35,2026-04-23 00:00:00,1150.0000368,2.993114106627929,1,1150.0000368,1,1150.0000368,-2353.715722146505,True,True,True,True,True,True
6214799242130869280,GOLGE   ,SR20,,Other,False,Day,2026-04-23 13:56:40,2026-04-23 00:00:00,,,0,,0,,,False,False,False,False,False,True
13123713000554942382,TYW758  ,ASTR,L2J,Business jet,False,Day,2026-04-23 14:52:15,2026-04-23 00:00:00,,,0,,0,,,False,False,False,False,False,True
5833628345801948200,GBEWR   ,C172,L1P,GA / light,False,Day,2026-04-23 14:11:30,2026-04-23 00:00:00,1400.0000448,18.363880670090623,1,,0,,,True,False,True,False,False,True
6844034758299991180,TOM9HW  ,B738,L2J,Large jet,True,Day,2026-04-23 15:22:30,2026-04-23 00:00:00,,,0,,0,,,False,False,False,False,False,True
13271346030745010486,GBHJS   ,P68,L2P,GA / light,False,Day,2026-04-23 13:47:45,2026-04-23 00:00:00,675.0000216000001,19.303894123840813,1,,0,,,True,False,True,False,True,True
16800583164239594184,GNNJA   ,SKRA,L1P,GA / light,False,Day,2026-04-23 13:54:25,2026-04-23 00:00:00,,,0,,0,,,False,False,False,False,False,False
12739803127545980673,BFY637P ,GLEX,L2J,Business jet,False,Day,2026-04-23 14:37:15,2026-04-23 00:00:00,,,0,,0,,,False,False,False,False,False,True
1646716686614839214,EXS3624 ,B738,L2J,Large jet,True,Day,2026-04-23 16:14:15,2026-04-23 00:00:00,,,0,,0,,,False,False,False,False,False,True
18033348238453109804,GWAFI   ,RV12,L1P,GA / light,False,Day,2026-04-23 13:59:55,2026-04-23 00:00:00,1050.0000336,3.258805333639599,9,1050.0000336,9,1125.0000360000001,-2432.1121388220245,True,True,True,True,True,True
12935850884231976567,GEYOR   ,RV6,L1P,GA / light,False,Day,2026-04-23 13:56:00,2026-04-23 00:00:00,,,0,,0,,,False,False,False,False,False,True
660556175497078617,RYR12YU ,B38M,,Large jet,True,Day,2026-04-23 15:49:45,2026-04-23 00:00:00,,,0,,0,,,False,False,False,False,False,True
5557573058021753496,,R44,H1P,Helicopter,False,Day,2026-04-23 14:10:15,2026-04-23 00:00:00,,,0,,0,,,False,False,False,False,False,False
7389051047983163035,SFY3DB  ,DA42,L2P,GA / light,False,Day,2026-04-23 15:09:50,2026-04-23 00:00:00,200.0000064,17.929797209398632,4,,0,,,True,False,True,False,False,True
11060761547730598498,GXAVI   ,P28A,L1P,GA / light,False,Day,2026-04-23 15:10:15,2026-04-23 00:00:00,,,0,,0,,,False,False,False,False,False,False
7859802453708254859,MAMBA   ,GA6C,L2J,Business jet,False,Day,2026-04-23 16:09:25,2026-04-23 00:00:00,,,0,,0,,,False,False,False,False,False,True
7452602643707805163,GOLGE   ,SR20,,Other,False,Day,2026-04-23 15:25:45,2026-04-23 00:00:00,,,0,,0,,,False,False,False,False,False,True
15306589354678479451,BTNIA18 ,G115,L1P,GA / light,False,Day,2026-04-23 15:27:45,2026-04-23 00:00:00,,,0,,0,,,False,False,False,False,False,False
8287365921269997546,UKP153  ,P68,L2P,GA / light,False,Evening,2026-04-23 18:36:20,2026-04-23 00:00:00,750.000024,18.48274266202281,4,,0,,,True,False,True,False,True,True
15139045587119465093,GBEWR   ,C172,L1P,GA / light,False,Day,2026-04-23 16:44:25,2026-04-23 00:00:00,1275.0000408,18.52121242778106,1,,0,,,True,False,True,False,False,True
14371164759216029896,EXS68AT ,B738,L2J,Large jet,True,Evening,2026-04-23 18:12:45,2026-04-23 00:00:00,,,0,,0,,,False,False,False,False,False,True
6350457138339410775,RYR80XD ,,,Other,False,Evening,2026-04-23 19:01:05,2026-04-23 00:00:00,,,0,,0,,,False,False,False,False,False,True
15082200947367483326,FRA75   ,FA20,L2J,Business jet,False,Evening,2026-04-23 18:04:40,2026-04-23 00:00:00,,,0,,0,,,False,False,False,False,False,True
17277371134455267889,RYR117J ,B38M,,Large jet,True,Evening,2026-04-23 21:36:35,2026-04-23 00:00:00,,,0,,0,,,False,False,False,False,False,True
11162489627304238090,RYR8PA  ,B38M,,Large jet,True,Evening,2026-04-23 21:42:05,2026-04-23 00:00:00,,,0,,0,,,False,False,False,False,False,False
4518808767502142063,RUK1133 ,B738,L2J,Large jet,True,Evening,2026-04-23 21:10:40,2026-04-23 00:00:00,,,0,,0,,,False,False,False,False,False,False
8461365874992162452,HLE10   ,A169,H2T,Helicopter,False,Night,2026-04-23 22:00:30,2026-04-23 00:00:00,,,0,,0,,,False,False,False,False,False,True
5737411918860751088,HLE10   ,A169,H2T,Helicopter,False,Night,2026-04-24 00:58:05,2026-04-24 00:00:00,,,0,,0,,,False,False,False,False,False,True
5096329523457753412,VPCNR   ,GLF6,L2J,Business jet,False,Day,2026-04-24 08:08:25,2026-04-24 00:00:00,,,0,,0,,,False,False,False,False,False,True
10134631935794611726,SFY3DB  ,DA42,L2P,GA / light,False,Day,2026-04-24 08:59:55,2026-04-24 00:00:00,350.0000112,17.850908648438022,10,,0,,,True,False,True,False,False,True
11055820672899761093,SFS40   ,BE20,L2T,Turboprop,False,Day,2026-04-24 12:56:20,2026-04-24 00:00:00,,,0,,0,,,False,False,False,False,False,True
4784154080687431216,GCFTO   ,C42,L1P,GA / light,False,Day,2026-04-24 09:20:55,2026-04-24 00:00:00,1350.0000432000002,7.419770136381509,3,1350.0000432000002,2,,,True,True,True,False,True,True
998591195837215586,BFY678R ,A20N,L2J,Large jet,True,Day,2026-04-24 09:34:35,2026-04-24 00:00:00,,,0,,0,,,False,False,False,False,False,True
7122461797263216936,RYR38NG ,B38M,,Large jet,True,Day,2026-04-24 10:37:00,2026-04-24 00:00:00,,,0,,0,,,False,False,False,False,False,False
344387573791695690,FRA31   ,BN2T,,Other,False,Day,2026-04-24 11:29:45,2026-04-24 00:00:00,1475.0000472000002,18.80913548066971,3,,0,,,True,False,True,False,False,True
8736513975200578865,GWFWA   ,P28A,L1P,GA / light,False,Day,2026-04-24 10:48:55,2026-04-24 00:00:00,2200.0000704000004,17.29422305775648,1,,0,,,True,False,True,False,False,True
12440524212792011910,EXS697J ,B738,L2J,Large jet,True,Day,2026-04-24 11:19:30,2026-04-24 00:00:00,,,0,,0,,,False,False,False,False,False,False
18009036466419463393,BIO05   ,P68,,Other,False,Day,2026-04-24 14:42:30,2026-04-24 00:00:00,650.0000208,17.578816574779637,7,1575.0000504,1,,,True,True,True,False,True,True
397202962540968629,RYR384B ,B38M,,Large jet,True,Day,2026-04-24 12:16:20,2026-04-24 00:00:00,,,0,,0,,,False,False,False,False,False,True
6602005574435529418,VQBIJ   ,F2TH,L2J,Business jet,False,Day,2026-04-24 09:42:40,2026-04-24 00:00:00,,,0,,0,,,False,False,False,False,False,True
14005272631271191223,GBRGW   ,UNDEFINED,,Other,False,Day,2026-04-24 09:38:55,2026-04-24 00:00:00,,,0,,0,,,False,False,False,False,False,True
10377540274632264872,RYR12YU ,B738,L2J,Large jet,True,Day,2026-04-24 11:32:50,2026-04-24 00:00:00,,,0,,0,,,False,False,False,False,False,False
6628464862480586958,GBEWR   ,C172,L1P,GA / light,False,Day,2026-04-24 10:21:30,2026-04-24 00:00:00,1275.0000408,3.689426145530015,4,1275.0000408,2,,,True,True,True,False,True,True
9081771859321848545,GBUFH   ,P28A,L1P,GA / light,False,Day,2026-04-24 10:53:00,2026-04-24 00:00:00,750.000024,18.39502026403037,9,,0,,,True,False,True,False,False,True
5776918239573609465,,P28A,L1P,GA / light,False,Day,2026-04-24 10:41:50,2026-04-24 00:00:00,475.0000152,17.170281476943064,1,,0,,,True,False,True,False,True,True
16615307215741628960,RYR80XD ,B738,L2J,Large jet,True,Day,2026-04-24 12:43:55,2026-04-24 00:00:00,,,0,,0,,,False,False,False,False,False,False
4844829253669305162,,DA42,L2P,GA / light,False,Day,2026-04-24 10:50:05,2026-04-24 00:00:00,,,0,,0,,,False,False,False,False,False,True
11471038754309606696,EXS61TQ ,B738,L2J,Large jet,True,Day,2026-04-24 13:02:50,2026-04-24 00:00:00,5800.000185600001,17.73964044642095,1,,0,,,True,False,True,False,False,False
5263838845972972457,GBUFH   ,P28A,L1P,GA / light,False,Day,2026-04-24 11:22:10,2026-04-24 00:00:00,900.0000288,17.694978876677506,1,,0,,,True,False,True,False,False,True
5774559582841008134,GCPSS   ,C208,L1T,Turboprop,False,Day,2026-04-24 11:35:20,2026-04-24 00:00:00,,,0,,0,,,False,False,False,False,False,False
5908741600383076304,FRA91   ,FA20,L2J,Business jet,False,Day,2026-04-24 13:20:35,2026-04-24 00:00:00,,,0,,0,,,False,False,False,False,True,True
13299827327227521760,GCPSS   ,C208,L1T,Turboprop,False,Day,2026-04-24 12:59:55,2026-04-24 00:00:00,,,0,,0,,,False,False,False,False,False,False
3034543667864794639,GCKYL   ,C42,L1P,GA / light,False,Day,2026-04-24 12:59:55,2026-04-24 00:00:00,,,0,,0,,,False,False,False,False,False,False
178593844039872989,VJH365  ,C56X,L2J,Business jet,False,Day,2026-04-24 14:45:20,2026-04-24 00:00:00,,,0,,0,,,False,False,False,False,False,True
14434211226264588869,GCISE   ,PULS,L1P,GA / light,False,Day,2026-04-24 13:51:50,2026-04-24 00:00:00,,,0,,0,,,False,False,False,False,False,False
9209318477322072689,TOM47Y  ,B738,L2J,Large jet,True,Day,2026-04-24 17:14:05,2026-04-24 00:00:00,,,0,,0,,,False,False,False,False,False,True
5289435174091160854,GDRGL   ,PA18,L1P,GA / light,False,Day,2026-04-24 14:59:55,2026-04-24 00:00:00,,,0,,0,,,False,False,False,False,False,False
8887028249739853549,SFS41   ,BE20,L2T,Turboprop,False,Day,2026-04-24 16:16:40,2026-04-24 00:00:00,,,0,,0,,,False,False,False,False,False,True
9097505920065115182,SRG375  ,A139,,Other,False,Day,2026-04-24 15:13:00,2026-04-24 00:00:00,,,0,,0,,,False,False,False,False,False,True
2777045745318424198,GCDOK   ,C42,L1P,GA / light,False,Day,2026-04-24 15:37:35,2026-04-24 00:00:00,,,0,,0,,,False,False,False,False,False,False
6855274745599252798,GOLAJ   ,R44,H1P,Helicopter,False,Day,2026-04-24 15:21:50,2026-04-24 00:00:00,,,0,,0,,,False,False,False,False,False,True
13163684701428428879,GDSJT   ,C182,L1P,GA / light,False,Day,2026-04-24 16:21:30,2026-04-24 00:00:00,750.000024,19.553388514878417,4,,0,,,True,False,True,False,False,True
4487881799626546296,GMODE   ,EC20,H1T,Helicopter,False,Day,2026-04-24 15:21:40,2026-04-24 00:00:00,,,0,,0,,,False,False,False,False,False,False
5013012910212285829,RYR5RR  ,B38M,,Large jet,True,Day,2026-04-24 17:19:50,2026-04-24 00:00:00,,,0,,0,,,False,False,False,False,False,True
12423330205931170513,GBUFH   ,P28A,L1P,GA / light,False,Day,2026-04-24 16:46:20,2026-04-24 00:00:00,,,0,,0,,,False,False,False,False,False,True
564389203538433079,GSHBA   ,C152,L1P,GA / light,False,Day,2026-04-24 17:01:25,2026-04-24 00:00:00,1075.0000344,18.11442827495079,3,,0,,,True,False,True,False,True,True
12081510083798623010,RYR9911 ,B738,L2J,Large jet,True,Day,2026-04-24 17:36:30,2026-04-24 00:00:00,,,0,,0,,,False,False,False,False,False,True
7088665430250530806,GASIL   ,P28A,L1P,GA / light,False,Day,2026-04-24 17:14:40,2026-04-24 00:00:00,,,0,,0,,,False,False,False,False,False,True
9268995649240979369,,P28A,L1P,GA / light,False,Day,2026-04-24 16:36:55,2026-04-24 00:00:00,,,0,,0,,,False,False,False,False,False,True
13742827164108738119,EXS159E ,B738,L2J,Large jet,True,Evening,2026-04-24 21:33:50,2026-04-24 00:00:00,,,0,,0,,,False,False,False,False,False,False
692488353858212341,GCPSS   ,C208,L1T,Turboprop,False,Evening,2026-04-24 18:46:45,2026-04-24 00:00:00,,,0,,0,,,False,False,False,False,False,False
9987004334236296321,RYR22ZK ,B38M,,Large jet,True,Evening,2026-04-24 21:23:55,2026-04-24 00:00:00,,,0,,0,,,False,False,False,False,False,False
7414527284447650922,EXS34HS ,B738,L2J,Large jet,True,Night,2026-04-24 22:08:45,2026-04-24 00:00:00,2250.0000720000003,3.2789014982687754,1,2250.0000720000003,1,,,True,True,True,False,True,True
3091076128711640878,RUK1133 ,B738,L2J,Large jet,True,Evening,2026-04-24 21:19:40,2026-04-24 00:00:00,,,0,,0,,,False,False,False,False,False,True
16686879869442592659,HLE10   ,A169,H2T,Helicopter,False,Evening,2026-04-24 21:17:15,2026-04-24 00:00:00,,,0,,0,,,False,False,False,False,False,True
14990554674268098228,HLE10   ,A169,H2T,Helicopter,False,Night,2026-04-25 01:04:35,2026-04-25 00:00:00,,,0,,0,,,False,False,False,False,False,True
1111625955275895277,RYR384B ,B38M,L2J,Large jet,True,Day,2026-04-25 06:50:20,2026-04-25 00:00:00,2275.0000728,2.7071404796217915,1,2275.0000728,1,2275.0000728,-376.9073815710972,True,True,True,False,True,True
2432752088013800091,RYR117J ,B738,L2J,Large jet,True,Day,2026-04-25 06:14:20,2026-04-25 00:00:00,,,0,,0,,,False,False,False,False,False,False
732040196113081372,RYR6504 ,B738,L2J,Large jet,True,Day,2026-04-25 06:38:15,2026-04-25 00:00:00,,,0,,0,,,False,False,False,False,False,False
9633870215200630193,RYR273  ,B38M,,Large jet,True,Day,2026-04-25 08:30:25,2026-04-25 00:00:00,,,0,,0,,,False,False,False,False,False,False
5207337411030496996,RYR7099 ,B38M,,Large jet,True,Day,2026-04-25 08:20:10,2026-04-25 00:00:00,1775.0000568,6.708597109533207,1,,0,,,True,False,True,False,True,True
8329942970274248869,RYR80XD ,B738,L2J,Large jet,True,Day,2026-04-25 09:54:15,2026-04-25 00:00:00,2100.0000672,4.2917210114190665,1,2100.0000672,1,,,True,True,True,False,True,True
4465055153015708260,GCFAT   ,ULAC,,Other,False,Day,2026-04-25 09:16:50,2026-04-25 00:00:00,,,0,,0,,,False,False,False,False,True,True
10911357763579210380,GBFBR   ,P28A,L1P,GA / light,False,Day,2026-04-25 08:59:55,2026-04-25 00:00:00,1250.00004,16.22863223094008,1,,0,,,True,False,True,False,True,True
3690907360496707995,SFY2JM  ,DA42,L2P,GA / light,False,Day,2026-04-25 10:20:20,2026-04-25 00:00:00,,,0,,0,,,False,False,False,False,False,True
1592714408239959094,GBUFH   ,P28A,L1P,GA / light,False,Day,2026-04-25 08:59:55,2026-04-25 00:00:00,750.000024,16.56474052882314,4,,0,,,True,False,True,False,False,True
15403883155343520263,,ULAC,,Other,False,Day,2026-04-25 08:58:35,2026-04-25 00:00:00,,,0,,0,,,False,False,False,False,False,True
6985338586626671376,SFY3DB  ,DA42,L2P,GA / light,False,Day,2026-04-25 09:32:40,2026-04-25 00:00:00,875.0000279999999,15.233952104301451,3,,0,,,True,False,True,False,True,True
4562210251886872481,GCBIY   ,EV97,L1P,GA / light,False,Day,2026-04-25 09:32:55,2026-04-25 00:00:00,,,0,,0,,,False,False,False,False,False,False
15038895738119507048,GBDZD   ,C172,L1P,GA / light,False,Day,2026-04-25 09:51:05,2026-04-25 00:00:00,,,0,,0,,,False,False,False,False,False,False
11683208797133962071,FJHKD   ,WT9,L1P,GA / light,False,Day,2026-04-25 10:13:20,2026-04-25 00:00:00,,,0,,0,,,False,False,False,False,True,True
5815695860807738947,GBTCJ   ,L8,L1P,GA / light,False,Day,2026-04-25 09:58:40,2026-04-25 00:00:00,,,0,,0,,,False,False,False,False,False,False
12884086603344695652,GBUFH   ,P28A,L1P,GA / light,False,Day,2026-04-25 09:53:15,2026-04-25 00:00:00,675.0000216000001,15.96166374467078,22,,0,,,True,False,True,False,True,True
8205534541577914041,GRILA   ,FDCT,L1P,GA / light,False,Day,2026-04-25 10:25:30,2026-04-25 00:00:00,,,0,,0,,,False,False,False,False,True,True
9361312908846381543,GCESA   ,UNDEFINED,,Other,False,Day,2026-04-25 10:48:45,2026-04-25 00:00:00,,,0,,0,,,False,False,False,False,False,False
2422923676331777714,FFC011  ,P28A,L1P,GA / light,False,Day,2026-04-25 10:37:15,2026-04-25 00:00:00,,,0,,0,,,False,False,False,False,True,True
9824580679700194983,GOLAJ   ,R44,H1P,Helicopter,False,Day,2026-04-25 09:59:55,2026-04-25 00:00:00,675.0000216000001,16.09196078869371,3,,0,,,True,False,True,False,False,True
4932053777418357739,GCPMW   ,P32R,L1P,GA / light,False,Day,2026-04-25 10:51:35,2026-04-25 00:00:00,,,0,,0,,,False,False,False,False,True,True
6572806465245862642,GJPMA   ,ULAC,,Other,False,Day,2026-04-25 10:44:00,2026-04-25 00:00:00,,,0,,0,,,False,False,False,False,False,True
15204493496088917828,GCGPL   ,SONX,L1P,GA / light,False,Day,2026-04-25 10:47:55,2026-04-25 00:00:00,1275.0000408,4.692681586476451,12,1275.0000408,11,,,True,True,True,False,True,True
5927005649484722107,N322CW  ,,,Other,False,Day,2026-04-25 11:17:55,2026-04-25 00:00:00,,,0,,0,,,False,False,False,False,False,True
13024906053872925720,GCEAT   ,CH60,L1P,GA / light,False,Day,2026-04-25 10:46:50,2026-04-25 00:00:00,1200.0000384,3.7009256056261686,6,1200.0000384,5,,,True,True,True,False,True,True
6251922535976704189,GCDAB   ,UNDEFINED,,Other,False,Day,2026-04-25 10:10:45,2026-04-25 00:00:00,675.0000216000001,15.126445833188056,1,,0,,,True,False,True,False,False,True
15904750147572049948,GOKEV   ,EUPA,L1P,GA / light,False,Day,2026-04-25 11:34:15,2026-04-25 00:00:00,,,0,,0,,,False,False,False,False,False,False
6257946147132641084,EXS86KL ,B738,L2J,Large jet,True,Day,2026-04-25 12:18:40,2026-04-25 00:00:00,,,0,,0,,,False,False,False,False,False,False
14072687164907366784,SFU71   ,C42,L1P,GA / light,False,Day,2026-04-25 11:26:55,2026-04-25 00:00:00,,,0,,0,,,False,False,False,False,False,False
323547136503679342,TOM2CD  ,B738,L2J,Large jet,True,Day,2026-04-25 12:35:25,2026-04-25 00:00:00,2550.0000816,2.3791509028286475,1,2550.0000816,1,2550.0000816,-226.83212441005935,True,True,True,False,True,True
320833657872730910,GCJHT   ,UNDEFINED,,Other,False,Day,2026-04-25 11:29:25,2026-04-25 00:00:00,,,0,,0,,,False,False,False,False,False,False
517715664685326706,GCKYL   ,C42,L1P,GA / light,False,Day,2026-04-25 10:55:05,2026-04-25 00:00:00,,,0,,0,,,False,False,False,False,False,False
13835694251069073146,GCBCL   ,GLST,L1P,GA / light,False,Day,2026-04-25 11:33:20,2026-04-25 00:00:00,300.0000096,16.971413110274753,4,,0,,,True,False,True,False,False,True
3372211330417493447,GZAVI   ,C42,L1P,GA / light,False,Day,2026-04-25 11:42:15,2026-04-25 00:00:00,,,0,,0,,,False,False,False,False,False,True
15895466853496329173,GCWAW   ,,,Other,False,Day,2026-04-25 12:24:20,2026-04-25 00:00:00,,,0,,0,,,False,False,False,False,False,False
17765030863378965000,GDSJT   ,C182,L1P,GA / light,False,Day,2026-04-25 13:46:00,2026-04-25 00:00:00,350.0000112,16.116248813538505,15,,0,,,True,False,True,False,False,True
7061123006684007371,EXS52TY ,B738,L2J,Large jet,True,Day,2026-04-25 14:33:40,2026-04-25 00:00:00,,,0,,0,,,False,False,False,False,False,False
15770790974473590254,GBSAW   ,P28A,L1P,GA / light,False,Day,2026-04-25 11:58:20,2026-04-25 00:00:00,,,0,,0,,,False,False,False,False,False,True
7206416006779357538,GCKYL   ,C42,L1P,GA / light,False,Day,2026-04-25 11:41:25,2026-04-25 00:00:00,,,0,,0,,,False,False,False,False,False,False
16407139880529356333,RYR8PA  ,B38M,,Large jet,True,Day,2026-04-25 13:24:40,2026-04-25 00:00:00,,,0,,0,,,False,False,False,False,False,False
12004012278016414444,GBEWR   ,C172,L1P,GA / light,False,Day,2026-04-25 12:17:40,2026-04-25 00:00:00,1100.0000352000002,17.455323231757315,1,,0,,,True,False,True,False,False,True
18262607278078129485,RYR5RR  ,B738,L2J,Large jet,True,Day,2026-04-25 14:06:30,2026-04-25 00:00:00,,,0,,0,,,False,False,False,False,False,False
16139661901963083507,N35SN   ,BE35,L1P,GA / light,False,Day,2026-04-25 12:55:40,2026-04-25 00:00:00,1750.0000559999999,7.742181963520446,2,,0,,,True,False,True,False,True,True
14978581483627834516,GBZTN   ,EUPA,L1P,GA / light,False,Day,2026-04-25 12:35:25,2026-04-25 00:00:00,575.0000184,17.875097202669366,2,,0,,,True,False,True,False,False,True
18074699710538806960,RYR12YU ,B38M,,Large jet,True,Day,2026-04-25 14:03:10,2026-04-25 00:00:00,,,0,,0,,,False,False,False,False,False,False
3571606899625372510,GNNJA   ,SKRA,L1P,GA / light,False,Day,2026-04-25 13:33:45,2026-04-25 00:00:00,,,0,,0,,,False,False,False,False,False,False
5129326613802740045,SFY2JM  ,DA42,L2P,GA / light,False,Day,2026-04-25 13:15:55,2026-04-25 00:00:00,1700.0000544000002,8.4183508563565,4,1775.0000568,1,,,True,True,True,False,True,True
9701430035884863884,GOLAJ   ,R44,H1P,Helicopter,False,Day,2026-04-25 13:21:30,2026-04-25 00:00:00,375.000012,16.446524149178586,1,,0,,,True,False,True,False,False,True
3767885119221476212,GEYOR   ,RV6,L1P,GA / light,False,Day,2026-04-25 13:13:50,2026-04-25 00:00:00,,,0,,0,,,False,False,False,False,False,False
1848490909153603814,RYR3318 ,,,Other,False,Day,2026-04-25 14:43:20,2026-04-25 00:00:00,,,0,,0,,,False,False,False,False,False,False
3403315982266447824,GOLGE   ,SR20,,Other,False,Day,2026-04-25 13:22:55,2026-04-25 00:00:00,450.0000144,15.78394292075547,1,,0,,,True,False,True,False,False,True
15103632072129025478,GCGPL   ,SONX,L1P,GA / light,False,Day,2026-04-25 13:45:25,2026-04-25 00:00:00,1225.0000392,6.845519929455692,5,1350.0000432000002,4,,,True,True,True,False,True,True
250401607535375481,GCEAT   ,CH60,L1P,GA / light,False,Day,2026-04-25 13:45:35,2026-04-25 00:00:00,1300.0000416,3.792505449161629,5,1300.0000416,4,,,True,True,True,False,True,True
2052661757307531955,GCMDW   ,EFOX,L1P,GA / light,False,Day,2026-04-25 14:07:40,2026-04-25 00:00:00,,,0,,0,,,False,False,False,False,False,False
16633596231428194014,GBEWR   ,C172,L1P,GA / light,False,Day,2026-04-25 13:57:15,2026-04-25 00:00:00,725.0000232000001,15.165342937553907,2,,0,,,True,False,True,False,True,True
8363952403565144707,HLE10   ,A169,H2T,Helicopter,False,Day,2026-04-25 13:36:00,2026-04-25 00:00:00,,,0,,0,,,False,False,False,False,False,True
18224521258032465288,GBHWZ   ,P28A,L1P,GA / light,False,Day,2026-04-25 14:42:50,2026-04-25 00:00:00,1500.000048,2.980183788785629,6,1500.000048,6,1525.0000488,-1563.1913872318714,True,True,True,True,True,True
14070067902178530566,GCCZL   ,C42,L1P,GA / light,False,Day,2026-04-25 15:33:00,2026-04-25 00:00:00,,,0,,0,,,False,False,False,False,False,True
7075577430736204719,SFS41   ,BE20,L2T,Turboprop,False,Day,2026-04-25 16:20:15,2026-04-25 00:00:00,,,0,,0,,,False,False,False,False,True,True
2924465792096394125,A3      ,GLID,,Other,False,Day,2026-04-25 15:07:05,2026-04-25 00:00:00,,,0,,0,,,False,False,False,False,False,False
6436127280738839906,NJE9RZ  ,C68A,L2J,Business jet,False,Day,2026-04-25 15:10:25,2026-04-25 00:00:00,1775.0000568,4.590425218394689,2,1775.0000568,1,,,True,True,True,False,True,True
773028989835822901,GCKYL   ,C42,L1P,GA / light,False,Day,2026-04-25 15:26:00,2026-04-25 00:00:00,,,0,,0,,,False,False,False,False,False,False
4379297608776386592,GBUFH   ,P28A,L1P,GA / light,False,Day,2026-04-25 15:57:05,2026-04-25 00:00:00,,,0,,0,,,False,False,False,False,False,True
9390384426676391897,MAMBA   ,GA6C,L2J,Business jet,False,Day,2026-04-25 16:33:25,2026-04-25 00:00:00,,,0,,0,,,False,False,False,False,False,False
2805529680384434485,RYR3939 ,B738,L2J,Large jet,True,Day,2026-04-25 17:30:25,2026-04-25 00:00:00,3700.0001184,4.4610549832544875,1,3700.0001184,1,,,True,True,True,False,False,False
4917212595587833095,RYR2XN  ,B38M,,Large jet,True,Evening,2026-04-25 19:34:10,2026-04-25 00:00:00,2275.0000728,3.6156495993858595,1,2275.0000728,1,,,True,True,True,False,True,True
4306770832365985726,GBOJW   ,P28A,L1P,GA / light,False,Evening,2026-04-25 19:15:40,2026-04-25 00:00:00,,,0,,0,,,False,False,False,False,True,True
7709224604421160295,RYR7AB  ,B38M,,Large jet,True,Evening,2026-04-25 20:12:10,2026-04-25 00:00:00,4050.0001296,9.061874878896866,1,,0,,,True,False,True,False,False,False
11868290443658234047,EXS82F  ,B738,L2J,Large jet,True,Night,2026-04-25 22:36:45,2026-04-25 00:00:00,,,0,,0,,,False,False,False,False,False,False
6037490345665174743,HLE10   ,A169,H2T,Helicopter,False,Evening,2026-04-25 18:47:15,2026-04-25 00:00:00,,,0,,0,,,False,False,False,False,False,False
18063853676785158098,RYR9911 ,B38M,L2J,Large jet,True,Evening,2026-04-25 21:08:40,2026-04-25 00:00:00,,,0,,0,,,False,False,False,False,False,False
18445258520338327005,EXS61TQ ,B738,L2J,Large jet,True,Evening,2026-04-25 21:46:40,2026-04-25 00:00:00,,,0,,0,,,False,False,False,False,False,False
7169797671515121592,SFY2JM  ,DA42,L2P,GA / light,False,Day,2026-04-26 08:31:55,2026-04-26 00:00:00,350.0000112,14.908740146346377,6,,0,,,True,False,True,False,False,True
9375874445458295013,RYR363C ,B38M,,Large jet,True,Day,2026-04-26 11:11:50,2026-04-26 00:00:00,,,0,,0,,,False,False,False,False,False,True
4089598515747363426,GCMFF   ,P28A,L1P,GA / light,False,Day,2026-04-26 10:12:00,2026-04-26 00:00:00,,,0,,0,,,False,False,False,False,False,False
11832376226798386689,GBPAF   ,P28A,L1P,GA / light,False,Day,2026-04-26 10:02:50,2026-04-26 00:00:00,,,0,,0,,,False,False,False,False,False,False
12633285605400687314,FRA49   ,BN2T,L2T,Turboprop,False,Day,2026-04-26 12:19:15,2026-04-26 00:00:00,,,0,,0,,,False,False,False,False,False,True
8830597869682615911,GCCAV   ,P28A,L1P,GA / light,False,Day,2026-04-26 11:11:30,2026-04-26 00:00:00,,,0,,0,,,False,False,False,False,False,True
3669458983803408067,GZAVI   ,C42,L1P,GA / light,False,Day,2026-04-26 10:47:35,2026-04-26 00:00:00,,,0,,0,,,False,False,False,False,False,True
9131834291730013775,RYR12YU ,B738,L2J,Large jet,True,Day,2026-04-26 11:58:20,2026-04-26 00:00:00,,,0,,0,,,False,False,False,False,False,False
6250798476892921015,GBUFH   ,P28A,L1P,GA / light,False,Day,2026-04-26 11:22:05,2026-04-26 00:00:00,750.000024,17.170639630671648,17,,0,,,True,False,True,False,False,True
7126543644589749867,GBWOH   ,P28A,L1P,GA / light,False,Day,2026-04-26 11:00:15,2026-04-26 00:00:00,1500.000048,2.3048627851429577,7,1500.000048,7,1500.000048,-1983.972209619256,True,True,True,True,True,True
363680701281060013,GDENC   ,C150,L1P,GA / light,False,Day,2026-04-26 10:47:55,2026-04-26 00:00:00,,,0,,0,,,False,False,False,False,False,False
3403315413746254401,GTECS   ,SIRA,L1P,GA / light,False,Day,2026-04-26 11:14:05,2026-04-26 00:00:00,,,0,,0,,,False,False,False,False,False,False
11465770128873131098,GCFAT   ,ULAC,,Other,False,Day,2026-04-26 10:56:00,2026-04-26 00:00:00,,,0,,0,,,False,False,False,False,False,False
13081023313079779111,GINDC   ,C303,L2P,GA / light,False,Day,2026-04-26 10:42:20,2026-04-26 00:00:00,1275.0000408,15.701654298381742,1,,0,,,True,False,True,False,False,True
970339937167672756,GCLKB   ,C172,L1P,GA / light,False,Day,2026-04-26 10:48:35,2026-04-26 00:00:00,1200.0000384,17.63328421298967,2,,0,,,True,False,True,False,False,True
5616848569288509294,GAJIT   ,J1,L1P,GA / light,False,Day,2026-04-26 11:06:55,2026-04-26 00:00:00,,,0,,0,,,False,False,False,False,False,False
326689714497189680,RYR2XN  ,B38M,L2J,Large jet,True,Day,2026-04-26 12:58:25,2026-04-26 00:00:00,,,0,,0,,,False,False,False,False,False,False
6011723646309043130,GBPAF   ,P28A,L1P,GA / light,False,Day,2026-04-26 11:49:20,2026-04-26 00:00:00,,,0,,0,,,False,False,False,False,False,True
11889597560059662146,GDSJT   ,C182,L1P,GA / light,False,Day,2026-04-26 12:21:50,2026-04-26 00:00:00,,,0,,0,,,False,False,False,False,False,True
3685099416292614934,GULAS   ,DHC1,L1P,GA / light,False,Day,2026-04-26 11:32:15,2026-04-26 00:00:00,,,0,,0,,,False,False,False,False,False,True
3904626306704616013,GBOJW   ,P28A,L1P,GA / light,False,Day,2026-04-26 11:59:55,2026-04-26 00:00:00,,,0,,0,,,False,False,False,False,True,True
3231523665115474428,N10CD   ,S22T,L1P,GA / light,False,Day,2026-04-26 11:44:45,2026-04-26 00:00:00,875.0000279999999,16.165669114296836,2,,0,,,True,False,True,False,True,True
14342664607054338366,SXN560  ,,,Other,False,Day,2026-04-26 11:46:35,2026-04-26 00:00:00,,,0,,0,,,False,False,False,False,True,True
13138069571380054565,SFY2JM  ,DA42,L2P,GA / light,False,Day,2026-04-26 11:46:10,2026-04-26 00:00:00,,,0,,0,,,False,False,False,False,False,True
17229842255727703210,GRGAH   ,,,Other,False,Day,2026-04-26 13:54:15,2026-04-26 00:00:00,,,0,,0,,,False,False,False,False,False,True
14904016694384595430,GBWPS   ,ULAC,,Other,False,Day,2026-04-26 13:14:10,2026-04-26 00:00:00,,,0,,0,,,False,False,False,False,False,True
10247678305121706469,RYR117J ,B38M,,Large jet,True,Day,2026-04-26 14:28:15,2026-04-26 00:00:00,,,0,,0,,,False,False,False,False,False,True
11666727954574069537,GHAYZ   ,AS50,H1T,Helicopter,False,Day,2026-04-26 12:30:50,2026-04-26 00:00:00,,,0,,0,,,False,False,False,False,True,True
16064141521781744943,GBOJW   ,P28A,L1P,GA / light,False,Day,2026-04-26 13:39:20,2026-04-26 00:00:00,,,0,,0,,,False,False,False,False,True,True
9815579592660658905,RYR8947 ,B38M,,Large jet,True,Day,2026-04-26 15:29:55,2026-04-26 00:00:00,,,0,,0,,,False,False,False,False,False,False
14156425140275763595,GULAS   ,DHC1,L1P,GA / light,False,Day,2026-04-26 14:01:00,2026-04-26 00:00:00,,,0,,0,,,False,False,False,False,False,True
11776006413473159910,GCEFK   ,EV97,L1P,GA / light,False,Day,2026-04-26 14:13:15,2026-04-26 00:00:00,,,0,,0,,,False,False,False,False,False,False
5334072843415827492,EXS68AT ,B738,L2J,Large jet,True,Day,2026-04-26 16:18:45,2026-04-26 00:00:00,,,0,,0,,,False,False,False,False,False,False
17253489175060553980,GBMGB   ,P28R,L1P,GA / light,False,Day,2026-04-26 14:29:35,2026-04-26 00:00:00,,,0,,0,,,False,False,False,False,False,True
6445306583444045095,GCISE   ,PULS,L1P,GA / light,False,Day,2026-04-26 14:54:15,2026-04-26 00:00:00,,,0,,0,,,False,False,False,False,False,True
787308465096797796,EXS71BS ,B738,L2J,Large jet,True,Day,2026-04-26 16:41:30,2026-04-26 00:00:00,,,0,,0,,,False,False,False,False,False,True
11663864540023057485,TOM6KM  ,B738,L2J,Large jet,True,Day,2026-04-26 16:55:05,2026-04-26 00:00:00,,,0,,0,,,False,False,False,False,False,False
11050569760311937412,GBSAW   ,P28A,L1P,GA / light,False,Day,2026-04-26 16:16:00,2026-04-26 00:00:00,1150.0000368,2.8388678845936726,3,1150.0000368,3,1175.0000376,-2147.959856566107,True,True,True,True,True,True
16575118605925056530,GZHKF   ,ESCP,L1P,GA / light,False,Day,2026-04-26 15:40:55,2026-04-26 00:00:00,,,0,,0,,,False,False,False,False,False,False
10333942157925312098,GDBOD   ,C172,L1P,GA / light,False,Day,2026-04-26 15:59:55,2026-04-26 00:00:00,,,0,,0,,,False,False,False,False,False,False
14417881850772983152,,ULAC,,Other,False,Day,2026-04-26 15:39:10,2026-04-26 00:00:00,,,0,,0,,,False,False,False,False,False,True
18150169214524856062,RUK1133 ,B738,L2J,Large jet,True,Day,2026-04-26 16:50:15,2026-04-26 00:00:00,,,0,,0,,,False,False,False,False,False,True
6298787663557920792,,P28A,L1P,GA / light,False,Day,2026-04-26 16:15:30,2026-04-26 00:00:00,,,0,,0,,,False,False,False,False,False,False
10980778775825260460,FJO647  ,GL5T,L2J,Business jet,False,Day,2026-04-26 17:16:00,2026-04-26 00:00:00,4725.0001512,9.957797533489858,1,,0,,,True,False,True,False,False,True
8272257226363869174,GBUFH   ,P28A,L1P,GA / light,False,Evening,2026-04-26 18:09:30,2026-04-26 00:00:00,1350.0000432000002,16.955602478970558,3,1425.0000456,1,1425.0000456,-2015.2157350554082,True,True,True,True,True,True
6941024876241505361,LJC6    ,B350,L2T,Turboprop,False,Evening,2026-04-26 18:08:00,2026-04-26 00:00:00,,,0,,0,,,False,False,False,False,False,False
1065840400147687349,RYR80XD ,B38M,,Large jet,True,Evening,2026-04-26 21:43:45,2026-04-26 00:00:00,,,0,,0,,,False,False,False,False,False,False
4582479428256617559,RYR8PA  ,B38M,,Large jet,True,Evening,2026-04-26 21:40:25,2026-04-26 00:00:00,,,0,,0,,,False,False,False,False,True,True
212273442970756958,FSF143S ,PC12,,Turboprop,False,Day,2026-04-27 07:17:35,2026-04-27 00:00:00,1700.0000544000002,4.060004566476913,2,1700.0000544000002,2,,,True,True,True,False,True,True
10377194522244634547,DMTEW   ,ALSL,L1P,GA / light,False,Day,2026-04-27 10:28:10,2026-04-27 00:00:00,,,0,,0,,,False,False,False,False,False,True
10686156123429624651,SFS70   ,BE20,L2T,Turboprop,False,Day,2026-04-27 12:10:50,2026-04-27 00:00:00,,,0,,0,,,False,False,False,False,False,True
8635857887328668921,SFY2JM  ,DA42,L2P,GA / light,False,Day,2026-04-27 08:59:55,2026-04-27 00:00:00,150.0000048,16.680580750567,26,,0,,,True,False,True,False,False,True
14388037178818328238,GLHER   ,CRUZ,L1P,GA / light,False,Day,2026-04-27 09:32:35,2026-04-27 00:00:00,,,0,,0,,,False,False,False,False,False,False
9610090992162184776,RYR2XN  ,B38M,,Large jet,True,Day,2026-04-27 11:00:20,2026-04-27 00:00:00,,,0,,0,,,False,False,False,False,False,True
3287883656630422931,GBEWR   ,C172,L1P,GA / light,False,Day,2026-04-27 09:59:55,2026-04-27 00:00:00,475.0000152,15.992310111568258,10,,0,,,True,False,True,False,False,True
12295579549754900146,GEIMS   ,B505,H1T,Helicopter,False,Day,2026-04-27 09:35:15,2026-04-27 00:00:00,,,0,,0,,,False,False,False,False,False,False
8968070904661516117,EXS697J ,B738,L2J,Large jet,True,Day,2026-04-27 11:33:00,2026-04-27 00:00:00,,,0,,0,,,False,False,False,False,False,True
5917115593332278966,PHBAR   ,TWEN,L1P,GA / light,False,Day,2026-04-27 10:16:00,2026-04-27 00:00:00,,,0,,0,,,False,False,False,False,False,False
6888847743742476174,PHBAT   ,,,Other,False,Day,2026-04-27 10:39:15,2026-04-27 00:00:00,,,0,,0,,,False,False,False,False,True,True
5564359315775144215,SFY2JM  ,DA42,L2P,GA / light,False,Day,2026-04-27 10:50:20,2026-04-27 00:00:00,250.000008,17.219638482995244,8,,0,,,True,False,True,False,False,True
7450836323855225533,PHBAC   ,A210,L1P,GA / light,False,Day,2026-04-27 10:49:20,2026-04-27 00:00:00,,,0,,0,,,False,False,False,False,True,True
3078603346288648027,GOLGE   ,SR20,,Other,False,Day,2026-04-27 11:37:20,2026-04-27 00:00:00,1325.0000424,17.48471629857334,2,,0,,,True,False,True,False,False,True
13121261428728860270,GBUFH   ,P28A,L1P,GA / light,False,Day,2026-04-27 10:59:55,2026-04-27 00:00:00,,,0,,0,,,False,False,False,False,False,True
8583426021780620125,BWY41   ,FA20,L2J,Business jet,False,Day,2026-04-27 12:06:35,2026-04-27 00:00:00,,,0,,0,,,False,False,False,False,False,True
4563769524370583081,GBGYH   ,P28A,L1P,GA / light,False,Day,2026-04-27 12:22:25,2026-04-27 00:00:00,875.0000279999999,18.336668802817666,3,,0,,,True,False,True,False,False,True
158267945139835699, GHBBH  ,C42,L1P,GA / light,False,Day,2026-04-27 11:48:00,2026-04-27 00:00:00,1275.0000408,3.193295138148994,2,1275.0000408,2,1350.0000432000002,-1711.302630043605,True,True,True,True,False,True
4618328503089399402,JFU03A  ,PC12,L1T,Turboprop,False,Day,2026-04-27 11:09:30,2026-04-27 00:00:00,,,0,,0,,,False,False,False,False,False,True
12509428735972937342,FRA82   ,,,Other,False,Day,2026-04-27 13:03:20,2026-04-27 00:00:00,2325.0000744000004,15.190406207882706,1,,0,,,True,False,True,False,False,True
17054291147195567624,GBKKP   ,C182,L1P,GA / light,False,Day,2026-04-27 12:02:40,2026-04-27 00:00:00,,,0,,0,,,False,False,False,False,False,False
8394381588877332848,RYR7624 ,B38M,,Large jet,True,Day,2026-04-27 13:47:45,2026-04-27 00:00:00,,,0,,0,,,False,False,False,False,False,False
10094465948153057033,BTNIA32 ,G115,L1P,GA / light,False,Day,2026-04-27 12:59:55,2026-04-27 00:00:00,,,0,,0,,,False,False,False,False,False,False
3051434240685557654,GARKM   ,PA22,L1P,GA / light,False,Day,2026-04-27 12:40:25,2026-04-27 00:00:00,,,0,,0,,,False,False,False,False,False,False
9534395652739290879,,P28A,L1P,GA / light,False,Day,2026-04-27 12:05:25,2026-04-27 00:00:00,,,0,,0,,,False,False,False,False,False,True
10796568302129690629,RYR117J ,B738,L2J,Large jet,True,Day,2026-04-27 14:24:40,2026-04-27 00:00:00,,,0,,0,,,False,False,False,False,False,False
13226390754054932659,GBUFH   ,P28A,L1P,GA / light,False,Day,2026-04-27 13:45:00,2026-04-27 00:00:00,725.0000232000001,16.057355191215173,1,,0,,,True,False,True,False,False,True
5220148708324611955,GOLGE   ,SR20,,Other,False,Day,2026-04-27 13:15:00,2026-04-27 00:00:00,875.0000279999999,15.775870468602632,10,,0,,,True,False,True,False,False,True
16576510588244683891,N856FA  ,PC6T,L1T,Turboprop,False,Day,2026-04-27 14:20:20,2026-04-27 00:00:00,1075.0000344,15.329433649755417,1,,0,,,True,False,True,False,True,True
15459957539253373233,GBHJS   ,P68,L2P,GA / light,False,Day,2026-04-27 15:13:05,2026-04-27 00:00:00,100.0000032,16.697982702937885,28,1400.0000448,3,,,True,True,True,False,False,True
9565493607271932896,SFY2JM  ,DA42,L2P,GA / light,False,Day,2026-04-27 13:46:05,2026-04-27 00:00:00,825.0000264,11.920935381495998,4,,0,,,True,False,True,False,True,True
13201271819268844226,GLHER   ,CRUZ,L1P,GA / light,False,Day,2026-04-27 13:59:55,2026-04-27 00:00:00,,,0,,0,,,False,False,False,False,False,False
17369746537323798408,BTNIA16 ,G115,L1P,GA / light,False,Day,2026-04-27 14:34:30,2026-04-27 00:00:00,,,0,,0,,,False,False,False,False,False,False
13000578592890422834,GDRGL   ,PA18,L1P,GA / light,False,Day,2026-04-27 14:21:40,2026-04-27 00:00:00,1450.0000464000002,2.399361569102352,4,1450.0000464000002,4,1500.000048,-1949.3260238829241,True,True,True,True,True,True
10243092527787509683,BOH412  ,,,Other,False,Day,2026-04-27 15:29:15,2026-04-27 00:00:00,75.0000024,16.554034577071217,3,,0,,,True,False,True,False,True,True
13326389925359431144,EXS34HS ,B738,L2J,Large jet,True,Day,2026-04-27 16:06:20,2026-04-27 00:00:00,,,0,,0,,,False,False,False,False,False,False
16584156494065567243,BWY42   ,FA20,L2J,Business jet,False,Day,2026-04-27 16:15:15,2026-04-27 00:00:00,1325.0000424,8.918437308654958,1,,0,,,True,False,True,False,True,True
16809205899252755693,GCBLY   ,G109,L1P,GA / light,False,Day,2026-04-27 14:05:35,2026-04-27 00:00:00,,,0,,0,,,False,False,False,False,False,False
4538846343030625642,TOM4EG  ,B738,L2J,Large jet,True,Day,2026-04-27 16:10:15,2026-04-27 00:00:00,,,0,,0,,,False,False,False,False,False,False
16613309871822995902,RYR22ZK ,,,Other,False,Day,2026-04-27 16:25:45,2026-04-27 00:00:00,,,0,,0,,,False,False,False,False,False,False
3026674072753363909,GOLAJ   ,R44,H1P,Helicopter,False,Day,2026-04-27 14:25:10,2026-04-27 00:00:00,,,0,,0,,,False,False,False,False,False,True
10917390775571501287,RYR7KY  ,B38M,,Large jet,True,Day,2026-04-27 15:32:50,2026-04-27 00:00:00,,,0,,0,,,False,False,False,False,False,False
4834766126013690283,REV1XB  ,BE20,L2T,Turboprop,False,Day,2026-04-27 15:22:55,2026-04-27 00:00:00,,,0,,0,,,False,False,False,False,True,True
14625798006986336183,GBEWR   ,C172,L1P,GA / light,False,Day,2026-04-27 16:17:55,2026-04-27 00:00:00,950.0000304,15.290585196844592,11,1325.0000424,2,,,True,True,True,False,True,True
8647962609850020232,N986JT  ,S22T,L1P,GA / light,False,Day,2026-04-27 16:42:50,2026-04-27 00:00:00,,,0,,0,,,False,False,False,False,True,True
7575547349053743812,GCGLF   ,MM16,G1P,GA / light,False,Day,2026-04-27 17:29:15,2026-04-27 00:00:00,1225.0000392,3.9031418994741154,7,1225.0000392,7,1300.0000416,-1544.0951421951438,True,True,True,True,True,True
6322673347198394778,SFY2JM  ,DA42,L2P,GA / light,False,Day,2026-04-27 16:40:40,2026-04-27 00:00:00,575.0000184,14.094338369773292,5,2300.0000736,1,2300.0000736,-779.9315933545295,True,True,True,False,True,True
1739638869038976623,,R44,H1P,Helicopter,False,Day,2026-04-27 15:52:40,2026-04-27 00:00:00,,,0,,0,,,False,False,False,False,False,False
12253731710854204856,GOLAJ   ,R44,H1P,Helicopter,False,Day,2026-04-27 15:59:55,2026-04-27 00:00:00,500.000016,16.784283451764434,1,,0,,,True,False,True,False,False,True
1168585777552081818,GBUFH   ,P28A,L1P,GA / light,False,Day,2026-04-27 16:58:40,2026-04-27 00:00:00,800.0000256,15.964602344349373,3,,0,,,True,False,True,False,False,True
15179483435942203720,EXS61TQ ,B738,L2J,Large jet,True,Day,2026-04-27 17:57:35,2026-04-27 00:00:00,,,0,,0,,,False,False,False,False,False,False
3860110561803402142,,DA42,L2P,GA / light,False,Day,2026-04-27 16:11:35,2026-04-27 00:00:00,,,0,,0,,,False,False,False,False,False,False
6923684454816120160,RYR80XD ,B38M,L2J,Large jet,True,Evening,2026-04-27 18:22:35,2026-04-27 00:00:00,,,0,,0,,,False,False,False,False,False,False
17688842159098954887,GBUFH   ,P28A,L1P,GA / light,False,Day,2026-04-27 17:41:30,2026-04-27 00:00:00,,,0,,0,,,False,False,False,False,False,True
16253610392161155354,URO101P ,A346,L4J,Large jet,True,Evening,2026-04-27 19:52:30,2026-04-27 00:00:00,,,0,,0,,,False,False,False,False,False,False
16777781790584449394,RYR38NG ,B38M,,Large jet,True,Evening,2026-04-27 21:43:35,2026-04-27 00:00:00,,,0,,0,,,False,False,False,False,True,True
2158157322971817729,RYR12YU ,B38M,,Large jet,True,Evening,2026-04-27 21:47:10,2026-04-27 00:00:00,,,0,,0,,,False,False,False,False,False,False
13217612260416602000,RYR80XD ,B738,L2J,Large jet,True,Day,2026-04-28 08:09:30,2026-04-28 00:00:00,,,0,,0,,,False,False,False,False,False,True
5689620318368390162,BWY20   ,FA20,L2J,Business jet,False,Day,2026-04-28 10:01:05,2026-04-28 00:00:00,,,0,,0,,,False,False,False,False,True,True
10696605362005141646,RYR7099 ,B38M,,Large jet,True,Day,2026-04-28 09:38:50,2026-04-28 00:00:00,,,0,,0,,,False,False,False,False,False,True
13658607817658901665,GEIMS   ,B505,H1T,Helicopter,False,Day,2026-04-28 08:58:35,2026-04-28 00:00:00,,,0,,0,,,False,False,False,False,False,False
11927581535270776443,GBXKL   ,B06,H1T,Helicopter,False,Day,2026-04-28 09:49:10,2026-04-28 00:00:00,,,0,,0,,,False,False,False,False,False,False
1473628730141040949,N363KC  ,S22T,L1P,GA / light,False,Day,2026-04-28 10:36:10,2026-04-28 00:00:00,,,0,,0,,,False,False,False,False,False,True
9338204348321297373,SFY2JM  ,DA42,L2P,GA / light,False,Day,2026-04-28 09:33:05,2026-04-28 00:00:00,,,0,,0,,,False,False,False,False,False,True
9253261986411356875,EXS86KL ,B738,L2J,Large jet,True,Day,2026-04-28 11:46:45,2026-04-28 00:00:00,,,0,,0,,,False,False,False,False,False,True
2642549832600004906,TOM20H  ,B738,L2J,Large jet,True,Day,2026-04-28 11:59:55,2026-04-28 00:00:00,,,0,,0,,,False,False,False,False,False,True
5177488494467289342,RYR8947 ,B38M,,Large jet,True,Day,2026-04-28 13:32:00,2026-04-28 00:00:00,,,0,,0,,,False,False,False,False,False,False
13124826252708802551,SFY2JM  ,DA42,L2P,GA / light,False,Day,2026-04-28 11:12:50,2026-04-28 00:00:00,425.00001360000005,16.021539392677397,27,,0,,,True,False,True,False,False,True
16060152875129210485,GWPDB   ,EC35,H2T,Helicopter,False,Day,2026-04-28 10:51:55,2026-04-28 00:00:00,325.0000104,2.3243112995865904,3,325.0000104,3,350.0000112,-2840.1528572872785,True,True,True,True,True,True
4976975357458316790,CMT57   ,G12T,L1T,Turboprop,False,Day,2026-04-28 11:40:55,2026-04-28 00:00:00,3725.0001192000004,17.179441191071025,2,,0,,,True,False,True,False,False,True
11029176773796961752,GETPD   ,G12T,L1T,Turboprop,False,Day,2026-04-28 11:21:00,2026-04-28 00:00:00,,,0,,0,,,False,False,False,False,False,True
7281178312863847045,GBFBR   ,P28A,L1P,GA / light,False,Day,2026-04-28 12:57:55,2026-04-28 00:00:00,1375.0000440000001,4.858313255002816,1,1375.0000440000001,1,,,True,True,True,False,False,True
3463699345744168835,RYR2XN  ,B738,L2J,Large jet,True,Day,2026-04-28 14:24:30,2026-04-28 00:00:00,,,0,,0,,,False,False,False,False,False,True
16257907367204336213,EXS73G  ,B738,L2J,Large jet,True,Day,2026-04-28 16:21:30,2026-04-28 00:00:00,,,0,,0,,,False,False,False,False,False,True
165629954530025602,AMBER2  ,FA20,L2J,Business jet,False,Day,2026-04-28 15:19:30,2026-04-28 00:00:00,1225.0000392,16.776163649567298,7,,0,,,True,False,True,False,False,True
18164542534219906065,RYR117J ,B738,L2J,Large jet,True,Day,2026-04-28 15:16:05,2026-04-28 00:00:00,,,0,,0,,,False,False,False,False,False,True
15937263621483289801,GBGYH   ,P28A,L1P,GA / light,False,Day,2026-04-28 14:21:00,2026-04-28 00:00:00,,,0,,0,,,False,False,False,False,False,True
17408966163641521994,GAZDJ   ,PA32,L1P,GA / light,False,Day,2026-04-28 14:11:15,2026-04-28 00:00:00,925.0000296,19.171963261823045,3,,0,,,True,False,True,False,True,True
9090477246489203634,RYR8PA  ,B38M,,Large jet,True,Day,2026-04-28 15:33:00,2026-04-28 00:00:00,,,0,,0,,,False,False,False,False,False,True
6711896714148546656,RUK1133 ,B738,,Large jet,True,Day,2026-04-28 16:03:30,2026-04-28 00:00:00,,,0,,0,,,False,False,False,False,False,True
8766829042225616070,GGCDB   ,SR20,L1P,GA / light,False,Day,2026-04-28 15:46:55,2026-04-28 00:00:00,875.0000279999999,15.150993410317326,1,,0,,,True,False,True,False,False,True
14651607141297063380,RYR273  ,B38M,L2J,Large jet,True,Evening,2026-04-28 19:19:25,2026-04-28 00:00:00,,,0,,0,,,False,False,False,False,False,True
11414790542655053877,SFY2JM  ,DA42,L2P,GA / light,False,Day,2026-04-28 16:18:15,2026-04-28 00:00:00,900.0000288,18.435773106255,3,,0,,,True,False,True,False,False,True
2942806749750220274,AMBER1  ,FA20,L2J,Business jet,False,Day,2026-04-28 16:32:25,2026-04-28 00:00:00,,,0,,0,,,False,False,False,False,False,True
9421889508046568904,GLSCW   ,GLF5,L2J,Business jet,False,Evening,2026-04-28 19:20:05,2026-04-28 00:00:00,,,0,,0,,,False,False,False,False,False,True
15786444364610328561,HLE10   ,A169,H2T,Helicopter,False,Day,2026-04-28 16:45:25,2026-04-28 00:00:00,,,0,,0,,,False,False,False,False,False,True
12319573976042718014,GBOJW   ,P28A,L1P,GA / light,False,Day,2026-04-28 17:16:35,2026-04-28 00:00:00,1325.0000424,18.35442877326006,3,,0,,,True,False,True,False,True,True
15386858101892504983,GTCHI   ,SPIT,L1P,GA / light,False,Day,2026-04-28 17:11:55,2026-04-28 00:00:00,,,0,,0,,,False,False,False,False,False,True
3105641597054879225,RYR384B ,B38M,,Large jet,True,Evening,2026-04-28 19:41:05,2026-04-28 00:00:00,,,0,,0,,,False,False,False,False,False,True
14723917748843966521,HLE80   ,A169,H2T,Helicopter,False,Evening,2026-04-28 19:50:55,2026-04-28 00:00:00,,,0,,0,,,False,False,False,False,False,True
7334541878672456866,RYR12YU ,B738,L2J,Large jet,True,Evening,2026-04-28 19:16:25,2026-04-28 00:00:00,,,0,,0,,,False,False,False,False,False,False
12330707267525023131,RYR6504 ,B38M,,Large jet,True,Evening,2026-04-28 20:48:15,2026-04-28 00:00:00,,,0,,0,,,False,False,False,False,False,True
13045725742817038310,TOM83T  ,B738,L2J,Large jet,True,Night,2026-04-28 22:19:50,2026-04-28 00:00:00,,,0,,0,,,False,False,False,False,False,True
10328941989847448268,EXS159E ,B738,L2J,Large jet,True,Evening,2026-04-28 21:50:00,2026-04-28 00:00:00,,,0,,0,,,False,False,False,False,False,True
7796100205834904148,RYR363C ,B38M,,Large jet,True,Evening,2026-04-28 21:32:25,2026-04-28 00:00:00,,,0,,0,,,False,False,False,False,False,True
8726168976065320679,HLE10   ,A169,H2T,Helicopter,False,Evening,2026-04-28 20:48:55,2026-04-28 00:00:00,,,0,,0,,,False,False,False,False,False,False
10734901146068233681,RYR117J ,B738,L2J,Large jet,True,Day,2026-04-29 05:49:10,2026-04-29 00:00:00,,,0,,0,,,False,False,False,False,False,True
4336124751326212602,RYR7AB  ,B38M,L2J,Large jet,True,Day,2026-04-29 07:41:50,2026-04-29 00:00:00,,,0,,0,,,False,False,False,False,False,False
9634453239520054279,HLE10   ,A169,H2T,Helicopter,False,Day,2026-04-29 07:24:00,2026-04-29 00:00:00,,,0,,0,,,False,False,False,False,False,True
4735566993922756137,SAH51P  ,BE40,L2J,Business jet,False,Day,2026-04-29 08:17:10,2026-04-29 00:00:00,,,0,,0,,,False,False,False,False,False,True
11227809230344612555,GEIMS   ,B505,H1T,Helicopter,False,Day,2026-04-29 09:30:45,2026-04-29 00:00:00,,,0,,0,,,False,False,False,False,False,False
7111707697151896735,CRIMSON1,FA20,L2J,Business jet,False,Day,2026-04-29 11:19:15,2026-04-29 00:00:00,,,0,,0,,,False,False,False,False,False,True
4833539966695837646,RYR363C ,B38M,,Large jet,True,Day,2026-04-29 11:24:45,2026-04-29 00:00:00,,,0,,0,,,False,False,False,False,False,True
2933518640144501446,CRIMSON2,,,Other,False,Day,2026-04-29 11:21:25,2026-04-29 00:00:00,,,0,,0,,,False,False,False,False,False,True
403871988540821899,BLUE1   ,FA20,L2J,Business jet,False,Day,2026-04-29 11:29:05,2026-04-29 00:00:00,2950.0000944000003,13.617532992835166,1,,0,,,True,False,True,False,False,True
8112779048645133771,QGA01A  ,C56X,L2J,Business jet,False,Day,2026-04-29 09:50:45,2026-04-29 00:00:00,,,0,,0,,,False,False,False,False,False,True
3535211687453715841,GORWS   ,RV14,L1P,GA / light,False,Day,2026-04-29 12:36:55,2026-04-29 00:00:00,,,0,,0,,,False,False,False,False,True,True
9838325995652868596,GOLGE   ,SR20,,Other,False,Day,2026-04-29 12:11:10,2026-04-29 00:00:00,1025.0000328,18.520040120336304,1,,0,,,True,False,True,False,False,True
10677984059926215031,GMA19   ,BE20,L2T,Turboprop,False,Day,2026-04-29 11:50:55,2026-04-29 00:00:00,,,0,,0,,,False,False,False,False,False,True
4493754506193266700,RYR5RR  ,B738,L2J,Large jet,True,Day,2026-04-29 13:41:00,2026-04-29 00:00:00,,,0,,0,,,False,False,False,False,False,False
3370250161599650255,RYR80XD ,B738,L2J,Large jet,True,Day,2026-04-29 14:08:05,2026-04-29 00:00:00,,,0,,0,,,False,False,False,False,False,True
15686282263985092783,SFY2JM  ,DA42,L2P,GA / light,False,Day,2026-04-29 14:23:45,2026-04-29 00:00:00,1000.000032,18.88257919592871,5,,0,,,True,False,True,False,False,True
2336149153747357999,SYG01   ,P28A,L1P,GA / light,False,Day,2026-04-29 12:45:05,2026-04-29 00:00:00,,,0,,0,,,False,False,False,False,False,False
5122488221035527439,RYR6765 ,B38M,,Large jet,True,Day,2026-04-29 14:53:30,2026-04-29 00:00:00,,,0,,0,,,False,False,False,False,False,False
4697847731017113175,GBEWR   ,C172,L1P,GA / light,False,Day,2026-04-29 14:23:15,2026-04-29 00:00:00,,,0,,0,,,False,False,False,False,False,True
3921500972085694145,SRD375  ,,,Other,False,Day,2026-04-29 15:44:00,2026-04-29 00:00:00,725.0000232000001,18.119263971713305,6,,0,,,True,False,True,False,True,True
6746640032388608353,CRIMSON2,FA20,L2J,Business jet,False,Day,2026-04-29 15:30:35,2026-04-29 00:00:00,2875.000092,12.635463019574953,2,,0,,,True,False,True,False,False,True
10731789368751217676,EXS82F  ,B738,L2J,Large jet,True,Evening,2026-04-29 18:49:50,2026-04-29 00:00:00,,,0,,0,,,False,False,False,False,False,False
8707816703293840151,GEIMS   ,B505,H1T,Helicopter,False,Day,2026-04-29 15:45:55,2026-04-29 00:00:00,,,0,,0,,,False,False,False,False,False,False
14392575450173865174,RYR3318 ,B38M,,Large jet,True,Day,2026-04-29 17:08:30,2026-04-29 00:00:00,,,0,,0,,,False,False,False,False,False,True
14070795762967735020,FRA83   ,FA20,L2J,Business jet,False,Day,2026-04-29 16:46:50,2026-04-29 00:00:00,,,0,,0,,,False,False,False,False,False,True
4162360769792164652,SFY2JM  ,DA42,L2P,GA / light,False,Day,2026-04-29 17:16:00,2026-04-29 00:00:00,500.000016,17.03972679395889,3,,0,,,True,False,True,False,False,True
15246525707189221756,TOM7MH  ,B738,L2J,Large jet,True,Evening,2026-04-29 20:20:40,2026-04-29 00:00:00,,,0,,0,,,False,False,False,False,False,True
16969553060219877496,NJE865A ,E55P,L2J,Business jet,False,Day,2026-04-29 16:16:55,2026-04-29 00:00:00,4800.0001536,4.976578311208969,2,4800.0001536,1,,,True,True,True,False,False,True
10761216182366317067,SRG375  ,,,Other,False,Evening,2026-04-29 19:26:50,2026-04-29 00:00:00,,,0,,0,,,False,False,False,False,True,True
5100262995867064328,GMA23   ,BE20,L2T,Turboprop,False,Evening,2026-04-29 18:37:20,2026-04-29 00:00:00,2825.0000904000003,19.316374553313985,1,,0,,,True,False,True,False,False,True
16236336489904877260,RYR12YU ,B38M,,Large jet,True,Evening,2026-04-29 21:14:45,2026-04-29 00:00:00,,,0,,0,,,False,False,False,False,False,False
15200228502621759800,RYR7KY  ,B38M,,Large jet,True,Evening,2026-04-29 21:37:05,2026-04-29 00:00:00,,,0,,0,,,False,False,False,False,False,False
18093450301276381011,RYR2XN  ,B38M,,Large jet,True,Day,2026-04-30 06:50:55,2026-04-30 00:00:00,,,0,,0,,,False,False,False,False,False,False
6874313906827093074,VJT741  ,GLEX,L2J,Business jet,False,Day,2026-04-30 07:20:30,2026-04-30 00:00:00,,,0,,0,,,False,False,False,False,False,True
13276167934167997761,LJC6    ,B350,L2T,Turboprop,False,Day,2026-04-30 07:52:35,2026-04-30 00:00:00,,,0,,0,,,False,False,False,False,False,True
12566444661715302469,GOLGE   ,SR20,,Other,False,Day,2026-04-30 09:42:05,2026-04-30 00:00:00,,,0,,0,,,False,False,False,False,False,True
16526657698446219096,N28SN   ,S22T,L1P,GA / light,False,Day,2026-04-30 09:35:25,2026-04-30 00:00:00,,,0,,0,,,False,False,False,False,False,True
8482413805671176451,RYR7KY  ,B38M,,Large jet,True,Day,2026-04-30 10:33:15,2026-04-30 00:00:00,,,0,,0,,,False,False,False,False,False,True
4283172451486370150,GBUFH   ,P28A,L1P,GA / light,False,Day,2026-04-30 10:15:20,2026-04-30 00:00:00,,,0,,0,,,False,False,False,False,False,True
12271757852602310734,AMBER1  ,FA20,L2J,Business jet,False,Day,2026-04-30 11:24:15,2026-04-30 00:00:00,,,0,,0,,,False,False,False,False,True,True
17066590586993984355,AMBER2  ,FA20,L2J,Business jet,False,Day,2026-04-30 11:21:35,2026-04-30 00:00:00,,,0,,0,,,False,False,False,False,False,True
9039768170838395471,,DA42,L2P,GA / light,False,Day,2026-04-30 09:55:35,2026-04-30 00:00:00,,,0,,0,,,False,False,False,False,False,True
6294127842563443266,SFY2JM  ,DA42,L2P,GA / light,False,Day,2026-04-30 10:11:10,2026-04-30 00:00:00,550.0000176000001,17.343920610546895,1,,0,,,True,False,True,False,False,True
1689946487015915842,VCG2EZ  ,C25M,L2J,Business jet,False,Day,2026-04-30 10:45:15,2026-04-30 00:00:00,,,0,,0,,,False,False,False,False,False,True
1846586346928508115,RYR5RR  ,B38M,,Large jet,True,Day,2026-04-30 12:17:00,2026-04-30 00:00:00,,,0,,0,,,False,False,False,False,False,False
10262565306893182160,EXS93HQ ,B738,L2J,Large jet,True,Day,2026-04-30 14:29:40,2026-04-30 00:00:00,,,0,,0,,,False,False,False,False,False,True
995873486418364795,URO901  ,A346,L4J,Large jet,True,Day,2026-04-30 13:39:30,2026-04-30 00:00:00,,,0,,0,,,False,False,False,False,False,True
17414763098282671978,BOO500T ,,,Other,False,Day,2026-04-30 11:40:10,2026-04-30 00:00:00,,,0,,0,,,False,False,False,False,False,True
11315637217301084407,GBUFH   ,P28A,L1P,GA / light,False,Day,2026-04-30 12:16:40,2026-04-30 00:00:00,1575.0000504,17.238200859940875,1,,0,,,True,False,True,False,False,True
2630675098680804994,GOLAJ   ,R44,H1P,Helicopter,False,Day,2026-04-30 11:53:00,2026-04-30 00:00:00,,,0,,0,,,False,False,False,False,False,True
18424350373228306879,GDSJT   ,C182,L1P,GA / light,False,Day,2026-04-30 15:48:25,2026-04-30 00:00:00,,,0,,0,,,False,False,False,False,False,True
11737615128692407512,SFY2JM  ,DA42,L2P,GA / light,False,Day,2026-04-30 12:28:20,2026-04-30 00:00:00,,,0,,0,,,False,False,False,False,False,True
6679546289119377402,GOLGE   ,SR20,,Other,False,Day,2026-04-30 16:49:10,2026-04-30 00:00:00,550.0000176000001,17.887281312005893,8,,0,,,True,False,True,False,False,True
15749458530125586114,TOM9HW  ,B738,L2J,Large jet,True,Day,2026-04-30 15:20:10,2026-04-30 00:00:00,,,0,,0,,,False,False,False,False,False,True
13380721154950048532,GARVV   ,P28A,L1P,GA / light,False,Day,2026-04-30 15:42:40,2026-04-30 00:00:00,,,0,,0,,,False,False,False,False,False,False
4024150172941462858,LJC6    ,B350,L2T,Turboprop,False,Day,2026-04-30 16:06:20,2026-04-30 00:00:00,,,0,,0,,,False,False,False,False,False,False
15712461244958784380,CRIMSON2,,,Other,False,Day,2026-04-30 15:16:10,2026-04-30 00:00:00,2800.0000896,15.362305037295036,2,,0,,,True,False,True,False,False,True
16501105528319682056,CRIMSON1,FA20,L2J,Business jet,False,Day,2026-04-30 15:05:40,2026-04-30 00:00:00,,,0,,0,,,False,False,False,False,False,True
3891045355269393260,GBUFH   ,P28A,L1P,GA / light,False,Day,2026-04-30 15:28:05,2026-04-30 00:00:00,775.0000248,17.876288910767155,1,,0,,,True,False,True,False,False,True
11142243720063514503,PNTHR86 ,H64,,Other,False,Day,2026-04-30 15:58:40,2026-04-30 00:00:00,,,0,,0,,,False,False,False,False,False,False
7090807670614924303,RYR12YU ,B38M,,Large jet,True,Day,2026-04-30 16:17:45,2026-04-30 00:00:00,,,0,,0,,,False,False,False,False,False,False
16904495197463839438,AMBER2  ,FA20,L2J,Business jet,False,Day,2026-04-30 16:33:00,2026-04-30 00:00:00,2900.0000928000004,11.913332050557427,2,,0,,,True,False,True,False,True,True
12782922735600498531,GOLAJ   ,R44,H1P,Helicopter,False,Day,2026-04-30 14:59:55,2026-04-30 00:00:00,,,0,,0,,,False,False,False,False,False,True
8649582445459962926,HLE10   ,A169,H2T,Helicopter,False,Day,2026-04-30 15:06:30,2026-04-30 00:00:00,,,0,,0,,,False,False,False,False,False,True
7479230425082317079,SFY2JM  ,DA42,L2P,GA / light,False,Day,2026-04-30 17:18:40,2026-04-30 00:00:00,,,0,,0,,,False,False,False,False,False,True
10990843492859922550,HLE10   ,A169,H2T,Helicopter,False,Day,2026-04-30 15:56:45,2026-04-30 00:00:00,,,0,,0,,,False,False,False,False,False,True
3599100922360664505,GCKVV   ,P28A,L1P,GA / light,False,Day,2026-04-30 17:21:40,2026-04-30 00:00:00,,,0,,0,,,False,False,False,False,True,True
5073207483824543585,HLE10   ,A169,H2T,Helicopter,False,Day,2026-04-30 16:57:05,2026-04-30 00:00:00,,,0,,0,,,False,False,False,False,False,True
7799075685194605853,RYR80XD ,B38M,,Large jet,True,Evening,2026-04-30 18:51:00,2026-04-30 00:00:00,,,0,,0,,,False,False,False,False,False,True
17552295644095368262,,DA42,L2P,GA / light,False,Day,2026-04-30 17:09:00,2026-04-30 00:00:00,,,0,,0,,,False,False,False,False,False,True
14523514641809109333,EXS37EJ ,B738,L2J,Large jet,True,Evening,2026-04-30 20:54:40,2026-04-30 00:00:00,,,0,,0,,,False,False,False,False,False,True
1816310406130008661,RYR117J ,B38M,,Large jet,True,Evening,2026-04-30 21:28:35,2026-04-30 00:00:00,,,0,,0,,,False,False,False,False,False,False
2066539196324648287,EXS3624 ,B738,L2J,Large jet,True,Evening,2026-04-30 21:58:35,2026-04-30 00:00:00,,,0,,0,,,False,False,False,False,False,True
3064496129089729373,RUK1133 ,B738,L2J,Large jet,True,Evening,2026-04-30 21:12:00,2026-04-30 00:00:00,,,0,,0,,,False,False,False,False,False,True
7042006404764393108,RYR8PA  ,B38M,,Large jet,True,Night,2026-04-30 23:39:25,2026-04-30 00:00:00,,,0,,0,,,False,False,False,False,False,False
6411280900555737321,SFY2JM  ,DA42,L2P,GA / light,False,Day,2026-05-01 08:46:50,2026-05-01 00:00:00,,,0,,0,,,False,False,False,False,False,True
14669942228785690595,BFY720P ,A20N,L2J,Large jet,True,Day,2026-05-01 09:19:25,2026-05-01 00:00:00,,,0,,0,,,False,False,False,False,False,False
14453502877653375068,FRA88   ,FA20,L2J,Business jet,False,Day,2026-05-01 08:22:35,2026-05-01 00:00:00,,,0,,0,,,False,False,False,False,False,True
9183763559023801643,MOG81M  ,E145,L2J,Large jet,True,Day,2026-05-01 08:36:30,2026-05-01 00:00:00,,,0,,0,,,False,False,False,False,False,True
11908538666537842453,AMBER1  ,,,Other,False,Day,2026-05-01 09:38:55,2026-05-01 00:00:00,,,0,,0,,,False,False,False,False,False,True
11769115896985786582,AMBER2  ,FA20,L2J,Business jet,False,Day,2026-05-01 09:31:50,2026-05-01 00:00:00,1225.0000392,14.364618213289036,6,,0,,,True,False,True,False,False,True
10483388741396030299,GARKM   ,PA22,L1P,GA / light,False,Day,2026-05-01 09:09:50,2026-05-01 00:00:00,,,0,,0,,,False,False,False,False,False,False
5452209167513100853,RYR38NG ,B38M,,Large jet,True,Day,2026-05-01 10:56:10,2026-05-01 00:00:00,,,0,,0,,,False,False,False,False,False,False
9864147371343178022,GBFBR   ,P28A,L1P,GA / light,False,Day,2026-05-01 10:05:10,2026-05-01 00:00:00,,,0,,0,,,False,False,False,False,False,False
15789201009618535583,GBGYH   ,P28A,L1P,GA / light,False,Day,2026-05-01 10:39:50,2026-05-01 00:00:00,850.0000272000001,19.36950370897194,4,,0,,,True,False,True,False,True,True
9035212070684227891,GBEWR   ,C172,L1P,GA / light,False,Day,2026-05-01 09:49:00,2026-05-01 00:00:00,,,0,,0,,,False,False,False,False,False,True
12827058942782291436,NJE550E ,E55P,L2J,Business jet,False,Day,2026-05-01 10:37:10,2026-05-01 00:00:00,,,0,,0,,,False,False,False,False,False,True
1047108478826892528,RYR384B ,B38M,,Large jet,True,Day,2026-05-01 12:22:20,2026-05-01 00:00:00,2750.0000880000002,1.540740558071757,1,2750.0000880000002,1,2750.0000880000002,-104.81855375343548,True,True,True,False,True,True
9350914680297812186,SFY2JM  ,DA42,L2P,GA / light,False,Day,2026-05-01 10:58:50,2026-05-01 00:00:00,550.0000176000001,17.408110719216666,4,,0,,,True,False,True,False,False,True
6502413493425008177,RYR12YU ,B738,,Large jet,True,Day,2026-05-01 11:37:10,2026-05-01 00:00:00,,,0,,0,,,False,False,False,False,False,False
2065150671782611983,EXS697J ,B738,L2J,Large jet,True,Day,2026-05-01 12:02:10,2026-05-01 00:00:00,,,0,,0,,,False,False,False,False,True,True
1336823264333508068,VSB10   ,BE20,L2T,Turboprop,False,Day,2026-05-01 11:06:45,2026-05-01 00:00:00,,,0,,0,,,False,False,False,False,False,True
11151153883739147300,GCDOK   ,C42,L1P,GA / light,False,Day,2026-05-01 11:11:55,2026-05-01 00:00:00,,,0,,0,,,False,False,False,False,False,False
1992395237958805727,FRA65   ,CL60,L2J,Business jet,False,Day,2026-05-01 11:14:45,2026-05-01 00:00:00,,,0,,0,,,False,False,False,False,False,True
9208832436760244805,GSTUM   ,DA50,,Other,False,Day,2026-05-01 11:46:20,2026-05-01 00:00:00,1800.0000576,2.560649382607597,2,1800.0000576,2,1800.0000576,-939.2908318616417,True,True,True,True,True,True
352770444981850653,GSRCB   ,RV12,L1P,GA / light,False,Day,2026-05-01 11:27:50,2026-05-01 00:00:00,,,0,,0,,,False,False,False,False,False,False
15342054466476500461,GARVV   ,P28A,L1P,GA / light,False,Day,2026-05-01 11:36:50,2026-05-01 00:00:00,,,0,,0,,,False,False,False,False,False,False
597289631362328612,TOM6CV  ,B738,L2J,Large jet,True,Day,2026-05-01 13:34:45,2026-05-01 00:00:00,2650.0000848,1.932702713949641,1,2650.0000848,1,2650.0000848,-154.05929028668834,True,True,True,False,True,True
2100814693751625737,GBFUD   ,SF25,L1P,GA / light,False,Day,2026-05-01 11:15:50,2026-05-01 00:00:00,,,0,,0,,,False,False,False,False,False,True
5057813400471919828,EXS61TQ ,B738,L2J,Large jet,True,Day,2026-05-01 12:46:35,2026-05-01 00:00:00,,,0,,0,,,False,False,False,False,True,True
7934599920608202324,RYR80XD ,B738,L2J,Large jet,True,Day,2026-05-01 13:04:10,2026-05-01 00:00:00,,,0,,0,,,False,False,False,False,False,False
7540645942508863304,GOLGE   ,SR20,,Other,False,Day,2026-05-01 13:12:35,2026-05-01 00:00:00,1800.0000576,3.84124658752075,2,1800.0000576,2,1800.0000576,-943.5337001362211,True,True,True,True,True,True
308483888080734734,GBUUI   ,RF6,L1P,GA / light,False,Day,2026-05-01 12:18:10,2026-05-01 00:00:00,,,0,,0,,,False,False,False,False,False,True
7041961019943973427,GCMPF   ,C42,,Other,False,Day,2026-05-01 12:13:00,2026-05-01 00:00:00,,,0,,0,,,False,False,False,False,False,False
3252407122587576016,GCDOK   ,C42,L1P,GA / light,False,Day,2026-05-01 12:37:40,2026-05-01 00:00:00,,,0,,0,,,False,False,False,False,False,True
8212700518804541544,SFY2JM  ,DA42,L2P,GA / light,False,Day,2026-05-01 13:51:35,2026-05-01 00:00:00,1725.0000552,5.85608753823535,1,1725.0000552,1,,,True,True,True,False,False,True
13497775521075081347,GBUJP   ,P28A,L1P,GA / light,False,Day,2026-05-01 13:11:15,2026-05-01 00:00:00,,,0,,0,,,False,False,False,False,False,True
15456909470898116993,RYR2XN  ,B38M,L2J,Large jet,True,Day,2026-05-01 14:35:45,2026-05-01 00:00:00,,,0,,0,,,False,False,False,False,False,False
6891897001693019178,GBIZO   ,P28R,L1P,GA / light,False,Day,2026-05-01 13:18:45,2026-05-01 00:00:00,,,0,,0,,,False,False,False,False,False,True
7466573135706299953,GOLAJ   ,R44,H1P,Helicopter,False,Day,2026-05-01 13:42:35,2026-05-01 00:00:00,350.0000112,16.69093696203596,8,,0,,,True,False,True,False,True,True
6543659630699212511,GSPRK   ,RV4,L1P,GA / light,False,Day,2026-05-01 13:20:40,2026-05-01 00:00:00,,,0,,0,,,False,False,False,False,False,False
6753858239581029553,BWY20   ,FA20,L2J,Business jet,False,Day,2026-05-01 15:24:00,2026-05-01 00:00:00,1800.0000576,2.74102770967991,2,1800.0000576,1,1800.0000576,-1002.3362044133817,True,True,True,True,True,True
9321875775497999892,GZAVI   ,C42,L1P,GA / light,False,Day,2026-05-01 13:59:05,2026-05-01 00:00:00,,,0,,0,,,False,False,False,False,False,True
18347220917233868603,GXIVA   ,RV14,L1P,GA / light,False,Day,2026-05-01 13:52:20,2026-05-01 00:00:00,1350.0000432000002,16.418637737045465,1,,0,,,True,False,True,False,True,True
8337172109683100059,GBUJP   ,P28A,L1P,GA / light,False,Day,2026-05-01 14:44:40,2026-05-01 00:00:00,,,0,,0,,,False,False,False,False,False,True
767794902853660120,SFU51   ,C42,L1P,GA / light,False,Day,2026-05-01 15:42:15,2026-05-01 00:00:00,,,0,,0,,,False,False,False,False,False,False
7340271070014821189,,EFOX,L1P,GA / light,False,Day,2026-05-01 14:24:00,2026-05-01 00:00:00,,,0,,0,,,False,False,False,False,False,True
635649384509067308,GBUFH   ,P28A,L1P,GA / light,False,Day,2026-05-01 15:06:55,2026-05-01 00:00:00,925.0000296,15.402104730130798,2,,0,,,True,False,True,False,True,True
8118650897490238274,GOLAJ   ,R44,H1P,Helicopter,False,Day,2026-05-01 14:59:55,2026-05-01 00:00:00,675.0000216000001,18.65168615134664,2,,0,,,True,False,True,False,False,True
2167920368209560154,GSPRK   ,RV4,L1P,GA / light,False,Day,2026-05-01 14:34:55,2026-05-01 00:00:00,,,0,,0,,,False,False,False,False,False,False
4106342718669517505,GBGYH   ,P28A,L1P,GA / light,False,Day,2026-05-01 15:17:40,2026-05-01 00:00:00,775.0000248,14.303122350357295,2,,0,,,True,False,True,False,True,True
8725704125925337938,SFY2JM  ,DA42,L2P,GA / light,False,Day,2026-05-01 15:59:55,2026-05-01 00:00:00,250.000008,18.99445510270796,12,,0,,,True,False,True,False,False,True
16244287073940204564,RYR5RR  ,B38M,,Large jet,True,Day,2026-05-01 17:21:25,2026-05-01 00:00:00,,,0,,0,,,False,False,False,False,False,False
2130139124904239731,GBZFT   ,RBEL,L1P,GA / light,False,Day,2026-05-01 15:49:25,2026-05-01 00:00:00,,,0,,0,,,False,False,False,False,False,False
11313688010100651664,GDKLD   ,,,Other,False,Day,2026-05-01 16:53:40,2026-05-01 00:00:00,1225.0000392,3.0860792790882177,3,1225.0000392,3,1250.00004,-1670.9943724322648,True,True,True,True,True,True
3373205644578341170,GBUFH   ,P28A,L1P,GA / light,False,Day,2026-05-01 17:49:15,2026-05-01 00:00:00,325.0000104,15.680755380578839,16,1225.0000392,2,,,True,True,True,False,True,True
1532815267862268734,RYR9911 ,B738,L2J,Large jet,True,Evening,2026-05-01 18:37:15,2026-05-01 00:00:00,,,0,,0,,,False,False,False,False,False,False
13496586554260857334,RYR22ZK ,B38M,,Large jet,True,Evening,2026-05-01 21:30:25,2026-05-01 00:00:00,,,0,,0,,,False,False,False,False,True,True
1601364566796673682,EXS159E ,B738,L2J,Large jet,True,Night,2026-05-01 22:21:25,2026-05-01 00:00:00,2300.0000736,2.461401127781909,1,2300.0000736,1,2300.0000736,-886.6238018137474,True,True,True,False,True,True
12100093754459876636,EXS34HS ,B738,L2J,Large jet,True,Night,2026-05-01 22:10:10,2026-05-01 00:00:00,2300.0000736,2.9220214569113168,1,2300.0000736,1,2300.0000736,-333.74520827204697,True,True,True,False,True,True
6275452237706959443,RUK1133 ,B738,L2J,Large jet,True,Evening,2026-05-01 20:56:15,2026-05-01 00:00:00,,,0,,0,,,False,False,False,False,False,False
556381505959570261,RYR384B ,B38M,L2J,Large jet,True,Day,2026-05-02 06:56:45,2026-05-02 00:00:00,3775.0001208000003,4.515107689764299,1,3775.0001208000003,1,,,True,True,True,False,False,False
13303057075406691686,RYR6504 ,B738,L2J,Large jet,True,Day,2026-05-02 06:15:40,2026-05-02 00:00:00,3125.0001,0.5821713206109036,2,3125.0001,2,3125.0001,-35.290521709094264,True,True,True,False,True,True
11659635547372031550,RYR117J ,B38M,L2J,Large jet,True,Day,2026-05-02 06:19:30,2026-05-02 00:00:00,1850.0000592,5.910065492723273,1,1850.0000592,1,,,True,True,True,False,True,True
12054090753186016937,VPC002  ,LJ60,,Business jet,False,Day,2026-05-02 07:31:30,2026-05-02 00:00:00,,,0,,0,,,False,False,False,False,False,False
6989698539548087320,RYR273  ,B38M,L2J,Large jet,True,Day,2026-05-02 08:32:20,2026-05-02 00:00:00,,,0,,0,,,False,False,False,False,False,False
5243622687520703969,TOM903P ,B738,L2J,Large jet,True,Day,2026-05-02 06:39:25,2026-05-02 00:00:00,3325.0001064000003,2.101757528918663,1,3325.0001064000003,1,3325.0001064000003,-137.53981224151266,True,True,True,False,True,True
13562531726377160124,RYR80XD ,B738,L2J,Large jet,True,Day,2026-05-02 09:14:40,2026-05-02 00:00:00,,,0,,0,,,False,False,False,False,False,False
11680979300904872995,RYR7099 ,B38M,,Large jet,True,Day,2026-05-02 08:29:00,2026-05-02 00:00:00,,,0,,0,,,False,False,False,False,False,False
153013445613599400,SRD224B ,B350,,Turboprop,False,Day,2026-05-02 11:28:35,2026-05-02 00:00:00,600.0000192,14.179247448014271,3,,0,,,True,False,True,False,True,True
14979745384689370860,SFY2JM  ,DA42,L2P,GA / light,False,Day,2026-05-02 09:45:45,2026-05-02 00:00:00,1775.0000568,7.379694584114128,1,,0,,,True,False,True,False,True,True
3072157985569793988,URO901  ,A346,L4J,Large jet,True,Day,2026-05-02 12:32:25,2026-05-02 00:00:00,,,0,,0,,,False,False,False,False,False,False
7374092439044545834,EXS86KL ,B738,L2J,Large jet,True,Day,2026-05-02 12:28:50,2026-05-02 00:00:00,,,0,,0,,,False,False,False,False,False,False
5066716897369009055,NJE431M ,E55P,L2J,Business jet,False,Day,2026-05-02 12:22:10,2026-05-02 00:00:00,2950.0000944000003,0.6442595216072698,1,2950.0000944000003,1,2950.0000944000003,-144.16791139014458,True,True,True,False,True,True
3814415830843971182,RYR8PA  ,B38M,,Large jet,True,Day,2026-05-02 13:17:50,2026-05-02 00:00:00,,,0,,0,,,False,False,False,False,True,True
7679889878007196989,GMOSH   ,P28R,L1P,GA / light,False,Day,2026-05-02 12:47:05,2026-05-02 00:00:00,300.0000096,16.400227316067618,13,1300.0000416,5,1500.000048,-1917.0329311610305,True,True,True,True,True,True
11454194394520551007,GCFAT   ,ULAC,,Other,False,Day,2026-05-02 12:15:15,2026-05-02 00:00:00,,,0,,0,,,False,False,False,False,True,True
7434045670797818564,TOM2CD  ,B738,L2J,Large jet,True,Day,2026-05-02 13:38:05,2026-05-02 00:00:00,2475.0000792,5.36613165013877,1,2475.0000792,1,,,True,True,True,False,True,True
15688258472761638879,EXS52TY ,B738,L2J,Large jet,True,Day,2026-05-02 15:06:05,2026-05-02 00:00:00,,,0,,0,,,False,False,False,False,False,True
10893606955153475994,GBEWR   ,C172,L1P,GA / light,False,Day,2026-05-02 12:09:15,2026-05-02 00:00:00,450.0000144,15.986229359610466,2,,0,,,True,False,True,False,False,True
17843167018419443770,RYR5RR  ,B738,L2J,Large jet,True,Day,2026-05-02 14:27:55,2026-05-02 00:00:00,,,0,,0,,,False,False,False,False,False,False
7554163327501715423,RYR3318 ,B738,L2J,Large jet,True,Day,2026-05-02 14:48:45,2026-05-02 00:00:00,,,0,,0,,,False,False,False,False,False,True
16191084400608125465,RYR12YU ,,,Other,False,Day,2026-05-02 14:30:20,2026-05-02 00:00:00,,,0,,0,,,False,False,False,False,False,False
7317559872775572372,GZHKF   ,ESCP,L1P,GA / light,False,Day,2026-05-02 13:10:50,2026-05-02 00:00:00,,,0,,0,,,False,False,False,False,False,False
13170728713880395724,HLE10   ,A169,H2T,Helicopter,False,Day,2026-05-02 13:58:05,2026-05-02 00:00:00,,,0,,0,,,False,False,False,False,False,False
8132057407157252273,GMA23   ,BE20,L2T,Turboprop,False,Day,2026-05-02 15:39:30,2026-05-02 00:00:00,,,0,,0,,,False,False,False,False,False,True
15567139718722367340,HLE10   ,A169,H2T,Helicopter,False,Day,2026-05-02 16:45:25,2026-05-02 00:00:00,,,0,,0,,,False,False,False,False,False,True
3042696932476626802,HLE10   ,A169,H2T,Helicopter,False,Day,2026-05-02 17:39:15,2026-05-02 00:00:00,,,0,,0,,,False,False,False,False,False,True
3941711817404095237,BAH700  ,,,Other,False,Night,2026-05-02 23:03:00,2026-05-02 00:00:00,75.0000024,18.622295657018952,2,2550.0000816,1,,,True,True,True,False,True,True
17226447302840538272,RYR7AB  ,,,Other,False,Evening,2026-05-02 20:52:55,2026-05-02 00:00:00,50.0000016,18.787034274155552,1,,0,,,True,False,True,False,False,False
6243740890012351710,RYR2XN  ,B38M,,Large jet,True,Evening,2026-05-02 20:40:45,2026-05-02 00:00:00,25.0000008,18.914232740997097,2,,0,,,True,False,True,False,False,False
5947028614908782265,EXS82F  ,B738,L2J,Large jet,True,Night,2026-05-02 23:24:10,2026-05-02 00:00:00,50.0000016,18.51372067627568,1,,0,,,True,False,True,False,False,False
17267045819748169242,RYR9911 ,B738,L2J,Large jet,True,Evening,2026-05-02 21:03:25,2026-05-02 00:00:00,75.0000024,18.40120682216693,1,,0,,,True,False,True,False,False,False
7552658088836535030,TOM14X  ,B738,L2J,Large jet,True,Night,2026-05-02 23:56:25,2026-05-02 00:00:00,75.0000024,18.528976803043392,3,3250.000104,1,3250.000104,33.08073485938621,True,True,True,False,True,True
14821427656194929281,EXS61TQ ,B738,L2J,Large jet,True,Evening,2026-05-02 21:46:50,2026-05-02 00:00:00,50.0000016,18.64886654876877,3,2050.0000656,2,2050.0000656,-830.0155270165019,True,True,True,False,True,True
9711690283326533052,RYR5724 ,,,Other,False,Day,2026-05-03 06:27:45,2026-05-03 00:00:00,75.0000024,18.4000629292505,1,,0,,,True,False,True,False,False,False
9682706363916463818,NJE6KY  ,E55P,L2J,Business jet,False,Day,2026-05-03 08:11:05,2026-05-03 00:00:00,,,0,,0,,,False,False,False,False,False,True
2397868023305761806,LJC6    ,B350,L2T,Turboprop,False,Day,2026-05-03 10:42:40,2026-05-03 00:00:00,3100.0000992,0.5842090598620111,4,3100.0000992,2,3100.0000992,-6.804887964948648,True,True,True,False,True,True
5550028149248240148,RYR363C ,,,Other,False,Day,2026-05-03 11:11:25,2026-05-03 00:00:00,75.0000024,18.40950788400324,2,,0,,,True,False,True,False,True,True
10576441500932420301,EXS34JU ,B738,L2J,Large jet,True,Day,2026-05-03 12:15:05,2026-05-03 00:00:00,75.0000024,18.902763767736698,3,1975.0000632,1,,,True,True,True,False,True,True
15178255118703378388,TOM9HB  ,B738,L2J,Large jet,True,Day,2026-05-03 12:10:35,2026-05-03 00:00:00,100.0000032,18.653444790032758,2,,0,,,True,False,True,False,True,True
1131409228750938851,RYR12YU ,B738,L2J,Large jet,True,Day,2026-05-03 13:10:40,2026-05-03 00:00:00,75.0000024,18.537866807765564,2,2075.0000664,1,,,True,True,True,False,True,True
17162630513170367406,HLE22   ,B429,H2T,Helicopter,False,Day,2026-05-03 11:49:50,2026-05-03 00:00:00,,,0,,0,,,False,False,False,False,False,False
14473795558166795223,GLIFB   ,AP32,L1P,GA / light,False,Day,2026-05-03 12:52:45,2026-05-03 00:00:00,,,0,,0,,,False,False,False,False,False,True
6777375709445219847,RYR2XN  ,B38M,,Large jet,True,Day,2026-05-03 13:43:55,2026-05-03 00:00:00,75.0000024,18.648218597131358,1,,0,,,True,False,True,False,False,False
6185444022781578823,RYR117J ,B38M,L2J,Large jet,True,Day,2026-05-03 14:13:30,2026-05-03 00:00:00,100.0000032,18.535206459029382,1,,0,,,True,False,True,False,False,False
17309673642121951910,,PA32,,Other,False,Day,2026-05-03 12:29:00,2026-05-03 00:00:00,,,0,,0,,,False,False,False,False,False,False
11656144706732469153,EXS68AT ,B738,L2J,Large jet,True,Day,2026-05-03 14:39:45,2026-05-03 00:00:00,100.0000032,18.302806880783063,1,,0,,,True,False,True,False,False,False
9925848847374391924,GWPDB   ,EC35,H2T,Helicopter,False,Day,2026-05-03 13:13:40,2026-05-03 00:00:00,,,0,,0,,,False,False,False,False,False,True
7322306789888996628,,R100,L1P,GA / light,False,Day,2026-05-03 12:55:10,2026-05-03 00:00:00,,,0,,0,,,False,False,False,False,False,False
10950122208063876228,GGDER   ,R100,L1P,GA / light,False,Day,2026-05-03 12:56:55,2026-05-03 00:00:00,,,0,,0,,,False,False,False,False,False,False
14612205989074677464,RYR8947 ,B38M,,Large jet,True,Day,2026-05-03 15:34:45,2026-05-03 00:00:00,100.0000032,18.40950788400324,1,,0,,,True,False,True,False,False,False
1543708733511004682,NJU263K ,C56X,L2J,Business jet,False,Day,2026-05-03 14:24:00,2026-05-03 00:00:00,2075.0000664,3.9972892006069713,2,2075.0000664,2,,,True,True,True,False,True,True
12511492605983199570,TOM6KM  ,B38M,L2J,Large jet,True,Day,2026-05-03 16:04:50,2026-05-03 00:00:00,100.0000032,18.619756700302982,1,,0,,,True,False,True,False,False,False
10798825679672246620,RYR9356 ,,,Other,False,Day,2026-05-03 15:37:40,2026-05-03 00:00:00,100.0000032,18.5668628783306,1,,0,,,True,False,True,False,False,False
4183982886481953185,SFY2JM  ,DA42,L2P,GA / light,False,Day,2026-05-03 16:59:55,2026-05-03 00:00:00,1800.0000576,7.998174165111373,1,,0,,,True,False,True,False,False,True
9961360914861687639,RUK1133 ,B738,L2J,Large jet,True,Day,2026-05-03 16:59:55,2026-05-03 00:00:00,75.0000024,18.764963660500616,2,2525.0000808,1,,,True,True,True,False,True,True
9683326036825821416,GMA23   ,BE20,L2T,Turboprop,False,Evening,2026-05-03 18:27:35,2026-05-03 00:00:00,2100.0000672,5.9100481037698565,1,2100.0000672,1,,,True,True,True,False,True,True
602561973888172925,TOM4BN  ,B738,L2J,Large jet,True,Night,2026-05-03 22:25:00,2026-05-03 00:00:00,50.0000016,18.832072029406444,1,,0,,,True,False,True,False,False,False
9830139253613406924,EXS37EJ ,B738,L2J,Large jet,True,Evening,2026-05-03 20:55:15,2026-05-03 00:00:00,50.0000016,18.653444790032758,1,,0,,,True,False,True,False,False,False
1534697508983466935,EXS71BS ,B738,L2J,Large jet,True,Evening,2026-05-03 21:46:05,2026-05-03 00:00:00,50.0000016,18.578178098781102,3,2025.0000648,2,2025.0000648,-833.2029347435514,True,True,True,False,True,True
1255572615491575205,HLE56   ,EC35,H2T,Helicopter,False,Evening,2026-05-03 19:55:35,2026-05-03 00:00:00,,,0,,0,,,False,False,False,False,True,True
4019750617138565693,RYR80XD ,,,Other,False,Evening,2026-05-03 21:58:00,2026-05-03 00:00:00,50.0000016,18.67035255274534,1,,0,,,True,False,True,False,False,False
8082468591325666145,RYR8PA  ,B38M,,Large jet,True,Evening,2026-05-03 21:54:25,2026-05-03 00:00:00,50.0000016,18.583263351707963,1,,0,,,True,False,True,False,False,False
2599248727902476505,SFY1TM  ,DA42,L2P,GA / light,False,Day,2026-05-04 09:40:25,2026-05-04 00:00:00,1100.0000352000002,19.23150868813591,4,1450.0000464000002,1,,,True,True,True,False,False,True
14306524411148253019,SFY2JM  ,DA42,L2P,GA / light,False,Day,2026-05-04 09:58:05,2026-05-04 00:00:00,225.0000072,17.221830889869242,5,,0,,,True,False,True,False,False,True
10802325070108269645,ECA2JP  ,C25A,L2J,Business jet,False,Day,2026-05-04 10:51:40,2026-05-04 00:00:00,,,0,,0,,,False,False,False,False,False,False
6027982855869436073,,DA42,L2P,GA / light,False,Day,2026-05-04 08:59:45,2026-05-04 00:00:00,,,0,,0,,,False,False,False,False,False,False
15431958145899137736,EXS697J ,B738,L2J,Large jet,True,Day,2026-05-04 11:40:25,2026-05-04 00:00:00,,,0,,0,,,False,False,False,False,True,True
10371190465381284935,SRD375  ,A139,,Other,False,Day,2026-05-04 11:14:45,2026-05-04 00:00:00,850.0000272000001,16.732237010201185,5,1475.0000472000002,2,,,True,True,True,False,True,True
13222926617820547427,GBUFH   ,P28A,L1P,GA / light,False,Day,2026-05-04 10:23:15,2026-05-04 00:00:00,500.000016,15.776414845155754,9,,0,,,True,False,True,False,False,True
16480373174132183169,RYR2XN  ,,,Other,False,Day,2026-05-04 11:50:30,2026-05-04 00:00:00,,,0,,0,,,False,False,False,False,False,False
18303371603379858314,EXS61TQ ,B738,L2J,Large jet,True,Day,2026-05-04 12:55:30,2026-05-04 00:00:00,,,0,,0,,,False,False,False,False,False,False
18428241463950341881,GIMPT   ,EFOX,L1P,GA / light,False,Day,2026-05-04 13:28:50,2026-05-04 00:00:00,,,0,,0,,,False,False,False,False,False,False
2329111664508255937,RYR7624 ,B738,L2J,Large jet,True,Day,2026-05-04 14:06:25,2026-05-04 00:00:00,,,0,,0,,,False,False,False,False,False,False
14816175320158548194,RYR117J ,B738,L2J,Large jet,True,Day,2026-05-04 14:19:05,2026-05-04 00:00:00,,,0,,0,,,False,False,False,False,False,False
1878493109693736296,TOM62H  ,B738,L2J,Large jet,True,Day,2026-05-04 15:27:25,2026-05-04 00:00:00,2500.00008,3.5701358962775176,2,2500.00008,2,2825.0000904000003,-350.16925277712653,True,True,True,False,True,True
7798832470519534183,GBUFH   ,P28A,L1P,GA / light,False,Day,2026-05-04 13:10:25,2026-05-04 00:00:00,350.0000112,16.83928609204247,4,,0,,,True,False,True,False,True,True
4394612998757484299,SFY1TM  ,DA42,L2P,GA / light,False,Day,2026-05-04 14:56:20,2026-05-04 00:00:00,225.0000072,17.27768351359555,6,1825.0000584,1,,,True,True,True,False,True,True
2633193453342462935,GCISE   ,PULS,L1P,GA / light,False,Day,2026-05-04 14:51:45,2026-05-04 00:00:00,,,0,,0,,,False,False,False,False,False,True
14270048724806213952,RYR22ZK ,B38M,,Large jet,True,Day,2026-05-04 16:16:10,2026-05-04 00:00:00,25.0000008,18.27623568224022,2,2500.00008,1,,,True,True,True,False,True,True
18066659083947432096,,PULS,L1P,GA / light,False,Day,2026-05-04 14:05:05,2026-05-04 00:00:00,,,0,,0,,,False,False,False,False,False,False
4650902197209131452,GBUFH   ,P28A,L1P,GA / light,False,Day,2026-05-04 14:54:50,2026-05-04 00:00:00,1050.0000336,17.156578993183334,7,,0,,,True,False,True,False,False,True
10238530398083498905,GBGYH   ,P28A,L1P,GA / light,False,Day,2026-05-04 15:08:45,2026-05-04 00:00:00,925.0000296,15.530200214013568,2,,0,,,True,False,True,False,True,True
5911126280581216520,GBDZD   ,C172,L1P,GA / light,False,Day,2026-05-04 16:57:40,2026-05-04 00:00:00,1400.0000448,4.0219339797468106,9,1400.0000448,8,,,True,True,True,False,True,True
12576121653575510266,GBUFH   ,P28A,L1P,GA / light,False,Day,2026-05-04 15:48:30,2026-05-04 00:00:00,1025.0000328,16.351158994627472,18,,0,,,True,False,True,False,False,True
14391491308272684805,RYR7KY  ,,,Other,False,Day,2026-05-04 16:50:45,2026-05-04 00:00:00,,,0,,0,,,False,False,False,False,False,False
6481256225796462284,N55FB   ,,,Other,False,Day,2026-05-04 17:31:35,2026-05-04 00:00:00,1975.0000632,4.137616868825956,3,1975.0000632,2,2000.000064,-626.7565223587301,True,True,True,False,True,True
1052391468794899146,RYR80XD ,B738,L2J,Large jet,True,Evening,2026-05-04 18:22:05,2026-05-04 00:00:00,4000.000128,15.364133531132335,2,,0,,,True,False,True,False,False,True
2828896711120184595,GBGYH   ,P28A,L1P,GA / light,False,Day,2026-05-04 17:20:10,2026-05-04 00:00:00,675.0000216000001,15.88744853026005,1,,0,,,True,False,True,False,True,True
906478619064253416,GOLGE   ,SR20,,Other,False,Evening,2026-05-04 18:36:05,2026-05-04 00:00:00,1125.0000360000001,18.079380981811013,2,,0,,,True,False,True,False,False,True
15046820932425031394,TOM677F ,B738,L2J,Large jet,True,Evening,2026-05-04 21:07:05,2026-05-04 00:00:00,2450.0000784,8.566882815454317,2,2500.00008,1,2500.00008,-924.4950946026161,True,True,True,False,True,True
5454012852047289996,,AP32,L1P,GA / light,False,Evening,2026-05-04 18:59:55,2026-05-04 00:00:00,,,0,,0,,,False,False,False,False,False,False
6238825611974636195,EXS47W  ,B738,L2J,Large jet,True,Night,2026-05-04 23:01:35,2026-05-04 00:00:00,,,0,,0,,,False,False,False,False,False,False
13211093789597607919,GLIFB   ,AP32,L1P,GA / light,False,Evening,2026-05-04 19:38:35,2026-05-04 00:00:00,,,0,,0,,,False,False,False,False,False,False
16917006574225714256,EXS34HS ,B738,L2J,Large jet,True,Night,2026-05-04 22:13:05,2026-05-04 00:00:00,,,0,,0,,,False,False,False,False,True,True
1731846903840022787,RYR12YU ,B38M,L2J,Large jet,True,Evening,2026-05-04 21:56:20,2026-05-04 00:00:00,,,0,,0,,,False,False,False,False,False,False
17738217968750555993,RYR38NG ,,,Other,False,Night,2026-05-04 22:29:30,2026-05-04 00:00:00,2475.0000792,3.5646465241874856,1,2475.0000792,1,,,True,True,True,False,True,True
8118803439282818159,RYR80XD ,B738,L2J,Large jet,True,Day,2026-05-05 08:04:20,2026-05-05 00:00:00,,,0,,0,,,False,False,False,False,False,True
8939953182193338114,URO100P ,A346,L4J,Large jet,True,Day,2026-05-05 08:36:30,2026-05-05 00:00:00,,,0,,0,,,False,False,False,False,False,True
10346024541806353591,RONIN30 ,A400,,Other,False,Day,2026-05-05 07:22:20,2026-05-05 00:00:00,,,0,,0,,,False,False,False,False,False,True
80364965450250382,GBUFH   ,P28A,L1P,GA / light,False,Day,2026-05-05 08:11:55,2026-05-05 00:00:00,,,0,,0,,,False,False,False,False,False,True
8189938269177261306,BWY40   ,FA20,L2J,Business jet,False,Day,2026-05-05 09:41:45,2026-05-05 00:00:00,1475.0000472000002,15.970976478558125,8,,0,,,True,False,True,False,False,True
7438384958558983500,N936CT  ,S22T,L1P,GA / light,False,Day,2026-05-05 09:08:10,2026-05-05 00:00:00,,,0,,0,,,False,False,False,False,False,True
5111495666002154441,RYR7099 ,B38M,L2J,Large jet,True,Day,2026-05-05 09:38:35,2026-05-05 00:00:00,,,0,,0,,,False,False,False,False,False,True
1586352099521440586,GCPSS   ,C208,L1T,Turboprop,False,Day,2026-05-05 09:12:40,2026-05-05 00:00:00,,,0,,0,,,False,False,False,False,False,False
6597279952763905827,CRIMSON1,FA20,L2J,Business jet,False,Day,2026-05-05 10:18:55,2026-05-05 00:00:00,3000.000096,11.10272087023504,3,,0,,,True,False,True,False,False,True
15113500942960455949,PYN04   ,BE20,L2T,Turboprop,False,Day,2026-05-05 09:32:00,2026-05-05 00:00:00,,,0,,0,,,False,False,False,False,False,True
14608875683064744548,CRIMSON2,,,Other,False,Day,2026-05-05 10:33:00,2026-05-05 00:00:00,3050.0000976,12.085274560335755,3,,0,,,True,False,True,False,False,True
1939145300607815197,RONIN30 ,A400,,Other,False,Day,2026-05-05 11:41:55,2026-05-05 00:00:00,3000.000096,14.098501658652474,1,,0,,,True,False,True,False,False,True
16333456214873861530,GBUJP   ,P28A,L1P,GA / light,False,Day,2026-05-05 10:22:45,2026-05-05 00:00:00,1350.0000432000002,17.768283790048102,4,,0,,,True,False,True,False,True,True
3276057950930599550,GBEWR   ,C172,L1P,GA / light,False,Day,2026-05-05 10:56:25,2026-05-05 00:00:00,375.000012,18.64791404165997,6,,0,,,True,False,True,False,True,True
7873269040191252223,EXS86KL ,B738,L2J,Large jet,True,Day,2026-05-05 11:37:50,2026-05-05 00:00:00,,,0,,0,,,False,False,False,False,False,True
11210189104777955505,GBBRC   ,SUBA,L1P,GA / light,False,Day,2026-05-05 10:51:25,2026-05-05 00:00:00,1800.0000576,3.486951299050632,8,1800.0000576,7,,,True,True,True,False,True,True
4524833826451365731,GBDZD   ,C172,L1P,GA / light,False,Day,2026-05-05 10:59:55,2026-05-05 00:00:00,1300.0000416,4.600506138380335,9,1300.0000416,7,,,True,True,True,False,False,True
16893590234113680132,GBUFH   ,P28A,L1P,GA / light,False,Day,2026-05-05 10:34:10,2026-05-05 00:00:00,1100.0000352000002,18.28949797710277,6,,0,,,True,False,True,False,False,True
9947086379917065441,GBGYH   ,P28A,L1P,GA / light,False,Day,2026-05-05 10:27:25,2026-05-05 00:00:00,1175.0000376,19.936134638454416,1,,0,,,True,False,True,False,False,True
7079776155214961735,FRA65   ,CL60,L2J,Business jet,False,Day,2026-05-05 12:46:30,2026-05-05 00:00:00,,,0,,0,,,False,False,False,False,False,True
18207475991802115186,RYR8947 ,,,Other,False,Day,2026-05-05 13:29:20,2026-05-05 00:00:00,,,0,,0,,,False,False,False,False,False,False
18217342800263150543,SFU71   ,C42,L1P,GA / light,False,Day,2026-05-05 11:10:40,2026-05-05 00:00:00,,,0,,0,,,False,False,False,False,False,False
13380092046663956626,GLIFB   ,AP32,L1P,GA / light,False,Day,2026-05-05 10:59:55,2026-05-05 00:00:00,,,0,,0,,,False,False,False,False,True,True
6934104858028117726,TOM20H  ,B738,L2J,Large jet,True,Day,2026-05-05 12:27:35,2026-05-05 00:00:00,,,0,,0,,,False,False,False,False,False,True
15808978137590620164,FJO647  ,GL5T,L2J,Business jet,False,Day,2026-05-05 13:45:50,2026-05-05 00:00:00,,,0,,0,,,False,False,False,False,True,True
7472589914248693402,SFY1TM  ,DA42,L2P,GA / light,False,Day,2026-05-05 13:29:20,2026-05-05 00:00:00,1200.0000384,16.23818899305511,5,,0,,,True,False,True,False,False,True
2059128799112691809,,SR20,L1P,GA / light,False,Day,2026-05-05 11:33:20,2026-05-05 00:00:00,,,0,,0,,,False,False,False,False,False,True
7926218110694483860,GGCDB   ,SR20,L1P,GA / light,False,Day,2026-05-05 11:44:10,2026-05-05 00:00:00,,,0,,0,,,False,False,False,False,False,True
4793117579715180806,PARA8356,,,Other,False,Day,2026-05-05 13:22:50,2026-05-05 00:00:00,,,0,,0,,,False,False,False,False,False,False
3440703268462022750,GBUFH   ,P28A,L1P,GA / light,False,Day,2026-05-05 12:45:10,2026-05-05 00:00:00,1125.0000360000001,18.407073645156014,7,,0,,,True,False,True,False,False,True
8252595419499702304,RYR2XN  ,B38M,L2J,Large jet,True,Day,2026-05-05 14:18:10,2026-05-05 00:00:00,,,0,,0,,,False,False,False,False,False,True
10987786272218652381,EXS73G  ,B738,L2J,Large jet,True,Day,2026-05-05 16:22:00,2026-05-05 00:00:00,,,0,,0,,,False,False,False,False,False,True
10689437076038728212,GBEWR   ,C172,L1P,GA / light,False,Day,2026-05-05 13:28:50,2026-05-05 00:00:00,225.0000072,18.555548040922822,11,,0,,,True,False,True,False,False,True
1923359549699849531,MDUBS   ,,,Other,False,Day,2026-05-05 13:10:35,2026-05-05 00:00:00,,,0,,0,,,False,False,False,False,False,False
15216573408706734496,AMBER1  ,FA20,L2J,Business jet,False,Day,2026-05-05 14:48:50,2026-05-05 00:00:00,3025.0000968000004,8.195888294822316,2,,0,,,True,False,True,False,True,True
1859040236150245069,AMBER4  ,,,Other,False,Day,2026-05-05 14:52:40,2026-05-05 00:00:00,2900.0000928000004,14.503196304206716,3,,0,,,True,False,True,False,True,True
9453939761876572972,,P28A,L1P,GA / light,False,Day,2026-05-05 13:07:15,2026-05-05 00:00:00,,,0,,0,,,False,False,False,False,True,True
7927546772598995325,RYR117J ,,,Other,False,Day,2026-05-05 15:34:40,2026-05-05 00:00:00,,,0,,0,,,False,False,False,False,False,False
3270121780026224140,AMBER2  ,FA20,L2J,Business jet,False,Day,2026-05-05 15:23:40,2026-05-05 00:00:00,3000.000096,9.836207140438695,3,,0,,,True,False,True,False,False,True
563707007479675632,AMBER3  ,FA20,L2J,Business jet,False,Day,2026-05-05 15:30:45,2026-05-05 00:00:00,2975.0000952000005,7.714368047637527,4,,0,,,True,False,True,False,True,True
6899967098722153278,HLE10   ,A169,H2T,Helicopter,False,Day,2026-05-05 16:01:15,2026-05-05 00:00:00,725.0000232000001,19.066246879252255,9,,0,,,True,False,True,False,True,True
18399043979288392204,RYR8PA  ,B38M,L2J,Large jet,True,Day,2026-05-05 15:37:50,2026-05-05 00:00:00,,,0,,0,,,False,False,False,False,False,True
5902858183512534783,GCLZV   ,CLON,G1P,GA / light,False,Day,2026-05-05 14:59:55,2026-05-05 00:00:00,,,0,,0,,,False,False,False,False,False,False
6320615893513957374,GBEWR   ,C172,L1P,GA / light,False,Day,2026-05-05 15:38:30,2026-05-05 00:00:00,1600.0000512,18.27225990104987,1,,0,,,True,False,True,False,False,True
10364701314880583001,,DA42,L2P,GA / light,False,Day,2026-05-05 15:09:40,2026-05-05 00:00:00,,,0,,0,,,False,False,False,False,False,True
7249257531721770397,URO970P ,A346,L4J,Large jet,True,Day,2026-05-05 16:25:15,2026-05-05 00:00:00,,,0,,0,,,False,False,False,False,False,True
4471309463686523031,RYR273  ,B38M,,Large jet,True,Evening,2026-05-05 19:08:40,2026-05-05 00:00:00,25.0000008,18.627380569320234,1,,0,,,True,False,True,False,False,False
120229710756910550,GBGYH   ,P28A,L1P,GA / light,False,Day,2026-05-05 16:34:55,2026-05-05 00:00:00,,,0,,0,,,False,False,False,False,False,True
7213140329999308598,RUK1133 ,B738,L2J,Large jet,True,Day,2026-05-05 17:44:25,2026-05-05 00:00:00,,,0,,0,,,False,False,False,False,False,True
9003605065474267377,RYR384B ,B38M,L2J,Large jet,True,Evening,2026-05-05 19:58:40,2026-05-05 00:00:00,,,0,,0,,,False,False,False,False,False,False
524413368167361463,RYR12YU ,B38M,L2J,Large jet,True,Evening,2026-05-05 19:19:30,2026-05-05 00:00:00,,,0,,0,,,False,False,False,False,False,False
8376071102129096959,EXS159E ,B738,L2J,Large jet,True,Evening,2026-05-05 21:50:15,2026-05-05 00:00:00,25.0000008,18.51372067627568,1,,0,,,True,False,True,False,False,False
2253568679669964816,RYR6504 ,,,Other,False,Evening,2026-05-05 20:48:40,2026-05-05 00:00:00,,,0,,0,,,False,False,False,False,False,False
8189180582453296555,RYR363C ,B38M,L2J,Large jet,True,Evening,2026-05-05 21:23:35,2026-05-05 00:00:00,25.0000008,18.5535458224711,1,,0,,,True,False,True,False,False,False
5885306341794030356,RYR117J ,B738,L2J,Large jet,True,Day,2026-05-06 05:48:45,2026-05-06 00:00:00,,,0,,0,,,False,False,False,False,False,True
8737880931012721813,RYR7AB  ,B38M,L2J,Large jet,True,Day,2026-05-06 07:35:55,2026-05-06 00:00:00,,,0,,0,,,False,False,False,False,False,True
15858055636024830745,RYR2XN  ,B38M,L2J,Large jet,True,Day,2026-05-06 07:17:50,2026-05-06 00:00:00,,,0,,0,,,False,False,False,False,False,False
15103473137258269830,NJE4DQ  ,C68A,L2J,Business jet,False,Day,2026-05-06 07:41:40,2026-05-06 00:00:00,,,0,,0,,,False,False,False,False,False,True
724360142957635470,AMBER3  ,,,Other,False,Day,2026-05-06 09:52:55,2026-05-06 00:00:00,,,0,,0,,,False,False,False,False,True,True
15056362346677061923,AMBER1  ,FA20,L2J,Business jet,False,Day,2026-05-06 09:45:05,2026-05-06 00:00:00,,,0,,0,,,False,False,False,False,False,True
1989589543329734720,AMBER2  ,FA20,L2J,Business jet,False,Day,2026-05-06 09:58:50,2026-05-06 00:00:00,,,0,,0,,,False,False,False,False,False,True
1747683066273404115,GEIMS   ,B505,H1T,Helicopter,False,Day,2026-05-06 09:07:45,2026-05-06 00:00:00,,,0,,0,,,False,False,False,False,False,False
2264804918950797659,TOM6FL  ,B738,L2J,Large jet,True,Day,2026-05-06 10:59:15,2026-05-06 00:00:00,,,0,,0,,,False,False,False,False,False,True
13125841527585357677,GBEWR   ,C172,L1P,GA / light,False,Day,2026-05-06 10:27:45,2026-05-06 00:00:00,1175.0000376,16.81836239008991,1,,0,,,True,False,True,False,False,True
7298145828408609429,RYR363C ,,,Other,False,Day,2026-05-06 11:28:25,2026-05-06 00:00:00,,,0,,0,,,False,False,False,False,False,True
14166830965739289179,GBUFH   ,P28A,L1P,GA / light,False,Day,2026-05-06 10:19:30,2026-05-06 00:00:00,1700.0000544000002,16.915432161154136,1,,0,,,True,False,True,False,False,True
3351900019868362203,EXS61TQ ,B738,L2J,Large jet,True,Day,2026-05-06 11:32:50,2026-05-06 00:00:00,,,0,,0,,,False,False,False,False,False,True
14465016742215702948,N28SN   ,S22T,L1P,GA / light,False,Day,2026-05-06 10:31:25,2026-05-06 00:00:00,,,0,,0,,,False,False,False,False,False,True
1360887250113546087,EXS3612 ,B738,L2J,Large jet,True,Day,2026-05-06 12:43:55,2026-05-06 00:00:00,3975.0001272000004,18.747735029126492,2,,0,,,True,False,True,False,False,True
4729956787448392528,DKSTR01 ,H64,H2T,Helicopter,False,Day,2026-05-06 11:59:55,2026-05-06 00:00:00,,,0,,0,,,False,False,False,False,False,False
8515559531124758904,SFU55   ,C42,L1P,GA / light,False,Day,2026-05-06 11:09:00,2026-05-06 00:00:00,,,0,,0,,,False,False,False,False,False,True
8270867147329803469,GCDNA   ,G109,L1P,GA / light,False,Day,2026-05-06 11:13:15,2026-05-06 00:00:00,,,0,,0,,,False,False,False,False,False,False
1169395600231573838,RYR5RR  ,B38M,L2J,Large jet,True,Day,2026-05-06 13:31:55,2026-05-06 00:00:00,,,0,,0,,,False,False,False,False,False,False
13073685542751193975,GBUFH   ,P28A,L1P,GA / light,False,Day,2026-05-06 11:53:50,2026-05-06 00:00:00,1250.00004,19.605203412472093,3,,0,,,True,False,True,False,True,True
10379157053035792112,GTWIS   ,TWST,L1P,GA / light,False,Day,2026-05-06 12:13:25,2026-05-06 00:00:00,,,0,,0,,,False,False,False,False,False,True
8747305371173156094,RYR80XD ,B738,L2J,Large jet,True,Day,2026-05-06 13:53:15,2026-05-06 00:00:00,,,0,,0,,,False,False,False,False,False,True
18128223519359193824,PARA8356,,,Other,False,Day,2026-05-06 13:10:55,2026-05-06 00:00:00,,,0,,0,,,False,False,False,False,False,False
8415089640089148788,FRA65   ,CL60,L2J,Business jet,False,Day,2026-05-06 12:52:20,2026-05-06 00:00:00,,,0,,0,,,False,False,False,False,False,True
4275321674408216175,A12     ,GLID,,Other,False,Day,2026-05-06 12:11:25,2026-05-06 00:00:00,,,0,,0,,,False,False,False,False,False,False
4541551354563425035,ADRIANPG,,,Other,False,Day,2026-05-06 14:31:25,2026-05-06 00:00:00,,,0,,0,,,False,False,False,False,False,False
16444718854523781455,CRIMSON1,FA20,L2J,Business jet,False,Day,2026-05-06 14:11:05,2026-05-06 00:00:00,,,0,,0,,,False,False,False,False,False,True
13387527425741652333,CRIMSON2,,,Other,False,Day,2026-05-06 14:06:45,2026-05-06 00:00:00,,,0,,0,,,False,False,False,False,False,True
3033776347921449815,GBEWR   ,C172,L1P,GA / light,False,Day,2026-05-06 13:55:00,2026-05-06 00:00:00,,,0,,0,,,False,False,False,False,False,True
9219555342954187370,RYR6765 ,B38M,L2J,Large jet,True,Day,2026-05-06 15:02:55,2026-05-06 00:00:00,,,0,,0,,,False,False,False,False,False,False
17606677891032223130,LJC6    ,B350,L2T,Turboprop,False,Day,2026-05-06 15:47:30,2026-05-06 00:00:00,,,0,,0,,,False,False,False,False,False,True
7042797188207522440,GLIFB   ,AP32,L1P,GA / light,False,Day,2026-05-06 13:57:25,2026-05-06 00:00:00,,,0,,0,,,False,False,False,False,False,False
18128912400937092535,GOLGE   ,SR20,,Other,False,Day,2026-05-06 14:24:25,2026-05-06 00:00:00,1600.0000512,15.890888684676897,2,,0,,,True,False,True,False,False,True
13040324703173296522,GGCDB   ,SR20,L1P,GA / light,False,Day,2026-05-06 14:11:55,2026-05-06 00:00:00,1400.0000448,19.17220506577495,1,,0,,,True,False,True,False,False,True
1740176177986103546,GBGYH   ,P28A,L1P,GA / light,False,Day,2026-05-06 14:24:45,2026-05-06 00:00:00,,,0,,0,,,False,False,False,False,False,True
16728425278299602886,SFY1TM  ,DA42,L2P,GA / light,False,Day,2026-05-06 14:59:55,2026-05-06 00:00:00,,,0,,0,,,False,False,False,False,False,True
1929738488538383938,GCISE   ,PULS,L1P,GA / light,False,Day,2026-05-06 15:11:00,2026-05-06 00:00:00,,,0,,0,,,False,False,False,False,False,True
935400639592294181,GOLAJ   ,R44,H1P,Helicopter,False,Day,2026-05-06 15:33:55,2026-05-06 00:00:00,1025.0000328,17.60613460906759,2,,0,,,True,False,True,False,True,True
2682327922063267637,GCMPF   ,C42,,Other,False,Day,2026-05-06 14:59:55,2026-05-06 00:00:00,,,0,,0,,,False,False,False,False,False,False
11100135179331000274,GBUFH   ,P28A,L1P,GA / light,False,Day,2026-05-06 15:32:40,2026-05-06 00:00:00,1475.0000472000002,16.58952830313303,1,,0,,,True,False,True,False,True,True
9159405474696725416,RYR3318 ,,,Other,False,Day,2026-05-06 17:00:45,2026-05-06 00:00:00,25.0000008,18.642992481241695,1,,0,,,True,False,True,False,False,False
6938535716075320216,N363KC  ,S22T,L1P,GA / light,False,Day,2026-05-06 15:53:40,2026-05-06 00:00:00,,,0,,0,,,False,False,False,False,False,True
11222312739343756940,GBEWR   ,C172,L1P,GA / light,False,Day,2026-05-06 16:24:50,2026-05-06 00:00:00,1200.0000384,16.853862697024528,12,,0,,,True,False,True,False,False,True
10370356238220015075,GCDOK   ,C42,L1P,GA / light,False,Day,2026-05-06 17:07:00,2026-05-06 00:00:00,,,0,,0,,,False,False,False,False,False,True
6818754135848553431,2CLRK   ,EA50,L2J,Business jet,False,Day,2026-05-06 17:15:05,2026-05-06 00:00:00,1150.0000368,11.699664319982952,5,1525.0000488,1,2000.000064,-769.7920773597928,True,True,True,False,True,True
16339096426915188580,GCMPF   ,C42,,Other,False,Day,2026-05-06 17:06:30,2026-05-06 00:00:00,,,0,,0,,,False,False,False,False,False,False
9968669159064591133,GOLAJ   ,R44,H1P,Helicopter,False,Day,2026-05-06 16:37:15,2026-05-06 00:00:00,1075.0000344,16.64430235834696,3,,0,,,True,False,True,False,False,True
2256705218746069017,SFY1TM  ,DA42,L2P,GA / light,False,Day,2026-05-06 17:58:05,2026-05-06 00:00:00,1375.0000440000001,8.810715498089492,1,,0,,,True,False,True,False,False,True
13497716238935530882,GCPSS   ,C208,L1T,Turboprop,False,Day,2026-05-06 17:51:10,2026-05-06 00:00:00,,,0,,0,,,False,False,False,False,False,False
3444339946729984288,EXS82F  ,B738,L2J,Large jet,True,Night,2026-05-06 22:19:55,2026-05-06 00:00:00,,,0,,0,,,False,False,False,False,False,False
13691669209011454899,GMA23   ,BE20,L2T,Turboprop,False,Evening,2026-05-06 19:49:35,2026-05-06 00:00:00,,,0,,0,,,False,False,False,False,True,True
17863083056629859598,TOM7MH  ,B738,L2J,Large jet,True,Night,2026-05-06 22:57:00,2026-05-06 00:00:00,,,0,,0,,,False,False,False,False,False,False
16927415270194012485,GCISE   ,PULS,L1P,GA / light,False,Evening,2026-05-06 18:46:20,2026-05-06 00:00:00,,,0,,0,,,False,False,False,False,False,True
8337631225621342711,EXS81AW ,B738,L2J,Large jet,True,Night,2026-05-06 22:32:50,2026-05-06 00:00:00,2925.0000936,1.1700581952362228,3,2925.0000936,3,2925.0000936,-10.949700674743326,True,True,True,False,True,True
1029944167401494955,UGLY21  ,,,Other,False,Evening,2026-05-06 20:59:55,2026-05-06 00:00:00,,,0,,0,,,False,False,False,False,False,True
12412759461754522293,RYR12YU ,B38M,L2J,Large jet,True,Evening,2026-05-06 21:28:20,2026-05-06 00:00:00,,,0,,0,,,False,False,False,False,False,False
4397723345824095513,RYR7KY  ,,,Other,False,Evening,2026-05-06 21:26:15,2026-05-06 00:00:00,,,0,,0,,,False,False,False,False,False,False
5290311121905371895,RYR2XN  ,B38M,,Large jet,True,Day,2026-05-07 06:49:10,2026-05-07 00:00:00,,,0,,0,,,False,False,False,False,False,False
18431264143890534722,RONIN32 ,A400,,Other,False,Day,2026-05-07 07:48:05,2026-05-07 00:00:00,,,0,,0,,,False,False,False,False,False,True
8374229275317241748,RYR9356 ,,,Other,False,Day,2026-05-07 10:20:10,2026-05-07 00:00:00,,,0,,0,,,False,False,False,False,False,False
5366600408356766652,GBPAF   ,P28A,L1P,GA / light,False,Day,2026-05-07 09:25:25,2026-05-07 00:00:00,,,0,,0,,,False,False,False,False,False,True
3359686626498566943,TOM2BJ  ,B738,L2J,Large jet,True,Day,2026-05-07 11:34:35,2026-05-07 00:00:00,,,0,,0,,,False,False,False,False,False,True
14347127049355909464,GCKYL   ,C42,L1P,GA / light,False,Day,2026-05-07 09:59:45,2026-05-07 00:00:00,,,0,,0,,,False,False,False,False,False,False
5975843517725626760,EXS26Q  ,B738,L2J,Large jet,True,Day,2026-05-07 13:31:00,2026-05-07 00:00:00,,,0,,0,,,False,False,False,False,False,True
3056866483890487625,GKY514  ,GL5T,L2J,Business jet,False,Day,2026-05-07 10:39:15,2026-05-07 00:00:00,2950.0000944000003,7.2208225806885835,1,,0,,,True,False,True,False,False,True
13170750286763514032,HLE10   ,A169,H2T,Helicopter,False,Day,2026-05-07 10:50:55,2026-05-07 00:00:00,,,0,,0,,,False,False,False,False,False,False
2915283213516540318,GBEWR   ,C172,L1P,GA / light,False,Day,2026-05-07 11:18:35,2026-05-07 00:00:00,1700.0000544000002,17.442243165445245,1,,0,,,True,False,True,False,False,True
2273929285213103678,NJE663P ,C68A,L2J,Business jet,False,Day,2026-05-07 13:26:20,2026-05-07 00:00:00,,,0,,0,,,False,False,False,False,False,True
10758387577945866957,EXS93HQ ,B738,L2J,Large jet,True,Day,2026-05-07 14:50:25,2026-05-07 00:00:00,,,0,,0,,,False,False,False,False,False,True
14702418611314774678,AMBER1  ,FA20,L2J,Business jet,False,Day,2026-05-07 12:58:25,2026-05-07 00:00:00,,,0,,0,,,False,False,False,False,False,True
4844967203282158757,,C172,L1P,GA / light,False,Day,2026-05-07 11:01:15,2026-05-07 00:00:00,,,0,,0,,,False,False,False,False,False,False
17348605307763574899,AMBER3  ,,,Other,False,Day,2026-05-07 13:02:15,2026-05-07 00:00:00,,,0,,0,,,False,False,False,False,False,True
15033941010352990348,,R44,H1P,Helicopter,False,Day,2026-05-07 11:10:15,2026-05-07 00:00:00,,,0,,0,,,False,False,False,False,False,False
8903455066060411481,AMBER2  ,FA20,L2J,Business jet,False,Day,2026-05-07 13:07:45,2026-05-07 00:00:00,,,0,,0,,,False,False,False,False,False,True
10444133635422522649,CFARA   ,SC7,L2T,Turboprop,False,Day,2026-05-07 12:31:40,2026-05-07 00:00:00,,,0,,0,,,False,False,False,False,False,False
14329553020504266273,BTNIA11 ,G115,L1P,GA / light,False,Day,2026-05-07 12:37:45,2026-05-07 00:00:00,,,0,,0,,,False,False,False,False,False,False
11857004419475556444,URO901  ,A346,L4J,Large jet,True,Day,2026-05-07 14:53:25,2026-05-07 00:00:00,,,0,,0,,,False,False,False,False,False,True
17382362632482218422,GARVV   ,P28A,L1P,GA / light,False,Day,2026-05-07 15:09:05,2026-05-07 00:00:00,,,0,,0,,,False,False,False,False,False,False
8098027329750822059,GYULL   ,P28A,L1P,GA / light,False,Day,2026-05-07 12:58:25,2026-05-07 00:00:00,,,0,,0,,,False,False,False,False,False,False
6744737510241513271,RYR5RR  ,B38M,L2J,Large jet,True,Day,2026-05-07 14:35:40,2026-05-07 00:00:00,,,0,,0,,,False,False,False,False,False,False
3872739694786666408,SFY1TM  ,DA42,L2P,GA / light,False,Day,2026-05-07 13:14:55,2026-05-07 00:00:00,,,0,,0,,,False,False,False,False,False,True
2242430114484444013,GBRJV   ,P28A,L1P,GA / light,False,Day,2026-05-07 13:56:05,2026-05-07 00:00:00,,,0,,0,,,False,False,False,False,True,True
14072685490946492664,GCISE   ,PULS,L1P,GA / light,False,Day,2026-05-07 13:47:30,2026-05-07 00:00:00,,,0,,0,,,False,False,False,False,False,True
9066703118619212008,GOLAJ   ,R44,H1P,Helicopter,False,Day,2026-05-07 14:13:10,2026-05-07 00:00:00,,,0,,0,,,False,False,False,False,False,True
10333237360181186040,GULAS   ,DHC1,L1P,GA / light,False,Day,2026-05-07 14:39:05,2026-05-07 00:00:00,,,0,,0,,,False,False,False,False,False,False
16720791741089058938,GMA19   ,BE20,L2T,Turboprop,False,Day,2026-05-07 14:41:35,2026-05-07 00:00:00,,,0,,0,,,False,False,False,False,False,False
18106822760733827150,RYR12YU ,,,Other,False,Day,2026-05-07 15:58:40,2026-05-07 00:00:00,,,0,,0,,,False,False,False,False,False,False
8173715272768170613,BTNIA19 ,G115,L1P,GA / light,False,Day,2026-05-07 15:21:30,2026-05-07 00:00:00,,,0,,0,,,False,False,False,False,False,False
12283240614498568938,GBUFH   ,P28A,L1P,GA / light,False,Day,2026-05-07 15:22:45,2026-05-07 00:00:00,1650.0000528,16.520859538234074,1,,0,,,True,False,True,False,True,True
15460493344325594064,GBEWR   ,C172,L1P,GA / light,False,Day,2026-05-07 15:48:55,2026-05-07 00:00:00,1075.0000344,17.450886233688585,3,,0,,,True,False,True,False,False,True
7632556090682593828,HLE10   ,A169,H2T,Helicopter,False,Day,2026-05-07 15:09:20,2026-05-07 00:00:00,,,0,,0,,,False,False,False,False,False,True
12213511321941357235,GWLGC   ,P28A,L1P,GA / light,False,Day,2026-05-07 15:22:10,2026-05-07 00:00:00,700.0000224,18.24647243053019,3,,0,,,True,False,True,False,True,True
13333856159983834084,,P28A,L1P,GA / light,False,Day,2026-05-07 15:17:00,2026-05-07 00:00:00,,,0,,0,,,False,False,False,False,False,False
13158276144018345773,GBGYH   ,P28A,L1P,GA / light,False,Day,2026-05-07 15:27:25,2026-05-07 00:00:00,,,0,,0,,,False,False,False,False,False,True
12638448777699622659,GSFLA   ,C42,L1P,GA / light,False,Day,2026-05-07 16:29:40,2026-05-07 00:00:00,,,0,,0,,,False,False,False,False,False,True
8773097964571944828,SRD375  ,A139,,Other,False,Evening,2026-05-07 18:20:40,2026-05-07 00:00:00,,,0,,0,,,False,False,False,False,False,True
12274978757452317228,GFXBT   ,AP22,L1P,GA / light,False,Day,2026-05-07 17:58:35,2026-05-07 00:00:00,,,0,,0,,,False,False,False,False,False,True
5413703717585518860,GCISE   ,PULS,L1P,GA / light,False,Day,2026-05-07 17:39:25,2026-05-07 00:00:00,,,0,,0,,,False,False,False,False,False,False
7539913448892991058,RYR80XD ,B38M,L2J,Large jet,True,Evening,2026-05-07 19:40:40,2026-05-07 00:00:00,,,0,,0,,,False,False,False,False,False,False
18356042081570595704,EXS37EJ ,B738,L2J,Large jet,True,Evening,2026-05-07 21:10:50,2026-05-07 00:00:00,,,0,,0,,,False,False,False,False,False,False
11339140742225468086,RYR117J ,B38M,L2J,Large jet,True,Evening,2026-05-07 21:26:55,2026-05-07 00:00:00,,,0,,0,,,False,False,False,False,False,False
11631600013089995646,EXS3624 ,B738,L2J,Large jet,True,Night,2026-05-07 22:12:00,2026-05-07 00:00:00,3200.0001024,1.343003243147222,1,3200.0001024,1,3175.0001016,-98.7307313953288,True,True,True,False,True,True
1500834130420379486,RYR8PA  ,,,Other,False,Night,2026-05-07 22:00:35,2026-05-07 00:00:00,,,0,,0,,,False,False,False,False,False,False
2601086092232797506,RUK1133 ,B738,L2J,Large jet,True,Evening,2026-05-07 21:21:45,2026-05-07 00:00:00,1900.0000608,3.0874017819516775,2,1900.0000608,1,,,True,True,True,False,True,True
14498869206715968800,HLE10   ,A169,H2T,Helicopter,False,Night,2026-05-08 02:09:20,2026-05-08 00:00:00,,,0,,0,,,False,False,False,False,False,False
7769363549827983432,FJO649  ,GLF6,L2J,Business jet,False,Day,2026-05-08 09:01:35,2026-05-08 00:00:00,,,0,,0,,,False,False,False,False,False,True
4810775758442359883,FRA97   ,FA20,L2J,Business jet,False,Day,2026-05-08 10:41:30,2026-05-08 00:00:00,,,0,,0,,,False,False,False,False,False,True
17953168504120774278,SFY1TM  ,DA42,L2P,GA / light,False,Day,2026-05-08 09:20:55,2026-05-08 00:00:00,1075.0000344,16.30116893056383,6,,0,,,True,False,True,False,False,True
15770248064490276373,RYR38NG ,B38M,L2J,Large jet,True,Day,2026-05-08 10:55:35,2026-05-08 00:00:00,,,0,,0,,,False,False,False,False,False,True
9861009872000590999,GCPSS   ,C208,L1T,Turboprop,False,Day,2026-05-08 09:19:15,2026-05-08 00:00:00,,,0,,0,,,False,False,False,False,False,False
10314364518635024033,RYR384B ,,,Other,False,Day,2026-05-08 12:28:05,2026-05-08 00:00:00,,,0,,0,,,False,False,False,False,False,False
12144689649528855522,GBUFH   ,P28A,L1P,GA / light,False,Day,2026-05-08 09:59:55,2026-05-08 00:00:00,1000.000032,17.471396318131365,10,,0,,,True,False,True,False,False,True
16456657733964462094,EXS697J ,B738,,Large jet,True,Day,2026-05-08 11:47:55,2026-05-08 00:00:00,,,0,,0,,,False,False,False,False,False,True
8524728049902601323,RYR12YU ,B738,L2J,Large jet,True,Day,2026-05-08 11:28:05,2026-05-08 00:00:00,,,0,,0,,,False,False,False,False,False,False
2142407324055759446,N257SA  ,PA32,L1P,GA / light,False,Day,2026-05-08 10:10:30,2026-05-08 00:00:00,,,0,,0,,,False,False,False,False,False,False
16667450574261030850,GGCDB   ,SR20,L1P,GA / light,False,Day,2026-05-08 10:06:55,2026-05-08 00:00:00,,,0,,0,,,False,False,False,False,False,True
14691926787705891666,N93MD   ,AS65,H2T,Helicopter,False,Day,2026-05-08 10:43:10,2026-05-08 00:00:00,600.0000192,18.54103497721318,24,750.000024,7,900.0000288,-2313.643068776748,True,True,True,True,True,True
7782722560892209505,URO901  ,A346,L4J,Large jet,True,Day,2026-05-08 13:11:55,2026-05-08 00:00:00,,,0,,0,,,False,False,False,False,False,True
4133715220034283678,GBEWR   ,C172,L1P,GA / light,False,Day,2026-05-08 10:56:55,2026-05-08 00:00:00,1725.0000552,16.618002180337147,1,,0,,,True,False,True,False,True,True
6726920084181919846,RYR80XD ,B738,L2J,Large jet,True,Day,2026-05-08 12:53:55,2026-05-08 00:00:00,,,0,,0,,,False,False,False,False,False,False
12098809487943817228,EXS61TQ ,B738,L2J,Large jet,True,Day,2026-05-08 12:47:30,2026-05-08 00:00:00,,,0,,0,,,False,False,False,False,False,False
13079973831771813393,TOM6CV  ,B738,L2J,Large jet,True,Day,2026-05-08 13:54:15,2026-05-08 00:00:00,,,0,,0,,,False,False,False,False,False,True
16255165064363645328,N93MD   ,AS65,H2T,Helicopter,False,Day,2026-05-08 11:26:30,2026-05-08 00:00:00,750.000024,18.499133485855793,3,,0,,,True,False,True,False,False,True
6367709877895321156,SFY1TM  ,DA42,L2P,GA / light,False,Day,2026-05-08 11:58:15,2026-05-08 00:00:00,,,0,,0,,,False,False,False,False,False,True
12695153560282792449,2CLRK   ,EA50,L2J,Business jet,False,Day,2026-05-08 12:57:05,2026-05-08 00:00:00,2900.0000928000004,10.931411922317988,3,,0,,,True,False,True,False,False,True
1905548458530476755,GAWUZ   ,C172,L1P,GA / light,False,Day,2026-05-08 11:53:00,2026-05-08 00:00:00,,,0,,0,,,False,False,False,False,False,False
3776879967705746907,RYR2XN  ,B738,L2J,Large jet,True,Day,2026-05-08 13:39:20,2026-05-08 00:00:00,,,0,,0,,,False,False,False,False,False,False
2160871911348562443,GMOSH   ,P28R,L1P,GA / light,False,Day,2026-05-08 12:46:50,2026-05-08 00:00:00,1100.0000352000002,19.240632535691983,4,,0,,,True,False,True,False,True,True
6017649539387508687,OHDEN   ,PC12,L1T,Turboprop,False,Day,2026-05-08 14:12:45,2026-05-08 00:00:00,,,0,,0,,,False,False,False,False,True,True
2999058571957624118,GOLGE   ,SR20,,Other,False,Day,2026-05-08 12:43:30,2026-05-08 00:00:00,,,0,,0,,,False,False,False,False,False,True
1802767139082756743,GOLAJ   ,R44,H1P,Helicopter,False,Day,2026-05-08 13:12:15,2026-05-08 00:00:00,,,0,,0,,,False,False,False,False,False,True
9040805074702929813,GBUFH   ,P28A,L1P,GA / light,False,Day,2026-05-08 12:57:00,2026-05-08 00:00:00,1100.0000352000002,19.308610716625314,6,,0,,,True,False,True,False,False,True
16342999363650875877,GMA19   ,BE20,L2T,Turboprop,False,Day,2026-05-08 14:15:40,2026-05-08 00:00:00,,,0,,0,,,False,False,False,False,False,True
6894719480158633001,GBGYH   ,P28A,L1P,GA / light,False,Day,2026-05-08 13:59:55,2026-05-08 00:00:00,900.0000288,18.463537163067503,1,,0,,,True,False,True,False,True,True
455622617354550906,SFY1TM  ,DA42,L2P,GA / light,False,Day,2026-05-08 14:23:50,2026-05-08 00:00:00,,,0,,0,,,False,False,False,False,False,True
8914080499507178327,NJE828Y ,E55P,L2J,Business jet,False,Day,2026-05-08 17:14:30,2026-05-08 00:00:00,,,0,,0,,,False,False,False,False,False,True
9241285958331768593,2CLRK   ,EA50,L2J,Business jet,False,Day,2026-05-08 15:40:50,2026-05-08 00:00:00,2900.0000928000004,11.816115658748803,1,,0,,,True,False,True,False,False,True
8683361110639553744,GBEWR   ,C172,L1P,GA / light,False,Day,2026-05-08 14:51:35,2026-05-08 00:00:00,1450.0000464000002,16.30262352816605,1,,0,,,True,False,True,False,True,True
14406163091407119847,GNTSI   ,,,Other,False,Day,2026-05-08 14:52:55,2026-05-08 00:00:00,,,0,,0,,,False,False,False,False,False,False
4094871016859723409,RYR5RR  ,B38M,L2J,Large jet,True,Day,2026-05-08 17:08:50,2026-05-08 00:00:00,,,0,,0,,,False,False,False,False,False,False
4120691666782690345,EIX59E  ,,,Other,False,Day,2026-05-08 15:51:05,2026-05-08 00:00:00,,,0,,0,,,False,False,False,False,False,True
1983696368055005896,GBUFH   ,P28A,L1P,GA / light,False,Day,2026-05-08 16:14:35,2026-05-08 00:00:00,1000.000032,18.536379041533714,12,,0,,,True,False,True,False,False,True
453914925712232468,GBEWR   ,C172,L1P,GA / light,False,Day,2026-05-08 16:07:40,2026-05-08 00:00:00,1000.000032,18.478662468036703,1,,0,,,True,False,True,False,True,True
12391574427721090501,RYR9911 ,B738,L2J,Large jet,True,Day,2026-05-08 17:35:30,2026-05-08 00:00:00,,,0,,0,,,False,False,False,False,False,True
1518732250314730754,GOLGE   ,SR20,,Other,False,Day,2026-05-08 16:46:55,2026-05-08 00:00:00,1675.0000536,16.261139684665615,1,,0,,,True,False,True,False,False,True
424342535013412855,GCPSS   ,C208,L1T,Turboprop,False,Day,2026-05-08 17:23:40,2026-05-08 00:00:00,,,0,,0,,,False,False,False,False,False,False
13498512652877320110,SFY1TM  ,DA42,L2P,GA / light,False,Day,2026-05-08 17:57:05,2026-05-08 00:00:00,,,0,,0,,,False,False,False,False,False,True
9159989952060267165,BIO05   ,P68,,Other,False,Evening,2026-05-08 18:27:45,2026-05-08 00:00:00,,,0,,0,,,False,False,False,False,False,True
3755959458682546398,GCPSS   ,C208,L1T,Turboprop,False,Evening,2026-05-08 18:33:15,2026-05-08 00:00:00,,,0,,0,,,False,False,False,False,False,False
15510226978944450478,RYR22ZK ,,,Other,False,Evening,2026-05-08 21:22:10,2026-05-08 00:00:00,,,0,,0,,,False,False,False,False,False,False
3425515707255561044,APX824  ,C525,L2J,Business jet,False,Evening,2026-05-08 19:44:50,2026-05-08 00:00:00,1925.0000616,3.373079124529163,2,1925.0000616,2,,,True,True,True,False,True,True
979859709173242924,EXS159E ,B738,,Large jet,True,Evening,2026-05-08 21:48:10,2026-05-08 00:00:00,,,0,,0,,,False,False,False,False,False,False
10558649794592675582,RUK1133 ,B738,L2J,Large jet,True,Evening,2026-05-08 21:03:50,2026-05-08 00:00:00,1900.0000608,3.77181901010009,1,1900.0000608,1,,,True,True,True,False,True,True
13034701026783923230,EXS34HS ,B738,L2J,Large jet,True,Night,2026-05-08 22:07:30,2026-05-08 00:00:00,2400.0000768,3.186879103927492,1,2400.0000768,1,,,True,True,True,False,True,True
12533130716082848979,TOM299  ,B738,L2J,Large jet,True,Night,2026-05-09 00:10:45,2026-05-08 00:00:00,,,0,,0,,,False,False,False,False,False,False
3723699545121665200,GMA23   ,BE20,L2T,Turboprop,False,Night,2026-05-08 22:02:10,2026-05-08 00:00:00,2400.0000768,0.7204642996670365,1,2400.0000768,1,2400.0000768,-673.1396711610751,True,True,True,False,True,True
438393358303337085,HLE10   ,A169,H2T,Helicopter,False,Night,2026-05-08 22:53:25,2026-05-08 00:00:00,,,0,,0,,,False,False,False,False,False,False
10902317848176554045,RYR384B ,B38M,L2J,Large jet,True,Day,2026-05-09 07:06:55,2026-05-09 00:00:00,,,0,,0,,,False,False,False,False,False,False
17336873010635685050,RYR6504 ,B738,L2J,Large jet,True,Day,2026-05-09 06:24:35,2026-05-09 00:00:00,,,0,,0,,,False,False,False,False,False,False
2865385262843889808,RYR117J ,B38M,L2J,Large jet,True,Day,2026-05-09 06:05:15,2026-05-09 00:00:00,,,0,,0,,,False,False,False,False,False,False
1072290108522051536,RYR273  ,,,Other,False,Day,2026-05-09 08:50:20,2026-05-09 00:00:00,,,0,,0,,,False,False,False,False,False,True
17593928015686599400,RYR80XD ,B738,L2J,Large jet,True,Day,2026-05-09 09:12:10,2026-05-09 00:00:00,,,0,,0,,,False,False,False,False,False,True
993766183343620487,RYR7099 ,,,Other,False,Day,2026-05-09 08:24:00,2026-05-09 00:00:00,,,0,,0,,,False,False,False,False,False,True
7724184345980635043,BIO05   ,P68,,Other,False,Day,2026-05-09 12:54:25,2026-05-09 00:00:00,825.0000264,15.598570176158715,2,,0,,,True,False,True,False,True,True
11575488003556653291,GEPEE   ,,,Other,False,Day,2026-05-09 08:52:00,2026-05-09 00:00:00,,,0,,0,,,False,False,False,False,False,False
10135545367102533043,GBBXW   ,P28A,L1P,GA / light,False,Day,2026-05-09 10:29:50,2026-05-09 00:00:00,1475.0000472000002,3.16344571461745,12,1475.0000472000002,12,1550.0000496,-1257.7695916665928,True,True,True,True,True,True
10482148880391517348,ABLE06  ,,,Other,False,Day,2026-05-09 09:18:35,2026-05-09 00:00:00,,,0,,0,,,False,False,False,False,True,True
10686788222469069555,GCKYL   ,C42,L1P,GA / light,False,Day,2026-05-09 10:21:20,2026-05-09 00:00:00,,,0,,0,,,False,False,False,False,False,True
9467155359154666966,GASIL   ,P28A,L1P,GA / light,False,Day,2026-05-09 10:12:30,2026-05-09 00:00:00,,,0,,0,,,False,False,False,False,True,True
1784434370991808779,GHAMD   ,EFOX,L1P,GA / light,False,Day,2026-05-09 11:27:40,2026-05-09 00:00:00,,,0,,0,,,False,False,False,False,False,False
5376542284877592220,GDLOM   ,TB20,L1P,GA / light,False,Day,2026-05-09 11:06:55,2026-05-09 00:00:00,1075.0000344,19.443419880495984,2,,0,,,True,False,True,False,True,True
14797394834388530907,GLHER   ,CRUZ,L1P,GA / light,False,Day,2026-05-09 11:06:55,2026-05-09 00:00:00,,,0,,0,,,False,False,False,False,False,True
12124416828353066762,GCDOK   ,C42,L1P,GA / light,False,Day,2026-05-09 11:27:55,2026-05-09 00:00:00,1500.000048,2.041587902835655,1,1500.000048,1,1500.000048,-1522.868889255147,True,True,True,True,True,True
8813627350465284572,SFY1TM  ,DA42,L2P,GA / light,False,Day,2026-05-09 10:22:55,2026-05-09 00:00:00,,,0,,0,,,False,False,False,False,False,True
17055889601882666444,,P28A,L1P,GA / light,False,Day,2026-05-09 10:20:50,2026-05-09 00:00:00,,,0,,0,,,False,False,False,False,False,False
5465701487520701849,GBUFH   ,P28A,L1P,GA / light,False,Day,2026-05-09 10:37:10,2026-05-09 00:00:00,,,0,,0,,,False,False,False,False,False,True
11091021293412015214,TOM2CD  ,B738,L2J,Large jet,True,Day,2026-05-09 12:28:30,2026-05-09 00:00:00,,,0,,0,,,False,False,False,False,False,True
9169686596148819128,HLE10   ,A169,H2T,Helicopter,False,Day,2026-05-09 10:53:10,2026-05-09 00:00:00,,,0,,0,,,False,False,False,False,False,True
16797849182761158880,GCLRW   ,P28R,L1P,GA / light,False,Day,2026-05-09 11:12:45,2026-05-09 00:00:00,,,0,,0,,,False,False,False,False,False,True
10825226907376142461,ADRIANPG,,,Other,False,Day,2026-05-09 11:26:55,2026-05-09 00:00:00,,,0,,0,,,False,False,False,False,False,False
10727186951942201160,GFJTH   ,AP22,L1P,GA / light,False,Day,2026-05-09 11:29:45,2026-05-09 00:00:00,,,0,,0,,,False,False,False,False,False,False
13868096600342647496,GSPRK   ,RV4,L1P,GA / light,False,Day,2026-05-09 11:10:00,2026-05-09 00:00:00,,,0,,0,,,False,False,False,False,False,False
11792118603349733992,SFY1TM  ,DA42,L2P,GA / light,False,Day,2026-05-09 11:59:55,2026-05-09 00:00:00,550.0000176000001,16.582980690696683,13,,0,,,True,False,True,False,False,True
3477466792226460171,EXS52TY ,B738,L2J,Large jet,True,Day,2026-05-09 14:53:50,2026-05-09 00:00:00,,,0,,0,,,False,False,False,False,False,True
12437477062417036398,GOLAJ   ,R44,H1P,Helicopter,False,Day,2026-05-09 12:08:55,2026-05-09 00:00:00,1325.0000424,16.236716218997227,1,,0,,,True,False,True,False,False,True
6842722105089160817,GBUFH   ,P28A,L1P,GA / light,False,Day,2026-05-09 12:39:30,2026-05-09 00:00:00,1775.0000568,16.8504779947839,1,,0,,,True,False,True,False,True,True
4900331793071540296,SRG375  ,A139,,Other,False,Day,2026-05-09 12:44:30,2026-05-09 00:00:00,,,0,,0,,,False,False,False,False,False,True
15187601246807686675,RYR5RR  ,B738,L2J,Large jet,True,Day,2026-05-09 14:06:10,2026-05-09 00:00:00,,,0,,0,,,False,False,False,False,False,True
14195486189020341241,GCDAB   ,UNDEFINED,,Other,False,Day,2026-05-09 12:25:05,2026-05-09 00:00:00,,,0,,0,,,False,False,False,False,False,True
14360321662593067312,RYR8PA  ,B38M,L2J,Large jet,True,Day,2026-05-09 13:52:20,2026-05-09 00:00:00,,,0,,0,,,False,False,False,False,False,False
6899136134270456260,GCBCL   ,GLST,L1P,GA / light,False,Day,2026-05-09 12:41:05,2026-05-09 00:00:00,,,0,,0,,,False,False,False,False,False,True
8680996055487943936,GARKM   ,PA22,L1P,GA / light,False,Day,2026-05-09 12:59:55,2026-05-09 00:00:00,,,0,,0,,,False,False,False,False,False,False
3362029236489554417,GGCDB   ,SR20,L1P,GA / light,False,Day,2026-05-09 12:29:25,2026-05-09 00:00:00,,,0,,0,,,False,False,False,False,False,True
16339826430569225681,GBGYH   ,P28A,L1P,GA / light,False,Day,2026-05-09 13:06:00,2026-05-09 00:00:00,,,0,,0,,,False,False,False,False,False,True
9455452072458876679,GBZTN   ,EUPA,L1P,GA / light,False,Day,2026-05-09 13:26:40,2026-05-09 00:00:00,,,0,,0,,,False,False,False,False,False,True
7452180862025490951,EXS86KL ,B738,,Large jet,True,Day,2026-05-09 14:37:55,2026-05-09 00:00:00,,,0,,0,,,False,False,False,False,False,True
11689095574889337193,RYR3318 ,B38M,L2J,Large jet,True,Day,2026-05-09 14:46:50,2026-05-09 00:00:00,,,0,,0,,,False,False,False,False,False,True
14847334672808048689,RYR12YU ,,,Other,False,Day,2026-05-09 14:32:10,2026-05-09 00:00:00,,,0,,0,,,False,False,False,False,False,True
5863548705672490485,GORRG   ,DR40,L1P,GA / light,False,Day,2026-05-09 13:15:15,2026-05-09 00:00:00,,,0,,0,,,False,False,False,False,False,False
13116450077198317124,HLE10   ,A169,H2T,Helicopter,False,Day,2026-05-09 13:07:05,2026-05-09 00:00:00,,,0,,0,,,False,False,False,False,False,True
3502354393307035913,GASIL   ,P28A,L1P,GA / light,False,Day,2026-05-09 13:38:05,2026-05-09 00:00:00,,,0,,0,,,False,False,False,False,False,True
9139949999464427690,GXIVA   ,RV14,L1P,GA / light,False,Day,2026-05-09 14:03:20,2026-05-09 00:00:00,,,0,,0,,,False,False,False,False,False,True
13874296578974044680,GFLOE   ,R66,H1T,Helicopter,False,Day,2026-05-09 14:22:15,2026-05-09 00:00:00,,,0,,0,,,False,False,False,False,True,True
706638704914314008,GOLAJ   ,R44,H1P,Helicopter,False,Day,2026-05-09 14:51:10,2026-05-09 00:00:00,,,0,,0,,,False,False,False,False,False,True
6400543149130071167,GBWOH   ,P28A,L1P,GA / light,False,Day,2026-05-09 14:49:10,2026-05-09 00:00:00,2575.0000824,18.588406411576695,6,,0,,,True,False,True,False,True,True
14694191248848691363,GBEWR   ,C172,L1P,GA / light,False,Day,2026-05-09 15:17:05,2026-05-09 00:00:00,,,0,,0,,,False,False,False,False,False,True
11777836676176590200,,DR40,L1P,GA / light,False,Day,2026-05-09 14:16:20,2026-05-09 00:00:00,,,0,,0,,,False,False,False,False,False,False
2711332477763976660,UPAVON  ,,,Other,False,Day,2026-05-09 15:32:10,2026-05-09 00:00:00,,,0,,0,,,False,False,False,False,False,False
4646771849697227667,GCDOK   ,C42,L1P,GA / light,False,Day,2026-05-09 16:10:20,2026-05-09 00:00:00,,,0,,0,,,False,False,False,False,False,True
15511331678726372266,EIX59E  ,,,Other,False,Day,2026-05-09 16:10:30,2026-05-09 00:00:00,,,0,,0,,,False,False,False,False,False,True
11286867251621304979,SFY1TM  ,DA42,L2P,GA / light,False,Day,2026-05-09 17:08:40,2026-05-09 00:00:00,475.0000152,16.12650093949938,10,,0,,,True,False,True,False,False,True
201209570965998278,GMA19   ,BE20,L2T,Turboprop,False,Day,2026-05-09 17:26:35,2026-05-09 00:00:00,,,0,,0,,,False,False,False,False,False,True
14379270481066347239,RYR7AB  ,,,Other,False,Evening,2026-05-09 20:44:10,2026-05-09 00:00:00,,,0,,0,,,False,False,False,False,False,False
3658420432610152416,RYR2XN  ,B38M,L2J,Large jet,True,Evening,2026-05-09 20:45:55,2026-05-09 00:00:00,,,0,,0,,,False,False,False,False,False,False
13351564464285596438,TOM14X  ,B738,L2J,Large jet,True,Night,2026-05-09 23:18:40,2026-05-09 00:00:00,,,0,,0,,,False,False,False,False,False,True
2600020648632345799,EXS61TQ ,B738,L2J,Large jet,True,Evening,2026-05-09 21:40:05,2026-05-09 00:00:00,2425.0000775999997,1.6303503666323202,1,2425.0000775999997,1,2425.0000775999997,-449.0397945153127,True,True,True,False,True,True
15230014425466142053,RYR9911 ,B738,L2J,Large jet,True,Evening,2026-05-09 21:26:35,2026-05-09 00:00:00,2425.0000775999997,2.788765908100956,1,2425.0000775999997,1,2425.0000775999997,-228.50312684456185,True,True,True,False,True,True
11246947536593385465,EXS82F  ,B738,,Large jet,True,Night,2026-05-10 01:08:05,2026-05-09 00:00:00,,,0,,0,,,False,False,False,False,False,False
6298888939151753348,HLE10   ,A169,H2T,Helicopter,False,Night,2026-05-09 22:58:40,2026-05-09 00:00:00,,,0,,0,,,False,False,False,False,False,True
17033581020757474882,RYR5724 ,,,Other,False,Day,2026-05-10 06:34:40,2026-05-10 00:00:00,,,0,,0,,,False,False,False,False,False,False
16934396829726227803,T7VRF   ,HDJT,,Other,False,Day,2026-05-10 08:46:40,2026-05-10 00:00:00,,,0,,0,,,False,False,False,False,False,True
17111220038338827824,HLE10   ,A169,H2T,Helicopter,False,Day,2026-05-10 08:52:25,2026-05-10 00:00:00,,,0,,0,,,False,False,False,False,True,True
6510208193614406066,2CLRK   ,EA50,L2J,Business jet,False,Day,2026-05-10 09:59:55,2026-05-10 00:00:00,,,0,,0,,,False,False,False,False,False,True
1276678877816530441,SFY1TM  ,DA42,L2P,GA / light,False,Day,2026-05-10 09:37:05,2026-05-10 00:00:00,525.0000168,18.11253827551278,4,,0,,,True,False,True,False,False,True
18423082210822672682,RYR363C ,,,Other,False,Day,2026-05-10 11:06:00,2026-05-10 00:00:00,,,0,,0,,,False,False,False,False,False,False
14461068093257301272,GDSJT   ,C182,L1P,GA / light,False,Day,2026-05-10 12:14:10,2026-05-10 00:00:00,1275.0000408,17.476311690372235,2,,0,,,True,False,True,False,False,True
18324530184743481928,URO901  ,A346,L4J,Large jet,True,Day,2026-05-10 12:56:20,2026-05-10 00:00:00,,,0,,0,,,False,False,False,False,False,True
10171077362811421292,TOM9HB  ,B738,L2J,Large jet,True,Day,2026-05-10 11:41:30,2026-05-10 00:00:00,,,0,,0,,,False,False,False,False,False,False
1067160386996468101,RYR12YU ,B38M,,Large jet,True,Day,2026-05-10 12:09:10,2026-05-10 00:00:00,,,0,,0,,,False,False,False,False,False,True
16603853998280492510,GMA23   ,BE20,L2T,Turboprop,False,Day,2026-05-10 11:10:45,2026-05-10 00:00:00,,,0,,0,,,False,False,False,False,False,True
5692562332721064210,EXS34JU ,B738,,Large jet,True,Day,2026-05-10 12:24:55,2026-05-10 00:00:00,,,0,,0,,,False,False,False,False,False,True
1397392264646996524,GBUFH   ,P28A,L1P,GA / light,False,Day,2026-05-10 11:30:20,2026-05-10 00:00:00,1325.0000424,17.04574465138143,1,,0,,,True,False,True,False,False,True
7351920603362158408,EXS68AT ,B738,L2J,Large jet,True,Day,2026-05-10 14:31:25,2026-05-10 00:00:00,,,0,,0,,,False,False,False,False,False,True
2391068145408531361,SFY1TM  ,DA42,L2P,GA / light,False,Day,2026-05-10 12:07:05,2026-05-10 00:00:00,,,0,,0,,,False,False,False,False,False,True
8506733686219111447,RYR2XN  ,B38M,L2J,Large jet,True,Day,2026-05-10 14:03:15,2026-05-10 00:00:00,,,0,,0,,,False,False,False,False,False,False
7859621913358219348,RYR117J ,B38M,L2J,Large jet,True,Day,2026-05-10 14:32:50,2026-05-10 00:00:00,,,0,,0,,,False,False,False,False,False,True
188103313679489640,RYR8947 ,B38M,L2J,Large jet,True,Day,2026-05-10 15:34:00,2026-05-10 00:00:00,,,0,,0,,,False,False,False,False,False,True
16577753636381312973,HLE10   ,A169,H2T,Helicopter,False,Day,2026-05-10 14:09:40,2026-05-10 00:00:00,,,0,,0,,,False,False,False,False,False,True
14611440210526711751,HLE80   ,A169,H2T,Helicopter,False,Day,2026-05-10 16:10:25,2026-05-10 00:00:00,,,0,,0,,,False,False,False,False,False,True
13759589982549724217,RYR9356 ,,,Other,False,Day,2026-05-10 16:01:25,2026-05-10 00:00:00,,,0,,0,,,False,False,False,False,False,True
10034441839437713089,HLE10   ,A169,H2T,Helicopter,False,Day,2026-05-10 15:33:40,2026-05-10 00:00:00,,,0,,0,,,False,False,False,False,False,True
15783836784450155995,RUK1133 ,B738,L2J,Large jet,True,Day,2026-05-10 16:49:50,2026-05-10 00:00:00,,,0,,0,,,False,False,False,False,False,True
3428610704612752019,GOLGE   ,SR20,,Other,False,Day,2026-05-10 16:24:25,2026-05-10 00:00:00,,,0,,0,,,False,False,False,False,False,True
13892771644002351780,GMA19   ,BE20,L2T,Turboprop,False,Evening,2026-05-10 18:32:35,2026-05-10 00:00:00,,,0,,0,,,False,False,False,False,False,True
16507009085392414334,RYR7788 ,B738,L2J,Large jet,True,Evening,2026-05-10 18:47:25,2026-05-10 00:00:00,,,0,,0,,,False,False,False,False,False,False
7747827846056959711,TOM4BN  ,B738,L2J,Large jet,True,Night,2026-05-10 22:12:35,2026-05-10 00:00:00,2475.0000792,2.160333248398247,2,2475.0000792,2,2475.0000792,-403.25193019064227,True,True,True,False,True,True
3489279689614605615,EXS71BS ,B738,,Large jet,True,Night,2026-05-10 22:06:10,2026-05-10 00:00:00,,,0,,0,,,False,False,False,False,False,True
15309401649568703222,EXS37EJ ,B738,L2J,Large jet,True,Evening,2026-05-10 21:02:50,2026-05-10 00:00:00,2475.0000792,1.9040160902508652,2,2475.0000792,2,2475.0000792,-450.55396638423053,True,True,True,False,True,True
14377120687386657651,MASBA   ,,,Other,False,Evening,2026-05-10 19:42:30,2026-05-10 00:00:00,,,0,,0,,,False,False,False,False,False,True
5423209643890530324,RYR80XD ,,,Other,False,Evening,2026-05-10 21:58:45,2026-05-10 00:00:00,,,0,,0,,,False,False,False,False,False,False
16325149735383426912,RYR8PA  ,B738,L2J,Large jet,True,Night,2026-05-10 22:30:35,2026-05-10 00:00:00,4700.0001504,18.671463449929533,1,,0,,,True,False,True,False,False,True
11513221019552625811,HLE10   ,A169,H2T,Helicopter,False,Evening,2026-05-10 21:57:25,2026-05-10 00:00:00,,,0,,0,,,False,False,False,False,False,False
16816432700301600358,GMA23   ,BE20,L2T,Turboprop,False,Night,2026-05-10 23:45:10,2026-05-10 00:00:00,,,0,,0,,,False,False,False,False,False,True
1209461766173859256,GIPPS   ,GA8,L1P,GA / light,False,Day,2026-05-11 07:11:45,2026-05-11 00:00:00,1425.0000456,8.379906107682151,4,,0,,,True,False,True,False,True,True
14392832574728769572,GMA516  ,C25M,L2J,Business jet,False,Day,2026-05-11 07:28:30,2026-05-11 00:00:00,,,0,,0,,,False,False,False,False,False,False
11945760066212361872,GILDA   ,SPIT,L1P,GA / light,False,Day,2026-05-11 07:59:55,2026-05-11 00:00:00,1525.0000488,11.8494300115235,6,1625.000052,3,1650.0000528,-1174.5759702498158,True,True,True,True,True,True
2705199527465505553,GILDA   ,SPIT,L1P,GA / light,False,Day,2026-05-11 09:06:10,2026-05-11 00:00:00,1225.0000392,16.09484441585634,1,,0,,,True,False,True,False,False,True
11080538721141243860,BLUE1   ,FA20,L2J,Business jet,False,Day,2026-05-11 10:45:35,2026-05-11 00:00:00,25.0000008,18.619756700302982,3,,0,,,True,False,True,False,True,True
18248965283542602427,SFY1TM  ,DA42,L2P,GA / light,False,Day,2026-05-11 09:37:10,2026-05-11 00:00:00,1175.0000376,18.225923053380022,3,,0,,,True,False,True,False,False,True
16614052555202743110,AMBER1  ,FA20,L2J,Business jet,False,Day,2026-05-11 10:53:15,2026-05-11 00:00:00,25.0000008,18.83000879745481,1,,0,,,True,False,True,False,True,True
4103326632938166788,DICMD   ,C25A,L2J,Business jet,False,Day,2026-05-11 10:09:40,2026-05-11 00:00:00,1650.0000528,8.597767063536674,1,,0,,,True,False,True,False,True,True
18058377073240397124,SRD375  ,A139,,Other,False,Day,2026-05-11 10:24:00,2026-05-11 00:00:00,450.0000144,16.679151116772253,10,1525.0000488,1,,,True,True,True,False,True,True
633430608625180601,RYR2XN  ,,,Other,False,Day,2026-05-11 11:19:55,2026-05-11 00:00:00,,,0,,0,,,False,False,False,False,False,False
91843586622678614,CLB411  ,BE20,L2T,Turboprop,False,Day,2026-05-11 10:24:35,2026-05-11 00:00:00,2100.0000672,8.346816283372767,2,,0,,,True,False,True,False,True,True
12661171163908605090,GATYS   ,P28A,L1P,GA / light,False,Day,2026-05-11 10:19:55,2026-05-11 00:00:00,2275.0000728,18.218305291777853,2,,0,,,True,False,True,False,True,True
5974509021917353170,GCPSS   ,C208,L1T,Turboprop,False,Day,2026-05-11 09:53:00,2026-05-11 00:00:00,,,0,,0,,,False,False,False,False,False,False
14603646874533628958,EXS697J ,B738,L2J,Large jet,True,Day,2026-05-11 11:45:20,2026-05-11 00:00:00,25.0000008,18.953148736513697,2,,0,,,True,False,True,False,True,True
2249283354914430381,PNTHR86 ,,,Other,False,Day,2026-05-11 11:28:35,2026-05-11 00:00:00,,,0,,0,,,False,False,False,False,False,False
15092706986569322565,2SALE   ,WT9,L1P,GA / light,False,Day,2026-05-11 11:33:05,2026-05-11 00:00:00,1425.0000456,11.423991808395607,2,,0,,,True,False,True,False,True,True
6661569644010713605,GBUFH   ,P28A,L1P,GA / light,False,Day,2026-05-11 10:41:40,2026-05-11 00:00:00,850.0000272000001,15.317621701353,37,,0,,,True,False,True,False,True,True
2270412605703231674,GCSLL   ,P28R,,Other,False,Day,2026-05-11 10:48:05,2026-05-11 00:00:00,,,0,,0,,,False,False,False,False,False,True
3672384602273189460,TOM62H  ,B738,L2J,Large jet,True,Day,2026-05-11 13:36:55,2026-05-11 00:00:00,25.0000008,18.751211996626566,3,2025.0000648,1,,,True,True,True,False,True,True
15770055512380070143,GILDA   ,SPIT,L1P,GA / light,False,Day,2026-05-11 10:59:55,2026-05-11 00:00:00,,,0,,0,,,False,False,False,False,False,True
10662900378067106562,GOLGE   ,SR20,,Other,False,Day,2026-05-11 11:05:45,2026-05-11 00:00:00,,,0,,0,,,False,False,False,False,True,True
11556561843644170500,SFY1TM  ,DA42,L2P,GA / light,False,Day,2026-05-11 12:40:30,2026-05-11 00:00:00,975.0000312,15.620179572897207,2,,0,,,True,False,True,False,False,True
16472416105952245260,NJE024C ,C68A,L2J,Business jet,False,Day,2026-05-11 12:59:50,2026-05-11 00:00:00,2025.0000648,7.722319516755381,4,2050.0000656,3,2525.0000808,-726.3658487933931,True,True,True,False,True,True
7901084956306149609,GBEWR   ,C172,L1P,GA / light,False,Day,2026-05-11 11:52:40,2026-05-11 00:00:00,950.0000304,16.065137803009872,1,,0,,,True,False,True,False,False,True
2821666432606114067,EXS61TQ ,B738,,Large jet,True,Day,2026-05-11 12:56:25,2026-05-11 00:00:00,25.0000008,18.836401416925213,2,2300.0000736,1,,,True,True,True,False,True,True
16005232979301581969,RYR7624 ,B38M,L2J,Large jet,True,Day,2026-05-11 13:33:05,2026-05-11 00:00:00,,,0,,0,,,False,False,False,False,False,False
12992512246396367846,RONIN30 ,A400,L4T,Turboprop,False,Day,2026-05-11 12:13:50,2026-05-11 00:00:00,2025.0000648,10.922000202947682,2,,0,,,True,False,True,False,True,True
10666486011455717211,GBUFH   ,P28A,L1P,GA / light,False,Day,2026-05-11 12:35:00,2026-05-11 00:00:00,1100.0000352000002,15.361433002945228,1,,0,,,True,False,True,False,False,True
2263402863459715173,GILDA   ,SPIT,L1P,GA / light,False,Day,2026-05-11 13:15:10,2026-05-11 00:00:00,1600.0000512,17.097409342458192,1,,0,,,True,False,True,False,True,True
9056892390722230348,GNJOY   ,P28A,L1P,GA / light,False,Day,2026-05-11 13:56:55,2026-05-11 00:00:00,3050.0000976,16.646794930107877,1,,0,,,True,False,True,False,False,True
6772863483339405792,RYR117J ,B738,L2J,Large jet,True,Day,2026-05-11 14:28:10,2026-05-11 00:00:00,2400.0000768,4.566882320228649,1,2400.0000768,1,,,True,True,True,False,True,True
5433906340929661361,GMA19   ,BE20,L2T,Turboprop,False,Day,2026-05-11 12:54:40,2026-05-11 00:00:00,1100.0000352000002,15.660187810033838,2,,0,,,True,False,True,False,False,True
2332007231517477201,GBGYH   ,P28A,L1P,GA / light,False,Day,2026-05-11 13:27:55,2026-05-11 00:00:00,,,0,,0,,,False,False,False,False,False,True
10731118666631297596,,P28A,L1P,GA / light,False,Day,2026-05-11 13:13:35,2026-05-11 00:00:00,,,0,,0,,,False,False,False,False,False,True
5619460747838504530,RYR22ZK ,B38M,L2J,Large jet,True,Day,2026-05-11 16:23:50,2026-05-11 00:00:00,,,0,,0,,,False,False,False,False,False,True
11344032704136424806,BTNIA12 ,G115,L1P,GA / light,False,Day,2026-05-11 14:39:55,2026-05-11 00:00:00,,,0,,0,,,False,False,False,False,False,False
16341051077290995998,GOLGE   ,SR20,,Other,False,Day,2026-05-11 14:16:45,2026-05-11 00:00:00,1250.00004,15.846078462808377,3,1775.0000568,2,1800.0000576,-1712.465530789396,True,True,True,True,True,True
6712755338331702516,CRIMSON2,,,Other,False,Day,2026-05-11 15:37:30,2026-05-11 00:00:00,,,0,,0,,,False,False,False,False,False,True
14573358307436483630,CRIMSON1,FA20,L2J,Business jet,False,Day,2026-05-11 15:40:30,2026-05-11 00:00:00,3050.0000976,13.15934544564482,1,,0,,,True,False,True,False,False,True
15545531914075562689,BLUE1   ,FA20,L2J,Business jet,False,Day,2026-05-11 15:50:15,2026-05-11 00:00:00,1650.0000528,10.515987711143758,6,,0,,,True,False,True,False,False,True
5374128280347842925,BTNIA11 ,G115,L1P,GA / light,False,Day,2026-05-11 15:25:25,2026-05-11 00:00:00,,,0,,0,,,False,False,False,False,False,False
3701406620593318152,RYR7KY  ,,,Other,False,Day,2026-05-11 16:09:35,2026-05-11 00:00:00,,,0,,0,,,False,False,False,False,False,True
15302755837741331388,HLE10   ,A169,H2T,Helicopter,False,Day,2026-05-11 15:18:15,2026-05-11 00:00:00,,,0,,0,,,False,False,False,False,False,False
293684135042080813,NJE8RJ  ,C68A,L2J,Business jet,False,Day,2026-05-11 17:26:30,2026-05-11 00:00:00,,,0,,0,,,False,False,False,False,False,True
9262614908742072497,GILDA   ,SPIT,L1P,GA / light,False,Day,2026-05-11 16:35:00,2026-05-11 00:00:00,1175.0000376,18.341486838154374,9,,0,,,True,False,True,False,True,True
1771284654827014406,LNX97RS ,C56X,L2J,Business jet,False,Day,2026-05-11 16:15:55,2026-05-11 00:00:00,,,0,,0,,,False,False,False,False,False,True
5844871270207567220,GBDZD   ,C172,L1P,GA / light,False,Day,2026-05-11 17:38:10,2026-05-11 00:00:00,1300.0000416,5.510269783512902,14,1300.0000416,14,1500.000048,-1774.291690498869,True,True,True,True,True,True
12370987067768415174,RYR80XD ,B738,L2J,Large jet,True,Evening,2026-05-11 18:26:10,2026-05-11 00:00:00,,,0,,0,,,False,False,False,False,False,True
18292985338098927456,GOLGE   ,SR20,,Other,False,Day,2026-05-11 17:41:55,2026-05-11 00:00:00,1150.0000368,18.144064665160997,9,,0,,,True,False,True,False,False,True
13365739571934682139,EXS34HS ,B738,L2J,Large jet,True,Night,2026-05-11 22:11:50,2026-05-11 00:00:00,,,0,,0,,,False,False,False,False,False,False
6317316543224771200,EXS47W  ,B738,,Large jet,True,Night,2026-05-11 23:24:35,2026-05-11 00:00:00,,,0,,0,,,False,False,False,False,False,False
11031353263594926146,GMA23   ,BE20,L2T,Turboprop,False,Evening,2026-05-11 20:43:55,2026-05-11 00:00:00,675.0000216000001,14.176085418748249,1,,0,,,True,False,True,False,True,True
7596938124867660912,TOM6LM  ,B738,L2J,Large jet,True,Night,2026-05-12 00:20:50,2026-05-11 00:00:00,,,0,,0,,,False,False,False,False,False,False
4510874174528954668,RYR12YU ,,,Other,False,Night,2026-05-11 22:17:20,2026-05-11 00:00:00,,,0,,0,,,False,False,False,False,False,False
16378357615208926665,RYR38NG ,B38M,L2J,Large jet,True,Night,2026-05-11 22:35:35,2026-05-11 00:00:00,,,0,,0,,,False,False,False,False,True,True
11449152459063003909,RYR80XD ,B738,L2J,Large jet,True,Day,2026-05-12 08:18:45,2026-05-12 00:00:00,,,0,,0,,,False,False,False,False,False,False
15556523746886070184,GBEWR   ,C172,L1P,GA / light,False,Day,2026-05-12 08:16:25,2026-05-12 00:00:00,950.0000304,16.433524931800616,2,,0,,,True,False,True,False,False,True
12140057166580749500,RYR7099 ,,,Other,False,Day,2026-05-12 09:37:00,2026-05-12 00:00:00,,,0,,0,,,False,False,False,False,False,False
694209515762846647,GCKYL   ,C42,L1P,GA / light,False,Day,2026-05-12 09:53:25,2026-05-12 00:00:00,,,0,,0,,,False,False,False,False,False,False
17867084029602158073,GBZOZ   ,RV6,L1P,GA / light,False,Day,2026-05-12 10:16:55,2026-05-12 00:00:00,,,0,,0,,,False,False,False,False,False,False
10685847581027619479,GNTSI   ,,,Other,False,Day,2026-05-12 10:22:15,2026-05-12 00:00:00,,,0,,0,,,False,False,False,False,False,True
7842916243487938564,EXS86KL ,B738,,Large jet,True,Day,2026-05-12 11:59:20,2026-05-12 00:00:00,2450.0000784,3.8874177164384225,1,2450.0000784,1,,,True,True,True,False,True,True
9618391208248304039,GBEWR   ,C172,L1P,GA / light,False,Day,2026-05-12 10:45:20,2026-05-12 00:00:00,325.0000104,15.76208279854614,22,,0,,,True,False,True,False,True,True
17861011373105172590,,AP22,L1P,GA / light,False,Day,2026-05-12 10:14:50,2026-05-12 00:00:00,,,0,,0,,,False,False,False,False,False,False
3292291703094442673,RYR8947 ,B38M,L2J,Large jet,True,Day,2026-05-12 13:26:25,2026-05-12 00:00:00,2025.0000648,6.143052739680427,1,,0,,,True,False,True,False,True,True
17614284001418697456,GBUFH   ,P28A,L1P,GA / light,False,Day,2026-05-12 11:15:20,2026-05-12 00:00:00,1250.00004,19.748592723162886,1,,0,,,True,False,True,False,True,True
2028195464654296517,TOM20H  ,B738,L2J,Large jet,True,Day,2026-05-12 12:36:25,2026-05-12 00:00:00,1925.0000616,6.865279642818852,1,,0,,,True,False,True,False,True,True
5114020541372031306,GMICI   ,C182,L1P,GA / light,False,Day,2026-05-12 12:59:55,2026-05-12 00:00:00,1600.0000512,1.9997547549319767,9,1600.0000512,9,1600.0000512,-1815.8414671895423,True,True,True,True,True,True
4000038271363261844,GOLGE   ,SR20,,Other,False,Day,2026-05-12 11:59:55,2026-05-12 00:00:00,,,0,,0,,,False,False,False,False,True,True
6586674314828459358,GBUFH   ,P28A,L1P,GA / light,False,Day,2026-05-12 12:48:15,2026-05-12 00:00:00,950.0000304,14.585192963068923,7,,0,,,True,False,True,False,True,True
4475527779524268194,EXS73G  ,B738,L2J,Large jet,True,Day,2026-05-12 16:34:10,2026-05-12 00:00:00,,,0,,0,,,False,False,False,False,False,False
2881140120704921675,RYR2XN  ,B38M,L2J,Large jet,True,Day,2026-05-12 14:34:30,2026-05-12 00:00:00,,,0,,0,,,False,False,False,False,True,True
12793562067190077433,AMBER2  ,,,Other,False,Day,2026-05-12 14:32:05,2026-05-12 00:00:00,25.0000008,18.81955670172568,4,,0,,,True,False,True,False,True,True
17237046152978860141,GGCDB   ,SR20,L1P,GA / light,False,Day,2026-05-12 13:36:00,2026-05-12 00:00:00,,,0,,0,,,False,False,False,False,True,True
17252351982027629551,GCKWO   ,EFOX,L1P,GA / light,False,Day,2026-05-12 13:45:40,2026-05-12 00:00:00,,,0,,0,,,False,False,False,False,False,False
16911284992320750614,RYR117J ,,,Other,False,Day,2026-05-12 15:29:35,2026-05-12 00:00:00,25.0000008,18.221951366123555,1,,0,,,True,False,True,False,False,False
18110544190451787540,AMBER3  ,FA20,L2J,Business jet,False,Day,2026-05-12 15:23:15,2026-05-12 00:00:00,,,0,,0,,,False,False,False,False,True,True
6627335892111464886,GOLGE   ,SR20,,Other,False,Day,2026-05-12 14:38:35,2026-05-12 00:00:00,625.00002,15.43920258816453,11,1675.0000536,1,,,True,True,True,False,False,True
2787142761450267128,RYR8PA  ,,,Other,False,Day,2026-05-12 15:48:15,2026-05-12 00:00:00,,,0,,0,,,False,False,False,False,False,False
9729666330155461303,SFY2JM  ,DA42,L2P,GA / light,False,Day,2026-05-12 16:26:35,2026-05-12 00:00:00,650.0000208,14.63222906488665,2,1900.0000608,1,,,True,True,True,False,False,True
6566863316567487788,RUK1133 ,B738,L2J,Large jet,True,Day,2026-05-12 16:01:10,2026-05-12 00:00:00,,,0,,0,,,False,False,False,False,False,False
9194991193639356416,GBUFH   ,P28A,L1P,GA / light,False,Day,2026-05-12 15:40:10,2026-05-12 00:00:00,400.0000128,16.425192931791603,2,,0,,,True,False,True,False,False,True
4763575962446111569,RYR273  ,B38M,,Large jet,True,Evening,2026-05-12 19:12:10,2026-05-12 00:00:00,,,0,,0,,,False,False,False,False,False,False
3024632368134827552,RYR384B ,B38M,L2J,Large jet,True,Evening,2026-05-12 19:26:25,2026-05-12 00:00:00,,,0,,0,,,False,False,False,False,False,False
16857572971633344645,RONIN31 ,A400,,Other,False,Day,2026-05-12 17:07:05,2026-05-12 00:00:00,475.0000152,15.486319811063257,4,,0,,,True,False,True,False,False,True
11644175841650122074,RYR12YU ,B38M,L2J,Large jet,True,Evening,2026-05-12 19:23:15,2026-05-12 00:00:00,2500.00008,3.3156010170332375,1,2500.00008,1,,,True,True,True,False,True,True
13139546601805556584,GMA23   ,BE20,L2T,Turboprop,False,Evening,2026-05-12 18:51:20,2026-05-12 00:00:00,1975.0000632,2.5333099100596046,3,1975.0000632,3,1975.0000632,-991.7934703646129,True,True,True,True,True,True
14003144015585646008,EXS159E ,B738,,Large jet,True,Evening,2026-05-12 21:46:35,2026-05-12 00:00:00,,,0,,0,,,False,False,False,False,False,False
17705822832184816944,RYR6504 ,B38M,L2J,Large jet,True,Evening,2026-05-12 21:03:10,2026-05-12 00:00:00,,,0,,0,,,False,False,False,False,True,True
12432821572747102799,RYR363C ,,,Other,False,Evening,2026-05-12 21:51:05,2026-05-12 00:00:00,,,0,,0,,,False,False,False,False,False,False
11409155849927578226,TOM985P ,B738,L2J,Large jet,True,Evening,2026-05-12 21:06:10,2026-05-12 00:00:00,2500.00008,3.224673962134375,1,2500.00008,1,,,True,True,True,False,True,True
4701289938650742623,RYR117J ,B38M,L2J,Large jet,True,Day,2026-05-13 06:03:15,2026-05-13 00:00:00,175.0000056,18.692359481490467,2,2850.0000912,1,,,True,True,True,False,True,True
7654429058819374534,RYR7AB  ,B38M,L2J,Large jet,True,Day,2026-05-13 07:39:55,2026-05-13 00:00:00,150.0000048,18.61721081774379,1,,0,,,True,False,True,False,False,True
17139117979527810633,RYR2XN  ,B38M,L2J,Large jet,True,Day,2026-05-13 07:44:50,2026-05-13 00:00:00,225.0000072,18.29915790127654,2,3000.000096,1,3000.000096,274.5319177325123,True,True,True,False,True,True
14451706566004580797,SFY2JM  ,DA42,L2P,GA / light,False,Day,2026-05-13 09:39:15,2026-05-13 00:00:00,1200.0000384,12.567777196942016,5,2025.0000648,1,,,True,True,True,False,True,True
13343622665367906573,HLE10   ,A169,H2T,Helicopter,False,Day,2026-05-13 09:47:55,2026-05-13 00:00:00,,,0,,0,,,False,False,False,False,False,False
3782579945445781895,RYR363C ,,,Other,False,Day,2026-05-13 11:19:35,2026-05-13 00:00:00,275.00000880000005,18.231786337074794,2,2725.0000872,1,2725.0000872,103.37208656869643,True,True,True,False,True,True
7618497005070270752,SAH51P  ,BE40,L2J,Business jet,False,Day,2026-05-13 11:33:55,2026-05-13 00:00:00,275.00000880000005,18.29915790127654,4,2750.0000880000002,2,2775.0000888,-16.3704284727296,True,True,True,False,True,True
5992193215753226027,CRIMSON1,FA20,L2J,Business jet,False,Day,2026-05-13 11:41:25,2026-05-13 00:00:00,250.000008,18.686753716799394,1,,0,,,True,False,True,False,True,True
2261999280874937143,CRIMSON2,,,Other,False,Day,2026-05-13 11:44:30,2026-05-13 00:00:00,275.00000880000005,18.82075526586579,1,,0,,,True,False,True,False,True,True
5719311647844525536,EXS61TQ ,B738,,Large jet,True,Day,2026-05-13 11:29:55,2026-05-13 00:00:00,250.000008,18.404281214934485,2,2225.0000712,1,,,True,True,True,False,True,True
8582404085463659185,TOM6FL  ,B738,L2J,Large jet,True,Day,2026-05-13 11:47:00,2026-05-13 00:00:00,250.000008,18.93441901469994,5,2750.0000880000002,3,2750.0000880000002,65.66906482921013,True,True,True,False,True,True
13842595019058251813,EXS3612 ,B738,L2J,Large jet,True,Day,2026-05-13 12:45:15,2026-05-13 00:00:00,250.000008,18.665062924794388,3,,0,,,True,False,True,False,True,True
5590696566971705359,SFY2JM  ,DA42,L2P,GA / light,False,Day,2026-05-13 11:31:10,2026-05-13 00:00:00,425.00001360000005,17.471063709188158,10,,0,,,True,False,True,False,False,True
9736281426915419062,RYR5RR  ,B38M,,Large jet,True,Day,2026-05-13 13:46:10,2026-05-13 00:00:00,3075.0000984,3.200061496352953,2,3075.0000984,2,3100.0000992,357.4036808915107,True,True,True,False,True,True
6614519033427229466,RYR80XD ,B738,L2J,Large jet,True,Day,2026-05-13 13:50:55,2026-05-13 00:00:00,225.0000072,18.621149837404563,6,2525.0000808,3,2800.0000896,54.507629693775016,True,True,True,False,True,True
8107012587746963133,RYR6765 ,B38M,L2J,Large jet,True,Day,2026-05-13 15:05:50,2026-05-13 00:00:00,250.000008,18.658671059881183,1,,0,,,True,False,True,False,False,True
6192419481343773328,AMBER1  ,FA20,L2J,Business jet,False,Day,2026-05-13 14:47:50,2026-05-13 00:00:00,1725.0000552,9.44233556269375,5,1750.0000559999999,2,,,True,True,True,False,True,True
4604493719534232931,GBGYH   ,P28A,L1P,GA / light,False,Day,2026-05-13 13:14:30,2026-05-13 00:00:00,425.00001360000005,17.44395731694937,2,,0,,,True,False,True,False,True,True
17996550747084361372,AMBER2  ,,,Other,False,Day,2026-05-13 14:50:35,2026-05-13 00:00:00,300.0000096,18.71442995975272,7,1775.0000568,2,,,True,True,True,False,True,True
2747584835595300640,SFY2JM  ,DA42,L2P,GA / light,False,Day,2026-05-13 14:58:55,2026-05-13 00:00:00,,,0,,0,,,False,False,False,False,False,True
13334968370538951592,N211GS  ,LJ55,L2J,Business jet,False,Day,2026-05-13 15:09:10,2026-05-13 00:00:00,875.0000279999999,15.569220344203904,12,3250.000104,4,3275.0001048,134.23469765063055,True,True,True,False,True,True
4858885886678736676,RYR3318 ,,,Other,False,Day,2026-05-13 17:06:05,2026-05-13 00:00:00,225.0000072,18.885768679796527,1,,0,,,True,False,True,False,False,True
7611310404019579510,HLE10   ,A169,H2T,Helicopter,False,Day,2026-05-13 17:39:30,2026-05-13 00:00:00,,,0,,0,,,False,False,False,False,False,True
13622936543901045958,EXS82F  ,B738,,Large jet,True,Night,2026-05-13 22:08:55,2026-05-13 00:00:00,275.00000880000005,18.365367817549668,2,3125.0001,1,3125.0001,167.9537605561959,True,True,True,False,True,True
16727768359509630728,TOM7MH  ,B738,L2J,Large jet,True,Night,2026-05-13 23:17:35,2026-05-13 00:00:00,275.00000880000005,18.55160707022867,1,,0,,,True,False,True,False,False,True
14370378400136658436,EXS81AW ,B738,L2J,Large jet,True,Night,2026-05-13 22:44:50,2026-05-13 00:00:00,275.00000880000005,18.304384720436058,2,,0,,,True,False,True,False,False,True
11976847114680294265,RYR12YU ,B38M,L2J,Large jet,True,Evening,2026-05-13 21:35:10,2026-05-13 00:00:00,250.000008,19.024586945029927,1,,0,,,True,False,True,False,False,True
11134236605078160906,RYR7KY  ,,,Other,False,Evening,2026-05-13 21:42:15,2026-05-13 00:00:00,225.0000072,18.751211996626566,2,2950.0000944000003,1,2950.0000944000003,324.74835064679974,True,True,True,False,True,True
7532536583434174613,URO901  ,A346,L4J,Large jet,True,Day,2026-05-14 07:53:50,2026-05-14 00:00:00,2275.0000728,3.97587311022013,2,2275.0000728,2,2300.0000736,-884.7868358705227,True,True,True,False,True,True
1428527846044772776,RYR2XN  ,B38M,,Large jet,True,Day,2026-05-14 06:54:00,2026-05-14 00:00:00,275.00000880000005,18.504178915140194,1,,0,,,True,False,True,False,False,True
12005412180160880521,AMBER3  ,,,Other,False,Day,2026-05-14 09:25:10,2026-05-14 00:00:00,325.0000104,18.734810711647572,1,,0,,,True,False,True,False,False,True
6193964247715632159,AMBER1  ,FA20,L2J,Business jet,False,Day,2026-05-14 09:36:35,2026-05-14 00:00:00,275.00000880000005,18.71442995975272,3,,0,,,True,False,True,False,True,True
3789254657732341831,RYR9356 ,,,Other,False,Day,2026-05-14 10:09:10,2026-05-14 00:00:00,300.0000096,18.519858477294154,1,,0,,,True,False,True,False,False,True
11266361734431561347,RONIN33 ,A400,L4T,Turboprop,False,Day,2026-05-14 09:28:05,2026-05-14 00:00:00,275.00000880000005,18.702008528246253,2,,0,,,True,False,True,False,False,True
16591446932151441737,URO901A ,A346,L4J,Large jet,True,Day,2026-05-14 12:37:50,2026-05-14 00:00:00,1825.0000584,8.849124144956754,3,2800.0000896,2,2800.0000896,-215.19259230794296,True,True,True,False,True,True
1003562096833644836,GYROC   ,MT,G1P,GA / light,False,Day,2026-05-14 10:58:10,2026-05-14 00:00:00,,,0,,0,,,False,False,False,False,False,False
6044030619202845509,TOM2BJ  ,B738,L2J,Large jet,True,Day,2026-05-14 12:12:45,2026-05-14 00:00:00,300.0000096,18.6975856474559,1,,0,,,True,False,True,False,True,True
17634056685494677692,EXS26Q  ,B738,L2J,Large jet,True,Day,2026-05-14 13:37:30,2026-05-14 00:00:00,325.0000104,18.6975856474559,2,,0,,,True,False,True,False,True,True
6374375412041870620,EXS93HQ ,B738,,Large jet,True,Day,2026-05-14 14:20:20,2026-05-14 00:00:00,325.0000104,18.99379384663963,1,,0,,,True,False,True,False,False,True
8885306079843868956,AMBER1  ,FA20,L2J,Business jet,False,Day,2026-05-14 12:58:35,2026-05-14 00:00:00,1675.0000536,10.149640610033893,5,,0,,,True,False,True,False,True,True
17928897038461840045,AMBER3  ,,,Other,False,Day,2026-05-14 13:02:00,2026-05-14 00:00:00,350.0000112,18.703977885009394,2,,0,,,True,False,True,False,False,True
4259751399241934447,SLS7V   ,PC12,L1T,Turboprop,False,Day,2026-05-14 11:39:05,2026-05-14 00:00:00,325.0000104,18.614530326158466,2,,0,,,True,False,True,False,True,True
17386853395144685291,A8      ,GLID,,Other,False,Day,2026-05-14 13:36:25,2026-05-14 00:00:00,,,0,,0,,,False,False,False,False,False,False
15415558396268400269,RYR5RR  ,B38M,L2J,Large jet,True,Day,2026-05-14 14:56:50,2026-05-14 00:00:00,,,0,,0,,,False,False,False,False,False,True
8756204715084006129,A3      ,GLID,,Other,False,Day,2026-05-14 13:37:15,2026-05-14 00:00:00,,,0,,0,,,False,False,False,False,False,False
335108370975046027,NEM64   ,,,Other,False,Day,2026-05-14 14:56:45,2026-05-14 00:00:00,,,0,,0,,,False,False,False,False,False,False
3066838788708277636,RYR12YU ,,,Other,False,Day,2026-05-14 15:44:45,2026-05-14 00:00:00,325.0000104,18.583263351707963,1,,0,,,True,False,True,False,False,True
15145665091721357015,DICMD   ,C25A,L2J,Business jet,False,Day,2026-05-14 14:41:55,2026-05-14 00:00:00,,,0,,0,,,False,False,False,False,False,True
16340667018984738426,RYR80XD ,B38M,,Large jet,True,Evening,2026-05-14 19:21:35,2026-05-14 00:00:00,275.00000880000005,18.61606469013706,1,,0,,,True,False,True,False,False,True
13705792271828231187,GMA23   ,BE20,L2T,Turboprop,False,Day,2026-05-14 17:57:45,2026-05-14 00:00:00,325.0000104,18.780641538725412,1,,0,,,True,False,True,False,True,True
9791536817639466035,GCMPF   ,C42,,Other,False,Evening,2026-05-14 18:59:10,2026-05-14 00:00:00,,,0,,0,,,False,False,False,False,False,False
1478506487699163158,EXS3624 ,B738,L2J,Large jet,True,Night,2026-05-14 22:15:20,2026-05-14 00:00:00,225.0000072,18.785867651263583,2,2150.0000688,1,,,True,True,True,False,True,True
4904349333583470279,EXS37EJ ,B738,,Large jet,True,Evening,2026-05-14 21:00:10,2026-05-14 00:00:00,250.000008,18.43794860473152,2,,0,,,True,False,True,False,True,True
13605670310086409943,RYR117J ,B38M,L2J,Large jet,True,Evening,2026-05-14 21:38:40,2026-05-14 00:00:00,,,0,,0,,,False,False,False,False,False,True
12969144605427673441,NJE810T ,,,Other,False,Evening,2026-05-14 20:12:30,2026-05-14 00:00:00,275.00000880000005,18.75740547823369,2,2775.0000888,1,2775.0000888,103.50744572135955,True,True,True,False,True,True
8847315021178042896,RUK1133 ,B738,L2J,Large jet,True,Evening,2026-05-14 21:09:35,2026-05-14 00:00:00,,,0,,0,,,False,False,False,False,False,True
6763623728117396989,RYR8PA  ,,,Other,False,Night,2026-05-14 22:06:55,2026-05-14 00:00:00,225.0000072,18.59457879216893,1,,0,,,True,False,True,False,False,True
186526045876380329,HLE10   ,A169,H2T,Helicopter,False,Night,2026-05-15 00:55:10,2026-05-15 00:00:00,,,0,,0,,,False,False,False,False,False,False
6222003869138304115,CRIMSON1,FA20,L2J,Business jet,False,Day,2026-05-15 09:31:40,2026-05-15 00:00:00,1525.0000488,11.048796796750127,3,,0,,,True,False,True,False,False,True
17765622103781563847,CRIMSON2,,,Other,False,Day,2026-05-15 09:41:30,2026-05-15 00:00:00,175.0000056,18.659036559976496,8,,0,,,True,False,True,False,True,True
6953041645494033143,BLUE1   ,FA20,L2J,Business jet,False,Day,2026-05-15 09:38:40,2026-05-15 00:00:00,125.000004,18.523891354324356,1,,0,,,True,False,True,False,False,True
11340189194537786147,GSFLA   ,C42,L1P,GA / light,False,Day,2026-05-15 09:51:20,2026-05-15 00:00:00,,,0,,0,,,False,False,False,False,False,False
11562391180682604359,N750SF  ,,,Other,False,Day,2026-05-15 08:51:00,2026-05-15 00:00:00,150.0000048,18.492234918288148,1,,0,,,True,False,True,False,False,True
2738783574125496672,GCKYL   ,C42,L1P,GA / light,False,Day,2026-05-15 09:38:10,2026-05-15 00:00:00,,,0,,0,,,False,False,False,False,False,False
14985796939075938080,RYR38NG ,B38M,L2J,Large jet,True,Day,2026-05-15 10:59:40,2026-05-15 00:00:00,125.000004,18.91306534444128,1,,0,,,True,False,True,False,False,False
12493404635246139821,RYR384B ,,,Other,False,Day,2026-05-15 12:31:15,2026-05-15 00:00:00,150.0000048,18.55160707022867,1,,0,,,True,False,True,False,False,True
13399828258176173374,EXS697J ,B738,L2J,Large jet,True,Day,2026-05-15 12:12:45,2026-05-15 00:00:00,125.000004,18.825949805750838,3,2025.0000648,1,,,True,True,True,False,True,True
2383631539959021137,RYR12YU ,B738,L2J,Large jet,True,Day,2026-05-15 11:42:45,2026-05-15 00:00:00,125.000004,18.66018286493191,2,2150.0000688,1,,,True,True,True,False,True,True
10915942423812250246,RYR80XD ,B738,L2J,Large jet,True,Day,2026-05-15 12:59:30,2026-05-15 00:00:00,2150.0000688,5.8100117071082575,1,2150.0000688,1,,,True,True,True,False,True,True
14101871702839366588,GZAVI   ,C42,L1P,GA / light,False,Day,2026-05-15 11:09:30,2026-05-15 00:00:00,,,0,,0,,,False,False,False,False,False,True
10100988078891477551,DICMD   ,C25A,L2J,Business jet,False,Day,2026-05-15 11:55:20,2026-05-15 00:00:00,,,0,,0,,,False,False,False,False,True,True
12865906741870594254,EXS61TQ ,B738,,Large jet,True,Day,2026-05-15 12:49:30,2026-05-15 00:00:00,150.0000048,18.609304029060258,1,,0,,,True,False,True,False,True,True
11510330146563618362,CGJZJ   ,CRJ2,L2J,Large jet,True,Day,2026-05-15 14:10:30,2026-05-15 00:00:00,175.0000056,18.59457879216893,3,,0,,,True,False,True,False,True,True
13781519709503617391,TOM6CV  ,B738,L2J,Large jet,True,Day,2026-05-15 14:01:35,2026-05-15 00:00:00,125.000004,18.86372768940476,2,,0,,,True,False,True,False,True,True
6223219895513135880,GBAWG   ,P28R,L1P,GA / light,False,Day,2026-05-15 11:59:55,2026-05-15 00:00:00,,,0,,0,,,False,False,False,False,False,True
6529189536150099242,RYR2XN  ,B738,L2J,Large jet,True,Day,2026-05-15 13:38:00,2026-05-15 00:00:00,125.000004,18.664121674762285,2,2675.0000856,1,,,True,True,True,False,True,True
1071281474974086800,OHJFM   ,PC12,L1T,Turboprop,False,Day,2026-05-15 13:21:25,2026-05-15 00:00:00,950.0000304,13.590416648299714,1,,0,,,True,False,True,False,True,True
12930009442292542914,SFY2JM  ,DA42,L2P,GA / light,False,Day,2026-05-15 15:09:00,2026-05-15 00:00:00,,,0,,0,,,False,False,False,False,False,True
12821910756820221790,WDK45   ,EC45,H2T,Helicopter,False,Day,2026-05-15 14:39:40,2026-05-15 00:00:00,200.0000064,18.990844371277788,4,,0,,,True,False,True,False,True,True
4152550079390457307,GBFBR   ,P28A,L1P,GA / light,False,Day,2026-05-15 13:38:25,2026-05-15 00:00:00,1600.0000512,3.4517842607914697,1,1600.0000512,1,1825.0000584,-1556.0593388665743,True,True,True,True,True,True
1607392416060281324,MAJOR   ,EC45,H2T,Helicopter,False,Day,2026-05-15 15:37:10,2026-05-15 00:00:00,1725.0000552,7.1012271676217456,1,,0,,,True,False,True,False,True,True
5618456239718098948,GBUFH   ,P28A,L1P,GA / light,False,Day,2026-05-15 13:59:55,2026-05-15 00:00:00,1525.0000488,15.997886977072207,1,,0,,,True,False,True,False,False,True
384006444250312567,GBGYH   ,P28A,L1P,GA / light,False,Day,2026-05-15 14:55:20,2026-05-15 00:00:00,,,0,,0,,,False,False,False,False,True,True
6278296457158554763,URO901  ,A346,L4J,Large jet,True,Evening,2026-05-15 18:03:50,2026-05-15 00:00:00,75.0000024,18.99729046694557,2,3175.0001016,1,3175.0001016,-62.569356764831355,True,True,True,False,True,True
5062772916127084427,LNX06AR ,C56X,L2J,Business jet,False,Day,2026-05-15 15:41:00,2026-05-15 00:00:00,150.0000048,18.63246555458007,3,2125.0000680000003,2,2150.0000688,-878.2010821976614,True,True,True,False,True,True
7224421110308880174,GBUFH   ,P28A,L1P,GA / light,False,Day,2026-05-15 15:58:35,2026-05-15 00:00:00,1150.0000368,15.987219344802712,3,,0,,,True,False,True,False,True,True
9071962255490496158,RYR5RR  ,B38M,L2J,Large jet,True,Evening,2026-05-15 18:00:05,2026-05-15 00:00:00,125.000004,18.503014999406606,1,,0,,,True,False,True,False,True,True
9379335617233854291,SFY2JM  ,DA42,L2P,GA / light,False,Day,2026-05-15 17:34:20,2026-05-15 00:00:00,1225.0000392,17.26724470146938,1,,0,,,True,False,True,False,False,True
6807716544785641330,RYR9911 ,B738,L2J,Large jet,True,Day,2026-05-15 17:57:45,2026-05-15 00:00:00,125.000004,18.669206862261913,1,,0,,,True,False,True,False,False,False
4771835565973970431,EXS159E ,B738,L2J,Large jet,True,Night,2026-05-15 22:01:55,2026-05-15 00:00:00,125.000004,18.62623505753309,2,,0,,,True,False,True,False,True,True
7370368828403284977,RYR22ZK ,,,Other,False,Evening,2026-05-15 21:29:05,2026-05-15 00:00:00,125.000004,18.56399888519142,1,,0,,,True,False,True,False,False,False
3321520234316751466,TOM299  ,B738,L2J,Large jet,True,Night,2026-05-15 23:18:55,2026-05-15 00:00:00,100.0000032,18.906700210394003,3,3400.0001088000004,2,3400.0001088000004,300.600888555688,True,True,True,False,True,True
16018763054526387994,EXS34HS ,B738,,Large jet,True,Night,2026-05-15 22:15:00,2026-05-15 00:00:00,100.0000032,18.797486090240096,3,1975.0000632,2,,,True,True,True,False,True,True
12914012002882219870,RUK1133 ,B738,L2J,Large jet,True,Evening,2026-05-15 20:47:50,2026-05-15 00:00:00,100.0000032,18.74498059481247,3,1950.0000624,1,,,True,True,True,False,True,True
1546650433346748990,HLE10   ,A169,H2T,Helicopter,False,Evening,2026-05-15 21:06:40,2026-05-15 00:00:00,,,0,,0,,,False,False,False,False,True,True
17138852714438367210,GMA23   ,BE20,L2T,Turboprop,False,Night,2026-05-15 22:21:00,2026-05-15 00:00:00,775.0000248,14.449525011287937,8,1625.000052,3,2600.0000832,-638.8625609351702,True,True,True,False,True,True
1198442180093885297,RYR6504 ,B738,L2J,Large jet,True,Day,2026-05-16 06:18:30,2026-05-16 00:00:00,100.0000032,18.653444790032758,3,2400.0000768,2,2600.0000832,-286.89576224956363,True,True,True,False,True,True
14700005137322996340,RYR384B ,,,Other,False,Day,2026-05-16 07:08:05,2026-05-16 00:00:00,100.0000032,18.637550612742626,1,,0,,,True,False,True,False,False,False
13052662948227500766,RYR117J ,B38M,,Large jet,True,Day,2026-05-16 06:22:55,2026-05-16 00:00:00,100.0000032,18.647720947541206,2,2125.0000680000003,1,,,True,True,True,False,True,True
16993369868350919082,RYR273  ,B38M,,Large jet,True,Day,2026-05-16 08:37:05,2026-05-16 00:00:00,125.000004,18.25908330305471,2,2225.0000712,1,,,True,True,True,False,True,True
9977213958831895792,RYR80XD ,B738,L2J,Large jet,True,Day,2026-05-16 09:22:45,2026-05-16 00:00:00,150.0000048,18.375821446510074,1,,0,,,True,False,True,False,False,False
5413533747139349645,RYR7099 ,,,Other,False,Day,2026-05-16 08:25:45,2026-05-16 00:00:00,100.0000032,18.713324634201125,1,,0,,,True,False,True,False,True,True
11457019440891270548,SFY2JM  ,DA42,L2P,GA / light,False,Day,2026-05-16 08:58:10,2026-05-16 00:00:00,775.0000248,17.29018256822654,4,2050.0000656,1,2050.0000656,-723.0365759988395,True,True,True,False,True,True
6262630712113765078,GCGPL   ,SONX,L1P,GA / light,False,Day,2026-05-16 09:29:30,2026-05-16 00:00:00,,,0,,0,,,False,False,False,False,False,False
4156567466472239953,WDK45   ,EC45,H2T,Helicopter,False,Day,2026-05-16 09:03:05,2026-05-16 00:00:00,1125.0000360000001,14.832845129016643,14,,0,,,True,False,True,False,True,True
2977611877829982194,T736A   ,BE36,L1P,GA / light,False,Day,2026-05-16 10:52:15,2026-05-16 00:00:00,3125.0001,17.936572301177993,2,,0,,,True,False,True,False,True,True
12698493534178834600,GZAVI   ,C42,L1P,GA / light,False,Day,2026-05-16 09:54:55,2026-05-16 00:00:00,,,0,,0,,,False,False,False,False,False,True
8102095976571229318,GBUFH   ,P28A,L1P,GA / light,False,Day,2026-05-16 10:49:10,2026-05-16 00:00:00,1050.0000336,16.17417205471023,3,,0,,,True,False,True,False,False,True
14607925097556375504,RRR4126 ,A400,L4T,Turboprop,False,Day,2026-05-16 10:17:25,2026-05-16 00:00:00,75.0000024,18.540291744921255,2,2600.0000832,1,2600.0000832,-440.1655123292621,True,True,True,False,True,True
15644029133076404940,EXS86KL ,B738,L2J,Large jet,True,Day,2026-05-16 12:10:45,2026-05-16 00:00:00,100.0000032,18.76902331660114,2,2975.0000952000005,1,2975.0000952000005,67.61135310528971,True,True,True,False,True,True
11559503196535648795,GOJVL   ,RV6,L1P,GA / light,False,Day,2026-05-16 10:53:10,2026-05-16 00:00:00,975.0000312,18.328460158779787,1,,0,,,True,False,True,False,False,True
5655531024659946139,HLE10   ,A169,H2T,Helicopter,False,Day,2026-05-16 10:44:00,2026-05-16 00:00:00,,,0,,0,,,False,False,False,False,False,False
10428840377780711548,GMOSH   ,P28R,L1P,GA / light,False,Day,2026-05-16 11:59:55,2026-05-16 00:00:00,200.0000064,18.21494377762823,8,,0,,,True,False,True,False,False,True
15973322766103341452,TOM2CD  ,B738,L2J,Large jet,True,Day,2026-05-16 12:55:50,2026-05-16 00:00:00,,,0,,0,,,False,False,False,False,False,False
3981098946178899069,SFY5LW  ,,,Other,False,Day,2026-05-16 11:24:15,2026-05-16 00:00:00,700.0000224,17.30141197065482,4,,0,,,True,False,True,False,True,True
5468348998674619253,GBHJS   ,P68,L2P,GA / light,False,Day,2026-05-16 13:00:40,2026-05-16 00:00:00,900.0000288,15.562074569854904,3,,0,,,True,False,True,False,False,True
11490960348875508494,EXS52TY ,B738,,Large jet,True,Day,2026-05-16 14:43:10,2026-05-16 00:00:00,125.000004,18.9406522859536,2,2600.0000832,1,2600.0000832,-672.5127905680229,True,True,True,False,True,True
7132486004141015413,RYR8PA  ,B38M,L2J,Large jet,True,Day,2026-05-16 13:17:45,2026-05-16 00:00:00,125.000004,18.68074146297416,1,,0,,,True,False,True,False,False,False
17091355222587952576,2CLRK   ,EA50,L2J,Business jet,False,Day,2026-05-16 12:07:25,2026-05-16 00:00:00,1350.0000432000002,10.98998448419085,3,2200.0000704000004,1,,,True,True,True,False,True,True
17656959921821091707,GBUFH   ,P28A,L1P,GA / light,False,Day,2026-05-16 12:46:15,2026-05-16 00:00:00,1125.0000360000001,15.463875597817504,6,,0,,,True,False,True,False,True,True
6189582384273385597,GCBCL   ,GLST,L1P,GA / light,False,Day,2026-05-16 12:19:05,2026-05-16 00:00:00,1150.0000368,15.092433688290985,3,,0,,,True,False,True,False,True,True
6514226460920693664,GBZTN   ,EUPA,L1P,GA / light,False,Day,2026-05-16 12:25:55,2026-05-16 00:00:00,,,0,,0,,,False,False,False,False,True,True
1065746394144912281,GCICK   ,SPIT,L1P,GA / light,False,Day,2026-05-16 12:36:20,2026-05-16 00:00:00,,,0,,0,,,False,False,False,False,False,False
17090472557925865007,GLOOC   ,C172,L1P,GA / light,False,Day,2026-05-16 12:44:00,2026-05-16 00:00:00,,,0,,0,,,False,False,False,False,False,False
12069671689992550729,RYR5RR  ,B738,,Large jet,True,Day,2026-05-16 14:24:25,2026-05-16 00:00:00,100.0000032,18.945736587326927,1,,0,,,True,False,True,False,False,False
5147751931775624340,RYR12YU ,,,Other,False,Day,2026-05-16 14:16:50,2026-05-16 00:00:00,100.0000032,18.780641538725412,2,3500.0001119999997,1,3500.0001119999997,512.1153755928026,True,True,True,False,True,True
15963898351946361120,GGCDB   ,SR20,L1P,GA / light,False,Day,2026-05-16 13:17:10,2026-05-16 00:00:00,925.0000296,15.655952762422446,4,,0,,,True,False,True,False,True,True
18002211675129542608,RYR3318 ,,,Other,False,Day,2026-05-16 14:38:30,2026-05-16 00:00:00,100.0000032,18.792260143913335,1,,0,,,True,False,True,False,False,False
5284129817958694866,,SR20,L1P,GA / light,False,Day,2026-05-16 13:07:00,2026-05-16 00:00:00,1225.0000392,18.12327029351321,1,,0,,,True,False,True,False,True,True
11004041281256027511,GCICK   ,SPIT,L1P,GA / light,False,Day,2026-05-16 13:31:25,2026-05-16 00:00:00,,,0,,0,,,False,False,False,False,False,False
14981612431101844257,SFY5LW  ,,,Other,False,Day,2026-05-16 15:11:05,2026-05-16 00:00:00,1475.0000472000002,10.215814420970842,3,1550.0000496,1,,,True,True,True,False,True,True
7693401566356486563,HLE10   ,A169,H2T,Helicopter,False,Day,2026-05-16 14:38:05,2026-05-16 00:00:00,,,0,,0,,,False,False,False,False,True,True
5585209743679188727,SXN608  ,,,Other,False,Day,2026-05-16 15:37:15,2026-05-16 00:00:00,150.0000048,18.622295657018952,2,,0,2650.0000848,-351.33676033527126,True,False,True,False,True,True
3850606884859362878,HLE10   ,A169,H2T,Helicopter,False,Day,2026-05-16 15:54:50,2026-05-16 00:00:00,,,0,,0,,,False,False,False,False,False,True
8519551956016318777,GMA23   ,BE20,L2T,Turboprop,False,Day,2026-05-16 16:18:35,2026-05-16 00:00:00,1150.0000368,13.316428746575038,6,1650.0000528,2,2100.0000672,-701.4886673089363,True,True,True,False,True,True
10629204192198056046,SFY5LW  ,,,Other,False,Evening,2026-05-16 18:14:30,2026-05-16 00:00:00,925.0000296,13.633725516639153,9,1550.0000496,1,,,True,True,True,False,True,True
10557383579808605059,RYR2XN  ,B38M,L2J,Large jet,True,Evening,2026-05-16 19:07:15,2026-05-16 00:00:00,125.000004,18.550462535928062,1,,0,,,True,False,True,False,False,False
837552547578969716,RYR7AB  ,,,Other,False,Evening,2026-05-16 20:36:15,2026-05-16 00:00:00,125.000004,18.726048413816446,1,,0,,,True,False,True,False,False,False
18250704410590199871,EXS82F  ,B738,L2J,Large jet,True,Night,2026-05-16 23:03:50,2026-05-16 00:00:00,125.000004,18.951980873047372,2,,0,,,True,False,True,False,True,True
2186698290533471143,TOM14X  ,B738,L2J,Large jet,True,Night,2026-05-16 23:08:35,2026-05-16 00:00:00,100.0000032,18.664121674762285,2,3100.0000992,1,3100.0000992,212.50732632113386,True,True,True,False,True,True
10024899261600514334,RYR9911 ,B738,L2J,Large jet,True,Evening,2026-05-16 20:33:35,2026-05-16 00:00:00,75.0000024,18.753344939145986,1,,0,,,True,False,True,False,False,False
11225455804948423779,EXS61TQ ,B738,,Large jet,True,Evening,2026-05-16 21:50:20,2026-05-16 00:00:00,100.0000032,18.675515206694214,1,,0,,,True,False,True,False,False,False
2155851912291299080,RYR5724 ,B38M,L2J,Large jet,True,Day,2026-05-17 06:27:35,2026-05-17 00:00:00,75.0000024,18.56516336463769,3,2275.0000728,2,,,True,True,True,False,True,True
5760731587641555812,SFY5LW  ,,,Other,False,Day,2026-05-17 09:56:50,2026-05-17 00:00:00,2150.0000688,1.6188301247415768,1,2150.0000688,1,2150.0000688,-808.6402089394774,True,True,True,False,True,True
6492978720918839934,GBUFH   ,P28A,L1P,GA / light,False,Day,2026-05-17 10:36:00,2026-05-17 00:00:00,1075.0000344,17.16151803337759,2,,0,,,True,False,True,False,False,True
13601383994989276445,GCICK   ,SPIT,L1P,GA / light,False,Day,2026-05-17 10:20:30,2026-05-17 00:00:00,1050.0000336,2.41796533781655,1,1050.0000336,1,1050.0000336,-1847.7625499464496,True,True,True,True,True,True
13869562495761124332,GBEWR   ,C172,L1P,GA / light,False,Day,2026-05-17 11:13:35,2026-05-17 00:00:00,,,0,,0,,,False,False,False,False,False,True
6075466092518916880,TOM9HB  ,B738,L2J,Large jet,True,Day,2026-05-17 11:59:55,2026-05-17 00:00:00,75.0000024,18.702008528246253,4,1550.0000496,1,,,True,True,True,False,True,True
10359278892216393026,RYR363C ,B38M,L2J,Large jet,True,Day,2026-05-17 12:13:20,2026-05-17 00:00:00,50.0000016,18.76379711422195,1,,0,,,True,False,True,False,False,False
10121872546177947938,EXS34JU ,B738,,Large jet,True,Day,2026-05-17 12:17:40,2026-05-17 00:00:00,50.0000016,18.832072029406444,3,2225.0000712,1,,,True,True,True,False,True,True
15766815609446367122,GULAS   ,DHC1,L1P,GA / light,False,Day,2026-05-17 11:36:05,2026-05-17 00:00:00,,,0,,0,,,False,False,False,False,False,True
7877735616464220281,SFY5LW  ,,,Other,False,Day,2026-05-17 11:52:55,2026-05-17 00:00:00,1225.0000392,17.18976230335995,1,,0,,,True,False,True,False,False,True
16187892364325983320,EXS68AT ,B738,L2J,Large jet,True,Day,2026-05-17 14:25:45,2026-05-17 00:00:00,25.0000008,18.939503547402296,4,2050.0000656,2,,,True,True,True,False,True,True
13619680552891494059,RYR2XN  ,B38M,L2J,Large jet,True,Day,2026-05-17 13:03:15,2026-05-17 00:00:00,50.0000016,18.780641538725412,1,,0,,,True,False,True,False,False,False
4229598100595745504,GLEGD   ,SPIT,L1P,GA / light,False,Day,2026-05-17 11:21:35,2026-05-17 00:00:00,,,0,,0,,,False,False,False,False,False,False
5274261269161569264,FRA96   ,FA20,L2J,Business jet,False,Day,2026-05-17 12:34:35,2026-05-17 00:00:00,50.0000016,18.64378165246986,4,2525.0000808,3,2550.0000816,-379.2391446647316,True,True,True,False,True,True
14041656547260099862,JSD516  ,C650,L2J,Business jet,False,Day,2026-05-17 14:09:35,2026-05-17 00:00:00,1375.0000440000001,7.261512212805086,7,1425.0000456,2,,,True,True,True,False,True,True
18259675383188232457,GBUFH   ,P28A,L1P,GA / light,False,Day,2026-05-17 12:41:35,2026-05-17 00:00:00,1175.0000376,16.21952986382335,8,,0,,,True,False,True,False,True,True
16844989016591299110,RYR12YU ,B738,L2J,Large jet,True,Day,2026-05-17 13:48:00,2026-05-17 00:00:00,25.0000008,18.648218597131358,3,2050.0000656,2,,,True,True,True,False,True,True
12618746219049052610,,P28A,L1P,GA / light,False,Day,2026-05-17 12:25:25,2026-05-17 00:00:00,,,0,,0,,,False,False,False,False,True,True
12126231643417818279,RYR117J ,B38M,,Large jet,True,Day,2026-05-17 14:48:05,2026-05-17 00:00:00,50.0000016,18.675437505902035,1,,0,,,True,False,True,False,True,True
3318313004899136251,GCICK   ,SPIT,L1P,GA / light,False,Day,2026-05-17 13:07:10,2026-05-17 00:00:00,,,0,,0,,,False,False,False,False,False,False
10789130618601743664,GLEGD   ,SPIT,L1P,GA / light,False,Day,2026-05-17 13:00:30,2026-05-17 00:00:00,,,0,,0,,,False,False,False,False,False,False
72666795794421548,SFY5LW  ,,,Other,False,Day,2026-05-17 13:59:55,2026-05-17 00:00:00,1050.0000336,15.441942861860445,1,,0,,,True,False,True,False,False,True
3910020783529629692,RYR8947 ,,,Other,False,Day,2026-05-17 16:30:25,2026-05-17 00:00:00,50.0000016,18.50863544705882,1,,0,,,True,False,True,False,True,True
11049180712816729668,GBUFH   ,P28A,L1P,GA / light,False,Day,2026-05-17 14:45:50,2026-05-17 00:00:00,1075.0000344,15.420791345128881,2,,0,,,True,False,True,False,False,True
5964927121601718780,RYR9356 ,B38M,L2J,Large jet,True,Day,2026-05-17 16:59:55,2026-05-17 00:00:00,50.0000016,18.46451975385204,2,2550.0000816,1,,,True,True,True,False,True,True
1585973035289767953,RUK1133 ,B738,L2J,Large jet,True,Day,2026-05-17 17:53:10,2026-05-17 00:00:00,50.0000016,18.384806500530047,4,1575.0000504,3,,,True,True,True,False,True,True
9503259423493267286,NJE537V ,C56X,L2J,Business jet,False,Evening,2026-05-17 18:35:45,2026-05-17 00:00:00,1525.0000488,10.346500627950427,4,1725.0000552,2,,,True,True,True,False,True,True
13135926755322827413,HLE10   ,A169,H2T,Helicopter,False,Evening,2026-05-17 18:52:15,2026-05-17 00:00:00,,,0,,0,,,False,False,False,False,False,True
4962884792101446318,TOM4BN  ,B738,L2J,Large jet,True,Night,2026-05-17 22:26:10,2026-05-17 00:00:00,50.0000016,18.951980873047372,1,,0,,,True,False,True,False,False,False
6288274127323543488,EXS37EJ ,B738,L2J,Large jet,True,Evening,2026-05-17 20:59:40,2026-05-17 00:00:00,1525.0000488,9.184970241178629,1,,0,,,True,False,True,False,True,True
3513411480569499444,EXS71BS ,B738,,Large jet,True,Night,2026-05-17 22:11:00,2026-05-17 00:00:00,50.0000016,18.658671059881183,2,1975.0000632,1,,,True,True,True,False,True,True
14091522558942028809,RYR8PA  ,,,Other,False,Night,2026-05-17 22:00:10,2026-05-17 00:00:00,25.0000008,18.929910118073934,2,3050.0000976,1,3050.0000976,150.55276108904718,True,True,True,False,True,True
12965728701887218858,RYR80XD ,B38M,L2J,Large jet,True,Night,2026-05-17 22:45:45,2026-05-17 00:00:00,,,0,,0,,,False,False,False,False,False,False
16111133548621664118,URO901  ,A346,L4J,Large jet,True,Day,2026-05-18 06:36:00,2026-05-18 00:00:00,1575.0000504,7.240795854526965,1,,0,,,True,False,True,False,True,True
14226382007701015180,RYR2XN  ,,,Other,False,Day,2026-05-18 11:17:45,2026-05-18 00:00:00,2000.000064,5.462233581208755,2,2000.000064,2,,,True,True,True,False,True,True
17346431378414063056,OHSSS   ,PC12,L1T,Turboprop,False,Day,2026-05-18 11:13:10,2026-05-18 00:00:00,2100.0000672,5.064763549797098,3,2100.0000672,3,,,True,True,True,False,True,True
5592643990512257714,EXS697J ,B738,,Large jet,True,Day,2026-05-18 11:52:10,2026-05-18 00:00:00,25.0000008,18.58834867757592,1,,0,,,True,False,True,False,False,False
5792165455129987130,AMBER1  ,,,Other,False,Day,2026-05-18 11:32:15,2026-05-18 00:00:00,50.0000016,18.614530326158466,3,,0,,,True,False,True,False,True,True
7592644341024518667,AMBER2  ,FA20,L2J,Business jet,False,Day,2026-05-18 11:42:15,2026-05-18 00:00:00,25.0000008,18.963600042228947,3,,0,,,True,False,True,False,False,True
8551261870203588852,GCMPF   ,C42,,Other,False,Day,2026-05-18 10:12:55,2026-05-18 00:00:00,,,0,,0,,,False,False,False,False,False,True
18315508543872071881,NJE117U ,C56X,L2J,Business jet,False,Day,2026-05-18 10:37:10,2026-05-18 00:00:00,275.00000880000005,17.137105808339204,7,1525.0000488,2,,,True,True,True,False,True,True
17128159198743338573,2CLRK   ,EA50,L2J,Business jet,False,Day,2026-05-18 10:38:45,2026-05-18 00:00:00,650.0000208,14.774116452102163,8,,0,,,True,False,True,False,False,True
8030428068406845812,TOM62H  ,B738,L2J,Large jet,True,Day,2026-05-18 13:22:05,2026-05-18 00:00:00,25.0000008,18.541928669071734,3,3500.0001119999997,2,3475.0001112,154.07310571283188,True,True,True,False,True,True
12898124816492679914,NJE432K ,C68A,L2J,Business jet,False,Day,2026-05-18 11:47:15,2026-05-18 00:00:00,2050.0000656,7.3433952446965645,1,,0,,,True,False,True,False,True,True
4663030104969824741,EXS61TQ ,B738,L2J,Large jet,True,Day,2026-05-18 13:00:20,2026-05-18 00:00:00,100.0000032,17.92624601768549,3,1875.00006,1,,,True,True,True,False,True,True
10940178446070259313,SFY5LW  ,,,Other,False,Day,2026-05-18 11:31:10,2026-05-18 00:00:00,1475.0000472000002,7.300412055700217,1,,0,,,True,False,True,False,True,True
17851812927332701971,RYR7624 ,B38M,L2J,Large jet,True,Day,2026-05-18 13:41:35,2026-05-18 00:00:00,75.0000024,18.070414862073925,1,,0,,,True,False,True,False,False,False
7150002227094323444,BTNIA18 ,G115,L1P,GA / light,False,Day,2026-05-18 12:52:05,2026-05-18 00:00:00,,,0,,0,,,False,False,False,False,False,False
5470715854860399584,HLE56   ,EC35,H2T,Helicopter,False,Day,2026-05-18 11:45:40,2026-05-18 00:00:00,1025.0000328,16.49476415175858,1,,0,,,True,False,True,False,False,True
13741714032758643986,GCNCV   ,,,Other,False,Day,2026-05-18 14:00:25,2026-05-18 00:00:00,675.0000216000001,17.761062878728566,57,925.0000296,11,975.0000312,-2187.6025699153515,True,True,True,True,True,True
11796828674820893620,HLE56   ,EC35,H2T,Helicopter,False,Day,2026-05-18 12:29:00,2026-05-18 00:00:00,1325.0000424,14.156820607942844,1,,0,,,True,False,True,False,True,True
18121595742395061170,2CLRK   ,EA50,L2J,Business jet,False,Day,2026-05-18 13:37:40,2026-05-18 00:00:00,1100.0000352000002,11.554636645851135,5,,0,,,True,False,True,False,False,True
15167446036687889861,RYR117J ,B738,L2J,Large jet,True,Day,2026-05-18 14:37:55,2026-05-18 00:00:00,1725.0000552,8.43112080930055,1,,0,,,True,False,True,False,True,True
13880300318100480411,PAV683  ,C25A,L2J,Business jet,False,Day,2026-05-18 13:28:50,2026-05-18 00:00:00,450.0000144,15.807759211632892,4,2525.0000808,2,2550.0000816,-308.5960452730683,True,True,True,False,True,True
4850115378903488540,AMBER1  ,FA20,L2J,Business jet,False,Day,2026-05-18 14:22:15,2026-05-18 00:00:00,1475.0000472000002,9.76416391357344,2,1525.0000488,1,,,True,True,True,False,False,True
10766324207520421445,SFY5LW  ,,,Other,False,Day,2026-05-18 14:46:00,2026-05-18 00:00:00,600.0000192,14.86064591696417,8,1950.0000624,1,,,True,True,True,False,True,True
11006902308081272749,RYR22ZK ,,,Other,False,Day,2026-05-18 16:09:20,2026-05-18 00:00:00,5150.0001648,13.183402125921583,1,,0,,,True,False,True,False,False,False
185637965218411838,AMBER2  ,FA20,L2J,Business jet,False,Day,2026-05-18 15:26:55,2026-05-18 00:00:00,50.0000016,18.880129214700357,1,,0,,,True,False,True,False,False,True
5362562363823166548,BRO09   ,,,Other,False,Day,2026-05-18 14:47:55,2026-05-18 00:00:00,1800.0000576,10.809674896010673,6,,0,,,True,False,True,False,True,True
18360614075655731747,RYR7KY  ,,,Other,False,Day,2026-05-18 16:18:05,2026-05-18 00:00:00,,,0,,0,,,False,False,False,False,False,False
1160258862068248969,SRD375  ,A139,,Other,False,Day,2026-05-18 16:08:55,2026-05-18 00:00:00,,,0,,0,,,False,False,False,False,False,False
8907830303117709998,GMA23   ,BE20,L2T,Turboprop,False,Day,2026-05-18 15:43:05,2026-05-18 00:00:00,1225.0000392,11.560094892196286,3,,0,,,True,False,True,False,True,True
6876300756680554160,HLE10   ,A169,H2T,Helicopter,False,Day,2026-05-18 15:37:50,2026-05-18 00:00:00,,,0,,0,,,False,False,False,False,False,True
16211037461481368150,GBEWR   ,C172,L1P,GA / light,False,Day,2026-05-18 17:08:35,2026-05-18 00:00:00,,,0,,0,,,False,False,False,False,True,True
12751640213495817205,RYR80XD ,B738,L2J,Large jet,True,Evening,2026-05-18 18:24:25,2026-05-18 00:00:00,50.0000016,18.29276871371585,2,2025.0000648,1,,,True,True,True,False,True,True
16553979050921274324,HLE10   ,A169,H2T,Helicopter,False,Day,2026-05-18 16:57:05,2026-05-18 00:00:00,975.0000312,15.918147087096012,7,1025.0000328,4,,,True,True,True,False,True,True
16325148182780537510,SFY5LW  ,,,Other,False,Day,2026-05-18 17:10:35,2026-05-18 00:00:00,,,0,,0,,,False,False,False,False,False,True
6549844917825819665,GBEWR   ,C172,L1P,GA / light,False,Evening,2026-05-18 18:08:35,2026-05-18 00:00:00,,,0,,0,,,False,False,False,False,False,True
7824142377934437503,,C172,L1P,GA / light,False,Day,2026-05-18 17:58:15,2026-05-18 00:00:00,,,0,,0,,,False,False,False,False,False,True
4704926969998339286,EXS47W  ,B738,,Large jet,True,Night,2026-05-18 23:18:10,2026-05-18 00:00:00,50.0000016,18.92310181534689,4,2550.0000816,3,2550.0000816,-442.6190209417932,True,True,True,False,True,True
10714953245406818085,TOM6LM  ,B738,L2J,Large jet,True,Night,2026-05-18 23:56:10,2026-05-18 00:00:00,75.0000024,18.980445192163266,1,,0,,,True,False,True,False,False,False
6282463310156582201,RYR38NG ,B38M,L2J,Large jet,True,Evening,2026-05-18 21:46:35,2026-05-18 00:00:00,50.0000016,18.730108647454088,1,,0,,,True,False,True,False,False,False
15355614391211378285,RYR12YU ,,,Other,False,Evening,2026-05-18 21:58:00,2026-05-18 00:00:00,25.0000008,18.719656112305934,1,,0,,,True,False,True,False,False,False
18260517337026047275,EXS34HS ,B738,L2J,Large jet,True,Night,2026-05-18 22:40:05,2026-05-18 00:00:00,75.0000024,18.50749109505457,1,,0,,,True,False,True,False,True,True
13993620841450408603,RYR80XD ,B738,L2J,Large jet,True,Day,2026-05-19 08:09:25,2026-05-19 00:00:00,200.0000064,18.20448944388729,1,,0,,,True,False,True,False,False,True
5515483564352992446,SRD203E ,BE20,L2T,Turboprop,False,Day,2026-05-19 08:00:50,2026-05-19 00:00:00,2150.0000688,3.2718537922451945,1,2150.0000688,1,,,True,True,True,False,True,True
12882761825175848965,AMBER1  ,FA20,L2J,Business jet,False,Day,2026-05-19 09:24:30,2026-05-19 00:00:00,175.0000056,18.330520728766125,4,2175.0000696,2,2200.0000704000004,-551.9897238654758,True,True,True,False,True,True
4353473119172166683,AMBER2  ,FA20,L2J,Business jet,False,Day,2026-05-19 09:45:00,2026-05-19 00:00:00,150.0000048,18.556692266539574,4,2150.0000688,3,,,True,True,True,False,True,True
5909721000493947254,AMBER3  ,FA20,L2J,Business jet,False,Day,2026-05-19 09:50:40,2026-05-19 00:00:00,150.0000048,18.698070306778014,4,2125.0000680000003,3,,,True,True,True,False,True,True
14878230494631711463,N101DW  ,P32R,L1P,GA / light,False,Day,2026-05-19 09:40:05,2026-05-19 00:00:00,575.0000184,16.114501699667464,8,2175.0000696,1,,,True,True,True,False,True,True
17830945915143963721,BRO077Y ,B737,L2J,Large jet,True,Day,2026-05-19 10:13:05,2026-05-19 00:00:00,125.000004,18.449263476697432,3,2625.0000840000002,2,2650.0000848,-332.9672162693164,True,True,True,False,True,True
10157487053297304587,EXS86KL ,B738,L2J,Large jet,True,Day,2026-05-19 11:47:25,2026-05-19 00:00:00,150.0000048,18.597686383462058,1,,0,,,True,False,True,False,False,False
13772114730435175039,TOM20H  ,B738,L2J,Large jet,True,Day,2026-05-19 11:57:00,2026-05-19 00:00:00,125.000004,18.548319406920626,3,2000.000064,1,,,True,True,True,False,True,True
16114039679909508871,GEIMS   ,B505,H1T,Helicopter,False,Day,2026-05-19 10:26:40,2026-05-19 00:00:00,,,0,,0,,,False,False,False,False,False,False
4241678992696121085,RYR970  ,,,Other,False,Day,2026-05-19 12:37:30,2026-05-19 00:00:00,150.0000048,18.382211155170832,3,2675.0000856,2,2875.000092,-363.21907810511175,True,True,True,False,True,True
18057522087388034406,GEDWA   ,A109,,Other,False,Day,2026-05-19 10:45:45,2026-05-19 00:00:00,,,0,,0,,,False,False,False,False,False,False
10193306162945760772,RYR8947 ,,,Other,False,Day,2026-05-19 13:44:45,2026-05-19 00:00:00,125.000004,18.487335162903832,2,2075.0000664,1,,,True,True,True,False,True,True
15646114312516923766,LJC2    ,,,Other,False,Day,2026-05-19 12:03:55,2026-05-19 00:00:00,1600.0000512,5.240704147685827,2,1600.0000512,2,,,True,True,True,False,True,True
3695508314779298656,HLE10   ,A169,H2T,Helicopter,False,Day,2026-05-19 12:18:20,2026-05-19 00:00:00,,,0,,0,,,False,False,False,False,False,True
1062759998759220010,RYR7099 ,B738,L2J,Large jet,True,Day,2026-05-19 13:10:40,2026-05-19 00:00:00,150.0000048,18.470491540468252,1,,0,,,True,False,True,False,False,False
10174610143110618507,RYR2XN  ,B738,L2J,Large jet,True,Day,2026-05-19 14:28:40,2026-05-19 00:00:00,100.0000032,18.912932647313333,1,,0,,,True,False,True,False,False,False
2748734381947222886,EXS73G  ,B738,,Large jet,True,Day,2026-05-19 16:24:35,2026-05-19 00:00:00,125.000004,18.696923518393103,2,2875.000092,1,2875.000092,180.5800043330537,True,True,True,False,True,True
6695585485447035327,BWY40   ,FA20,L2J,Business jet,False,Day,2026-05-19 15:26:05,2026-05-19 00:00:00,1600.0000512,9.594001638783741,4,1625.000052,3,,,True,True,True,False,True,True
2821541575099474906,HLE10   ,A169,H2T,Helicopter,False,Day,2026-05-19 13:44:05,2026-05-19 00:00:00,725.0000232000001,19.35100937009674,19,,0,,,True,False,True,False,True,True
14789294271515139570,RYR117J ,,,Other,False,Day,2026-05-19 15:49:45,2026-05-19 00:00:00,100.0000032,18.758570988382235,3,2625.0000840000002,2,,,True,True,True,False,True,True
3449642662549392803,TASMAN81,,,Other,False,Day,2026-05-19 16:32:30,2026-05-19 00:00:00,150.0000048,18.602912848433892,3,2625.0000840000002,2,,,True,True,True,False,True,True
3170284811765211161,N666GA  ,AA5,L1P,GA / light,False,Day,2026-05-19 14:43:50,2026-05-19 00:00:00,,,0,,0,,,False,False,False,False,False,True
8770470199545799780,HLE10   ,A169,H2T,Helicopter,False,Day,2026-05-19 14:33:10,2026-05-19 00:00:00,,,0,,0,,,False,False,False,False,False,True
84200684799513475,GBFBR   ,P28A,L1P,GA / light,False,Day,2026-05-19 15:15:55,2026-05-19 00:00:00,,,0,,0,,,False,False,False,False,False,False
4599149352631799295,RYR273  ,B38M,,Large jet,True,Evening,2026-05-19 19:22:05,2026-05-19 00:00:00,75.0000024,18.648218597131358,1,,0,,,True,False,True,False,True,True
18295534869888694846,GODNM   ,H500,H1T,Helicopter,False,Day,2026-05-19 16:59:55,2026-05-19 00:00:00,,,0,,0,,,False,False,False,False,False,True
18027493786105043105,RUK1133 ,B738,L2J,Large jet,True,Day,2026-05-19 17:01:10,2026-05-19 00:00:00,100.0000032,18.924684249608955,2,3150.0001008,1,3125.0001,88.63345578483495,True,True,True,False,True,True
4065776437464608679,BALNCE89,H64,H2T,Helicopter,False,Day,2026-05-19 17:09:30,2026-05-19 00:00:00,,,0,,0,,,False,False,False,False,False,False
17431209538733349655,RYR384B ,,,Other,False,Evening,2026-05-19 19:36:20,2026-05-19 00:00:00,100.0000032,18.57561609084729,3,,0,,,True,False,True,False,True,True
7681925799469825975,RYR8PA  ,,,Other,False,Evening,2026-05-19 18:42:00,2026-05-19 00:00:00,100.0000032,18.465264991611882,2,3750.00012,1,,,True,True,True,False,False,False
3914117898291085803,EIX90V  ,,,Other,False,Day,2026-05-19 17:22:10,2026-05-19 00:00:00,2100.0000672,3.926676218805255,2,2100.0000672,2,,,True,True,True,False,True,True
11652930948952563939,RYR12YU ,B38M,L2J,Large jet,True,Evening,2026-05-19 19:51:10,2026-05-19 00:00:00,75.0000024,18.515796522253524,2,2575.0000824,1,2575.0000824,-166.86794620527917,True,True,True,False,True,True
15730356344902640604,URO100P ,A346,L4J,Large jet,True,Evening,2026-05-19 19:11:50,2026-05-19 00:00:00,100.0000032,18.734810711647572,1,,0,,,True,False,True,False,False,False
17812159486997239701,RYR6504 ,,,Other,False,Evening,2026-05-19 21:10:45,2026-05-19 00:00:00,50.0000016,18.792260143913335,5,2800.0000896,4,2825.0000904000003,-249.61525013718392,True,True,True,False,True,True
4767336636446512803,EXS159E ,B738,L2J,Large jet,True,Evening,2026-05-19 21:55:45,2026-05-19 00:00:00,1550.0000496,4.28761387741188,2,1550.0000496,2,2050.0000656,-1087.1564750325988,True,True,True,False,True,True
12632385680651591801,RYR363C ,B38M,L2J,Large jet,True,Evening,2026-05-19 21:48:15,2026-05-19 00:00:00,50.0000016,18.739895616960432,3,2950.0000944000003,2,2950.0000944000003,8.77542248238342,True,True,True,False,True,True
13517234817062921443,AWC515Y ,A320,L2J,Large jet,True,Evening,2026-05-19 20:43:35,2026-05-19 00:00:00,100.0000032,18.61606469013706,4,,0,,,True,False,True,False,True,True
8927836400228294632,RYR117J ,B38M,,Large jet,True,Day,2026-05-20 06:09:00,2026-05-20 00:00:00,,,0,,0,,,False,False,False,False,True,True
7542027728716730370,RYR7AB  ,B38M,L2J,Large jet,True,Day,2026-05-20 07:38:40,2026-05-20 00:00:00,3850.0001232,6.420185672476419,1,,0,,,True,False,True,False,False,False
2580947414536713693,RYR2XN  ,B38M,L2J,Large jet,True,Day,2026-05-20 07:47:25,2026-05-20 00:00:00,1475.0000472000002,9.713181695481037,1,,0,,,True,False,True,False,True,True
8796294146730824357,CRMSON1 ,FA20,L2J,Business jet,False,Day,2026-05-20 09:26:50,2026-05-20 00:00:00,1275.0000408,10.399064524381552,3,,0,,,True,False,True,False,True,True
12048748201356698163,BLUE1   ,FA20,L2J,Business jet,False,Day,2026-05-20 09:31:35,2026-05-20 00:00:00,1425.0000456,8.03622924470223,1,,0,,,True,False,True,False,True,True
10408382197473276798,CRIMSON2,,,Other,False,Day,2026-05-20 09:29:15,2026-05-20 00:00:00,825.0000264,13.15396999557926,3,,0,,,True,False,True,False,True,True
2550873790928262892,RYR363C ,B38M,L2J,Large jet,True,Day,2026-05-20 11:44:50,2026-05-20 00:00:00,1300.0000416,6.998394600819571,5,1625.000052,3,,,True,True,True,False,True,True
13764794667475027710,FRA83   ,FA20,L2J,Business jet,False,Day,2026-05-20 09:57:50,2026-05-20 00:00:00,1075.0000344,10.69545602997511,1,,0,,,True,False,True,False,False,True
14511138049379271784,TOM6FL  ,B738,L2J,Large jet,True,Day,2026-05-20 11:40:25,2026-05-20 00:00:00,,,0,,0,,,False,False,False,False,False,False
11224328098678992723,EXS61TQ ,B738,L2J,Large jet,True,Day,2026-05-20 11:36:20,2026-05-20 00:00:00,,,0,,0,,,False,False,False,False,False,False
8706567469554254812,CLB413  ,BE20,L2T,Turboprop,False,Day,2026-05-20 11:25:50,2026-05-20 00:00:00,400.0000128,14.340641659898976,7,1500.000048,3,1500.000048,-1496.0201324350048,True,True,True,True,True,True
17394299439024769855,BWY40   ,FA20,L2J,Business jet,False,Day,2026-05-20 12:31:30,2026-05-20 00:00:00,1825.0000584,4.198973717483894,2,1825.0000584,1,,,True,True,True,False,True,True
7346083266880170943,SFY5LW  ,,,Other,False,Day,2026-05-20 11:56:35,2026-05-20 00:00:00,1325.0000424,8.106296481548453,1,,0,,,True,False,True,False,False,True
112742985896513234,EXS3612 ,B738,,Large jet,True,Day,2026-05-20 13:15:45,2026-05-20 00:00:00,,,0,,0,,,False,False,False,False,False,False
17095370400137404567,GOLGE   ,SR20,,Other,False,Day,2026-05-20 10:39:45,2026-05-20 00:00:00,400.0000128,15.498066421124182,4,,0,,,True,False,True,False,False,True
4743385108585497289,GBOHA   ,P28A,L1P,GA / light,False,Day,2026-05-20 12:33:10,2026-05-20 00:00:00,,,0,,0,,,False,False,False,False,False,False
11193718403637108819,RYR5RR  ,,,Other,False,Day,2026-05-20 13:37:50,2026-05-20 00:00:00,2100.0000672,3.5288972200832,1,2100.0000672,1,,,True,True,True,False,True,True
9457455081227749380,RYR80XD ,B738,L2J,Large jet,True,Day,2026-05-20 13:45:20,2026-05-20 00:00:00,,,0,,0,,,False,False,False,False,False,False
306981997794065766,RYR6765 ,,,Other,False,Day,2026-05-20 15:15:50,2026-05-20 00:00:00,2450.0000784,2.1874528609426185,1,2450.0000784,1,2450.0000784,-291.3490495788101,True,True,True,False,True,True
3763549662540225459,CRIMSON2,,,Other,False,Day,2026-05-20 14:03:30,2026-05-20 00:00:00,1800.0000576,2.8139010550634604,1,1800.0000576,1,1800.0000576,-1096.4145407957456,True,True,True,True,True,True
6207398118305846878,BLUE1   ,FA20,L2J,Business jet,False,Day,2026-05-20 14:00:15,2026-05-20 00:00:00,1800.0000576,4.39513092740589,2,1800.0000576,1,,,True,True,True,False,True,True
10629475831381500560,SFY2JM  ,DA42,L2P,GA / light,False,Day,2026-05-20 13:55:40,2026-05-20 00:00:00,,,0,,0,,,False,False,False,False,False,True
8817276061861241204,SRD224B ,B350,,Turboprop,False,Day,2026-05-20 15:01:40,2026-05-20 00:00:00,300.0000096,18.33419653856798,139,1275.0000408,2,,,True,True,True,False,True,True
2133903868145420352,GGCDB   ,SR20,L1P,GA / light,False,Day,2026-05-20 12:56:05,2026-05-20 00:00:00,,,0,,0,,,False,False,False,False,False,False
7089421166186995718,HLE10   ,A169,H2T,Helicopter,False,Day,2026-05-20 13:59:55,2026-05-20 00:00:00,,,0,,0,,,False,False,False,False,False,True
15262735456955003254,GSCOL   ,GA8,L1P,GA / light,False,Day,2026-05-20 14:20:45,2026-05-20 00:00:00,,,0,,0,,,False,False,False,False,True,True
4767540547581666307,CLB413  ,BE20,L2T,Turboprop,False,Day,2026-05-20 17:21:35,2026-05-20 00:00:00,800.0000256,19.243751884130962,4,,0,,,True,False,True,False,False,True
4525150408484154407,BWY41   ,FA20,L2J,Business jet,False,Day,2026-05-20 14:34:20,2026-05-20 00:00:00,2775.0000888,16.40335690472824,2,,0,,,True,False,True,False,False,True
17140432382304499115,GSCOL   ,GA8,L1P,GA / light,False,Day,2026-05-20 14:50:40,2026-05-20 00:00:00,,,0,,0,,,False,False,False,False,False,True
9035537632762300007,GMA23   ,BE20,L2T,Turboprop,False,Day,2026-05-20 15:44:25,2026-05-20 00:00:00,825.0000264,12.527771229591503,7,1725.0000552,5,1750.0000559999999,-913.0254026452749,True,True,True,True,True,True
14359206376727831312,RYR3318 ,B38M,L2J,Large jet,True,Day,2026-05-20 17:16:25,2026-05-20 00:00:00,2050.0000656,4.395497072649075,2,2050.0000656,2,2250.0000720000003,-962.0707897296043,True,True,True,False,True,True
3753169080915166581,HLE10   ,A169,H2T,Helicopter,False,Day,2026-05-20 15:50:15,2026-05-20 00:00:00,,,0,,0,,,False,False,False,False,False,True
595172397772613962,GBEWR   ,C172,L1P,GA / light,False,Day,2026-05-20 16:29:20,2026-05-20 00:00:00,,,0,,0,,,False,False,False,False,False,True
742908661097126605,GBGYH   ,P28A,L1P,GA / light,False,Day,2026-05-20 16:56:40,2026-05-20 00:00:00,850.0000272000001,15.256223878862366,3,,0,,,True,False,True,False,True,True
10499294627229459703,CLY285  ,HDJT,L2J,Business jet,False,Day,2026-05-20 17:49:35,2026-05-20 00:00:00,2275.0000728,4.073012912791878,1,2275.0000728,1,,,True,True,True,False,True,True
6684740716084139314,GBEWR   ,C172,L1P,GA / light,False,Day,2026-05-20 17:54:00,2026-05-20 00:00:00,,,0,,0,,,False,False,False,False,False,True
16982524203435055884,,C172,L1P,GA / light,False,Day,2026-05-20 17:42:10,2026-05-20 00:00:00,,,0,,0,,,False,False,False,False,False,False
9135076396748820413,EXS82F  ,B738,L2J,Large jet,True,Night,2026-05-20 22:27:00,2026-05-20 00:00:00,1450.0000464000002,4.278510877693214,3,1450.0000464000002,3,,,True,True,True,False,True,True
377237849191553021,GSPRK   ,RV4,L1P,GA / light,False,Evening,2026-05-20 19:15:05,2026-05-20 00:00:00,,,0,,0,,,False,False,False,False,False,False
636988707335537621,TOM7MH  ,B738,L2J,Large jet,True,Night,2026-05-20 23:01:45,2026-05-20 00:00:00,2850.0000912,1.7509688527834608,1,2850.0000912,1,2850.0000912,-206.57041399694526,True,True,True,False,True,True
11545608682879075991,EXS81AW ,B738,,Large jet,True,Night,2026-05-20 22:48:10,2026-05-20 00:00:00,,,0,,0,,,False,False,False,False,False,False
5454139633360220267,RYR12YU ,,,Other,False,Evening,2026-05-20 21:21:35,2026-05-20 00:00:00,2850.0000912,0.32054373527228563,1,2850.0000912,1,2850.0000912,-276.46628623109564,True,True,True,False,True,True
7052113888711416093,RYR7KY  ,B38M,L2J,Large jet,True,Evening,2026-05-20 21:59:05,2026-05-20 00:00:00,,,0,,0,,,False,False,False,False,False,False
15653772402017775275,SRG387  ,,,Other,False,Day,2026-05-22 05:41:50,2026-05-22 00:00:00,,,0,,0,,,False,False,False,False,True,True
9714169673414011418,RYR6504 ,B738,L2J,Large jet,True,Day,2026-05-23 06:19:25,2026-05-23 00:00:00,,,0,,0,,,False,False,False,False,False,False
15625741990216709863,RYR384B ,,,Other,False,Day,2026-05-23 07:13:35,2026-05-23 00:00:00,1925.0000616,4.9849018301171775,1,1925.0000616,1,,,True,True,True,False,True,True
5697037488323365647,RYR117J ,B38M,L2J,Large jet,True,Day,2026-05-23 06:16:35,2026-05-23 00:00:00,,,0,,0,,,False,False,False,False,False,False
5334553096295347366,RYR273  ,B38M,L2J,Large jet,True,Day,2026-05-23 08:51:45,2026-05-23 00:00:00,1450.0000464000002,3.6520845001926836,1,1450.0000464000002,1,,,True,True,True,False,True,True
17042804030644457391,WKT88   ,BE9L,L2T,Turboprop,False,Day,2026-05-23 12:05:05,2026-05-23 00:00:00,525.0000168,14.679885436007348,5,1625.000052,2,,,True,True,True,False,True,True
10747665588488745787,RYR80XD ,B738,L2J,Large jet,True,Day,2026-05-23 09:13:25,2026-05-23 00:00:00,,,0,,0,,,False,False,False,False,False,False
6743244782034967825,GCMTD   ,,,Other,False,Day,2026-05-23 08:10:05,2026-05-23 00:00:00,,,0,,0,,,False,False,False,False,False,False
6268417719564651995,GZAVI   ,C42,L1P,GA / light,False,Day,2026-05-23 08:19:45,2026-05-23 00:00:00,,,0,,0,,,False,False,False,False,False,True
13627261253506289272,RYR7099 ,,,Other,False,Day,2026-05-23 08:28:05,2026-05-23 00:00:00,,,0,,0,,,False,False,False,False,False,False
9951128066864420475,AAN181  ,,,Other,False,Day,2026-05-23 08:48:20,2026-05-23 00:00:00,2125.0000680000003,1.7692915599451824,1,2125.0000680000003,1,2125.0000680000003,-1081.8344797561062,True,True,True,False,True,True
3675748419693049370,GMAIN   ,ULAC,,Other,False,Day,2026-05-23 09:46:35,2026-05-23 00:00:00,,,0,,0,,,False,False,False,False,False,False
9307003052041200953,VJH334  ,C56X,L2J,Business jet,False,Day,2026-05-23 12:54:00,2026-05-23 00:00:00,2125.0000680000003,1.8843065728859496,2,2125.0000680000003,2,2125.0000680000003,-1085.6281008610736,True,True,True,False,True,True
10287017658174078821,VCG1EZ  ,C25M,L2J,Business jet,False,Day,2026-05-23 08:41:35,2026-05-23 00:00:00,300.0000096,12.930344235045176,2,1125.0000360000001,1,,,True,True,True,False,True,True
314700074460626250,GGFIG   ,C152,L1P,GA / light,False,Day,2026-05-23 09:33:25,2026-05-23 00:00:00,350.0000112,13.508097323252365,3,,0,,,True,False,True,False,True,True
14269787847548498530,TOM2KT  ,B738,L2J,Large jet,True,Day,2026-05-23 11:21:00,2026-05-23 00:00:00,,,0,,0,,,False,False,False,False,False,False
3570506770347995374,GYROG   ,MM24,G1P,GA / light,False,Day,2026-05-23 10:39:30,2026-05-23 00:00:00,,,0,,0,,,False,False,False,False,False,False
5755334908883405278,GIMPT   ,EFOX,L1P,GA / light,False,Day,2026-05-23 10:45:35,2026-05-23 00:00:00,,,0,,0,,,False,False,False,False,False,False
4955121553868336231,GBUFH   ,P28A,L1P,GA / light,False,Day,2026-05-23 10:08:55,2026-05-23 00:00:00,475.0000152,14.973592442920639,3,,0,,,True,False,True,False,False,True
14842987661091887702,N936CT  ,S22T,L1P,GA / light,False,Day,2026-05-23 10:30:15,2026-05-23 00:00:00,1325.0000424,8.872420100226599,2,,0,,,True,False,True,False,True,True
502799213793742782,,C172,L1P,GA / light,False,Day,2026-05-23 09:54:30,2026-05-23 00:00:00,,,0,,0,,,False,False,False,False,False,True
17490497800788230265,SFY2JM  ,DA42,L2P,GA / light,False,Day,2026-05-23 12:24:05,2026-05-23 00:00:00,275.00000880000005,14.061978248212819,2,,0,,,True,False,True,False,False,True
1989550905879692149,TOM2CD  ,B738,L2J,Large jet,True,Day,2026-05-23 12:14:45,2026-05-23 00:00:00,1625.000052,6.808992261121901,1,,0,,,True,False,True,False,True,True
16749837779323565909,GCGTD   ,EV97,L1P,GA / light,False,Day,2026-05-23 12:08:40,2026-05-23 00:00:00,975.0000312,2.4320942993800285,4,975.0000312,4,1100.0000352000002,-2233.1297339701932,True,True,True,True,True,True
1767190156216016729,EXS86KL ,B738,L2J,Large jet,True,Day,2026-05-23 12:28:35,2026-05-23 00:00:00,1500.000048,7.510941495051983,2,1950.0000624,1,,,True,True,True,False,True,True
17666735870265200682,LOG872P ,AT76,,Turboprop,False,Day,2026-05-23 12:23:30,2026-05-23 00:00:00,2100.0000672,2.8240951009592403,3,2100.0000672,3,2125.0000680000003,-801.9778616759322,True,True,True,False,True,True
10471652969557670559,GCMKJ   ,P28A,,Other,False,Day,2026-05-23 11:18:10,2026-05-23 00:00:00,,,0,,0,,,False,False,False,False,False,False
15332871851667332814,,P28A,L1P,GA / light,False,Day,2026-05-23 10:46:20,2026-05-23 00:00:00,,,0,,0,,,False,False,False,False,False,False
1528680965905187577,,ULAC,,Other,False,Day,2026-05-23 11:06:00,2026-05-23 00:00:00,,,0,,0,,,False,False,False,False,False,False
16674551940668090074,GAWUZ   ,C172,L1P,GA / light,False,Day,2026-05-23 11:50:45,2026-05-23 00:00:00,1250.00004,2.9339180223980676,1,1250.00004,1,1250.00004,-2296.364804417513,True,True,True,True,True,True
7536581156692256002,GIROX   ,MM24,G1P,GA / light,False,Day,2026-05-23 11:44:45,2026-05-23 00:00:00,,,0,,0,,,False,False,False,False,False,False
15780315562932250644,GCKYL   ,C42,L1P,GA / light,False,Day,2026-05-23 12:06:00,2026-05-23 00:00:00,,,0,,0,,,False,False,False,False,False,True
6570945236550718346,GBUFH   ,P28A,L1P,GA / light,False,Day,2026-05-23 12:11:25,2026-05-23 00:00:00,550.0000176000001,14.444832617683828,9,,0,,,True,False,True,False,True,True
2351756999227968745,GBPIZ   ,AA5,L1P,GA / light,False,Day,2026-05-23 12:27:40,2026-05-23 00:00:00,,,0,,0,,,False,False,False,False,False,True
11374450218266716622,RYR8PA  ,B38M,L2J,Large jet,True,Day,2026-05-23 13:47:35,2026-05-23 00:00:00,,,0,,0,,,False,False,False,False,False,False
13111604516974580545,GCDAB   ,UNDEFINED,,Other,False,Day,2026-05-23 12:36:00,2026-05-23 00:00:00,375.000012,15.44463232128785,3,,0,,,True,False,True,False,False,True
18130491901512495051,RYR5RR  ,B738,L2J,Large jet,True,Day,2026-05-23 14:04:35,2026-05-23 00:00:00,,,0,,0,,,False,False,False,False,False,False
805226514081797962,GBZTN   ,EUPA,L1P,GA / light,False,Day,2026-05-23 12:51:40,2026-05-23 00:00:00,,,0,,0,,,False,False,False,False,False,True
12261720753971190413,GGCDB   ,SR20,L1P,GA / light,False,Day,2026-05-23 12:39:30,2026-05-23 00:00:00,,,0,,0,,,False,False,False,False,False,False
16538208337054848028,GCBCL   ,GLST,L1P,GA / light,False,Day,2026-05-23 12:56:45,2026-05-23 00:00:00,400.0000128,16.631995527522847,1,,0,,,True,False,True,False,False,True
8010958795292766934,GOJEH   ,P28A,L1P,GA / light,False,Day,2026-05-23 12:43:30,2026-05-23 00:00:00,,,0,,0,,,False,False,False,False,False,True
1504024282150417672,EXS52TY ,B738,,Large jet,True,Day,2026-05-23 14:53:25,2026-05-23 00:00:00,,,0,,0,,,False,False,False,False,False,False
14888626707820082080,GMUZI   ,,,Other,False,Day,2026-05-23 13:54:50,2026-05-23 00:00:00,,,0,,0,,,False,False,False,False,False,False
13356632895384103000,,SR20,L1P,GA / light,False,Day,2026-05-23 12:46:30,2026-05-23 00:00:00,,,0,,0,,,False,False,False,False,False,True
801390636691210538,RYR12YU ,,,Other,False,Day,2026-05-23 14:28:40,2026-05-23 00:00:00,,,0,,0,,,False,False,False,False,False,False
2238323862164356009,GCEEC   ,ULAC,,Other,False,Day,2026-05-23 14:16:20,2026-05-23 00:00:00,,,0,,0,,,False,False,False,False,False,False
10576467426246474655,N363KC  ,S22T,L1P,GA / light,False,Day,2026-05-23 13:23:40,2026-05-23 00:00:00,1125.0000360000001,10.112406869063335,3,1325.0000424,1,,,True,True,True,False,True,True
10718211356880559458,GCMPF   ,C42,,Other,False,Day,2026-05-23 13:36:55,2026-05-23 00:00:00,950.0000304,12.585213945431725,15,,0,,,True,False,True,False,True,True
12813437142841912039,RYR3318 ,B38M,L2J,Large jet,True,Day,2026-05-23 15:02:25,2026-05-23 00:00:00,,,0,,0,,,False,False,False,False,False,False
11145581550631358988,GBGYH   ,P28A,L1P,GA / light,False,Day,2026-05-23 14:07:40,2026-05-23 00:00:00,675.0000216000001,16.38535784434381,3,,0,,,True,False,True,False,False,True
5667038224012340362,GBUFH   ,P28A,L1P,GA / light,False,Day,2026-05-23 13:57:30,2026-05-23 00:00:00,400.0000128,14.189170131002744,5,,0,,,True,False,True,False,True,True
5841301533664646186,GDKLD   ,,,Other,False,Day,2026-05-23 14:17:45,2026-05-23 00:00:00,1200.0000384,2.738813050911522,10,1200.0000384,10,1250.00004,-2295.8674458796404,True,True,True,True,True,True
10007907428897115601,GLEGD   ,SPIT,L1P,GA / light,False,Day,2026-05-23 13:50:30,2026-05-23 00:00:00,,,0,,0,,,False,False,False,False,False,False
9914830518541139342,GAXGS   ,D6CR,L1P,GA / light,False,Day,2026-05-23 13:57:45,2026-05-23 00:00:00,,,0,,0,,,False,False,False,False,False,False
9366845907344813732,GCKYL   ,C42,L1P,GA / light,False,Day,2026-05-23 14:47:45,2026-05-23 00:00:00,,,0,,0,,,False,False,False,False,False,True
4757982193664834783,VCG3LE  ,C25M,L2J,Business jet,False,Day,2026-05-23 14:42:30,2026-05-23 00:00:00,1525.0000488,7.6333966480822575,2,,0,,,True,False,True,False,True,True
9384199515840823028,GBOHA   ,P28A,L1P,GA / light,False,Day,2026-05-23 15:37:05,2026-05-23 00:00:00,,,0,,0,,,False,False,False,False,False,True
2538315588086091044,GSFLB   ,C42,L1P,GA / light,False,Day,2026-05-23 15:45:35,2026-05-23 00:00:00,,,0,,0,,,False,False,False,False,False,True
2871657793552570235,GAXTA   ,P28A,L1P,GA / light,False,Day,2026-05-23 14:59:55,2026-05-23 00:00:00,,,0,,0,,,False,False,False,False,True,True
10192599895971417322,GPHTG   ,TOBA,L1P,GA / light,False,Day,2026-05-23 16:16:45,2026-05-23 00:00:00,,,0,,0,,,False,False,False,False,True,True
4819395520751667306,LJC9    ,,,Other,False,Day,2026-05-23 17:25:35,2026-05-23 00:00:00,1450.0000464000002,8.250204144801259,3,1525.0000488,2,,,True,True,True,False,True,True
11851983212976895381,GBUFH   ,P28A,L1P,GA / light,False,Evening,2026-05-23 18:13:00,2026-05-23 00:00:00,700.0000224,18.505350765544584,1,,0,,,True,False,True,False,False,True
1615892184107439126,RYR2XN  ,B38M,L2J,Large jet,True,Evening,2026-05-23 19:56:35,2026-05-23 00:00:00,,,0,,0,,,False,False,False,False,False,False
14160229731722305250,RYR7AB  ,,,Other,False,Evening,2026-05-23 20:25:05,2026-05-23 00:00:00,,,0,,0,,,False,False,False,False,False,False
1520006599705805767,TOM8KL  ,B738,L2J,Large jet,True,Night,2026-05-23 22:54:30,2026-05-23 00:00:00,2625.0000840000002,1.9353036993558053,1,2625.0000840000002,1,2625.0000840000002,-591.9771134823263,True,True,True,False,True,True
14577104355952040253,EXS82F  ,B738,L2J,Large jet,True,Night,2026-05-23 23:10:10,2026-05-23 00:00:00,,,0,,0,,,False,False,False,False,False,False
6839945432887335152,RYR9911 ,B738,L2J,Large jet,True,Evening,2026-05-23 21:13:20,2026-05-23 00:00:00,1875.00006,4.546067319531339,1,1875.00006,1,,,True,True,True,False,True,True
756138867356337149,EXS61TQ ,B738,,Large jet,True,Evening,2026-05-23 21:55:35,2026-05-23 00:00:00,,,0,,0,,,False,False,False,False,False,False
378591579198510120,RYR5724 ,B38M,L2J,Large jet,True,Day,2026-05-24 06:30:10,2026-05-24 00:00:00,,,0,,0,,,False,False,False,False,False,False
6219401239728044907,TOM946P ,B738,L2J,Large jet,True,Day,2026-05-24 05:56:20,2026-05-24 00:00:00,,,0,,0,,,False,False,False,False,False,False
4296129749090092561,GNILT   ,EV97,L1P,GA / light,False,Day,2026-05-24 07:59:55,2026-05-24 00:00:00,,,0,,0,,,False,False,False,False,False,True
7909214487359269702,GBBGI   ,SUBA,L1P,GA / light,False,Day,2026-05-24 09:59:55,2026-05-24 00:00:00,,,0,,0,,,False,False,False,False,False,False
7049243881264487906,,P28R,L1P,GA / light,False,Day,2026-05-24 09:09:20,2026-05-24 00:00:00,,,0,,0,,,False,False,False,False,False,False
6181634901149391824,RYR363C ,,,Other,False,Day,2026-05-24 11:07:30,2026-05-24 00:00:00,,,0,,0,,,False,False,False,False,False,False
17433820467254578302,GBDZD   ,C172,L1P,GA / light,False,Day,2026-05-24 10:35:20,2026-05-24 00:00:00,1200.0000384,4.782113094724385,5,1200.0000384,5,,,True,True,True,False,True,True
2056468062949132845,TOM9HB  ,B738,L2J,Large jet,True,Day,2026-05-24 11:27:45,2026-05-24 00:00:00,,,0,,0,,,False,False,False,False,False,False
10403580121549847210,GBXCW   ,FOX,L1P,GA / light,False,Day,2026-05-24 10:30:20,2026-05-24 00:00:00,,,0,,0,,,False,False,False,False,False,True
8982756902924506958,GBMGB   ,P28R,L1P,GA / light,False,Day,2026-05-24 10:40:35,2026-05-24 00:00:00,,,0,,0,,,False,False,False,False,False,True
2949760192405536007,GBHUG   ,C172,L1P,GA / light,False,Day,2026-05-24 10:34:55,2026-05-24 00:00:00,,,0,,0,,,False,False,False,False,False,False
9813874757128492671,TOM8GB  ,B738,L2J,Large jet,True,Day,2026-05-24 11:50:45,2026-05-24 00:00:00,1450.0000464000002,3.7840927896663095,3,1450.0000464000002,2,,,True,True,True,False,True,True
2828261124759611771,JON10   ,C56X,L2J,Business jet,False,Day,2026-05-24 12:24:35,2026-05-24 00:00:00,2050.0000656,3.854924314736923,3,2050.0000656,3,2050.0000656,-1101.8116167336411,True,True,True,False,True,True
7318383484839176237,GCMZB   ,,,Other,False,Day,2026-05-24 10:59:55,2026-05-24 00:00:00,,,0,,0,,,False,False,False,False,True,True
9897234176711217066,GRVBK   ,,,Other,False,Day,2026-05-24 10:57:40,2026-05-24 00:00:00,,,0,,0,,,False,False,False,False,False,True
13247543756931819305,RYR12YU ,B738,L2J,Large jet,True,Day,2026-05-24 12:00:05,2026-05-24 00:00:00,1525.0000488,5.7432555394775555,1,1525.0000488,1,,,True,True,True,False,True,True
11857032142512842606,EXS34JU ,B738,,Large jet,True,Day,2026-05-24 12:16:10,2026-05-24 00:00:00,,,0,,0,,,False,False,False,False,False,False
18380022500579148285,GCKYL   ,C42,L1P,GA / light,False,Day,2026-05-24 11:50:25,2026-05-24 00:00:00,,,0,,0,,,False,False,False,False,False,True
5331167614779276840,EXS68AT ,B738,L2J,Large jet,True,Day,2026-05-24 14:20:00,2026-05-24 00:00:00,,,0,,0,,,False,False,False,False,True,True
2701117942702008785,GAYII   ,P28R,L1P,GA / light,False,Day,2026-05-24 11:29:35,2026-05-24 00:00:00,,,0,,0,,,False,False,False,False,True,True
1800155618931399443,RYR2XN  ,,,Other,False,Day,2026-05-24 12:50:55,2026-05-24 00:00:00,,,0,,0,,,False,False,False,False,False,False
15240246643103055884,PUP163  ,PUP,L1P,GA / light,False,Day,2026-05-24 11:44:30,2026-05-24 00:00:00,,,0,,0,,,False,False,False,False,False,False
3331769467622117065,GCMCZ   ,P28A,L1P,GA / light,False,Day,2026-05-24 11:38:05,2026-05-24 00:00:00,,,0,,0,,,False,False,False,False,False,False
1219015352878087137,GCJHT   ,UNDEFINED,,Other,False,Day,2026-05-24 12:22:55,2026-05-24 00:00:00,,,0,,0,,,False,False,False,False,False,False
11198433792036441279,GPHTG   ,TOBA,L1P,GA / light,False,Day,2026-05-24 12:09:40,2026-05-24 00:00:00,,,0,,0,,,False,False,False,False,False,False
2597381088379897323,NJE520F ,C68A,L2J,Business jet,False,Day,2026-05-24 12:38:15,2026-05-24 00:00:00,2050.0000656,3.0899824149263506,1,2050.0000656,1,2050.0000656,-667.6423299923204,True,True,True,False,True,True
7114081116519846673,GBUFH   ,P28A,L1P,GA / light,False,Day,2026-05-24 12:40:45,2026-05-24 00:00:00,575.0000184,16.417471568519144,1,,0,,,True,False,True,False,True,True
1822919409406435966,SFY2JM  ,DA42,L2P,GA / light,False,Day,2026-05-24 13:10:25,2026-05-24 00:00:00,,,0,,0,,,False,False,False,False,False,True
14217425145831718899,,P28A,L1P,GA / light,False,Day,2026-05-24 12:29:55,2026-05-24 00:00:00,,,0,,0,,,False,False,False,False,True,True
15217759127449806277,GBTMK   ,C172,L1P,GA / light,False,Day,2026-05-24 12:59:55,2026-05-24 00:00:00,1000.000032,3.3693285481871835,8,1000.000032,8,1000.000032,-2504.3553054240797,True,True,True,True,True,True
2777164774422890221,RYR8947 ,B38M,L2J,Large jet,True,Day,2026-05-24 15:59:55,2026-05-24 00:00:00,,,0,,0,,,False,False,False,False,False,False
5295149046391540504,RYR117J ,B38M,L2J,Large jet,True,Day,2026-05-24 14:39:25,2026-05-24 00:00:00,,,0,,0,,,False,False,False,False,False,False
14127431732458691547,GMA19   ,BE20,L2T,Turboprop,False,Day,2026-05-24 13:13:50,2026-05-24 00:00:00,,,0,,0,,,False,False,False,False,False,False
5468251381119486673,GCFTO   ,C42,L1P,GA / light,False,Day,2026-05-24 15:46:50,2026-05-24 00:00:00,1625.000052,18.60583574828423,1,,0,,,True,False,True,False,False,True
3001433333223038880,N4334Y  ,DHC2,L1P,GA / light,False,Day,2026-05-24 13:56:40,2026-05-24 00:00:00,,,0,,0,,,False,False,False,False,False,False
1625493647651915682,GBUFH   ,P28A,L1P,GA / light,False,Day,2026-05-24 13:59:55,2026-05-24 00:00:00,,,0,,0,,,False,False,False,False,True,True
12173774414352445611,NJE257A ,C56X,L2J,Business jet,False,Day,2026-05-24 15:55:15,2026-05-24 00:00:00,850.0000272000001,11.184536930758094,3,1575.0000504,1,,,True,True,True,False,True,True
11812508467352944202,GBEWR   ,C172,L1P,GA / light,False,Day,2026-05-24 14:59:55,2026-05-24 00:00:00,625.00002,15.71892310976136,3,,0,,,True,False,True,False,True,True
11244182369987870666,SFY2JM  ,DA42,L2P,GA / light,False,Day,2026-05-24 16:34:10,2026-05-24 00:00:00,,,0,,0,,,False,False,False,False,False,True
2055543987339161167,RYR9356 ,,,Other,False,Day,2026-05-24 15:52:25,2026-05-24 00:00:00,,,0,,0,,,False,False,False,False,False,False
1011485481169310366,GBSAW   ,P28A,L1P,GA / light,False,Day,2026-05-24 15:05:30,2026-05-24 00:00:00,,,0,,0,,,False,False,False,False,False,False
12475984664877487905,GCICK   ,SPIT,L1P,GA / light,False,Day,2026-05-24 15:13:25,2026-05-24 00:00:00,,,0,,0,,,False,False,False,False,False,False
4279078839328685230,HLE10   ,A169,H2T,Helicopter,False,Day,2026-05-24 15:47:10,2026-05-24 00:00:00,,,0,,0,,,False,False,False,False,False,True
1006950602869756158,GOLAJ   ,R44,H1P,Helicopter,False,Day,2026-05-24 17:31:15,2026-05-24 00:00:00,250.000008,16.161410938971354,2,,0,,,True,False,True,False,False,True
16745890991948137652,RUK1133 ,B738,L2J,Large jet,True,Day,2026-05-24 17:06:50,2026-05-24 00:00:00,,,0,,0,,,False,False,False,False,False,False
2551655443554154209,GBFGD   ,C172,L1P,GA / light,False,Day,2026-05-24 17:14:50,2026-05-24 00:00:00,1150.0000368,15.789677220114786,6,,0,,,True,False,True,False,False,False
10748489610854939129,HLE10   ,A169,H2T,Helicopter,False,Day,2026-05-24 16:33:20,2026-05-24 00:00:00,375.000012,18.961912660782186,1,,0,,,True,False,True,False,False,True
18189960870112717367,GBUFH   ,P28A,L1P,GA / light,False,Day,2026-05-24 17:17:40,2026-05-24 00:00:00,625.00002,15.08360168928482,3,,0,,,True,False,True,False,False,True
14907591285622456388,GCMPF   ,C42,,Other,False,Day,2026-05-24 17:59:55,2026-05-24 00:00:00,,,0,,0,,,False,False,False,False,False,True
1187386917695072781,TOM6AT  ,B738,L2J,Large jet,True,Evening,2026-05-24 20:52:25,2026-05-24 00:00:00,1050.0000336,9.428210823607202,1,,0,,,True,False,True,False,True,True
16439002048569783194,GORCA   ,RV4,L1P,GA / light,False,Evening,2026-05-24 19:09:00,2026-05-24 00:00:00,,,0,,0,,,False,False,False,False,False,False
15160600866195673025,EXS37EJ ,B738,L2J,Large jet,True,Evening,2026-05-24 21:07:55,2026-05-24 00:00:00,1450.0000464000002,6.82236219962408,1,,0,,,True,False,True,False,True,True
6538729491066545082,LOG828  ,AT76,,Turboprop,False,Evening,2026-05-24 20:12:55,2026-05-24 00:00:00,1800.0000576,3.7947556384869516,1,1800.0000576,1,,,True,True,True,False,True,True
16795812503761625699,RYR80XD ,,,Other,False,Evening,2026-05-24 21:59:55,2026-05-24 00:00:00,,,0,,0,,,False,False,False,False,False,True
6811472226314678691,RYR8PA  ,B38M,L2J,Large jet,True,Evening,2026-05-24 21:57:00,2026-05-24 00:00:00,,,0,,0,,,False,False,False,False,False,False
16518776908531714446,OHRJD   ,PC12,L1T,Turboprop,False,Day,2026-05-25 09:23:00,2026-05-25 00:00:00,,,0,,0,,,False,False,False,False,False,True
110354326459177674,GDKLD   ,,,Other,False,Day,2026-05-25 09:51:10,2026-05-25 00:00:00,,,0,,0,,,False,False,False,False,True,True
17702582754698096634,,G109,L1P,GA / light,False,Day,2026-05-25 08:53:50,2026-05-25 00:00:00,,,0,,0,,,False,False,False,False,False,False
10156952082028627969,GBEWR   ,C172,L1P,GA / light,False,Day,2026-05-25 10:08:10,2026-05-25 00:00:00,650.0000208,19.119438472379308,2,,0,,,True,False,True,False,True,True
14340667547001314577,EXS697J ,B738,L2J,Large jet,True,Day,2026-05-25 11:34:30,2026-05-25 00:00:00,,,0,,0,,,False,False,False,False,False,True
10618145293286221944,RYR2XN  ,,,Other,False,Day,2026-05-25 11:37:00,2026-05-25 00:00:00,,,0,,0,,,False,False,False,False,False,False
13102562743500779352,GPDSI   ,C172,L1P,GA / light,False,Day,2026-05-25 10:33:50,2026-05-25 00:00:00,,,0,,0,,,False,False,False,False,False,False
6587108625494970142,TOM62H  ,B738,L2J,Large jet,True,Day,2026-05-25 12:37:35,2026-05-25 00:00:00,,,0,,0,,,False,False,False,False,False,True
7546706364783291330,TOM4MC  ,B738,L2J,Large jet,True,Day,2026-05-25 13:07:45,2026-05-25 00:00:00,,,0,,0,,,False,False,False,False,False,True
17594342549534915000,SFY2JM  ,DA42,L2P,GA / light,False,Day,2026-05-25 10:16:35,2026-05-25 00:00:00,200.0000064,16.6601760984724,2,,0,,,True,False,True,False,False,True
17760640539235288524,GREVE   ,RV6,L1P,GA / light,False,Day,2026-05-25 11:15:55,2026-05-25 00:00:00,,,0,,0,,,False,False,False,False,False,False
18325991367240735435,SRD226B ,B350,,Turboprop,False,Day,2026-05-25 13:36:40,2026-05-25 00:00:00,,,0,,0,,,False,False,False,False,False,True
12360426929031485196,EXS61TQ ,B738,,Large jet,True,Day,2026-05-25 12:53:05,2026-05-25 00:00:00,,,0,,0,,,False,False,False,False,False,True
7805722295279682380,GYULL   ,P28A,L1P,GA / light,False,Day,2026-05-25 11:49:15,2026-05-25 00:00:00,,,0,,0,,,False,False,False,False,True,True
15946531025993713930,GAFDO   ,J3,L1P,GA / light,False,Day,2026-05-25 12:14:30,2026-05-25 00:00:00,,,0,,0,,,False,False,False,False,False,True
2104991263473085735,RYR7624 ,B38M,L2J,Large jet,True,Day,2026-05-25 13:47:50,2026-05-25 00:00:00,,,0,,0,,,False,False,False,False,False,True
13145385896040652985,GBUFH   ,P28A,L1P,GA / light,False,Day,2026-05-25 12:24:20,2026-05-25 00:00:00,,,0,,0,,,False,False,False,False,False,True
17089359890980434460,,P28A,L1P,GA / light,False,Day,2026-05-25 12:36:25,2026-05-25 00:00:00,,,0,,0,,,False,False,False,False,False,False
2933963209313933247,RYR117J ,B738,L2J,Large jet,True,Day,2026-05-25 14:25:25,2026-05-25 00:00:00,,,0,,0,,,False,False,False,False,False,True
4383583327511672513,GOLAJ   ,R44,H1P,Helicopter,False,Day,2026-05-25 12:59:55,2026-05-25 00:00:00,1075.0000344,18.18691471574821,1,,0,,,True,False,True,False,False,True
13279426631461932120,GBVEP   ,L8,L1P,GA / light,False,Day,2026-05-25 13:19:20,2026-05-25 00:00:00,1000.000032,5.970025223959885,1,1000.000032,1,,,True,True,True,False,False,True
5344130314877824606,RYR22ZK ,B38M,L2J,Large jet,True,Day,2026-05-25 16:04:05,2026-05-25 00:00:00,,,0,,0,,,False,False,False,False,False,True
4872516522083319449,GWYVN   ,DG1T,L1P,GA / light,False,Day,2026-05-25 15:27:45,2026-05-25 00:00:00,,,0,,0,,,False,False,False,False,False,False
2672676356725334821,GOLAJ   ,R44,H1P,Helicopter,False,Day,2026-05-25 15:19:40,2026-05-25 00:00:00,675.0000216000001,17.894531276019745,1,,0,,,True,False,True,False,False,True
16695946152721379806,SXN45G  ,LJ45,L2J,Business jet,False,Day,2026-05-25 16:07:55,2026-05-25 00:00:00,,,0,,0,6825.0002184,4068.260965279232,False,False,False,False,False,True
5574428038763783961,GBOJW   ,P28A,L1P,GA / light,False,Day,2026-05-25 15:48:55,2026-05-25 00:00:00,,,0,,0,,,False,False,False,False,False,True
16477362007999359325,RYR7KY  ,,,Other,False,Day,2026-05-25 16:31:40,2026-05-25 00:00:00,,,0,,0,,,False,False,False,False,False,False
11407137412183473869,GREVE   ,RV6,L1P,GA / light,False,Day,2026-05-25 15:55:05,2026-05-25 00:00:00,,,0,,0,,,False,False,False,False,False,False
9321063062357703510,GBUFH   ,P28A,L1P,GA / light,False,Day,2026-05-25 16:42:40,2026-05-25 00:00:00,675.0000216000001,18.41603686053852,2,,0,,,True,False,True,False,False,True
3828496681501406695,FYL22IN ,HA4T,L2J,Business jet,False,Evening,2026-05-25 18:15:50,2026-05-25 00:00:00,,,0,,0,,,False,False,False,False,False,True
4781217894381732084,RYR80XD ,B738,L2J,Large jet,True,Evening,2026-05-25 18:36:30,2026-05-25 00:00:00,,,0,,0,,,False,False,False,False,False,False
18320088358818835936,GMA23   ,BE20,L2T,Turboprop,False,Evening,2026-05-25 18:31:10,2026-05-25 00:00:00,,,0,,0,,,False,False,False,False,False,True
12765009194671011809,GCHIP   ,P28A,L1P,GA / light,False,Evening,2026-05-25 18:31:45,2026-05-25 00:00:00,1400.0000448,14.133245593977406,4,1425.0000456,1,1475.0000472000002,-1490.427942609021,True,True,True,True,False,True
11124359678351300991,SFY2JM  ,DA42,L2P,GA / light,False,Day,2026-05-25 17:59:55,2026-05-25 00:00:00,,,0,,0,,,False,False,False,False,False,True
2030717965946598034,EXS47W  ,B738,L2J,Large jet,True,Night,2026-05-25 23:13:10,2026-05-25 00:00:00,1450.0000464000002,5.800838867845657,3,1450.0000464000002,2,,,True,True,True,False,True,True
13160252024207963266,EXS34HS ,B738,,Large jet,True,Night,2026-05-25 22:42:05,2026-05-25 00:00:00,,,0,,0,,,False,False,False,False,False,True
9226824308281165213,TOM6LM  ,B738,L2J,Large jet,True,Night,2026-05-25 23:45:45,2026-05-25 00:00:00,,,0,,0,,,False,False,False,False,False,False
15442672379764575107,TOM793  ,B738,L2J,Large jet,True,Night,2026-05-25 22:47:20,2026-05-25 00:00:00,,,0,,0,,,False,False,False,False,False,False
17831837904576719929,RYR12YU ,,,Other,False,Night,2026-05-25 22:13:05,2026-05-25 00:00:00,,,0,,0,,,False,False,False,False,False,False
4819553324659536190,RYR80XD ,B738,L2J,Large jet,True,Day,2026-05-26 08:15:15,2026-05-26 00:00:00,,,0,,0,,,False,False,False,False,False,False
6800960042715795940,GEGBJ   ,P28A,L1P,GA / light,False,Day,2026-05-26 08:48:00,2026-05-26 00:00:00,900.0000288,15.276824437159041,4,,0,,,True,False,True,False,True,True
2171217717023790186,N391CC  ,P46T,L1T,Turboprop,False,Day,2026-05-26 09:08:25,2026-05-26 00:00:00,,,0,,0,,,False,False,False,False,False,True
9313286522478429683,REV938P ,BE20,L2T,Turboprop,False,Day,2026-05-26 08:01:20,2026-05-26 00:00:00,,,0,,0,,,False,False,False,False,False,True
13611127896216234282,FLJ61H  ,E550,L2J,Business jet,False,Day,2026-05-26 10:29:15,2026-05-26 00:00:00,,,0,,0,,,False,False,False,False,False,True
3403626419278686339,GBUFH   ,P28A,L1P,GA / light,False,Day,2026-05-26 08:07:40,2026-05-26 00:00:00,1150.0000368,18.42977503219131,1,,0,,,True,False,True,False,False,True
11905622889670915644,HLE10   ,A169,H2T,Helicopter,False,Day,2026-05-26 08:09:15,2026-05-26 00:00:00,625.00002,13.358735621487446,1,,0,,,True,False,True,False,True,True
12845113444874624769,GCLDA   ,ULAC,,Other,False,Day,2026-05-26 09:46:45,2026-05-26 00:00:00,,,0,,0,,,False,False,False,False,False,False
14828723208058723182, GHBBH  ,C42,L1P,GA / light,False,Day,2026-05-26 08:57:30,2026-05-26 00:00:00,,,0,,0,,,False,False,False,False,False,True
14059409021976642967,HLE10   ,A169,H2T,Helicopter,False,Day,2026-05-26 09:03:15,2026-05-26 00:00:00,,,0,,0,,,False,False,False,False,True,True
2237696844474399948,RYR7099 ,B38M,L2J,Large jet,True,Day,2026-05-26 09:51:35,2026-05-26 00:00:00,,,0,,0,,,False,False,False,False,False,True
17631893598763369912,AMBER1  ,FA20,L2J,Business jet,False,Day,2026-05-26 10:17:10,2026-05-26 00:00:00,,,0,,0,,,False,False,False,False,False,True
9632394193916928109,BTNIA18 ,G115,L1P,GA / light,False,Day,2026-05-26 10:34:35,2026-05-26 00:00:00,,,0,,0,,,False,False,False,False,False,False
5372032689044813447,SFU71   ,C42,L1P,GA / light,False,Day,2026-05-26 09:41:55,2026-05-26 00:00:00,,,0,,0,,,False,False,False,False,False,False
14553218083354126582,OHDBM   ,PC12,L1T,Turboprop,False,Day,2026-05-26 10:47:55,2026-05-26 00:00:00,,,0,,0,,,False,False,False,False,False,True
5114076849238157819,GSLGG   ,,,Other,False,Day,2026-05-26 11:33:35,2026-05-26 00:00:00,,,0,,0,,,False,False,False,False,True,True
1531694680150792234,EXS86KL ,B738,,Large jet,True,Day,2026-05-26 12:01:50,2026-05-26 00:00:00,,,0,,0,,,False,False,False,False,False,False
5424562240496401492,GNTSI   ,,,Other,False,Day,2026-05-26 10:38:45,2026-05-26 00:00:00,,,0,,0,,,False,False,False,False,False,False
8034823578113005384,GBUFH   ,P28A,L1P,GA / light,False,Day,2026-05-26 10:40:50,2026-05-26 00:00:00,,,0,,0,,,False,False,False,False,False,True
9965769071864873696,GBGYH   ,P28A,L1P,GA / light,False,Day,2026-05-26 11:43:00,2026-05-26 00:00:00,1000.000032,18.768323131571385,2,,0,,,True,False,True,False,False,True
1641834573993675370,GCHIP   ,P28A,L1P,GA / light,False,Day,2026-05-26 11:52:20,2026-05-26 00:00:00,,,0,,0,,,False,False,False,False,False,True
7321311303248703332,SFY2JM  ,DA42,L2P,GA / light,False,Day,2026-05-26 11:16:50,2026-05-26 00:00:00,,,0,,0,,,False,False,False,False,False,True
6198427474111072433,GOLAJ   ,R44,H1P,Helicopter,False,Day,2026-05-26 11:31:50,2026-05-26 00:00:00,,,0,,0,,,False,False,False,False,True,True
12504062694084124303,RYR8947 ,,,Other,False,Day,2026-05-26 13:37:25,2026-05-26 00:00:00,,,0,,0,,,False,False,False,False,False,False
2254912212805646363,NJE687P ,C56X,L2J,Business jet,False,Day,2026-05-26 12:56:45,2026-05-26 00:00:00,,,0,,0,,,False,False,False,False,False,True
14486124419334676796,JFU63Q  ,PC12,L1T,Turboprop,False,Day,2026-05-26 12:33:10,2026-05-26 00:00:00,,,0,,0,,,False,False,False,False,False,True
12961608181971172891,,P28A,L1P,GA / light,False,Day,2026-05-26 12:23:05,2026-05-26 00:00:00,,,0,,0,,,False,False,False,False,True,True
6186164350445721853,GBUFH   ,P28A,L1P,GA / light,False,Day,2026-05-26 12:33:50,2026-05-26 00:00:00,750.000024,18.0754899067101,1,,0,,,True,False,True,False,True,True
2085360169163647673,RYR2XN  ,B738,L2J,Large jet,True,Day,2026-05-26 14:30:00,2026-05-26 00:00:00,,,0,,0,,,False,False,False,False,False,True
16038409243630927878,GCEVC   ,RV4,L1P,GA / light,False,Day,2026-05-26 13:37:55,2026-05-26 00:00:00,,,0,,0,,,False,False,False,False,False,True
7781544820142212064,EXS73G  ,B738,L2J,Large jet,True,Day,2026-05-26 16:22:35,2026-05-26 00:00:00,1175.0000376,10.247210771864651,3,1675.0000536,1,,,True,True,True,False,True,True
7390690225957407801,RYR117J ,B38M,,Large jet,True,Day,2026-05-26 15:35:25,2026-05-26 00:00:00,,,0,,0,,,False,False,False,False,False,False
6795200242408035861,GBGYH   ,P28A,L1P,GA / light,False,Day,2026-05-26 14:26:10,2026-05-26 00:00:00,,,0,,0,,,False,False,False,False,False,True
9177792613143543499,RYR8PA  ,B38M,L2J,Large jet,True,Day,2026-05-26 15:53:30,2026-05-26 00:00:00,,,0,,0,,,False,False,False,False,False,False
11996786801889954717,LUA930S ,,,Other,False,Day,2026-05-26 15:23:30,2026-05-26 00:00:00,,,0,,0,,,False,False,False,False,False,True
17480081794990016021,RUK1133 ,B738,L2J,Large jet,True,Day,2026-05-26 16:04:20,2026-05-26 00:00:00,4675.0001496,2.312901204442342,1,4675.0001496,1,4675.0001496,1347.394463020657,True,True,True,False,False,True
11144678321021824961,TOM956P ,B738,L2J,Large jet,True,Day,2026-05-26 15:27:30,2026-05-26 00:00:00,,,0,,0,,,False,False,False,False,False,False
9631574473788922848,NJU2VY  ,C56X,L2J,Business jet,False,Day,2026-05-26 17:11:25,2026-05-26 00:00:00,,,0,,0,,,False,False,False,False,False,True
7573159362715021302,RYR384B ,,,Other,False,Evening,2026-05-26 19:27:15,2026-05-26 00:00:00,,,0,,0,,,False,False,False,False,False,True
2901768296573961071,SFY2JM  ,DA42,L2P,GA / light,False,Day,2026-05-26 16:58:25,2026-05-26 00:00:00,,,0,,0,,,False,False,False,False,False,True
5980857785067244372,,P28A,L1P,GA / light,False,Day,2026-05-26 17:33:40,2026-05-26 00:00:00,,,0,,0,,,False,False,False,False,False,False
470455863171998115,GMA23   ,BE20,L2T,Turboprop,False,Evening,2026-05-26 18:40:05,2026-05-26 00:00:00,1225.0000392,10.490192869164929,1,,0,,,True,False,True,False,False,True
3227541441663409242,GBUFH   ,P28A,L1P,GA / light,False,Evening,2026-05-26 18:14:00,2026-05-26 00:00:00,725.0000232000001,19.377402752187564,1,,0,,,True,False,True,False,True,True
58292134444837509,RYR12YU ,B38M,L2J,Large jet,True,Evening,2026-05-26 19:09:25,2026-05-26 00:00:00,,,0,,0,,,False,False,False,False,False,False
10366768444045914892,RYR273  ,,,Other,False,Evening,2026-05-26 20:02:05,2026-05-26 00:00:00,,,0,,0,,,False,False,False,False,False,True
12089925461390185946,TOM20H  ,B738,L2J,Large jet,True,Evening,2026-05-26 20:20:35,2026-05-26 00:00:00,,,0,,0,,,False,False,False,False,False,False
11753846187688032470,EXS159E ,B738,,Large jet,True,Night,2026-05-26 22:13:55,2026-05-26 00:00:00,,,0,,0,,,False,False,False,False,True,True
2201707100928910069,RYR6504 ,,,Other,False,Evening,2026-05-26 21:00:40,2026-05-26 00:00:00,,,0,,0,,,False,False,False,False,False,True
10071949949986584536,RYR363C ,B38M,L2J,Large jet,True,Evening,2026-05-26 21:52:55,2026-05-26 00:00:00,,,0,,0,,,False,False,False,False,False,False
13072200983562488211,RYR117J ,B738,L2J,Large jet,True,Day,2026-05-27 05:59:10,2026-05-27 00:00:00,,,0,,0,,,False,False,False,False,False,False
13156248231209052651,RYR7AB  ,B38M,L2J,Large jet,True,Day,2026-05-27 07:44:10,2026-05-27 00:00:00,,,0,,0,,,False,False,False,False,False,True
11159854763147070029,RYR2XN  ,B38M,,Large jet,True,Day,2026-05-27 07:30:25,2026-05-27 00:00:00,,,0,,0,,,False,False,False,False,False,True
13220042343861658609,GVMOZ   ,RV8,L1P,GA / light,False,Day,2026-05-27 07:42:50,2026-05-27 00:00:00,,,0,,0,,,False,False,False,False,False,True
15575755718408551361,CRIMSON1,FA20,L2J,Business jet,False,Day,2026-05-27 09:20:55,2026-05-27 00:00:00,,,0,,0,,,False,False,False,False,False,True
989095344373429438,PTN84G  ,,,Other,False,Day,2026-05-27 09:27:10,2026-05-27 00:00:00,,,0,,0,,,False,False,False,False,False,True
12329855357278523974,CRIMSON2,FA20,L2J,Business jet,False,Day,2026-05-27 09:24:15,2026-05-27 00:00:00,,,0,,0,,,False,False,False,False,True,True
10133026040076257294,BLUE1   ,FA20,L2J,Business jet,False,Day,2026-05-27 09:18:15,2026-05-27 00:00:00,,,0,,0,,,False,False,False,False,True,True
2931250851387820258,GZAVI   ,C42,L1P,GA / light,False,Day,2026-05-27 10:19:55,2026-05-27 00:00:00,,,0,,0,,,False,False,False,False,False,False
17672504237675262834,FRA88   ,FA20,L2J,Business jet,False,Day,2026-05-27 09:40:55,2026-05-27 00:00:00,,,0,,0,,,False,False,False,False,False,True
3761391691498214318,TOM6FL  ,B738,L2J,Large jet,True,Day,2026-05-27 10:58:30,2026-05-27 00:00:00,,,0,,0,,,False,False,False,False,False,True
4587892406099923269,GBUFH   ,P28A,L1P,GA / light,False,Day,2026-05-27 09:58:05,2026-05-27 00:00:00,,,0,,0,,,False,False,False,False,False,True
9836093470794982053,GBASJ   ,P28A,L1P,GA / light,False,Day,2026-05-27 09:43:10,2026-05-27 00:00:00,,,0,,0,,,False,False,False,False,False,False
5799879499969407150,TOM6EK  ,B738,L2J,Large jet,True,Day,2026-05-27 11:02:20,2026-05-27 00:00:00,,,0,,0,,,False,False,False,False,False,True
235548641182411058,GGZDO   ,C172,L1P,GA / light,False,Day,2026-05-27 09:22:25,2026-05-27 00:00:00,,,0,,0,,,False,False,False,False,False,False
4313432454806103500,N177FH  ,C77R,L1P,GA / light,False,Day,2026-05-27 10:14:50,2026-05-27 00:00:00,,,0,,0,,,False,False,False,False,False,True
15529309488117209372,GCRSR   ,CRUZ,L1P,GA / light,False,Day,2026-05-27 11:50:20,2026-05-27 00:00:00,,,0,,0,,,False,False,False,False,False,False
7386740851802329482,RYR363C ,B38M,L2J,Large jet,True,Day,2026-05-27 11:14:30,2026-05-27 00:00:00,,,0,,0,,,False,False,False,False,False,False
2412272478657958878,GBEWR   ,C172,L1P,GA / light,False,Day,2026-05-27 10:28:30,2026-05-27 00:00:00,200.0000064,17.63778874945444,17,,0,,,True,False,True,False,False,True
11246133383139696231,GBOHA   ,P28A,L1P,GA / light,False,Day,2026-05-27 10:34:25,2026-05-27 00:00:00,,,0,,0,,,False,False,False,False,False,False
8053666750813480430,GCDOK   ,C42,L1P,GA / light,False,Day,2026-05-27 10:17:55,2026-05-27 00:00:00,,,0,,0,,,False,False,False,False,False,False
2397467239227454774,SFY2JM  ,DA42,L2P,GA / light,False,Day,2026-05-27 11:53:30,2026-05-27 00:00:00,,,0,,0,,,False,False,False,False,False,True
4733677435264339806,GXFTF   ,NG5,L1P,GA / light,False,Day,2026-05-27 10:31:15,2026-05-27 00:00:00,,,0,,0,,,False,False,False,False,True,True
2110780202888853608,NJU324F ,,,Other,False,Day,2026-05-27 10:36:55,2026-05-27 00:00:00,,,0,,0,,,False,False,False,False,False,True
6947796654550787423,EXS61TQ ,B738,L2J,Large jet,True,Day,2026-05-27 12:24:55,2026-05-27 00:00:00,,,0,,0,,,False,False,False,False,False,True
1190405743495721110,GTTEA   ,SR20,L1P,GA / light,False,Day,2026-05-27 13:46:30,2026-05-27 00:00:00,,,0,,0,,,False,False,False,False,True,True
3510274331062815462,EXS3612 ,B738,,Large jet,True,Day,2026-05-27 13:56:55,2026-05-27 00:00:00,,,0,,0,,,False,False,False,False,False,True
14377504907561970806,,P28A,L1P,GA / light,False,Day,2026-05-27 11:24:50,2026-05-27 00:00:00,,,0,,0,,,False,False,False,False,False,True
9484823353131364314,RYR5RR  ,B38M,,Large jet,True,Day,2026-05-27 13:42:00,2026-05-27 00:00:00,,,0,,0,,,False,False,False,False,False,False
16671819051418573135,GBEWR   ,C172,L1P,GA / light,False,Day,2026-05-27 13:07:35,2026-05-27 00:00:00,,,0,,0,,,False,False,False,False,False,True
1344621592924272800,RYR80XD ,B738,L2J,Large jet,True,Day,2026-05-27 14:03:45,2026-05-27 00:00:00,,,0,,0,,,False,False,False,False,False,False
7185721702326599890,NJE951G ,C56X,L2J,Business jet,False,Day,2026-05-27 13:54:40,2026-05-27 00:00:00,,,0,,0,,,False,False,False,False,False,True
3538104334835002889,SRG375  ,,,Other,False,Day,2026-05-27 14:31:45,2026-05-27 00:00:00,,,0,,0,,,False,False,False,False,True,True
9166900054424547605,RYR6765 ,,,Other,False,Day,2026-05-27 15:09:00,2026-05-27 00:00:00,,,0,,0,,,False,False,False,False,False,False
2426665351699139926,CRIMSON2,FA20,L2J,Business jet,False,Day,2026-05-27 14:55:45,2026-05-27 00:00:00,,,0,,0,,,False,False,False,False,False,True
2711628108203616563,BLUE1   ,FA20,L2J,Business jet,False,Day,2026-05-27 14:53:05,2026-05-27 00:00:00,,,0,,0,,,False,False,False,False,True,True
17613788699962322510,GBPVI   ,P32R,L1P,GA / light,False,Day,2026-05-27 14:08:05,2026-05-27 00:00:00,,,0,,0,,,False,False,False,False,False,True
6519651755675942972,GBUFH   ,P28A,L1P,GA / light,False,Day,2026-05-27 13:36:20,2026-05-27 00:00:00,1450.0000464000002,17.04356683308799,2,,0,,,True,False,True,False,True,True
4533994826681661935,GULAS   ,DHC1,L1P,GA / light,False,Day,2026-05-27 14:06:30,2026-05-27 00:00:00,,,0,,0,,,False,False,False,False,False,False
2655813725860920082,GBEWR   ,C172,L1P,GA / light,False,Day,2026-05-27 14:59:55,2026-05-27 00:00:00,775.0000248,16.74436883648382,2,,0,,,True,False,True,False,True,True
8973007567783591846,GSFLA   ,C42,L1P,GA / light,False,Day,2026-05-27 15:43:00,2026-05-27 00:00:00,,,0,,0,,,False,False,False,False,False,False
11582877777363709193,RYR3318 ,B38M,L2J,Large jet,True,Day,2026-05-27 17:09:55,2026-05-27 00:00:00,,,0,,0,,,False,False,False,False,False,True
15972903169269250660,GBUFH   ,P28A,L1P,GA / light,False,Day,2026-05-27 16:17:00,2026-05-27 00:00:00,900.0000288,19.53123306136425,3,,0,,,True,False,True,False,True,True
13310402289816396197,HLE10   ,,,Other,False,Day,2026-05-27 15:46:20,2026-05-27 00:00:00,,,0,,0,,,False,False,False,False,False,True
11106661333688637004,GCPSS   ,C208,L1T,Turboprop,False,Day,2026-05-27 16:18:30,2026-05-27 00:00:00,,,0,,0,,,False,False,False,False,False,False
17342316717034842613,FRA80   ,FA20,L2J,Business jet,False,Day,2026-05-27 17:21:40,2026-05-27 00:00:00,,,0,,0,,,False,False,False,False,False,True
16544032517819783038,SFY2JM  ,DA42,L2P,GA / light,False,Day,2026-05-27 17:47:50,2026-05-27 00:00:00,925.0000296,15.292010877048117,5,,0,,,True,False,True,False,False,True
16978719060857808450,HLE10   ,,,Other,False,Day,2026-05-27 17:24:10,2026-05-27 00:00:00,,,0,,0,,,False,False,False,False,False,True
13939024017007818463,SRG375  ,,,Other,False,Day,2026-05-27 17:53:30,2026-05-27 00:00:00,,,0,,0,,,False,False,False,False,True,True
17546830043215780873,TOM1XT  ,B738,L2J,Large jet,True,Evening,2026-05-27 21:35:20,2026-05-27 00:00:00,,,0,,0,,,False,False,False,False,False,True
1919710443420987024,TOM7MH  ,B738,L2J,Large jet,True,Night,2026-05-27 23:28:40,2026-05-27 00:00:00,,,0,,0,,,False,False,False,False,False,True
662360044699966129,EXS82F  ,B738,L2J,Large jet,True,Night,2026-05-27 23:46:25,2026-05-27 00:00:00,,,0,,0,,,False,False,False,False,False,False
17693007743699783275,RYR12YU ,,,Other,False,Evening,2026-05-27 21:19:30,2026-05-27 00:00:00,,,0,,0,,,False,False,False,False,False,False
13960544803240289367,RYR7KY  ,B38M,L2J,Large jet,True,Evening,2026-05-27 21:39:00,2026-05-27 00:00:00,,,0,,0,,,False,False,False,False,False,True
16463696261848207750,EXS81AW ,B738,,Large jet,True,Night,2026-05-27 23:53:55,2026-05-27 00:00:00,,,0,,0,,,False,False,False,False,False,False
1839945924284616871,HLE10   ,,,Other,False,Evening,2026-05-27 21:30:25,2026-05-27 00:00:00,,,0,,0,,,False,False,False,False,False,True
1673916312676201299,HLE10   ,,,Other,False,Night,2026-05-27 22:40:45,2026-05-27 00:00:00,1150.0000368,18.73300344200965,1,,0,,,True,False,True,False,False,True
5596519304122915271,RYR2XN  ,B38M,L2J,Large jet,True,Day,2026-05-28 06:54:25,2026-05-28 00:00:00,,,0,,0,,,False,False,False,False,False,True
5181257245717098813,N101DW  ,P32R,L1P,GA / light,False,Day,2026-05-28 10:03:40,2026-05-28 00:00:00,,,0,,0,,,False,False,False,False,False,True
3617395772906715867,N302JG  ,TBM7,L1T,Turboprop,False,Day,2026-05-28 07:25:45,2026-05-28 00:00:00,,,0,,0,,,False,False,False,False,False,True
801477395211615260,GKKTG   ,C182,L1P,GA / light,False,Day,2026-05-28 08:16:55,2026-05-28 00:00:00,1100.0000352000002,17.204713122267528,2,,0,,,True,False,True,False,True,True
6560441839947895686,PYN01   ,BE20,L2T,Turboprop,False,Day,2026-05-28 09:37:10,2026-05-28 00:00:00,,,0,,0,,,False,False,False,False,False,True
4681024323387670017,GCCXH   ,SKRA,L1P,GA / light,False,Day,2026-05-28 08:46:10,2026-05-28 00:00:00,,,0,,0,,,False,False,False,False,False,True
533291383596967012,GEIMS   ,B505,H1T,Helicopter,False,Day,2026-05-28 09:07:55,2026-05-28 00:00:00,,,0,,0,,,False,False,False,False,False,False
7372821152722166312,FRA83   ,FA20,L2J,Business jet,False,Day,2026-05-28 10:30:05,2026-05-28 00:00:00,,,0,,0,,,False,False,False,False,False,True
6317051937196628188,GSRRA   ,SIRA,L1P,GA / light,False,Day,2026-05-28 08:59:55,2026-05-28 00:00:00,,,0,,0,,,False,False,False,False,False,True
10038284025229754065,GTACC   ,TB20,L1P,GA / light,False,Day,2026-05-28 10:13:40,2026-05-28 00:00:00,,,0,,0,,,False,False,False,False,False,True
7503824342157934830,SFY2JM  ,DA42,L2P,GA / light,False,Day,2026-05-28 09:59:20,2026-05-28 00:00:00,,,0,,0,,,False,False,False,False,False,True
3077794000470450394,TOM2BJ  ,B738,L2J,Large jet,True,Day,2026-05-28 11:33:20,2026-05-28 00:00:00,,,0,,0,,,False,False,False,False,False,True
15830542835508734033,RYR9356 ,B38M,L2J,Large jet,True,Day,2026-05-28 11:04:25,2026-05-28 00:00:00,,,0,,0,,,False,False,False,False,False,False
11031574569286552268,GBUFH   ,P28A,L1P,GA / light,False,Day,2026-05-28 10:20:30,2026-05-28 00:00:00,1400.0000448,15.734868083557501,1,,0,,,True,False,True,False,True,True
1443487231408681319,GPORK   ,AA5,L1P,GA / light,False,Day,2026-05-28 10:46:10,2026-05-28 00:00:00,1350.0000432000002,3.2263092862860163,5,1350.0000432000002,5,1375.0000440000001,-2217.6690918851646,True,True,True,True,True,True
16222997809889459056,GAYII   ,P28R,L1P,GA / light,False,Day,2026-05-28 10:44:20,2026-05-28 00:00:00,2050.0000656,6.188840601248439,1,,0,,,True,False,True,False,True,True
9219449090608252183,TOM3TK  ,B738,L2J,Large jet,True,Day,2026-05-28 13:55:25,2026-05-28 00:00:00,,,0,,0,,,False,False,False,False,False,True
12814629055470648114,EXS93HQ ,B738,,Large jet,True,Day,2026-05-28 14:47:15,2026-05-28 00:00:00,,,0,,0,,,False,False,False,False,False,False
10839911239202846259,NJE019P ,E55P,,Business jet,False,Day,2026-05-28 13:09:45,2026-05-28 00:00:00,,,0,,0,,,False,False,False,False,True,True
183880249228787907,WRTHOG82,FA20,L2J,Business jet,False,Day,2026-05-28 12:40:50,2026-05-28 00:00:00,,,0,,0,,,False,False,False,False,False,True
2313225294011195207,WRTHG83 ,FA20,L2J,Business jet,False,Day,2026-05-28 12:33:45,2026-05-28 00:00:00,,,0,,0,,,False,False,False,False,False,True
6490910377133695657,GGCDB   ,SR20,L1P,GA / light,False,Day,2026-05-28 11:11:45,2026-05-28 00:00:00,800.0000256,19.20789716589644,2,,0,,,True,False,True,False,True,True
8923266229059188263,WRTHOG84,FA20,L2J,Business jet,False,Day,2026-05-28 12:36:00,2026-05-28 00:00:00,,,0,,0,,,False,False,False,False,False,True
7976382249899759184,EXS26Q  ,B738,L2J,Large jet,True,Day,2026-05-28 14:19:15,2026-05-28 00:00:00,,,0,,0,,,False,False,False,False,False,True
8394898891811073790,GNTPS   ,NG5,L1P,GA / light,False,Day,2026-05-28 11:56:35,2026-05-28 00:00:00,,,0,,0,,,False,False,False,False,False,False
3040346091135144489,GDUDI   ,MT,G1P,GA / light,False,Day,2026-05-28 12:54:30,2026-05-28 00:00:00,,,0,,0,,,False,False,False,False,False,False
13354861428649084446,GBUJP   ,P28A,L1P,GA / light,False,Day,2026-05-28 13:53:50,2026-05-28 00:00:00,,,0,,0,,,False,False,False,False,False,True
2162351941352699549,GBUFH   ,P28A,L1P,GA / light,False,Day,2026-05-28 13:11:20,2026-05-28 00:00:00,,,0,,0,,,False,False,False,False,False,True
10702034376791702865,GOLAJ   ,R44,H1P,Helicopter,False,Day,2026-05-28 13:12:50,2026-05-28 00:00:00,750.000024,16.937002808829092,4,,0,,,True,False,True,False,False,True
3015544824911751588,RYR5RR  ,,,Other,False,Day,2026-05-28 15:00:05,2026-05-28 00:00:00,,,0,,0,,,False,False,False,False,False,True
12728168967420931342,,P28A,L1P,GA / light,False,Day,2026-05-28 13:01:35,2026-05-28 00:00:00,,,0,,0,,,False,False,False,False,False,True
15686196137974817366,HLE22   ,B429,H2T,Helicopter,False,Day,2026-05-28 13:31:30,2026-05-28 00:00:00,,,0,,0,,,False,False,False,False,False,False
18014788706009608286,GETPC   ,G12T,L1T,Turboprop,False,Day,2026-05-28 13:52:55,2026-05-28 00:00:00,,,0,,0,,,False,False,False,False,False,False
13625072904585930639,GPORK   ,AA5,L1P,GA / light,False,Day,2026-05-28 14:08:45,2026-05-28 00:00:00,1175.0000376,4.495617994779362,7,1175.0000376,7,1250.00004,-2281.886425654838,True,True,True,True,True,True
5082138136578742200,GDSJT   ,C182,L1P,GA / light,False,Day,2026-05-28 14:40:50,2026-05-28 00:00:00,1000.000032,18.82600104329805,1,,0,,,True,False,True,False,True,True
216004331114732103,GLHER   ,CRUZ,L1P,GA / light,False,Day,2026-05-28 13:45:20,2026-05-28 00:00:00,,,0,,0,,,False,False,False,False,False,False
722532734885071959,SFY2JM  ,DA42,L2P,GA / light,False,Day,2026-05-28 14:39:25,2026-05-28 00:00:00,1450.0000464000002,13.768323593192516,2,,0,,,True,False,True,False,False,True
14578395870869478238,HLE22   ,B429,H2T,Helicopter,False,Day,2026-05-28 14:13:10,2026-05-28 00:00:00,575.0000184,18.3637264696346,1,,0,,,True,False,True,False,False,True
12413340518074894521,,DA42,L2P,GA / light,False,Day,2026-05-28 14:20:55,2026-05-28 00:00:00,,,0,,0,,,False,False,False,False,False,False
11727230909595529690,2JEFF   ,,,Other,False,Day,2026-05-28 15:34:15,2026-05-28 00:00:00,,,0,,0,,,False,False,False,False,False,True
59369838686359018,GBEWR   ,C172,L1P,GA / light,False,Day,2026-05-28 16:10:25,2026-05-28 00:00:00,,,0,,0,,,False,False,False,False,True,True
15187963523165406826,RYR12YU ,B38M,L2J,Large jet,True,Day,2026-05-28 17:45:35,2026-05-28 00:00:00,,,0,,0,,,False,False,False,False,True,True
10365019179962761164,GKKTG   ,C182,L1P,GA / light,False,Day,2026-05-28 16:23:30,2026-05-28 00:00:00,1100.0000352000002,18.183047757325674,2,,0,,,True,False,True,False,False,True
17823887587904624572,DEOCC   ,C172,L1P,GA / light,False,Day,2026-05-28 16:52:05,2026-05-28 00:00:00,,,0,,0,,,False,False,False,False,True,True
11153363626346307991,RYR80XD ,,,Other,False,Evening,2026-05-28 18:53:05,2026-05-28 00:00:00,2075.0000664,4.91130660211842,1,2075.0000664,1,,,True,True,True,False,True,True
961998681966470732,TOM90K  ,B738,L2J,Large jet,True,Evening,2026-05-28 21:45:15,2026-05-28 00:00:00,,,0,,0,,,False,False,False,False,False,False
14101821266178455338,EXS37EJ ,B738,,Large jet,True,Evening,2026-05-28 20:56:00,2026-05-28 00:00:00,1725.0000552,6.331895291327964,1,,0,,,True,False,True,False,True,True
3986322584806189192,,P28A,L1P,GA / light,False,Evening,2026-05-28 19:29:20,2026-05-28 00:00:00,,,0,,0,,,False,False,False,False,False,False
4537000350785849744,GBGYH   ,P28A,L1P,GA / light,False,Evening,2026-05-28 19:43:45,2026-05-28 00:00:00,475.0000152,15.676009306253993,2,,0,,,True,False,True,False,True,True
7634148722601741376,HLE56   ,EC35,H2T,Helicopter,False,Evening,2026-05-28 19:43:55,2026-05-28 00:00:00,725.0000232000001,17.33147265887601,1,,0,,,True,False,True,False,True,True
15345898579168048879,RYR117J ,,,Other,False,Night,2026-05-28 22:07:45,2026-05-28 00:00:00,,,0,,0,,,False,False,False,False,False,False
7454052404356237882,RUK1133 ,B738,,Large jet,True,Evening,2026-05-28 21:14:20,2026-05-28 00:00:00,,,0,,0,,,False,False,False,False,False,False
5150035484549790369,EXS3624 ,B738,L2J,Large jet,True,Night,2026-05-28 23:07:15,2026-05-28 00:00:00,2125.0000680000003,5.094694376370388,1,2125.0000680000003,1,,,True,True,True,False,True,True
9582627164281746557,RYR8PA  ,B38M,L2J,Large jet,True,Night,2026-05-28 22:58:35,2026-05-28 00:00:00,,,0,,0,,,False,False,False,False,True,True
7520438150358920324,GTECC   ,CH7A,L1P,GA / light,False,Day,2026-05-29 08:45:50,2026-05-29 00:00:00,925.0000296,5.694726466075737,5,925.0000296,5,,,True,True,True,False,True,True
9951716075275300875,N971RJ  ,PA39,,Other,False,Day,2026-05-29 08:59:55,2026-05-29 00:00:00,,,0,,0,,,False,False,False,False,False,False
7697913515414596711,GKIGL   ,,,Other,False,Day,2026-05-29 08:30:15,2026-05-29 00:00:00,,,0,,0,,,False,False,False,False,True,True
1324238197755033337,CRIMSON1,FA20,L2J,Business jet,False,Day,2026-05-29 09:47:05,2026-05-29 00:00:00,1275.0000408,8.060355704168076,1,,0,,,True,False,True,False,True,True
3950647667093880784,CRIMSON2,FA20,L2J,Business jet,False,Day,2026-05-29 09:49:30,2026-05-29 00:00:00,1200.0000384,9.08859093862852,2,,0,,,True,False,True,False,True,True
1374100171507030458,BLUE1   ,FA20,L2J,Business jet,False,Day,2026-05-29 09:37:35,2026-05-29 00:00:00,,,0,,0,,,False,False,False,False,False,True
3041399665922961870,BTNIA18 ,G115,L1P,GA / light,False,Day,2026-05-29 09:32:55,2026-05-29 00:00:00,,,0,,0,,,False,False,False,False,False,False
4540963856755954662,GBUFH   ,P28A,L1P,GA / light,False,Day,2026-05-29 08:59:55,2026-05-29 00:00:00,675.0000216000001,15.810193794271841,2,,0,,,True,False,True,False,True,True
9095655320545114632,RYR38NG ,B38M,L2J,Large jet,True,Day,2026-05-29 10:48:55,2026-05-29 00:00:00,4075.0001304000007,8.22201469300665,1,,0,,,True,False,True,False,False,False
13008504318230250663,MINKE   ,GA6C,,Other,False,Day,2026-05-29 10:45:45,2026-05-29 00:00:00,1725.0000552,2.8883120459464475,1,1725.0000552,1,1725.0000552,-894.5323654524716,True,True,True,True,True,True
10822069803813024805,RYR384B ,,,Other,False,Day,2026-05-29 12:23:50,2026-05-29 00:00:00,,,0,,0,,,False,False,False,False,False,False
10970458619152736052,GLOOC   ,C172,L1P,GA / light,False,Day,2026-05-29 09:56:25,2026-05-29 00:00:00,,,0,,0,,,False,False,False,False,False,False
14959482577343788237,EXS697J ,B738,L2J,Large jet,True,Day,2026-05-29 11:50:55,2026-05-29 00:00:00,,,0,,0,,,False,False,False,False,False,False
15032344490551225057,GBZDP   ,BDOG,L1P,GA / light,False,Day,2026-05-29 10:54:00,2026-05-29 00:00:00,,,0,,0,,,False,False,False,False,False,False
935788736165690889,RYR12YU ,B738,L2J,Large jet,True,Day,2026-05-29 11:47:25,2026-05-29 00:00:00,1175.0000376,7.3784037949769,2,1475.0000472000002,1,,,True,True,True,False,True,True
8580920202915030669,GBUFH   ,P28A,L1P,GA / light,False,Day,2026-05-29 10:31:10,2026-05-29 00:00:00,1175.0000376,19.217193929931078,1,,0,,,True,False,True,False,True,True
15865928289452429310,VSB10   ,BE20,L2T,Turboprop,False,Day,2026-05-29 10:59:45,2026-05-29 00:00:00,2075.0000664,2.3906346888306826,2,2075.0000664,2,2150.0000688,-1089.1018824211624,True,True,True,False,True,True
7059094759303583184,TOM3EM  ,B738,L2J,Large jet,True,Day,2026-05-29 12:14:55,2026-05-29 00:00:00,,,0,,0,,,False,False,False,False,False,False
15015544445131478778,RYR80XD ,B738,L2J,Large jet,True,Day,2026-05-29 12:53:30,2026-05-29 00:00:00,3725.0001192000004,5.7746363827474685,1,3725.0001192000004,1,,,True,True,True,False,True,True
15281122883427196204,SFU51   ,C42,L1P,GA / light,False,Day,2026-05-29 11:38:05,2026-05-29 00:00:00,,,0,,0,,,False,False,False,False,False,False
12319420886387020312,SFY2JM  ,DA42,L2P,GA / light,False,Day,2026-05-29 11:06:25,2026-05-29 00:00:00,275.00000880000005,15.922108346164594,9,,0,,,True,False,True,False,True,True
1620073284559947758,GBZIJ   ,DR40,L1P,GA / light,False,Day,2026-05-29 11:21:30,2026-05-29 00:00:00,600.0000192,14.562085856775456,3,,0,,,True,False,True,False,True,True
9018004581128478362,TOM6CV  ,B738,L2J,Large jet,True,Day,2026-05-29 13:44:00,2026-05-29 00:00:00,,,0,,0,,,False,False,False,False,False,False
18447878916530434,EXS61TQ ,B738,,Large jet,True,Day,2026-05-29 12:57:40,2026-05-29 00:00:00,,,0,,0,,,False,False,False,False,False,False
5315999378579192394,SFY2JM  ,DA42,L2P,GA / light,False,Day,2026-05-29 13:06:05,2026-05-29 00:00:00,850.0000272000001,19.83872582881829,2,,0,,,True,False,True,False,False,True
9448927378247103697,GMOSH   ,P28R,L1P,GA / light,False,Day,2026-05-29 12:26:40,2026-05-29 00:00:00,800.0000256,15.336823406967268,2,,0,,,True,False,True,False,True,True
9003645217516818894,RYR2XN  ,B738,L2J,Large jet,True,Day,2026-05-29 13:45:50,2026-05-29 00:00:00,,,0,,0,,,False,False,False,False,False,False
5655256841222659092,2SHEE   ,EA50,L2J,Business jet,False,Day,2026-05-29 12:18:00,2026-05-29 00:00:00,,,0,,0,,,False,False,False,False,False,False
10083118472421441699,GBJBW   ,P28A,L1P,GA / light,False,Day,2026-05-29 12:42:35,2026-05-29 00:00:00,,,0,,0,,,False,False,False,False,False,False
10856019668148045047,GCKYL   ,C42,L1P,GA / light,False,Day,2026-05-29 14:12:15,2026-05-29 00:00:00,,,0,,0,,,False,False,False,False,False,True
10753168633671513047,N22UB   ,C25C,L2J,Business jet,False,Day,2026-05-29 13:51:05,2026-05-29 00:00:00,1725.0000552,6.152808148523732,2,,0,2250.0000720000003,-800.156337255482,True,False,True,False,True,True
5827869048965754427,GOLGE   ,SR20,,Other,False,Day,2026-05-29 14:07:45,2026-05-29 00:00:00,725.0000232000001,15.997703627847317,1,,0,,,True,False,True,False,False,True
16369395124901781085,RYR5RR  ,B38M,L2J,Large jet,True,Day,2026-05-29 17:22:20,2026-05-29 00:00:00,,,0,,0,,,False,False,False,False,True,True
4449040808456265279,SFY2JM  ,DA42,L2P,GA / light,False,Day,2026-05-29 17:21:50,2026-05-29 00:00:00,1650.0000528,7.161743772069143,4,1800.0000576,2,,,True,True,True,False,True,True
781566473787732396,RYR9911 ,B738,L2J,Large jet,True,Day,2026-05-29 17:55:20,2026-05-29 00:00:00,,,0,,0,,,False,False,False,False,False,False
17019702806823512986,GCISE   ,PULS,L1P,GA / light,False,Day,2026-05-29 17:14:00,2026-05-29 00:00:00,,,0,,0,,,False,False,False,False,False,True
12611330345916608128,GZAVI   ,C42,L1P,GA / light,False,Day,2026-05-29 17:46:00,2026-05-29 00:00:00,,,0,,0,,,False,False,False,False,False,True
1063739976797653777,GBUFH   ,P28A,L1P,GA / light,False,Day,2026-05-29 17:59:55,2026-05-29 00:00:00,700.0000224,18.025601373051114,1,,0,,,True,False,True,False,False,True
7587755322411486783,GMA23   ,BE20,L2T,Turboprop,False,Evening,2026-05-29 18:23:30,2026-05-29 00:00:00,1725.0000552,4.125181980360828,4,1725.0000552,3,,,True,True,True,False,True,True
3334387738347656518,EXS159E ,B738,L2J,Large jet,True,Evening,2026-05-29 21:35:30,2026-05-29 00:00:00,,,0,,0,,,False,False,False,False,False,False
5063000675792802498,GCISE   ,PULS,L1P,GA / light,False,Evening,2026-05-29 18:57:00,2026-05-29 00:00:00,,,0,,0,,,False,False,False,False,False,True
3849492542975415124,TOM299  ,B738,L2J,Large jet,True,Night,2026-05-29 22:37:05,2026-05-29 00:00:00,,,0,,0,,,False,False,False,False,False,False
12776720706515525578,RYR22ZK ,,,Other,False,Evening,2026-05-29 21:25:50,2026-05-29 00:00:00,,,0,,0,,,False,False,False,False,False,False
5022332817150229133,EXS34HS ,B738,,Large jet,True,Night,2026-05-29 22:11:10,2026-05-29 00:00:00,,,0,,0,,,False,False,False,False,True,True
1792461026431957361,RUK1133 ,B738,,Large jet,True,Evening,2026-05-29 20:54:30,2026-05-29 00:00:00,4075.0001304000007,6.641588392140801,1,,0,,,True,False,True,False,False,False
3106783606147687067,TOM5EH  ,B738,L2J,Large jet,True,Night,2026-05-29 23:59:55,2026-05-29 00:00:00,,,0,,0,,,False,False,False,False,False,False
13458045745039004462,GMA23   ,BE20,L2T,Turboprop,False,Night,2026-05-29 23:27:30,2026-05-29 00:00:00,1250.00004,4.403215668123429,4,1250.00004,2,,,True,True,True,False,True,True
